year,area,title,kind,rent2br,acs_idx,est_rent,est_own_mort,est_own_free
2015,10180,"Abilene, TX",metro,773.0,0.8475877192982456,23641.0,23934.0,20440.0
2015,10420,"Akron, OH",metro,773.0,0.8475877192982456,23641.0,23934.0,20440.0
2015,10500,"Albany, GA",metro,665.0,0.7291666666666666,22132.0,22384.0,19379.0
2015,10540,"Albany, OR",state_metro,,,,,
2015,10580,"Albany-Schenectady-Troy, NY",metro,960.0,1.0526315789473684,26254.0,26619.0,22278.0
2015,10740,"Albuquerque, NM",metro,812.0,0.8903508771929824,24186.0,24494.0,20823.0
2015,10780,"Alexandria, LA",state_metro,687.0,0.7532894736842105,22440.0,22699.0,19595.0
2015,10900,"Allentown-Bethlehem-Easton, PA-NJ",metro,981.0,1.075657894736842,26547.0,26921.0,22484.0
2015,11020,"Altoona, PA",metro,698.0,0.7653508771929824,22593.0,22857.0,19703.0
2015,11100,"Amarillo, TX",metro,780.0,0.8552631578947368,23739.0,24035.0,20509.0
2015,11180,"Ames, IA",state_metro,773.0,0.8475877192982456,23641.0,23934.0,20440.0
2015,11260,"Anchorage, AK",state_metro,1164.0,1.2763157894736843,29103.0,29548.0,24282.0
2015,11460,"Ann Arbor, MI",metro,994.0,1.0899122807017543,26729.0,27107.0,22612.0
2015,11500,"Anniston-Oxford-Jacksonville, AL",metro,606.0,0.6644736842105263,21308.0,21536.0,18799.0
2015,11540,"Appleton, WI",metro,754.0,0.8267543859649122,23376.0,23661.0,20253.0
2015,11700,"Asheville, NC",metro,760.0,0.8333333333333334,23460.0,23748.0,20312.0
2015,12020,"Athens-Clarke County, GA",metro,751.0,0.8234649122807017,23334.0,23618.0,20224.0
2015,12060,"Atlanta-Sandy Springs-Roswell, GA",metro,928.0,1.0175438596491229,25807.0,26160.0,21963.0
2015,12100,"Atlantic City-Hammonton, NJ",metro,1124.0,1.2324561403508771,28545.0,28974.0,23889.0
2015,12220,"Auburn-Opelika, AL",metro,741.0,0.8125,23194.0,23475.0,20126.0
2015,12260,"Augusta-Richmond County, GA-SC",metro,713.0,0.7817982456140351,22803.0,23073.0,19850.0
2015,12420,"Austin-Round Rock, TX",metro,1087.0,1.1918859649122806,28028.0,28443.0,23526.0
2015,12540,"Bakersfield, CA",metro,813.0,0.8914473684210527,24200.0,24509.0,20833.0
2015,12580,"Baltimore-Columbia-Towson, MD",metro,1184.0,1.2982456140350878,29383.0,29835.0,24479.0
2015,12940,"Baton Rouge, LA",metro,808.0,0.8859649122807017,24130.0,24437.0,20784.0
2015,12980,"Battle Creek, MI",metro,713.0,0.7817982456140351,22803.0,23073.0,19850.0
2015,13020,"Bay City, MI",state_metro,,,,,
2015,13140,"Beaumont-Port Arthur, TX",metro,769.0,0.8432017543859649,23585.0,23877.0,20401.0
2015,13220,"Beckley, WV",state_metro,616.0,0.6754385964912281,21448.0,21680.0,18897.0
2015,13380,"Bellingham, WA",metro,913.0,1.0010964912280702,25597.0,25944.0,21816.0
2015,13460,"Bend-Redmond, OR",metro,833.0,0.9133771929824561,24479.0,24796.0,21030.0
2015,13740,"Billings, MT",metro,771.0,0.8453947368421053,23613.0,23905.0,20420.0
2015,13780,"Binghamton, NY",metro,716.0,0.7850877192982456,22845.0,23116.0,19880.0
2015,13820,"Birmingham-Hoover, AL",metro,773.0,0.8475877192982456,23641.0,23934.0,20440.0
2015,13900,"Bismarck, ND",state_metro,775.0,0.8497807017543859,23669.0,23963.0,20460.0
2015,13980,"Blacksburg-Christiansburg-Radford, VA",metro,697.0,0.7642543859649122,22580.0,22843.0,19693.0
2015,14010,"Bloomington, IL",metro,815.0,0.893640350877193,24228.0,24537.0,20853.0
2015,14020,"Bloomington, IN",metro,838.0,0.918859649122807,24549.0,24867.0,21079.0
2015,14100,"Bloomsburg-Berwick, PA",state_metro,716.0,0.7850877192982456,22845.0,23116.0,19880.0
2015,14260,"Boise City, ID",metro,752.0,0.8245614035087719,23348.0,23633.0,20234.0
2015,14500,"Boulder, CO",metro,1188.0,1.3026315789473684,29439.0,29893.0,24518.0
2015,14540,"Bowling Green, KY",metro,663.0,0.7269736842105263,22105.0,22355.0,19359.0
2015,14740,"Bremerton-Silverdale, WA",metro,984.0,1.0789473684210527,26589.0,26964.0,22514.0
2015,15180,"Brownsville-Harlingen, TX",metro,638.0,0.6995614035087719,21755.0,21996.0,19113.0
2015,15260,"Brunswick, GA",state_metro,688.0,0.7543859649122807,22454.0,22714.0,19605.0
2015,15380,"Buffalo-Cheektowaga-Niagara Falls, NY",metro,733.0,0.8037280701754386,23082.0,23360.0,20047.0
2015,15500,"Burlington, NC",metro,,,,,
2015,15680,"California-Lexington Park, MD",metro,1166.0,1.2785087719298245,29131.0,29577.0,24302.0
2015,15940,"Canton-Massillon, OH",metro,685.0,0.7510964912280702,22412.0,22671.0,19575.0
2015,15980,"Cape Coral-Fort Myers, FL",metro,883.0,0.9682017543859649,25178.0,25514.0,21521.0
2015,16020,"Cape Girardeau, MO-IL",state_metro,651.0,0.7138157894736842,21937.0,22183.0,19241.0
2015,16060,"Carbondale-Marion, IL",metro,681.0,0.7467105263157895,22356.0,22613.0,19536.0
2015,16180,"Carson City, NV",state_metro,807.0,0.8848684210526315,24116.0,24422.0,20774.0
2015,16220,"Casper, WY",state_metro,779.0,0.8541666666666666,23725.0,24020.0,20499.0
2015,16300,"Cedar Rapids, IA",metro,720.0,0.7894736842105263,22901.0,23173.0,19919.0
2015,16540,"Chambersburg-Waynesboro, PA",metro,816.0,0.8947368421052632,24242.0,24552.0,20863.0
2015,16580,"Champaign-Urbana, IL",metro,806.0,0.8837719298245614,24102.0,24408.0,20764.0
2015,16620,"Charleston, WV",metro,706.0,0.7741228070175439,22705.0,22972.0,19782.0
2015,16700,"Charleston-North Charleston, SC",metro,932.0,1.0219298245614035,25862.0,26217.0,22003.0
2015,16740,"Charlotte-Concord-Gastonia, NC-SC",metro,816.0,0.8947368421052632,24242.0,24552.0,20863.0
2015,16820,"Charlottesville, VA",metro,1036.0,1.1359649122807018,27315.0,27710.0,23025.0
2015,16860,"Chattanooga, TN-GA",metro,719.0,0.7883771929824561,22887.0,23159.0,19909.0
2015,16940,"Cheyenne, WY",state_metro,780.0,0.8552631578947368,23739.0,24035.0,20509.0
2015,16980,"Chicago-Naperville-Elgin, IL-IN-WI",metro,1002.0,1.0986842105263157,26840.0,27222.0,22690.0
2015,17020,"Chico, CA",metro,887.0,0.9725877192982456,25234.0,25571.0,21560.0
2015,17140,"Cincinnati, OH-KY-IN",metro,778.0,0.8530701754385965,23711.0,24006.0,20489.0
2015,17300,"Clarksville, TN-KY",metro,753.0,0.8256578947368421,23362.0,23647.0,20243.0
2015,17420,"Cleveland, TN",metro,696.0,0.7631578947368421,22566.0,22829.0,19683.0
2015,17460,"Cleveland-Elyria, OH",metro,764.0,0.8377192982456141,23515.0,23805.0,20352.0
2015,17660,"Coeur d'Alene, ID",metro,744.0,0.8157894736842105,23236.0,23518.0,20155.0
2015,17780,"College Station-Bryan, TX",metro,826.0,0.9057017543859649,24382.0,24695.0,20961.0
2015,17820,"Colorado Springs, CO",metro,891.0,0.9769736842105263,25290.0,25628.0,21600.0
2015,17860,"Columbia, MO",metro,734.0,0.8048245614035088,23096.0,23374.0,20057.0
2015,17900,"Columbia, SC",metro,802.0,0.8793859649122807,24046.0,24351.0,20725.0
2015,17980,"Columbus, GA-AL",metro,758.0,0.831140350877193,23432.0,23719.0,20293.0
2015,18020,"Columbus, IN",state_metro,,,,,
2015,18140,"Columbus, OH",metro,839.0,0.9199561403508771,24563.0,24882.0,21089.0
2015,18580,"Corpus Christi, TX",metro,891.0,0.9769736842105263,25290.0,25628.0,21600.0
2015,18700,"Corvallis, OR",state_metro,841.0,0.9221491228070176,24591.0,24911.0,21108.0
2015,18880,"Crestview-Fort Walton Beach-Destin, FL",metro,906.0,0.993421052631579,25499.0,25844.0,21747.0
2015,19060,"Cumberland, MD-WV",state_metro,566.0,0.6206140350877193,20749.0,20962.0,18406.0
2015,19100,"Dallas-Fort Worth-Arlington, TX",metro,949.0,1.0405701754385965,26100.0,26461.0,22170.0
2015,19140,"Dalton, GA",state_metro,627.0,0.6875,21602.0,21838.0,19005.0
2015,19180,"Danville, IL",state_metro,672.0,0.7368421052631579,22230.0,22484.0,19448.0
2015,19300,"Daphne-Fairhope-Foley, AL",metro,803.0,0.8804824561403509,24060.0,24365.0,20735.0
2015,19340,"Davenport-Moline-Rock Island, IA-IL",metro,718.0,0.7872807017543859,22873.0,23145.0,19900.0
2015,19380,"Dayton, OH",metro,740.0,0.8114035087719298,23180.0,23460.0,20116.0
2015,19460,"Decatur, AL",metro,600.0,0.6578947368421053,21224.0,21450.0,18740.0
2015,19500,"Decatur, IL",metro,684.0,0.75,22398.0,22656.0,19565.0
2015,19660,"Deltona-Daytona Beach-Ormond Beach, FL",metro,894.0,0.9802631578947368,25332.0,25672.0,21629.0
2015,19740,"Denver-Aurora-Lakewood, CO",metro,1073.0,1.1765350877192982,27832.0,28242.0,23388.0
2015,19780,"Des Moines-West Des Moines, IA",metro,821.0,0.9002192982456141,24312.0,24623.0,20912.0
2015,19820,"Detroit-Warren-Dearborn, MI",metro,870.0,0.9539473684210527,24996.0,25327.0,21393.0
2015,20020,"Dothan, AL",state_metro,608.0,0.6666666666666666,21336.0,21565.0,18819.0
2015,20100,"Dover, DE",metro,893.0,0.9791666666666666,25318.0,25657.0,21619.0
2015,20220,"Dubuque, IA",state_metro,721.0,0.7905701754385965,22915.0,23188.0,19929.0
2015,20260,"Duluth, MN-WI",metro,752.0,0.8245614035087719,23348.0,23633.0,20234.0
2015,20500,"Durham-Chapel Hill, NC",metro,881.0,0.9660087719298246,25150.0,25485.0,21501.0
2015,20700,"East Stroudsburg, PA",metro,951.0,1.042763157894737,26128.0,26490.0,22189.0
2015,20740,"Eau Claire, WI",metro,748.0,0.8201754385964912,23292.0,23575.0,20194.0
2015,20940,"El Centro, CA",metro,748.0,0.8201754385964912,23292.0,23575.0,20194.0
2015,21060,"Elizabethtown-Fort Knox, KY",state_metro,674.0,0.7390350877192983,22258.0,22513.0,19467.0
2015,21140,"Elkhart-Goshen, IN",metro,731.0,0.8015350877192983,23054.0,23331.0,20027.0
2015,21300,"Elmira, NY",state_metro,750.0,0.8223684210526315,23320.0,23604.0,20214.0
2015,21340,"El Paso, TX",metro,731.0,0.8015350877192983,23054.0,23331.0,20027.0
2015,21500,"Erie, PA",metro,710.0,0.7785087719298246,22761.0,23030.0,19821.0
2015,21660,"Eugene, OR",metro,844.0,0.9254385964912281,24633.0,24954.0,21138.0
2015,21780,"Evansville, IN-KY",metro,742.0,0.8135964912280702,23208.0,23489.0,20135.0
2015,21820,"Fairbanks, AK",state_metro,1214.0,1.331140350877193,29802.0,30266.0,24774.0
2015,22020,"Fargo, ND-MN",metro,723.0,0.7927631578947368,22943.0,23216.0,19949.0
2015,22140,"Farmington, NM",metro,715.0,0.7839912280701754,22831.0,23101.0,19870.0
2015,22180,"Fayetteville, NC",metro,770.0,0.8442982456140351,23599.0,23891.0,20411.0
2015,22220,"Fayetteville-Springdale-Rogers, AR-MO",metro,698.0,0.7653508771929824,22593.0,22857.0,19703.0
2015,22380,"Flagstaff, AZ",state_metro,1017.0,1.1151315789473684,27050.0,27438.0,22838.0
2015,22420,"Flint, MI",metro,723.0,0.7927631578947368,22943.0,23216.0,19949.0
2015,22500,"Florence, SC",metro,637.0,0.6984649122807017,21741.0,21982.0,19104.0
2015,22520,"Florence-Muscle Shoals, AL",metro,602.0,0.6600877192982456,21252.0,21479.0,18760.0
2015,22540,"Fond du Lac, WI",state_metro,688.0,0.7543859649122807,22454.0,22714.0,19605.0
2015,22660,"Fort Collins, CO",metro,948.0,1.0394736842105263,26086.0,26447.0,22160.0
2015,22900,"Fort Smith, AR-OK",metro,613.0,0.6721491228070176,21406.0,21637.0,18868.0
2015,23060,"Fort Wayne, IN",metro,687.0,0.7532894736842105,22440.0,22699.0,19595.0
2015,23420,"Fresno, CA",metro,842.0,0.9232456140350878,24605.0,24925.0,21118.0
2015,23460,"Gadsden, AL",state_metro,591.0,0.6480263157894737,21099.0,21321.0,18652.0
2015,23540,"Gainesville, FL",metro,856.0,0.9385964912280702,24801.0,25126.0,21256.0
2015,23580,"Gainesville, GA",metro,786.0,0.8618421052631579,23823.0,24121.0,20568.0
2015,23900,"Gettysburg, PA",state_metro,832.0,0.9122807017543859,24465.0,24781.0,21020.0
2015,24020,"Glens Falls, NY",metro,858.0,0.9407894736842105,24829.0,25155.0,21275.0
2015,24140,"Goldsboro, NC",metro,671.0,0.7357456140350878,22216.0,22470.0,19438.0
2015,24220,"Grand Forks, ND-MN",state_metro,756.0,0.8289473684210527,23404.0,23690.0,20273.0
2015,24260,"Grand Island, NE",state_metro,660.0,0.7236842105263158,22063.0,22312.0,19330.0
2015,24300,"Grand Junction, CO",state_metro,760.0,0.8333333333333334,23460.0,23748.0,20312.0
2015,24340,"Grand Rapids-Wyoming, MI",metro,769.0,0.8432017543859649,23585.0,23877.0,20401.0
2015,24420,"Grants Pass, OR",state_metro,777.0,0.8519736842105263,23697.0,23992.0,20479.0
2015,24500,"Great Falls, MT",state_metro,645.0,0.7072368421052632,21853.0,22096.0,19182.0
2015,24540,"Greeley, CO",metro,781.0,0.856359649122807,23753.0,24049.0,20519.0
2015,24580,"Green Bay, WI",metro,732.0,0.8026315789473685,23068.0,23346.0,20037.0
2015,24660,"Greensboro-High Point, NC",metro,718.0,0.7872807017543859,22873.0,23145.0,19900.0
2015,24780,"Greenville, NC",metro,725.0,0.7949561403508771,22971.0,23245.0,19968.0
2015,24860,"Greenville-Anderson-Mauldin, SC",metro,707.0,0.7752192982456141,22719.0,22987.0,19791.0
2015,25060,"Gulfport-Biloxi-Pascagoula, MS",metro,,,,,
2015,25180,"Hagerstown-Martinsburg, MD-WV",metro,844.0,0.9254385964912281,24633.0,24954.0,21138.0
2015,25220,"Hammond, LA",state_metro,748.0,0.8201754385964912,23292.0,23575.0,20194.0
2015,25260,"Hanford-Corcoran, CA",metro,793.0,0.8695175438596491,23921.0,24221.0,20637.0
2015,25420,"Harrisburg-Carlisle, PA",metro,882.0,0.9671052631578947,25164.0,25499.0,21511.0
2015,25500,"Harrisonburg, VA",metro,778.0,0.8530701754385965,23711.0,24006.0,20489.0
2015,25620,"Hattiesburg, MS",state_metro,734.0,0.8048245614035088,23096.0,23374.0,20057.0
2015,25860,"Hickory-Lenoir-Morganton, NC",metro,610.0,0.668859649122807,21364.0,21594.0,18838.0
2015,25940,"Hilton Head Island-Bluffton-Beaufort, SC",metro,,,,,
2015,25980,"Hinesville, GA",state_metro,755.0,0.8278508771929824,23390.0,23676.0,20263.0
2015,26140,"Homosassa Springs, FL",state_metro,722.0,0.7916666666666666,22929.0,23202.0,19939.0
2015,26300,"Hot Springs, AR",state_metro,728.0,0.7982456140350878,23013.0,23288.0,19998.0
2015,26380,"Houma-Thibodaux, LA",state_metro,,,,,
2015,26420,"Houston-The Woodlands-Sugar Land, TX",metro,923.0,1.0120614035087718,25737.0,26088.0,21914.0
2015,26580,"Huntington-Ashland, WV-KY-OH",metro,644.0,0.706140350877193,21839.0,22082.0,19172.0
2015,26620,"Huntsville, AL",metro,699.0,0.7664473684210527,22607.0,22872.0,19713.0
2015,26820,"Idaho Falls, ID",metro,654.0,0.7171052631578947,21979.0,22226.0,19271.0
2015,26900,"Indianapolis-Carmel-Anderson, IN",metro,809.0,0.8870614035087719,24144.0,24451.0,20794.0
2015,26980,"Iowa City, IA",metro,848.0,0.9298245614035088,24689.0,25011.0,21177.0
2015,27060,"Ithaca, NY",state_metro,1045.0,1.1458333333333333,27441.0,27840.0,23113.0
2015,27100,"Jackson, MI",metro,734.0,0.8048245614035088,23096.0,23374.0,20057.0
2015,27140,"Jackson, MS",metro,773.0,0.8475877192982456,23641.0,23934.0,20440.0
2015,27180,"Jackson, TN",state_metro,670.0,0.7346491228070176,22202.0,22455.0,19428.0
2015,27260,"Jacksonville, FL",metro,929.0,1.018640350877193,25820.0,26174.0,21973.0
2015,27340,"Jacksonville, NC",metro,791.0,0.8673245614035088,23893.0,24193.0,20617.0
2015,27500,"Janesville-Beloit, WI",metro,747.0,0.819078947368421,23278.0,23561.0,20185.0
2015,27620,"Jefferson City, MO",state_metro,604.0,0.6622807017543859,21280.0,21508.0,18779.0
2015,27740,"Johnson City, TN",metro,652.0,0.7149122807017544,21951.0,22197.0,19251.0
2015,27780,"Johnstown, PA",metro,573.0,0.6282894736842105,20847.0,21063.0,18475.0
2015,27860,"Jonesboro, AR",state_metro,623.0,0.6831140350877193,21546.0,21780.0,18966.0
2015,27900,"Joplin, MO",metro,668.0,0.7324561403508771,22174.0,22427.0,19408.0
2015,27980,"Kahului-Wailuku-Lahaina, HI",metro,1314.0,1.4407894736842106,31199.0,31702.0,25756.0
2015,28020,"Kalamazoo-Portage, MI",metro,737.0,0.8081140350877193,23138.0,23417.0,20086.0
2015,28100,"Kankakee, IL",metro,800.0,0.8771929824561403,24018.0,24322.0,20705.0
2015,28140,"Kansas City, MO-KS",metro,843.0,0.9243421052631579,24619.0,24939.0,21128.0
2015,28420,"Kennewick-Richland, WA",metro,811.0,0.8892543859649122,24172.0,24480.0,20813.0
2015,28660,"Killeen-Temple, TX",metro,743.0,0.8146929824561403,23222.0,23503.0,20145.0
2015,28700,"Kingsport-Bristol-Bristol, TN-VA",metro,605.0,0.6633771929824561,21294.0,21522.0,18789.0
2015,28740,"Kingston, NY",metro,1081.0,1.1853070175438596,27944.0,28357.0,23467.0
2015,28940,"Knoxville, TN",metro,748.0,0.8201754385964912,23292.0,23575.0,20194.0
2015,29020,"Kokomo, IN",state_metro,640.0,0.7017543859649122,21783.0,22025.0,19133.0
2015,29100,"La Crosse-Onalaska, WI-MN",metro,753.0,0.8256578947368421,23362.0,23647.0,20243.0
2015,29180,"Lafayette, LA",metro,724.0,0.793859649122807,22957.0,23231.0,19959.0
2015,29200,"Lafayette-West Lafayette, IN",metro,789.0,0.8651315789473685,23865.0,24164.0,20597.0
2015,29340,"Lake Charles, LA",metro,740.0,0.8114035087719298,23180.0,23460.0,20116.0
2015,29420,"Lake Havasu City-Kingman, AZ",state_metro,721.0,0.7905701754385965,22915.0,23188.0,19929.0
2015,29460,"Lakeland-Winter Haven, FL",metro,822.0,0.9013157894736842,24326.0,24638.0,20922.0
2015,29540,"Lancaster, PA",metro,921.0,1.0098684210526316,25709.0,26059.0,21894.0
2015,29620,"Lansing-East Lansing, MI",metro,802.0,0.8793859649122807,24046.0,24351.0,20725.0
2015,29700,"Laredo, TX",metro,749.0,0.8212719298245614,23306.0,23590.0,20204.0
2015,29740,"Las Cruces, NM",metro,658.0,0.7214912280701754,22035.0,22283.0,19310.0
2015,29820,"Las Vegas-Henderson-Paradise, NV",metro,926.0,1.0153508771929824,25779.0,26131.0,21944.0
2015,29940,"Lawrence, KS",metro,822.0,0.9013157894736842,24326.0,24638.0,20922.0
2015,30020,"Lawton, OK",metro,717.0,0.7861842105263158,22859.0,23130.0,19890.0
2015,30140,"Lebanon, PA",state_metro,786.0,0.8618421052631579,23823.0,24121.0,20568.0
2015,30300,"Lewiston, ID-WA",state_metro,679.0,0.7445175438596491,22328.0,22585.0,19516.0
2015,30460,"Lexington-Fayette, KY",metro,754.0,0.8267543859649122,23376.0,23661.0,20253.0
2015,30620,"Lima, OH",state_metro,624.0,0.6842105263157895,21560.0,21795.0,18976.0
2015,30700,"Lincoln, NE",state_metro,737.0,0.8081140350877193,23138.0,23417.0,20086.0
2015,30780,"Little Rock-North Little Rock-Conway, AR",metro,745.0,0.8168859649122807,23250.0,23532.0,20165.0
2015,30860,"Logan, UT-ID",state_metro,647.0,0.7094298245614035,21881.0,22125.0,19202.0
2015,30980,"Longview, TX",metro,741.0,0.8125,23194.0,23475.0,20126.0
2015,31020,"Longview, WA",state_metro,731.0,0.8015350877192983,23054.0,23331.0,20027.0
2015,31080,"Los Angeles-Long Beach-Anaheim, CA",metro,1406.0,1.5416666666666667,32484.0,33023.0,26661.0
2015,31140,"Louisville/Jefferson County, KY-IN",metro,749.0,0.8212719298245614,23306.0,23590.0,20204.0
2015,31180,"Lubbock, TX",metro,782.0,0.8574561403508771,23767.0,24063.0,20528.0
2015,31340,"Lynchburg, VA",metro,715.0,0.7839912280701754,22831.0,23101.0,19870.0
2015,31420,"Macon, GA",metro,710.0,0.7785087719298246,22761.0,23030.0,19821.0
2015,31460,"Madera, CA",metro,822.0,0.9013157894736842,24326.0,24638.0,20922.0
2015,31540,"Madison, WI",metro,931.0,1.0208333333333333,25848.0,26203.0,21993.0
2015,31740,"Manhattan, KS",state_metro,834.0,0.9144736842105263,24493.0,24810.0,21039.0
2015,31860,"Mankato-North Mankato, MN",state_metro,769.0,0.8432017543859649,23585.0,23877.0,20401.0
2015,31900,"Mansfield, OH",state_metro,626.0,0.6864035087719298,21588.0,21824.0,18995.0
2015,32580,"McAllen-Edinburg-Mission, TX",metro,663.0,0.7269736842105263,22105.0,22355.0,19359.0
2015,32780,"Medford, OR",metro,840.0,0.9210526315789473,24577.0,24896.0,21098.0
2015,32820,"Memphis, TN-MS-AR",metro,802.0,0.8793859649122807,24046.0,24351.0,20725.0
2015,32900,"Merced, CA",metro,742.0,0.8135964912280702,23208.0,23489.0,20135.0
2015,33100,"Miami-Fort Lauderdale-West Palm Beach, FL",metro,1173.0,1.2861842105263157,29229.0,29677.0,24371.0
2015,33140,"Michigan City-La Porte, IN",metro,713.0,0.7817982456140351,22803.0,23073.0,19850.0
2015,33220,"Midland, MI",state_metro,721.0,0.7905701754385965,22915.0,23188.0,19929.0
2015,33260,"Midland, TX",metro,,,,,
2015,33340,"Milwaukee-Waukesha-West Allis, WI",metro,851.0,0.9331140350877193,24731.0,25054.0,21207.0
2015,33460,"Minneapolis-St. Paul-Bloomington, MN-WI",metro,998.0,1.094298245614035,26784.0,27165.0,22651.0
2015,33540,"Missoula, MT",state_metro,802.0,0.8793859649122807,24046.0,24351.0,20725.0
2015,33660,"Mobile, AL",metro,759.0,0.8322368421052632,23446.0,23733.0,20302.0
2015,33700,"Modesto, CA",metro,907.0,0.9945175438596491,25513.0,25858.0,21757.0
2015,33740,"Monroe, LA",metro,664.0,0.7280701754385965,22119.0,22369.0,19369.0
2015,33780,"Monroe, MI",metro,786.0,0.8618421052631579,23823.0,24121.0,20568.0
2015,33860,"Montgomery, AL",metro,777.0,0.8519736842105263,23697.0,23992.0,20479.0
2015,34060,"Morgantown, WV",metro,738.0,0.8092105263157895,23152.0,23432.0,20096.0
2015,34100,"Morristown, TN",state_metro,618.0,0.6776315789473685,21476.0,21709.0,18917.0
2015,34580,"Mount Vernon-Anacortes, WA",metro,927.0,1.0164473684210527,25793.0,26145.0,21953.0
2015,34620,"Muncie, IN",state_metro,678.0,0.743421052631579,22314.0,22570.0,19506.0
2015,34740,"Muskegon, MI",metro,700.0,0.7675438596491229,22621.0,22886.0,19723.0
2015,34820,"Myrtle Beach-Conway-North Myrtle Beach, SC-NC",metro,799.0,0.8760964912280702,24004.0,24308.0,20696.0
2015,34900,"Napa, CA",metro,1344.0,1.4736842105263157,31618.0,32133.0,26051.0
2015,34940,"Naples-Immokalee-Marco Island, FL",metro,1015.0,1.1129385964912282,27022.0,27409.0,22818.0
2015,34980,"Nashville-Davidson--Murfreesboro--Franklin, TN",metro,857.0,0.9396929824561403,24815.0,25140.0,21266.0
2015,35100,"New Bern, NC",state_metro,785.0,0.8607456140350878,23809.0,24107.0,20558.0
2015,35380,"New Orleans-Metairie, LA",metro,924.0,1.013157894736842,25751.0,26102.0,21924.0
2015,35620,"New York-Newark-Jersey City, NY-NJ-PA",metro,1311.0,1.4375,31157.0,31659.0,25727.0
2015,35660,"Niles-Benton Harbor, MI",metro,697.0,0.7642543859649122,22580.0,22843.0,19693.0
2015,35840,"North Port-Sarasota-Bradenton, FL",metro,967.0,1.0603070175438596,26351.0,26720.0,22346.0
2015,36100,"Ocala, FL",metro,746.0,0.8179824561403509,23264.0,23547.0,20175.0
2015,36140,"Ocean City, NJ",state_metro,1042.0,1.1425438596491229,27399.0,27797.0,23084.0
2015,36220,"Odessa, TX",metro,975.0,1.069078947368421,26463.0,26835.0,22425.0
2015,36260,"Ogden-Clearfield, UT",metro,772.0,0.8464912280701754,23627.0,23920.0,20430.0
2015,36420,"Oklahoma City, OK",metro,766.0,0.8399122807017544,23543.0,23834.0,20371.0
2015,36500,"Olympia-Tumwater, WA",metro,974.0,1.0679824561403508,26449.0,26820.0,22415.0
2015,36540,"Omaha-Council Bluffs, NE-IA",metro,835.0,0.9155701754385965,24507.0,24824.0,21049.0
2015,36740,"Orlando-Kissimmee-Sanford, FL",metro,983.0,1.0778508771929824,26575.0,26949.0,22504.0
2015,36780,"Oshkosh-Neenah, WI",metro,689.0,0.7554824561403509,22468.0,22728.0,19615.0
2015,36980,"Owensboro, KY",state_metro,644.0,0.706140350877193,21839.0,22082.0,19172.0
2015,37100,"Oxnard-Thousand Oaks-Ventura, CA",metro,1457.0,1.5975877192982457,33196.0,33755.0,27162.0
2015,37340,"Palm Bay-Melbourne-Titusville, FL",metro,855.0,0.9375,24787.0,25112.0,21246.0
2015,37460,"Panama City, FL",metro,871.0,0.9550438596491229,25010.0,25341.0,21403.0
2015,37620,"Parkersburg-Vienna, WV",state_metro,616.0,0.6754385964912281,21448.0,21680.0,18897.0
2015,37860,"Pensacola-Ferry Pass-Brent, FL",metro,832.0,0.9122807017543859,24465.0,24781.0,21020.0
2015,37900,"Peoria, IL",metro,726.0,0.7960526315789473,22985.0,23259.0,19978.0
2015,37980,"Philadelphia-Camden-Wilmington, PA-NJ-DE-MD",metro,1082.0,1.1864035087719298,27958.0,28371.0,23477.0
2015,38060,"Phoenix-Mesa-Scottsdale, AZ",metro,898.0,0.9846491228070176,25387.0,25729.0,21668.0
2015,38220,"Pine Bluff, AR",metro,642.0,0.7039473684210527,21811.0,22053.0,19153.0
2015,38300,"Pittsburgh, PA",metro,768.0,0.8421052631578947,23571.0,23862.0,20391.0
2015,38540,"Pocatello, ID",state_metro,623.0,0.6831140350877193,21546.0,21780.0,18966.0
2015,38900,"Portland-Vancouver-Hillsboro, OR-WA",metro,961.0,1.0537280701754386,26268.0,26634.0,22288.0
2015,38940,"Port St. Lucie, FL",metro,913.0,1.0010964912280702,25597.0,25944.0,21816.0
2015,39140,"Prescott, AZ",metro,806.0,0.8837719298245614,24102.0,24408.0,20764.0
2015,39340,"Provo-Orem, UT",metro,773.0,0.8475877192982456,23641.0,23934.0,20440.0
2015,39380,"Pueblo, CO",metro,744.0,0.8157894736842105,23236.0,23518.0,20155.0
2015,39460,"Punta Gorda, FL",metro,818.0,0.8969298245614035,24270.0,24580.0,20882.0
2015,39540,"Racine, WI",metro,776.0,0.8508771929824561,23683.0,23977.0,20470.0
2015,39580,"Raleigh, NC",metro,910.0,0.9978070175438597,25555.0,25901.0,21786.0
2015,39660,"Rapid City, SD",state_metro,779.0,0.8541666666666666,23725.0,24020.0,20499.0
2015,39740,"Reading, PA",metro,872.0,0.956140350877193,25024.0,25356.0,21413.0
2015,39820,"Redding, CA",metro,862.0,0.9451754385964912,24885.0,25212.0,21315.0
2015,39900,"Reno, NV",metro,889.0,0.9747807017543859,25262.0,25600.0,21580.0
2015,40060,"Richmond, VA",metro,942.0,1.0328947368421053,26002.0,26361.0,22101.0
2015,40140,"Riverside-San Bernardino-Ontario, CA",metro,1061.0,1.1633771929824561,27664.0,28069.0,23270.0
2015,40220,"Roanoke, VA",metro,755.0,0.8278508771929824,23390.0,23676.0,20263.0
2015,40340,"Rochester, MN",state_metro,812.0,0.8903508771929824,24186.0,24494.0,20823.0
2015,40380,"Rochester, NY",metro,859.0,0.9418859649122807,24843.0,25169.0,21285.0
2015,40420,"Rockford, IL",metro,754.0,0.8267543859649122,23376.0,23661.0,20253.0
2015,40580,"Rocky Mount, NC",state_metro,649.0,0.7116228070175439,21909.0,22154.0,19221.0
2015,40660,"Rome, GA",state_metro,636.0,0.6973684210526315,21727.0,21967.0,19094.0
2015,40900,"Sacramento--Roseville--Arden-Arcade, CA",metro,1013.0,1.1107456140350878,26994.0,27380.0,22799.0
2015,40980,"Saginaw, MI",metro,701.0,0.768640350877193,22635.0,22900.0,19732.0
2015,41060,"St. Cloud, MN",metro,736.0,0.8070175438596491,23124.0,23403.0,20076.0
2015,41100,"St. George, UT",metro,773.0,0.8475877192982456,23641.0,23934.0,20440.0
2015,41140,"St. Joseph, MO-KS",state_metro,701.0,0.768640350877193,22635.0,22900.0,19732.0
2015,41180,"St. Louis, MO-IL",metro,838.0,0.918859649122807,24549.0,24867.0,21079.0
2015,41420,"Salem, OR",metro,767.0,0.8410087719298246,23557.0,23848.0,20381.0
2015,41500,"Salinas, CA",metro,1206.0,1.3223684210526316,29690.0,30151.0,24695.0
2015,41540,"Salisbury, MD-DE",metro,888.0,0.9736842105263158,25248.0,25585.0,21570.0
2015,41620,"Salt Lake City, UT",metro,910.0,0.9978070175438597,25555.0,25901.0,21786.0
2015,41660,"San Angelo, TX",state_metro,808.0,0.8859649122807017,24130.0,24437.0,20784.0
2015,41700,"San Antonio-New Braunfels, TX",metro,892.0,0.9780701754385965,25304.0,25643.0,21609.0
2015,41740,"San Diego-Carlsbad, CA",metro,1363.0,1.4945175438596492,31883.0,32406.0,26238.0
2015,41860,"San Francisco-Oakland-Hayward, CA",metro,1568.0,1.719298245614035,34747.0,35349.0,28253.0
2015,41940,"San Jose-Sunnyvale-Santa Clara, CA",metro,1728.0,1.894736842105263,36982.0,37646.0,29825.0
2015,42020,"San Luis Obispo-Paso Robles-Arroyo Grande, CA",metro,1201.0,1.3168859649122806,29620.0,30080.0,24646.0
2015,42100,"Santa Cruz-Watsonville, CA",metro,1531.0,1.6787280701754386,34230.0,34818.0,27889.0
2015,42140,"Santa Fe, NM",metro,950.0,1.0416666666666667,26114.0,26476.0,22179.0
2015,42200,"Santa Maria-Santa Barbara, CA",metro,1391.0,1.525219298245614,32274.0,32808.0,26513.0
2015,42220,"Santa Rosa, CA",metro,1313.0,1.4396929824561404,31185.0,31688.0,25747.0
2015,42340,"Savannah, GA",metro,894.0,0.9802631578947368,25332.0,25672.0,21629.0
2015,42540,"Scranton--Wilkes-Barre--Hazleton, PA",metro,713.0,0.7817982456140351,22803.0,23073.0,19850.0
2015,42660,"Seattle-Tacoma-Bellevue, WA",metro,1150.0,1.2609649122807018,28908.0,29347.0,24145.0
2015,42680,"Sebastian-Vero Beach, FL",metro,,,,,
2015,42700,"Sebring, FL",state_metro,725.0,0.7949561403508771,22971.0,23245.0,19968.0
2015,43100,"Sheboygan, WI",state_metro,685.0,0.7510964912280702,22412.0,22671.0,19575.0
2015,43300,"Sherman-Denison, TX",metro,770.0,0.8442982456140351,23599.0,23891.0,20411.0
2015,43340,"Shreveport-Bossier City, LA",metro,745.0,0.8168859649122807,23250.0,23532.0,20165.0
2015,43420,"Sierra Vista-Douglas, AZ",state_metro,700.0,0.7675438596491229,22621.0,22886.0,19723.0
2015,43580,"Sioux City, IA-NE-SD",state_metro,716.0,0.7850877192982456,22845.0,23116.0,19880.0
2015,43620,"Sioux Falls, SD",metro,737.0,0.8081140350877193,23138.0,23417.0,20086.0
2015,43780,"South Bend-Mishawaka, IN-MI",metro,742.0,0.8135964912280702,23208.0,23489.0,20135.0
2015,43900,"Spartanburg, SC",metro,670.0,0.7346491228070176,22202.0,22455.0,19428.0
2015,44060,"Spokane-Spokane Valley, WA",metro,774.0,0.8486842105263158,23655.0,23949.0,20450.0
2015,44100,"Springfield, IL",metro,757.0,0.8300438596491229,23418.0,23704.0,20283.0
2015,44180,"Springfield, MO",metro,676.0,0.7412280701754386,22286.0,22541.0,19487.0
2015,44220,"Springfield, OH",metro,673.0,0.7379385964912281,22244.0,22498.0,19457.0
2015,44300,"State College, PA",state_metro,911.0,0.9989035087719298,25569.0,25916.0,21796.0
2015,44420,"Staunton-Waynesboro, VA",state_metro,773.0,0.8475877192982456,23641.0,23934.0,20440.0
2015,44700,"Stockton-Lodi, CA",metro,931.0,1.0208333333333333,25848.0,26203.0,21993.0
2015,44940,"Sumter, SC",state_metro,672.0,0.7368421052631579,22230.0,22484.0,19448.0
2015,45060,"Syracuse, NY",metro,809.0,0.8870614035087719,24144.0,24451.0,20794.0
2015,45220,"Tallahassee, FL",metro,877.0,0.9616228070175439,25094.0,25427.0,21462.0
2015,45300,"Tampa-St. Petersburg-Clearwater, FL",metro,961.0,1.0537280701754386,26268.0,26634.0,22288.0
2015,45460,"Terre Haute, IN",metro,701.0,0.768640350877193,22635.0,22900.0,19732.0
2015,45500,"Texarkana, TX-AR",state_metro,691.0,0.7576754385964912,22496.0,22757.0,19634.0
2015,45540,"The Villages, FL",state_metro,,,,,
2015,45780,"Toledo, OH",metro,685.0,0.7510964912280702,22412.0,22671.0,19575.0
2015,45820,"Topeka, KS",metro,735.0,0.805921052631579,23110.0,23389.0,20067.0
2015,45940,"Trenton, NJ",metro,1215.0,1.332236842105263,29816.0,30281.0,24784.0
2015,46060,"Tucson, AZ",metro,825.0,0.9046052631578947,24368.0,24681.0,20951.0
2015,46140,"Tulsa, OK",metro,766.0,0.8399122807017544,23543.0,23834.0,20371.0
2015,46220,"Tuscaloosa, AL",metro,754.0,0.8267543859649122,23376.0,23661.0,20253.0
2015,46340,"Tyler, TX",metro,837.0,0.9177631578947368,24535.0,24853.0,21069.0
2015,46520,"Urban Honolulu, HI",metro,1566.0,1.7171052631578947,34719.0,35320.0,28233.0
2015,46540,"Utica-Rome, NY",metro,722.0,0.7916666666666666,22929.0,23202.0,19939.0
2015,46660,"Valdosta, GA",metro,651.0,0.7138157894736842,21937.0,22183.0,19241.0
2015,46700,"Vallejo-Fairfield, CA",metro,1158.0,1.269736842105263,29020.0,29462.0,24223.0
2015,47020,"Victoria, TX",metro,812.0,0.8903508771929824,24186.0,24494.0,20823.0
2015,47220,"Vineland-Bridgeton, NJ",metro,1053.0,1.1546052631578947,27553.0,27955.0,23192.0
2015,47260,"Virginia Beach-Norfolk-Newport News, VA-NC",metro,1017.0,1.1151315789473684,27050.0,27438.0,22838.0
2015,47300,"Visalia-Porterville, CA",metro,761.0,0.8344298245614035,23474.0,23762.0,20322.0
2015,47380,"Waco, TX",metro,756.0,0.8289473684210527,23404.0,23690.0,20273.0
2015,47460,"Walla Walla, WA",state_metro,753.0,0.8256578947368421,23362.0,23647.0,20243.0
2015,47580,"Warner Robins, GA",metro,753.0,0.8256578947368421,23362.0,23647.0,20243.0
2015,47900,"Washington-Arlington-Alexandria, DC-VA-MD-WV",metro,1479.0,1.6217105263157894,33504.0,34071.0,27378.0
2015,47940,"Waterloo-Cedar Falls, IA",metro,702.0,0.7697368421052632,22649.0,22915.0,19742.0
2015,48060,"Watertown-Fort Drum, NY",metro,973.0,1.0668859649122806,26435.0,26806.0,22405.0
2015,48140,"Wausau, WI",metro,723.0,0.7927631578947368,22943.0,23216.0,19949.0
2015,48260,"Weirton-Steubenville, WV-OH",state_metro,618.0,0.6776315789473685,21476.0,21709.0,18917.0
2015,48300,"Wenatchee, WA",state_metro,784.0,0.8596491228070176,23795.0,24092.0,20548.0
2015,48540,"Wheeling, WV-OH",state_metro,590.0,0.6469298245614035,21085.0,21307.0,18642.0
2015,48620,"Wichita, KS",metro,736.0,0.8070175438596491,23124.0,23403.0,20076.0
2015,48660,"Wichita Falls, TX",metro,731.0,0.8015350877192983,23054.0,23331.0,20027.0
2015,48700,"Williamsport, PA",metro,737.0,0.8081140350877193,23138.0,23417.0,20086.0
2015,48900,"Wilmington, NC",state_metro,866.0,0.9495614035087719,24940.0,25270.0,21354.0
2015,49020,"Winchester, VA-WV",metro,863.0,0.9462719298245614,24898.0,25226.0,21324.0
2015,49180,"Winston-Salem, NC",metro,674.0,0.7390350877192983,22258.0,22513.0,19467.0
2015,49420,"Yakima, WA",metro,760.0,0.8333333333333334,23460.0,23748.0,20312.0
2015,49620,"York-Hanover, PA",metro,874.0,0.9583333333333334,25052.0,25384.0,21433.0
2015,49660,"Youngstown-Warren-Boardman, OH-PA",metro,633.0,0.694078947368421,21685.0,21924.0,19064.0
2015,49700,"Yuba City, CA",state_metro,826.0,0.9057017543859649,24382.0,24695.0,20961.0
2015,49740,"Yuma, AZ",metro,740.0,0.8114035087719298,23180.0,23460.0,20116.0
2015,70750,"Bangor, ME",metro,830.0,0.9100877192982456,24437.0,24753.0,21000.0
2015,70900,"Barnstable Town, MA",metro,1206.0,1.3223684210526316,29690.0,30151.0,24695.0
2015,71650,"Boston-Cambridge-Nashua, MA-NH",metro,1323.0,1.450657894736842,31325.0,31831.0,25845.0
2015,71950,"Bridgeport-Stamford-Norwalk, CT",metro,1366.0,1.4978070175438596,31925.0,32449.0,26267.0
2015,72400,"Burlington-South Burlington, VT",metro,1131.0,1.2401315789473684,28642.0,29074.0,23958.0
2015,72850,"Danbury, CT",none,1343.0,1.4725877192982457,31604.0,32118.0,26041.0
2015,73050,"Dover-Durham, NH-ME",none,1000.0,1.0964912280701755,26812.0,27194.0,22671.0
2015,73450,"Hartford-West Hartford-East Hartford, CT",metro,1059.0,1.1611842105263157,27637.0,28041.0,23251.0
2015,74500,"Leominster-Gardner, MA",state_metro,923.0,1.0120614035087718,25737.0,26088.0,21914.0
2015,74650,"Lewiston-Auburn, ME",metro,752.0,0.8245614035087719,23348.0,23633.0,20234.0
2015,74950,"Manchester, NH",metro,1092.0,1.1973684210526316,28098.0,28514.0,23575.0
2015,75550,"New Bedford, MA",state_metro,795.0,0.8717105263157895,23949.0,24250.0,20656.0
2015,75700,"New Haven, CT",metro,1179.0,1.292763157894737,29313.0,29764.0,24430.0
2015,76450,"Norwich-New London-Westerly, CT-RI",metro,1050.0,1.1513157894736843,27511.0,27911.0,23162.0
2015,76600,"Pittsfield, MA",state_metro,810.0,0.8881578947368421,24158.0,24465.0,20804.0
2015,76750,"Portland-South Portland, ME",metro,1022.0,1.1206140350877194,27120.0,27509.0,22887.0
2015,76900,"Portsmouth, NH-ME",none,1217.0,1.3344298245614035,29844.0,30309.0,24803.0
2015,77200,"Providence-Warwick, RI-MA",metro,936.0,1.0263157894736843,25918.0,26275.0,22042.0
2015,78100,"Springfield, MA-CT",metro,940.0,1.030701754385965,25974.0,26332.0,22081.0
2015,78700,"Waterbury, CT",none,961.0,1.0537280701754386,26268.0,26634.0,22288.0
2015,79600,"Worcester, MA-CT",metro,1000.0,1.0964912280701755,26812.0,27194.0,22671.0
2016,31080,"Los Angeles-Long Beach-Anaheim, CA",metro,1406.0,1.5416666666666667,33131.0,33497.0,27262.0
2016,41860,"San Francisco-Oakland-Hayward, CA",metro,1568.0,1.719298245614035,35436.0,35846.0,28890.0
2016,47900,"Washington-Arlington-Alexandria, DC-VA-MD-WV",metro,1479.0,1.6217105263157894,34170.0,34555.0,27996.0
2016,33100,"Miami-Fort Lauderdale-West Palm Beach, FL",metro,1173.0,1.2861842105263157,29817.0,30120.0,24921.0
2016,16980,"Chicago-Naperville-Elgin, IL-IN-WI",metro,1002.0,1.0986842105263157,27384.0,27641.0,23202.0
2016,71650,"Boston-Cambridge-Nashua, MA-NH",metro,1323.0,1.450657894736842,31951.0,32294.0,26428.0
2016,19820,"Detroit-Warren-Dearborn, MI",metro,870.0,0.9539473684210527,25507.0,25727.0,21876.0
2016,35620,"New York-Newark-Jersey City, NY-NJ-PA",metro,1311.0,1.4375,31780.0,32120.0,26307.0
2016,37980,"Philadelphia-Camden-Wilmington, PA-NJ-DE-MD",metro,1082.0,1.1864035087719298,28522.0,28800.0,24006.0
2016,19100,"Dallas-Fort Worth-Arlington, TX",metro,949.0,1.0405701754385965,26630.0,26872.0,22670.0
2016,42660,"Seattle-Tacoma-Bellevue, WA",metro,1150.0,1.2609649122807018,29490.0,29786.0,24690.0
2016,11260,"Anchorage, AK",state_metro,1164.0,1.2763157894736843,29689.0,29989.0,24830.0
2016,21820,"Fairbanks, AK",state_metro,1214.0,1.331140350877193,30400.0,30714.0,25333.0
2016,11500,"Anniston-Oxford-Jacksonville, AL",state_metro,606.0,0.6644736842105263,21751.0,21900.0,19223.0
2016,12220,"Auburn-Opelika, AL",metro,741.0,0.8125,23671.0,23857.0,20580.0
2016,13820,"Birmingham-Hoover, AL",metro,773.0,0.8475877192982456,24127.0,24321.0,20901.0
2016,19300,"Daphne-Fairhope-Foley, AL",metro,803.0,0.8804824561403509,24553.0,24756.0,21203.0
2016,19460,"Decatur, AL",state_metro,600.0,0.6578947368421053,21666.0,21813.0,19163.0
2016,20020,"Dothan, AL",state_metro,608.0,0.6666666666666666,21779.0,21929.0,19243.0
2016,22520,"Florence-Muscle Shoals, AL",metro,602.0,0.6600877192982456,21694.0,21842.0,19183.0
2016,23460,"Gadsden, AL",state_metro,591.0,0.6480263157894737,21538.0,21683.0,19072.0
2016,26620,"Huntsville, AL",metro,699.0,0.7664473684210527,23074.0,23248.0,20158.0
2016,33660,"Mobile, AL",metro,759.0,0.8322368421052632,23927.0,24118.0,20761.0
2016,33860,"Montgomery, AL",metro,777.0,0.8519736842105263,24184.0,24379.0,20941.0
2016,46220,"Tuscaloosa, AL",state_metro,754.0,0.8267543859649122,23856.0,24046.0,20710.0
2016,22220,"Fayetteville-Springdale-Rogers, AR-MO",metro,698.0,0.7653508771929824,23060.0,23234.0,20148.0
2016,22900,"Fort Smith, AR-OK",metro,613.0,0.6721491228070176,21851.0,22002.0,19293.0
2016,26300,"Hot Springs, AR",state_metro,728.0,0.7982456140350878,23487.0,23669.0,20449.0
2016,27860,"Jonesboro, AR",state_metro,623.0,0.6831140350877193,21993.0,22147.0,19394.0
2016,30780,"Little Rock-North Little Rock-Conway, AR",metro,745.0,0.8168859649122807,23728.0,23915.0,20620.0
2016,38220,"Pine Bluff, AR",metro,642.0,0.7039473684210527,22263.0,22422.0,19585.0
2016,22380,"Flagstaff, AZ",state_metro,1017.0,1.1151315789473684,27598.0,27858.0,23353.0
2016,29420,"Lake Havasu City-Kingman, AZ",state_metro,721.0,0.7905701754385965,23387.0,23567.0,20379.0
2016,38060,"Phoenix-Mesa-Scottsdale, AZ",metro,898.0,0.9846491228070176,25905.0,26133.0,22157.0
2016,39140,"Prescott, AZ",metro,806.0,0.8837719298245614,24596.0,24799.0,21233.0
2016,43420,"Sierra Vista-Douglas, AZ",state_metro,700.0,0.7675438596491229,23088.0,23263.0,20168.0
2016,46060,"Tucson, AZ",metro,825.0,0.9046052631578947,24866.0,25075.0,21424.0
2016,49740,"Yuma, AZ",metro,740.0,0.8114035087719298,23657.0,23843.0,20570.0
2016,12540,"Bakersfield, CA",metro,813.0,0.8914473684210527,24696.0,24901.0,21303.0
2016,17020,"Chico, CA",metro,887.0,0.9725877192982456,25748.0,25974.0,22047.0
2016,20940,"El Centro, CA",state_metro,748.0,0.8201754385964912,23771.0,23959.0,20650.0
2016,23420,"Fresno, CA",metro,842.0,0.9232456140350878,25108.0,25321.0,21595.0
2016,25260,"Hanford-Corcoran, CA",metro,793.0,0.8695175438596491,24411.0,24611.0,21102.0
2016,31460,"Madera, CA",state_metro,822.0,0.9013157894736842,24824.0,25031.0,21394.0
2016,32900,"Merced, CA",state_metro,742.0,0.8135964912280702,23686.0,23872.0,20590.0
2016,33700,"Modesto, CA",metro,907.0,0.9945175438596491,26033.0,26264.0,22248.0
2016,34900,"Napa, CA",state_metro,1344.0,1.4736842105263157,32249.0,32598.0,26639.0
2016,37100,"Oxnard-Thousand Oaks-Ventura, CA",metro,1457.0,1.5975877192982457,33857.0,34237.0,27775.0
2016,39820,"Redding, CA",metro,862.0,0.9451754385964912,25393.0,25611.0,21796.0
2016,40140,"Riverside-San Bernardino-Ontario, CA",metro,1061.0,1.1633771929824561,28224.0,28496.0,23795.0
2016,40900,"Sacramento--Roseville--Arden-Arcade, CA",metro,1013.0,1.1107456140350878,27541.0,27800.0,23313.0
2016,41500,"Salinas, CA",metro,1206.0,1.3223684210526316,30286.0,30598.0,25252.0
2016,41740,"San Diego-Carlsbad, CA",metro,1363.0,1.4945175438596492,32520.0,32874.0,26830.0
2016,41940,"San Jose-Sunnyvale-Santa Clara, CA",metro,1728.0,1.894736842105263,37712.0,38165.0,30498.0
2016,42020,"San Luis Obispo-Paso Robles-Arroyo Grande, CA",metro,1201.0,1.3168859649122806,30215.0,30525.0,25202.0
2016,42100,"Santa Cruz-Watsonville, CA",metro,1531.0,1.6787280701754386,34910.0,35309.0,28518.0
2016,42200,"Santa Maria-Santa Barbara, CA",metro,1391.0,1.525219298245614,32918.0,33280.0,27111.0
2016,42220,"Santa Rosa, CA",metro,1313.0,1.4396929824561404,31808.0,32149.0,26328.0
2016,44700,"Stockton-Lodi, CA",metro,931.0,1.0208333333333333,26374.0,26611.0,22489.0
2016,46700,"Vallejo-Fairfield, CA",metro,1158.0,1.269736842105263,29603.0,29902.0,24770.0
2016,47300,"Visalia-Porterville, CA",metro,761.0,0.8344298245614035,23956.0,24147.0,20781.0
2016,49700,"Yuba City, CA",state_metro,826.0,0.9057017543859649,24881.0,25089.0,21434.0
2016,14500,"Boulder, CO",metro,1188.0,1.3026315789473684,30030.0,30337.0,25071.0
2016,17820,"Colorado Springs, CO",metro,891.0,0.9769736842105263,25805.0,26032.0,22087.0
2016,19740,"Denver-Aurora-Lakewood, CO",metro,1073.0,1.1765350877192982,28394.0,28670.0,23916.0
2016,22660,"Fort Collins, CO",metro,948.0,1.0394736842105263,26616.0,26858.0,22660.0
2016,24300,"Grand Junction, CO",state_metro,760.0,0.8333333333333334,23942.0,24133.0,20771.0
2016,24540,"Greeley, CO",metro,781.0,0.856359649122807,24240.0,24437.0,20982.0
2016,39380,"Pueblo, CO",state_metro,744.0,0.8157894736842105,23714.0,23901.0,20610.0
2016,71950,"Bridgeport-Stamford-Norwalk, CT",metro,1366.0,1.4978070175438596,32562.0,32917.0,26860.0
2016,72850,"Danbury, CT",none,1343.0,1.4725877192982457,32235.0,32584.0,26629.0
2016,73450,"Hartford-West Hartford-East Hartford, CT",metro,1059.0,1.1611842105263157,28195.0,28467.0,23775.0
2016,75700,"New Haven, CT",metro,1179.0,1.292763157894737,29902.0,30207.0,24981.0
2016,76450,"Norwich-New London-Westerly, CT-RI",metro,1050.0,1.1513157894736843,28067.0,28336.0,23685.0
2016,78700,"Waterbury, CT",none,961.0,1.0537280701754386,26801.0,27046.0,22790.0
2016,20100,"Dover, DE",metro,893.0,0.9791666666666666,25834.0,26061.0,22107.0
2016,15980,"Cape Coral-Fort Myers, FL",metro,883.0,0.9682017543859649,25691.0,25916.0,22007.0
2016,18880,"Crestview-Fort Walton Beach-Destin, FL",state_metro,906.0,0.993421052631579,26019.0,26249.0,22238.0
2016,19660,"Deltona-Daytona Beach-Ormond Beach, FL",metro,894.0,0.9802631578947368,25848.0,26075.0,22117.0
2016,23540,"Gainesville, FL",metro,856.0,0.9385964912280702,25307.0,25524.0,21735.0
2016,26140,"Homosassa Springs, FL",state_metro,722.0,0.7916666666666666,23401.0,23582.0,20389.0
2016,27260,"Jacksonville, FL",metro,929.0,1.018640350877193,26346.0,26582.0,22469.0
2016,29460,"Lakeland-Winter Haven, FL",metro,822.0,0.9013157894736842,24824.0,25031.0,21394.0
2016,34940,"Naples-Immokalee-Marco Island, FL",metro,1015.0,1.1129385964912282,27569.0,27829.0,23333.0
2016,35840,"North Port-Sarasota-Bradenton, FL",metro,967.0,1.0603070175438596,26886.0,27133.0,22851.0
2016,36100,"Ocala, FL",metro,746.0,0.8179824561403509,23743.0,23930.0,20630.0
2016,36740,"Orlando-Kissimmee-Sanford, FL",metro,983.0,1.0778508771929824,27114.0,27365.0,23011.0
2016,37340,"Palm Bay-Melbourne-Titusville, FL",metro,855.0,0.9375,25293.0,25510.0,21725.0
2016,37460,"Panama City, FL",metro,871.0,0.9550438596491229,25521.0,25742.0,21886.0
2016,37860,"Pensacola-Ferry Pass-Brent, FL",metro,832.0,0.9122807017543859,24966.0,25176.0,21494.0
2016,38940,"Port St. Lucie, FL",metro,913.0,1.0010964912280702,26118.0,26350.0,22308.0
2016,39460,"Punta Gorda, FL",state_metro,818.0,0.8969298245614035,24767.0,24973.0,21353.0
2016,42680,"Sebastian-Vero Beach, FL",state_metro,,,,,
2016,42700,"Sebring, FL",state_metro,725.0,0.7949561403508771,23444.0,23625.0,20419.0
2016,45220,"Tallahassee, FL",metro,877.0,0.9616228070175439,25606.0,25829.0,21946.0
2016,45300,"Tampa-St. Petersburg-Clearwater, FL",metro,961.0,1.0537280701754386,26801.0,27046.0,22790.0
2016,45540,"The Villages, FL",state_metro,,,,,
2016,10500,"Albany, GA",state_metro,665.0,0.7291666666666666,22590.0,22755.0,19816.0
2016,12020,"Athens-Clarke County, GA",metro,751.0,0.8234649122807017,23814.0,24002.0,20680.0
2016,12060,"Atlanta-Sandy Springs-Roswell, GA",metro,928.0,1.0175438596491229,26332.0,26568.0,22459.0
2016,12260,"Augusta-Richmond County, GA-SC",metro,713.0,0.7817982456140351,23273.0,23451.0,20298.0
2016,15260,"Brunswick, GA",state_metro,688.0,0.7543859649122807,22917.0,23089.0,20047.0
2016,17980,"Columbus, GA-AL",metro,758.0,0.831140350877193,23913.0,24104.0,20750.0
2016,19140,"Dalton, GA",state_metro,627.0,0.6875,22050.0,22205.0,19434.0
2016,23580,"Gainesville, GA",metro,786.0,0.8618421052631579,24312.0,24509.0,21032.0
2016,25980,"Hinesville, GA",state_metro,755.0,0.8278508771929824,23871.0,24060.0,20720.0
2016,31420,"Macon, GA",metro,710.0,0.7785087719298246,23230.0,23408.0,20268.0
2016,40660,"Rome, GA",state_metro,636.0,0.6973684210526315,22178.0,22335.0,19525.0
2016,42340,"Savannah, GA",metro,894.0,0.9802631578947368,25848.0,26075.0,22117.0
2016,46660,"Valdosta, GA",state_metro,651.0,0.7138157894736842,22391.0,22552.0,19675.0
2016,47580,"Warner Robins, GA",metro,753.0,0.8256578947368421,23842.0,24031.0,20700.0
2016,27980,"Kahului-Wailuku-Lahaina, HI",metro,1314.0,1.4407894736842106,31823.0,32164.0,26338.0
2016,46520,"Urban Honolulu, HI",metro,1566.0,1.7171052631578947,35407.0,35817.0,28870.0
2016,11180,"Ames, IA",state_metro,773.0,0.8475877192982456,24127.0,24321.0,20901.0
2016,16300,"Cedar Rapids, IA",metro,720.0,0.7894736842105263,23373.0,23553.0,20369.0
2016,19340,"Davenport-Moline-Rock Island, IA-IL",metro,718.0,0.7872807017543859,23344.0,23524.0,20349.0
2016,19780,"Des Moines-West Des Moines, IA",metro,821.0,0.9002192982456141,24809.0,25017.0,21384.0
2016,20220,"Dubuque, IA",state_metro,721.0,0.7905701754385965,23387.0,23567.0,20379.0
2016,26980,"Iowa City, IA",metro,848.0,0.9298245614035088,25194.0,25408.0,21655.0
2016,43580,"Sioux City, IA-NE-SD",state_metro,716.0,0.7850877192982456,23316.0,23495.0,20328.0
2016,47940,"Waterloo-Cedar Falls, IA",metro,702.0,0.7697368421052632,23117.0,23292.0,20188.0
2016,14260,"Boise City, ID",metro,752.0,0.8245614035087719,23828.0,24017.0,20690.0
2016,17660,"Coeur d'Alene, ID",metro,744.0,0.8157894736842105,23714.0,23901.0,20610.0
2016,26820,"Idaho Falls, ID",metro,654.0,0.7171052631578947,22434.0,22596.0,19705.0
2016,30300,"Lewiston, ID-WA",state_metro,679.0,0.7445175438596491,22789.0,22958.0,19957.0
2016,38540,"Pocatello, ID",state_metro,623.0,0.6831140350877193,21993.0,22147.0,19394.0
2016,14010,"Bloomington, IL",metro,815.0,0.893640350877193,24724.0,24930.0,21323.0
2016,16060,"Carbondale-Marion, IL",metro,681.0,0.7467105263157895,22818.0,22987.0,19977.0
2016,16580,"Champaign-Urbana, IL",metro,806.0,0.8837719298245614,24596.0,24799.0,21233.0
2016,19180,"Danville, IL",state_metro,672.0,0.7368421052631579,22690.0,22857.0,19886.0
2016,19500,"Decatur, IL",state_metro,684.0,0.75,22861.0,23031.0,20007.0
2016,28100,"Kankakee, IL",state_metro,800.0,0.8771929824561403,24511.0,24712.0,21173.0
2016,37900,"Peoria, IL",metro,726.0,0.7960526315789473,23458.0,23640.0,20429.0
2016,40420,"Rockford, IL",metro,754.0,0.8267543859649122,23856.0,24046.0,20710.0
2016,44100,"Springfield, IL",metro,757.0,0.8300438596491229,23899.0,24089.0,20740.0
2016,14020,"Bloomington, IN",metro,838.0,0.918859649122807,25051.0,25263.0,21554.0
2016,18020,"Columbus, IN",state_metro,,,,,
2016,21140,"Elkhart-Goshen, IN",metro,731.0,0.8015350877192983,23529.0,23712.0,20479.0
2016,21780,"Evansville, IN-KY",metro,742.0,0.8135964912280702,23686.0,23872.0,20590.0
2016,23060,"Fort Wayne, IN",metro,687.0,0.7532894736842105,22903.0,23074.0,20037.0
2016,26900,"Indianapolis-Carmel-Anderson, IN",metro,809.0,0.8870614035087719,24639.0,24843.0,21263.0
2016,29020,"Kokomo, IN",state_metro,640.0,0.7017543859649122,22235.0,22393.0,19565.0
2016,29200,"Lafayette-West Lafayette, IN",metro,789.0,0.8651315789473685,24354.0,24553.0,21062.0
2016,33140,"Michigan City-La Porte, IN",state_metro,713.0,0.7817982456140351,23273.0,23451.0,20298.0
2016,34620,"Muncie, IN",state_metro,678.0,0.743421052631579,22775.0,22944.0,19947.0
2016,43780,"South Bend-Mishawaka, IN-MI",metro,742.0,0.8135964912280702,23686.0,23872.0,20590.0
2016,45460,"Terre Haute, IN",metro,701.0,0.768640350877193,23102.0,23277.0,20178.0
2016,29940,"Lawrence, KS",state_metro,822.0,0.9013157894736842,24824.0,25031.0,21394.0
2016,31740,"Manhattan, KS",state_metro,834.0,0.9144736842105263,24994.0,25205.0,21514.0
2016,45820,"Topeka, KS",metro,735.0,0.805921052631579,23586.0,23770.0,20519.0
2016,48620,"Wichita, KS",metro,736.0,0.8070175438596491,23600.0,23785.0,20529.0
2016,14540,"Bowling Green, KY",metro,663.0,0.7269736842105263,22562.0,22726.0,19796.0
2016,21060,"Elizabethtown-Fort Knox, KY",state_metro,674.0,0.7390350877192983,22718.0,22886.0,19906.0
2016,30460,"Lexington-Fayette, KY",metro,754.0,0.8267543859649122,23856.0,24046.0,20710.0
2016,31140,"Louisville/Jefferson County, KY-IN",metro,749.0,0.8212719298245614,23785.0,23973.0,20660.0
2016,36980,"Owensboro, KY",state_metro,644.0,0.706140350877193,22292.0,22451.0,19605.0
2016,10780,"Alexandria, LA",state_metro,687.0,0.7532894736842105,22903.0,23074.0,20037.0
2016,12940,"Baton Rouge, LA",metro,808.0,0.8859649122807017,24625.0,24828.0,21253.0
2016,25220,"Hammond, LA",state_metro,748.0,0.8201754385964912,23771.0,23959.0,20650.0
2016,26380,"Houma-Thibodaux, LA",state_metro,,,,,
2016,29180,"Lafayette, LA",metro,724.0,0.793859649122807,23430.0,23611.0,20409.0
2016,29340,"Lake Charles, LA",metro,740.0,0.8114035087719298,23657.0,23843.0,20570.0
2016,33740,"Monroe, LA",metro,664.0,0.7280701754385965,22576.0,22741.0,19806.0
2016,35380,"New Orleans-Metairie, LA",metro,924.0,1.013157894736842,26275.0,26510.0,22419.0
2016,43340,"Shreveport-Bossier City, LA",metro,745.0,0.8168859649122807,23728.0,23915.0,20620.0
2016,70900,"Barnstable Town, MA",metro,1206.0,1.3223684210526316,30286.0,30598.0,25252.0
2016,74500,"Leominster-Gardner, MA",state_metro,923.0,1.0120614035087718,26260.0,26495.0,22409.0
2016,75550,"New Bedford, MA",state_metro,795.0,0.8717105263157895,24440.0,24640.0,21122.0
2016,76600,"Pittsfield, MA",state_metro,810.0,0.8881578947368421,24653.0,24857.0,21273.0
2016,78100,"Springfield, MA-CT",metro,940.0,1.030701754385965,26502.0,26742.0,22579.0
2016,79600,"Worcester, MA-CT",metro,1000.0,1.0964912280701755,27356.0,27612.0,23182.0
2016,12580,"Baltimore-Columbia-Towson, MD",metro,1184.0,1.2982456140350878,29973.0,30279.0,25031.0
2016,15680,"California-Lexington Park, MD",metro,1166.0,1.2785087719298245,29717.0,30018.0,24850.0
2016,19060,"Cumberland, MD-WV",state_metro,566.0,0.6206140350877193,21182.0,21320.0,18821.0
2016,25180,"Hagerstown-Martinsburg, MD-WV",metro,844.0,0.9254385964912281,25137.0,25350.0,21615.0
2016,41540,"Salisbury, MD-DE",metro,888.0,0.9736842105263158,25763.0,25988.0,22057.0
2016,70750,"Bangor, ME",metro,830.0,0.9100877192982456,24938.0,25147.0,21474.0
2016,74650,"Lewiston-Auburn, ME",metro,752.0,0.8245614035087719,23828.0,24017.0,20690.0
2016,76750,"Portland-South Portland, ME",metro,1022.0,1.1206140350877194,27669.0,27931.0,23403.0
2016,11460,"Ann Arbor, MI",metro,994.0,1.0899122807017543,27270.0,27525.0,23122.0
2016,12980,"Battle Creek, MI",metro,713.0,0.7817982456140351,23273.0,23451.0,20298.0
2016,13020,"Bay City, MI",state_metro,,,,,
2016,22420,"Flint, MI",metro,723.0,0.7927631578947368,23415.0,23596.0,20399.0
2016,24340,"Grand Rapids-Wyoming, MI",metro,769.0,0.8432017543859649,24070.0,24263.0,20861.0
2016,27100,"Jackson, MI",metro,734.0,0.8048245614035088,23572.0,23756.0,20509.0
2016,28020,"Kalamazoo-Portage, MI",metro,737.0,0.8081140350877193,23615.0,23799.0,20539.0
2016,29620,"Lansing-East Lansing, MI",metro,802.0,0.8793859649122807,24539.0,24741.0,21193.0
2016,33220,"Midland, MI",state_metro,721.0,0.7905701754385965,23387.0,23567.0,20379.0
2016,33780,"Monroe, MI",metro,786.0,0.8618421052631579,24312.0,24509.0,21032.0
2016,34740,"Muskegon, MI",metro,700.0,0.7675438596491229,23088.0,23263.0,20168.0
2016,35660,"Niles-Benton Harbor, MI",metro,697.0,0.7642543859649122,23046.0,23219.0,20138.0
2016,40980,"Saginaw, MI",metro,701.0,0.768640350877193,23102.0,23277.0,20178.0
2016,20260,"Duluth, MN-WI",state_metro,752.0,0.8245614035087719,23828.0,24017.0,20690.0
2016,31860,"Mankato-North Mankato, MN",state_metro,769.0,0.8432017543859649,24070.0,24263.0,20861.0
2016,33460,"Minneapolis-St. Paul-Bloomington, MN-WI",metro,998.0,1.094298245614035,27327.0,27583.0,23162.0
2016,40340,"Rochester, MN",state_metro,812.0,0.8903508771929824,24681.0,24886.0,21293.0
2016,41060,"St. Cloud, MN",state_metro,736.0,0.8070175438596491,23600.0,23785.0,20529.0
2016,16020,"Cape Girardeau, MO-IL",state_metro,651.0,0.7138157894736842,22391.0,22552.0,19675.0
2016,17860,"Columbia, MO",state_metro,734.0,0.8048245614035088,23572.0,23756.0,20509.0
2016,27620,"Jefferson City, MO",state_metro,604.0,0.6622807017543859,21723.0,21871.0,19203.0
2016,27900,"Joplin, MO",state_metro,668.0,0.7324561403508771,22633.0,22799.0,19846.0
2016,28140,"Kansas City, MO-KS",metro,843.0,0.9243421052631579,25122.0,25336.0,21605.0
2016,41140,"St. Joseph, MO-KS",state_metro,701.0,0.768640350877193,23102.0,23277.0,20178.0
2016,41180,"St. Louis, MO-IL",metro,838.0,0.918859649122807,25051.0,25263.0,21554.0
2016,44180,"Springfield, MO",metro,676.0,0.7412280701754386,22747.0,22915.0,19926.0
2016,25060,"Gulfport-Biloxi-Pascagoula, MS",state_metro,,,,,
2016,25620,"Hattiesburg, MS",state_metro,734.0,0.8048245614035088,23572.0,23756.0,20509.0
2016,27140,"Jackson, MS",metro,773.0,0.8475877192982456,24127.0,24321.0,20901.0
2016,13740,"Billings, MT",metro,771.0,0.8453947368421053,24098.0,24292.0,20881.0
2016,24500,"Great Falls, MT",state_metro,645.0,0.7072368421052632,22306.0,22465.0,19615.0
2016,33540,"Missoula, MT",state_metro,802.0,0.8793859649122807,24539.0,24741.0,21193.0
2016,11700,"Asheville, NC",metro,760.0,0.8333333333333334,23942.0,24133.0,20771.0
2016,15500,"Burlington, NC",metro,,,,,
2016,16740,"Charlotte-Concord-Gastonia, NC-SC",metro,816.0,0.8947368421052632,24738.0,24944.0,21333.0
2016,20500,"Durham-Chapel Hill, NC",metro,881.0,0.9660087719298246,25663.0,25887.0,21986.0
2016,22180,"Fayetteville, NC",metro,770.0,0.8442982456140351,24084.0,24278.0,20871.0
2016,24140,"Goldsboro, NC",metro,671.0,0.7357456140350878,22676.0,22842.0,19876.0
2016,24660,"Greensboro-High Point, NC",metro,718.0,0.7872807017543859,23344.0,23524.0,20349.0
2016,24780,"Greenville, NC",metro,725.0,0.7949561403508771,23444.0,23625.0,20419.0
2016,25860,"Hickory-Lenoir-Morganton, NC",metro,610.0,0.668859649122807,21808.0,21958.0,19263.0
2016,27340,"Jacksonville, NC",metro,791.0,0.8673245614035088,24383.0,24582.0,21082.0
2016,35100,"New Bern, NC",state_metro,785.0,0.8607456140350878,24297.0,24495.0,21022.0
2016,39580,"Raleigh, NC",metro,910.0,0.9978070175438597,26076.0,26307.0,22278.0
2016,40580,"Rocky Mount, NC",state_metro,649.0,0.7116228070175439,22363.0,22523.0,19655.0
2016,48900,"Wilmington, NC",state_metro,866.0,0.9495614035087719,25450.0,25669.0,21836.0
2016,49180,"Winston-Salem, NC",metro,674.0,0.7390350877192983,22718.0,22886.0,19906.0
2016,13900,"Bismarck, ND",state_metro,775.0,0.8497807017543859,24155.0,24350.0,20921.0
2016,22020,"Fargo, ND-MN",metro,723.0,0.7927631578947368,23415.0,23596.0,20399.0
2016,24220,"Grand Forks, ND-MN",state_metro,756.0,0.8289473684210527,23885.0,24075.0,20730.0
2016,24260,"Grand Island, NE",state_metro,660.0,0.7236842105263158,22519.0,22683.0,19766.0
2016,30700,"Lincoln, NE",state_metro,737.0,0.8081140350877193,23615.0,23799.0,20539.0
2016,36540,"Omaha-Council Bluffs, NE-IA",metro,835.0,0.9155701754385965,25009.0,25220.0,21524.0
2016,73050,"Dover-Durham, NH-ME",none,1000.0,1.0964912280701755,27356.0,27612.0,23182.0
2016,74950,"Manchester, NH",metro,1092.0,1.1973684210526316,28665.0,28945.0,24107.0
2016,76900,"Portsmouth, NH-ME",none,1217.0,1.3344298245614035,30443.0,30757.0,25363.0
2016,12100,"Atlantic City-Hammonton, NJ",metro,1124.0,1.2324561403508771,29120.0,29409.0,24428.0
2016,36140,"Ocean City, NJ",state_metro,1042.0,1.1425438596491229,27953.0,28221.0,23604.0
2016,45940,"Trenton, NJ",metro,1215.0,1.332236842105263,30414.0,30728.0,25343.0
2016,47220,"Vineland-Bridgeton, NJ",metro,1053.0,1.1546052631578947,28110.0,28380.0,23715.0
2016,10740,"Albuquerque, NM",metro,812.0,0.8903508771929824,24681.0,24886.0,21293.0
2016,22140,"Farmington, NM",metro,715.0,0.7839912280701754,23302.0,23480.0,20318.0
2016,29740,"Las Cruces, NM",metro,658.0,0.7214912280701754,22491.0,22654.0,19746.0
2016,42140,"Santa Fe, NM",metro,950.0,1.0416666666666667,26645.0,26887.0,22680.0
2016,16180,"Carson City, NV",state_metro,807.0,0.8848684210526315,24610.0,24814.0,21243.0
2016,29820,"Las Vegas-Henderson-Paradise, NV",metro,926.0,1.0153508771929824,26303.0,26539.0,22439.0
2016,39900,"Reno, NV",state_metro,889.0,0.9747807017543859,25777.0,26003.0,22067.0
2016,10580,"Albany-Schenectady-Troy, NY",metro,960.0,1.0526315789473684,26787.0,27032.0,22780.0
2016,13780,"Binghamton, NY",metro,716.0,0.7850877192982456,23316.0,23495.0,20328.0
2016,15380,"Buffalo-Cheektowaga-Niagara Falls, NY",metro,733.0,0.8037280701754386,23558.0,23741.0,20499.0
2016,21300,"Elmira, NY",state_metro,750.0,0.8223684210526315,23799.0,23988.0,20670.0
2016,24020,"Glens Falls, NY",metro,858.0,0.9407894736842105,25336.0,25553.0,21755.0
2016,27060,"Ithaca, NY",state_metro,1045.0,1.1458333333333333,27996.0,28264.0,23634.0
2016,28740,"Kingston, NY",state_metro,1081.0,1.1853070175438596,28508.0,28786.0,23996.0
2016,40380,"Rochester, NY",metro,859.0,0.9418859649122807,25350.0,25568.0,21765.0
2016,45060,"Syracuse, NY",metro,809.0,0.8870614035087719,24639.0,24843.0,21263.0
2016,46540,"Utica-Rome, NY",metro,722.0,0.7916666666666666,23401.0,23582.0,20389.0
2016,48060,"Watertown-Fort Drum, NY",metro,973.0,1.0668859649122806,26972.0,27220.0,22911.0
2016,10420,"Akron, OH",metro,773.0,0.8475877192982456,24127.0,24321.0,20901.0
2016,15940,"Canton-Massillon, OH",metro,685.0,0.7510964912280702,22875.0,23045.0,20017.0
2016,17140,"Cincinnati, OH-KY-IN",metro,778.0,0.8530701754385965,24198.0,24393.0,20951.0
2016,17460,"Cleveland-Elyria, OH",metro,764.0,0.8377192982456141,23999.0,24191.0,20811.0
2016,18140,"Columbus, OH",metro,839.0,0.9199561403508771,25066.0,25278.0,21564.0
2016,19380,"Dayton, OH",metro,740.0,0.8114035087719298,23657.0,23843.0,20570.0
2016,30620,"Lima, OH",state_metro,624.0,0.6842105263157895,22007.0,22161.0,19404.0
2016,31900,"Mansfield, OH",state_metro,626.0,0.6864035087719298,22035.0,22190.0,19424.0
2016,44220,"Springfield, OH",state_metro,673.0,0.7379385964912281,22704.0,22871.0,19896.0
2016,45780,"Toledo, OH",metro,685.0,0.7510964912280702,22875.0,23045.0,20017.0
2016,49660,"Youngstown-Warren-Boardman, OH-PA",metro,633.0,0.694078947368421,22135.0,22292.0,19494.0
2016,30020,"Lawton, OK",state_metro,717.0,0.7861842105263158,23330.0,23509.0,20338.0
2016,36420,"Oklahoma City, OK",metro,766.0,0.8399122807017544,24027.0,24220.0,20831.0
2016,46140,"Tulsa, OK",metro,766.0,0.8399122807017544,24027.0,24220.0,20831.0
2016,10540,"Albany, OR",state_metro,,,,,
2016,13460,"Bend-Redmond, OR",metro,833.0,0.9133771929824561,24980.0,25191.0,21504.0
2016,18700,"Corvallis, OR",state_metro,841.0,0.9221491228070176,25094.0,25307.0,21585.0
2016,21660,"Eugene, OR",metro,844.0,0.9254385964912281,25137.0,25350.0,21615.0
2016,24420,"Grants Pass, OR",state_metro,777.0,0.8519736842105263,24184.0,24379.0,20941.0
2016,32780,"Medford, OR",metro,840.0,0.9210526315789473,25080.0,25292.0,21574.0
2016,38900,"Portland-Vancouver-Hillsboro, OR-WA",metro,961.0,1.0537280701754386,26801.0,27046.0,22790.0
2016,41420,"Salem, OR",metro,767.0,0.8410087719298246,24041.0,24234.0,20841.0
2016,10900,"Allentown-Bethlehem-Easton, PA-NJ",metro,981.0,1.075657894736842,27086.0,27336.0,22991.0
2016,11020,"Altoona, PA",state_metro,698.0,0.7653508771929824,23060.0,23234.0,20148.0
2016,14100,"Bloomsburg-Berwick, PA",state_metro,716.0,0.7850877192982456,23316.0,23495.0,20328.0
2016,16540,"Chambersburg-Waynesboro, PA",metro,816.0,0.8947368421052632,24738.0,24944.0,21333.0
2016,20700,"East Stroudsburg, PA",metro,951.0,1.042763157894737,26659.0,26901.0,22690.0
2016,21500,"Erie, PA",metro,710.0,0.7785087719298246,23230.0,23408.0,20268.0
2016,23900,"Gettysburg, PA",state_metro,832.0,0.9122807017543859,24966.0,25176.0,21494.0
2016,25420,"Harrisburg-Carlisle, PA",metro,882.0,0.9671052631578947,25677.0,25901.0,21997.0
2016,27780,"Johnstown, PA",metro,573.0,0.6282894736842105,21282.0,21422.0,18891.0
2016,29540,"Lancaster, PA",metro,921.0,1.0098684210526316,26232.0,26466.0,22388.0
2016,30140,"Lebanon, PA",state_metro,786.0,0.8618421052631579,24312.0,24509.0,21032.0
2016,38300,"Pittsburgh, PA",metro,768.0,0.8421052631578947,24056.0,24249.0,20851.0
2016,39740,"Reading, PA",metro,872.0,0.956140350877193,25535.0,25756.0,21896.0
2016,42540,"Scranton--Wilkes-Barre--Hazleton, PA",metro,713.0,0.7817982456140351,23273.0,23451.0,20298.0
2016,44300,"State College, PA",state_metro,911.0,0.9989035087719298,26090.0,26322.0,22288.0
2016,48700,"Williamsport, PA",metro,737.0,0.8081140350877193,23615.0,23799.0,20539.0
2016,49620,"York-Hanover, PA",metro,874.0,0.9583333333333334,25563.0,25785.0,21916.0
2016,77200,"Providence-Warwick, RI-MA",metro,936.0,1.0263157894736843,26445.0,26684.0,22539.0
2016,16700,"Charleston-North Charleston, SC",metro,932.0,1.0219298245614035,26389.0,26626.0,22499.0
2016,17900,"Columbia, SC",metro,802.0,0.8793859649122807,24539.0,24741.0,21193.0
2016,22500,"Florence, SC",metro,637.0,0.6984649122807017,22192.0,22350.0,19535.0
2016,24860,"Greenville-Anderson-Mauldin, SC",metro,707.0,0.7752192982456141,23188.0,23364.0,20238.0
2016,25940,"Hilton Head Island-Bluffton-Beaufort, SC",metro,,,,,
2016,34820,"Myrtle Beach-Conway-North Myrtle Beach, SC-NC",metro,799.0,0.8760964912280702,24497.0,24698.0,21162.0
2016,43900,"Spartanburg, SC",metro,670.0,0.7346491228070176,22661.0,22828.0,19866.0
2016,44940,"Sumter, SC",state_metro,672.0,0.7368421052631579,22690.0,22857.0,19886.0
2016,39660,"Rapid City, SD",state_metro,779.0,0.8541666666666666,24212.0,24408.0,20962.0
2016,43620,"Sioux Falls, SD",metro,737.0,0.8081140350877193,23615.0,23799.0,20539.0
2016,16860,"Chattanooga, TN-GA",metro,719.0,0.7883771929824561,23358.0,23538.0,20359.0
2016,17300,"Clarksville, TN-KY",metro,753.0,0.8256578947368421,23842.0,24031.0,20700.0
2016,17420,"Cleveland, TN",metro,696.0,0.7631578947368421,23031.0,23205.0,20127.0
2016,27180,"Jackson, TN",state_metro,670.0,0.7346491228070176,22661.0,22828.0,19866.0
2016,27740,"Johnson City, TN",metro,652.0,0.7149122807017544,22405.0,22567.0,19685.0
2016,28700,"Kingsport-Bristol-Bristol, TN-VA",metro,605.0,0.6633771929824561,21737.0,21886.0,19213.0
2016,28940,"Knoxville, TN",metro,748.0,0.8201754385964912,23771.0,23959.0,20650.0
2016,32820,"Memphis, TN-MS-AR",metro,802.0,0.8793859649122807,24539.0,24741.0,21193.0
2016,34100,"Morristown, TN",state_metro,618.0,0.6776315789473685,21922.0,22074.0,19344.0
2016,34980,"Nashville-Davidson--Murfreesboro--Franklin, TN",metro,857.0,0.9396929824561403,25322.0,25539.0,21745.0
2016,10180,"Abilene, TX",metro,773.0,0.8475877192982456,24127.0,24321.0,20901.0
2016,11100,"Amarillo, TX",metro,780.0,0.8552631578947368,24226.0,24422.0,20972.0
2016,12420,"Austin-Round Rock, TX",metro,1087.0,1.1918859649122806,28593.0,28873.0,24057.0
2016,13140,"Beaumont-Port Arthur, TX",metro,769.0,0.8432017543859649,24070.0,24263.0,20861.0
2016,15180,"Brownsville-Harlingen, TX",metro,638.0,0.6995614035087719,22206.0,22364.0,19545.0
2016,17780,"College Station-Bryan, TX",metro,826.0,0.9057017543859649,24881.0,25089.0,21434.0
2016,18580,"Corpus Christi, TX",metro,891.0,0.9769736842105263,25805.0,26032.0,22087.0
2016,21340,"El Paso, TX",metro,731.0,0.8015350877192983,23529.0,23712.0,20479.0
2016,26420,"Houston-The Woodlands-Sugar Land, TX",metro,923.0,1.0120614035087718,26260.0,26495.0,22409.0
2016,28660,"Killeen-Temple, TX",metro,743.0,0.8146929824561403,23700.0,23886.0,20600.0
2016,29700,"Laredo, TX",metro,749.0,0.8212719298245614,23785.0,23973.0,20660.0
2016,30980,"Longview, TX",metro,741.0,0.8125,23671.0,23857.0,20580.0
2016,31180,"Lubbock, TX",metro,782.0,0.8574561403508771,24255.0,24451.0,20992.0
2016,32580,"McAllen-Edinburg-Mission, TX",metro,663.0,0.7269736842105263,22562.0,22726.0,19796.0
2016,33260,"Midland, TX",state_metro,,,,,
2016,36220,"Odessa, TX",metro,975.0,1.069078947368421,27000.0,27249.0,22931.0
2016,41660,"San Angelo, TX",state_metro,808.0,0.8859649122807017,24625.0,24828.0,21253.0
2016,41700,"San Antonio-New Braunfels, TX",metro,892.0,0.9780701754385965,25819.0,26046.0,22097.0
2016,43300,"Sherman-Denison, TX",metro,770.0,0.8442982456140351,24084.0,24278.0,20871.0
2016,45500,"Texarkana, TX-AR",state_metro,691.0,0.7576754385964912,22960.0,23132.0,20077.0
2016,46340,"Tyler, TX",metro,837.0,0.9177631578947368,25037.0,25249.0,21544.0
2016,47020,"Victoria, TX",state_metro,812.0,0.8903508771929824,24681.0,24886.0,21293.0
2016,47380,"Waco, TX",metro,756.0,0.8289473684210527,23885.0,24075.0,20730.0
2016,48660,"Wichita Falls, TX",metro,731.0,0.8015350877192983,23529.0,23712.0,20479.0
2016,30860,"Logan, UT-ID",state_metro,647.0,0.7094298245614035,22334.0,22494.0,19635.0
2016,36260,"Ogden-Clearfield, UT",metro,772.0,0.8464912280701754,24112.0,24307.0,20891.0
2016,39340,"Provo-Orem, UT",metro,773.0,0.8475877192982456,24127.0,24321.0,20901.0
2016,41100,"St. George, UT",metro,773.0,0.8475877192982456,24127.0,24321.0,20901.0
2016,41620,"Salt Lake City, UT",metro,910.0,0.9978070175438597,26076.0,26307.0,22278.0
2016,13980,"Blacksburg-Christiansburg-Radford, VA",metro,697.0,0.7642543859649122,23046.0,23219.0,20138.0
2016,16820,"Charlottesville, VA",metro,1036.0,1.1359649122807018,27868.0,28134.0,23544.0
2016,25500,"Harrisonburg, VA",state_metro,778.0,0.8530701754385965,24198.0,24393.0,20951.0
2016,31340,"Lynchburg, VA",state_metro,715.0,0.7839912280701754,23302.0,23480.0,20318.0
2016,40060,"Richmond, VA",metro,942.0,1.0328947368421053,26531.0,26771.0,22599.0
2016,40220,"Roanoke, VA",metro,755.0,0.8278508771929824,23871.0,24060.0,20720.0
2016,44420,"Staunton-Waynesboro, VA",state_metro,773.0,0.8475877192982456,24127.0,24321.0,20901.0
2016,47260,"Virginia Beach-Norfolk-Newport News, VA-NC",metro,1017.0,1.1151315789473684,27598.0,27858.0,23353.0
2016,49020,"Winchester, VA-WV",metro,863.0,0.9462719298245614,25407.0,25626.0,21806.0
2016,72400,"Burlington-South Burlington, VT",metro,1131.0,1.2401315789473684,29219.0,29511.0,24499.0
2016,13380,"Bellingham, WA",state_metro,913.0,1.0010964912280702,26118.0,26350.0,22308.0
2016,14740,"Bremerton-Silverdale, WA",state_metro,984.0,1.0789473684210527,27128.0,27380.0,23022.0
2016,28420,"Kennewick-Richland, WA",metro,811.0,0.8892543859649122,24667.0,24872.0,21283.0
2016,31020,"Longview, WA",state_metro,731.0,0.8015350877192983,23529.0,23712.0,20479.0
2016,34580,"Mount Vernon-Anacortes, WA",metro,927.0,1.0164473684210527,26317.0,26553.0,22449.0
2016,36500,"Olympia-Tumwater, WA",state_metro,974.0,1.0679824561403508,26986.0,27235.0,22921.0
2016,44060,"Spokane-Spokane Valley, WA",metro,774.0,0.8486842105263158,24141.0,24336.0,20911.0
2016,47460,"Walla Walla, WA",state_metro,753.0,0.8256578947368421,23842.0,24031.0,20700.0
2016,48300,"Wenatchee, WA",state_metro,784.0,0.8596491228070176,24283.0,24480.0,21012.0
2016,49420,"Yakima, WA",state_metro,760.0,0.8333333333333334,23942.0,24133.0,20771.0
2016,11540,"Appleton, WI",metro,754.0,0.8267543859649122,23856.0,24046.0,20710.0
2016,20740,"Eau Claire, WI",state_metro,748.0,0.8201754385964912,23771.0,23959.0,20650.0
2016,22540,"Fond du Lac, WI",state_metro,688.0,0.7543859649122807,22917.0,23089.0,20047.0
2016,24580,"Green Bay, WI",metro,732.0,0.8026315789473685,23543.0,23727.0,20489.0
2016,27500,"Janesville-Beloit, WI",metro,747.0,0.819078947368421,23757.0,23944.0,20640.0
2016,29100,"La Crosse-Onalaska, WI-MN",state_metro,753.0,0.8256578947368421,23842.0,24031.0,20700.0
2016,31540,"Madison, WI",metro,931.0,1.0208333333333333,26374.0,26611.0,22489.0
2016,33340,"Milwaukee-Waukesha-West Allis, WI",metro,851.0,0.9331140350877193,25236.0,25452.0,21685.0
2016,36780,"Oshkosh-Neenah, WI",metro,689.0,0.7554824561403509,22932.0,23103.0,20057.0
2016,39540,"Racine, WI",metro,776.0,0.8508771929824561,24169.0,24364.0,20931.0
2016,43100,"Sheboygan, WI",state_metro,685.0,0.7510964912280702,22875.0,23045.0,20017.0
2016,48140,"Wausau, WI",metro,723.0,0.7927631578947368,23415.0,23596.0,20399.0
2016,13220,"Beckley, WV",state_metro,616.0,0.6754385964912281,21893.0,22045.0,19324.0
2016,16620,"Charleston, WV",metro,706.0,0.7741228070175439,23174.0,23350.0,20228.0
2016,26580,"Huntington-Ashland, WV-KY-OH",metro,644.0,0.706140350877193,22292.0,22451.0,19605.0
2016,34060,"Morgantown, WV",metro,738.0,0.8092105263157895,23629.0,23814.0,20550.0
2016,37620,"Parkersburg-Vienna, WV",state_metro,616.0,0.6754385964912281,21893.0,22045.0,19324.0
2016,48260,"Weirton-Steubenville, WV-OH",state_metro,618.0,0.6776315789473685,21922.0,22074.0,19344.0
2016,48540,"Wheeling, WV-OH",state_metro,590.0,0.6469298245614035,21523.0,21668.0,19062.0
2016,16220,"Casper, WY",state_metro,779.0,0.8541666666666666,24212.0,24408.0,20962.0
2016,16940,"Cheyenne, WY",state_metro,780.0,0.8552631578947368,24226.0,24422.0,20972.0
2017,31080,"Los Angeles-Long Beach-Anaheim, CA",metro,1438.0,1.5429184549356223,34336.0,34452.0,28552.0
2017,41860,"San Francisco-Oakland-Hayward, CA",metro,1641.0,1.7607296137339057,37277.0,37408.0,30675.0
2017,47900,"Washington-Arlington-Alexandria, DC-VA-MD-WV",metro,1522.0,1.6330472103004292,35553.0,35675.0,29431.0
2017,33100,"Miami-Fort Lauderdale-West Palm Beach, FL",metro,1199.0,1.286480686695279,30873.0,30972.0,26053.0
2017,16980,"Chicago-Naperville-Elgin, IL-IN-WI",metro,1026.0,1.1008583690987124,28367.0,28454.0,24244.0
2017,71650,"Boston-Cambridge-Nashua, MA-NH",metro,1361.0,1.4603004291845494,33220.0,33331.0,27747.0
2017,19820,"Detroit-Warren-Dearborn, MI",metro,884.0,0.9484978540772532,26310.0,26386.0,22759.0
2017,35620,"New York-Newark-Jersey City, NY-NJ-PA",metro,1339.0,1.4366952789699572,32901.0,33011.0,27517.0
2017,37980,"Philadelphia-Camden-Wilmington, PA-NJ-DE-MD",metro,1103.0,1.1834763948497855,29482.0,29575.0,25049.0
2017,19100,"Dallas-Fort Worth-Arlington, TX",metro,977.0,1.048283261802575,27657.0,27740.0,23732.0
2017,42660,"Seattle-Tacoma-Bellevue, WA",metro,1199.0,1.286480686695279,30873.0,30972.0,26053.0
2017,11260,"Anchorage, AK",state_metro,1186.0,1.2725321888412018,30685.0,30783.0,25917.0
2017,21820,"Fairbanks, AK",state_metro,1214.0,1.3025751072961373,31091.0,31191.0,26210.0
2017,11500,"Anniston-Oxford-Jacksonville, AL",none,607.0,0.6512875536480687,22297.0,22353.0,19862.0
2017,12220,"Auburn-Opelika, AL",metro,766.0,0.8218884120171673,24600.0,24668.0,21525.0
2017,13820,"Birmingham-Hoover, AL",metro,785.0,0.842274678111588,24875.0,24945.0,21724.0
2017,19300,"Daphne-Fairhope-Foley, AL",metro,824.0,0.8841201716738197,25440.0,25513.0,22132.0
2017,19460,"Decatur, AL",none,609.0,0.6534334763948498,22325.0,22382.0,19883.0
2017,20020,"Dothan, AL",none,622.0,0.6673819742489271,22514.0,22572.0,20019.0
2017,22520,"Florence-Muscle Shoals, AL",metro,608.0,0.6523605150214592,22311.0,22368.0,19873.0
2017,23460,"Gadsden, AL",none,597.0,0.6405579399141631,22152.0,22208.0,19758.0
2017,26620,"Huntsville, AL",metro,724.0,0.776824034334764,23992.0,24057.0,21086.0
2017,33660,"Mobile, AL",metro,775.0,0.8315450643776824,24730.0,24799.0,21619.0
2017,33860,"Montgomery, AL",metro,789.0,0.8465665236051502,24933.0,25003.0,21766.0
2017,46220,"Tuscaloosa, AL",none,759.0,0.8143776824034334,24499.0,24566.0,21452.0
2017,22220,"Fayetteville-Springdale-Rogers, AR-MO",metro,711.0,0.7628755364806867,23803.0,23867.0,20950.0
2017,22900,"Fort Smith, AR-OK",metro,623.0,0.6684549356223176,22528.0,22586.0,20030.0
2017,26300,"Hot Springs, AR",state_metro,729.0,0.7821888412017167,24064.0,24129.0,21138.0
2017,27860,"Jonesboro, AR",state_metro,661.0,0.7092274678111588,23079.0,23139.0,20427.0
2017,30780,"Little Rock-North Little Rock-Conway, AR",metro,756.0,0.8111587982832618,24455.0,24523.0,21420.0
2017,38220,"Pine Bluff, AR",metro,663.0,0.7113733905579399,23108.0,23168.0,20448.0
2017,22380,"Flagstaff, AZ",state_metro,1051.0,1.1276824034334765,28729.0,28818.0,24505.0
2017,29420,"Lake Havasu City-Kingman, AZ",state_metro,725.0,0.7778969957081545,24006.0,24071.0,21096.0
2017,38060,"Phoenix-Mesa-Scottsdale, AZ",metro,926.0,0.9935622317596566,26918.0,26998.0,23198.0
2017,39140,"Prescott, AZ",metro,836.0,0.8969957081545065,25614.0,25687.0,22257.0
2017,43420,"Sierra Vista-Douglas, AZ",state_metro,698.0,0.7489270386266095,23615.0,23678.0,20814.0
2017,46060,"Tucson, AZ",metro,841.0,0.9023605150214592,25687.0,25760.0,22309.0
2017,49740,"Yuma, AZ",metro,745.0,0.7993562231759657,24296.0,24362.0,21305.0
2017,12540,"Bakersfield, CA",metro,824.0,0.8841201716738197,25440.0,25513.0,22132.0
2017,17020,"Chico, CA",metro,917.0,0.9839055793991416,26788.0,26867.0,23104.0
2017,20940,"El Centro, CA",none,757.0,0.8122317596566524,24470.0,24537.0,21431.0
2017,23420,"Fresno, CA",metro,853.0,0.9152360515021459,25860.0,25935.0,22435.0
2017,25260,"Hanford-Corcoran, CA",metro,797.0,0.8551502145922747,25049.0,25119.0,21849.0
2017,31460,"Madera, CA",none,840.0,0.9012875536480687,25672.0,25746.0,22299.0
2017,32900,"Merced, CA",none,757.0,0.8122317596566524,24470.0,24537.0,21431.0
2017,33700,"Modesto, CA",metro,916.0,0.9828326180257511,26773.0,26852.0,23094.0
2017,34900,"Napa, CA",none,1396.0,1.497854077253219,33727.0,33841.0,28113.0
2017,37100,"Oxnard-Thousand Oaks-Ventura, CA",metro,1498.0,1.6072961373390557,35205.0,35326.0,29180.0
2017,39820,"Redding, CA",metro,881.0,0.9452789699570815,26266.0,26342.0,22728.0
2017,40140,"Riverside-San Bernardino-Ontario, CA",metro,1085.0,1.1641630901287554,29222.0,29313.0,24861.0
2017,40900,"Sacramento--Roseville--Arden-Arcade, CA",metro,1042.0,1.1180257510729614,28599.0,28687.0,24411.0
2017,41500,"Salinas, CA",metro,1252.0,1.3433476394849786,31641.0,31744.0,26607.0
2017,41740,"San Diego-Carlsbad, CA",metro,1409.0,1.511802575107296,33916.0,34030.0,28249.0
2017,41940,"San Jose-Sunnyvale-Santa Clara, CA",metro,1826.0,1.9592274678111588,39957.0,40101.0,32610.0
2017,42020,"San Luis Obispo-Paso Robles-Arroyo Grande, CA",metro,1240.0,1.3304721030042919,31467.0,31569.0,26482.0
2017,42100,"Santa Cruz-Watsonville, CA",metro,1582.0,1.6974248927038627,36422.0,36549.0,30058.0
2017,42200,"Santa Maria-Santa Barbara, CA",metro,1444.0,1.5493562231759657,34423.0,34540.0,28615.0
2017,42220,"Santa Rosa, CA",metro,1369.0,1.4688841201716738,33336.0,33448.0,27831.0
2017,44700,"Stockton-Lodi, CA",metro,945.0,1.0139484978540771,27193.0,27274.0,23397.0
2017,46700,"Vallejo-Fairfield, CA",metro,1185.0,1.2714592274678111,30670.0,30769.0,25907.0
2017,47300,"Visalia-Porterville, CA",metro,773.0,0.8293991416309013,24701.0,24770.0,21598.0
2017,49700,"Yuba City, CA",none,834.0,0.8948497854077253,25585.0,25658.0,22236.0
2017,14500,"Boulder, CO",metro,1251.0,1.342274678111588,31627.0,31730.0,26597.0
2017,17820,"Colorado Springs, CO",metro,916.0,0.9828326180257511,26773.0,26852.0,23094.0
2017,19740,"Denver-Aurora-Lakewood, CO",metro,1141.0,1.2242489270386265,30033.0,30128.0,25447.0
2017,22660,"Fort Collins, CO",metro,985.0,1.0568669527896997,27773.0,27857.0,23815.0
2017,24300,"Grand Junction, CO",none,761.0,0.8165236051502146,24528.0,24595.0,21473.0
2017,24540,"Greeley, CO",metro,818.0,0.8776824034334764,25353.0,25425.0,22069.0
2017,39380,"Pueblo, CO",none,760.0,0.8154506437768241,24513.0,24581.0,21462.0
2017,71950,"Bridgeport-Stamford-Norwalk, CT",metro,1390.0,1.4914163090128756,33640.0,33753.0,28051.0
2017,72850,"Danbury, CT",none,1370.0,1.4699570815450644,33351.0,33462.0,27841.0
2017,73450,"Hartford-West Hartford-East Hartford, CT",metro,1077.0,1.155579399141631,29106.0,29196.0,24777.0
2017,75700,"New Haven, CT",metro,1201.0,1.28862660944206,30902.0,31002.0,26074.0
2017,76450,"Norwich-New London-Westerly, CT-RI",metro,1054.0,1.1309012875536482,28772.0,28861.0,24537.0
2017,78700,"Waterbury, CT",none,959.0,1.0289699570815452,27396.0,27478.0,23543.0
2017,20100,"Dover, DE",metro,925.0,0.9924892703862661,26904.0,26983.0,23188.0
2017,15980,"Cape Coral-Fort Myers, FL",metro,912.0,0.9785407725321889,26715.0,26794.0,23052.0
2017,18880,"Crestview-Fort Walton Beach-Destin, FL",state_metro,926.0,0.9935622317596566,26918.0,26998.0,23198.0
2017,19660,"Deltona-Daytona Beach-Ormond Beach, FL",metro,907.0,0.973175965665236,26643.0,26721.0,23000.0
2017,23540,"Gainesville, FL",metro,876.0,0.9399141630901288,26194.0,26270.0,22675.0
2017,26140,"Homosassa Springs, FL",state_metro,724.0,0.776824034334764,23992.0,24057.0,21086.0
2017,27260,"Jacksonville, FL",metro,944.0,1.0128755364806867,27179.0,27260.0,23386.0
2017,29460,"Lakeland-Winter Haven, FL",metro,826.0,0.8862660944206009,25469.0,25542.0,22153.0
2017,34940,"Naples-Immokalee-Marco Island, FL",metro,1091.0,1.1706008583690988,29309.0,29400.0,24924.0
2017,35840,"North Port-Sarasota-Bradenton, FL",metro,1001.0,1.0740343347639485,28005.0,28090.0,23983.0
2017,36100,"Ocala, FL",metro,756.0,0.8111587982832618,24455.0,24523.0,21420.0
2017,36740,"Orlando-Kissimmee-Sanford, FL",metro,1011.0,1.0847639484978542,28150.0,28235.0,24087.0
2017,37340,"Palm Bay-Melbourne-Titusville, FL",metro,878.0,0.9420600858369099,26223.0,26299.0,22696.0
2017,37460,"Panama City, FL",metro,888.0,0.9527896995708155,26368.0,26444.0,22801.0
2017,37860,"Pensacola-Ferry Pass-Brent, FL",metro,846.0,0.907725321888412,25759.0,25833.0,22362.0
2017,38940,"Port St. Lucie, FL",metro,949.0,1.0182403433476395,27251.0,27333.0,23439.0
2017,39460,"Punta Gorda, FL",state_metro,851.0,0.9130901287553648,25831.0,25906.0,22414.0
2017,42680,"Sebastian-Vero Beach, FL",state_metro,837.0,0.898068669527897,25629.0,25702.0,22268.0
2017,42700,"Sebring, FL",state_metro,736.0,0.7896995708154506,24165.0,24231.0,21211.0
2017,45220,"Tallahassee, FL",metro,883.0,0.9474248927038627,26295.0,26372.0,22749.0
2017,45300,"Tampa-St. Petersburg-Clearwater, FL",metro,976.0,1.0472103004291846,27642.0,27726.0,23721.0
2017,45540,"The Villages, FL",state_metro,733.0,0.7864806866952789,24122.0,24188.0,21180.0
2017,10500,"Albany, GA",state_metro,656.0,0.703862660944206,23006.0,23067.0,20375.0
2017,12020,"Athens-Clarke County, GA",metro,762.0,0.8175965665236051,24542.0,24610.0,21483.0
2017,12060,"Atlanta-Sandy Springs-Roswell, GA",metro,953.0,1.0225321888412018,27309.0,27391.0,23481.0
2017,12260,"Augusta-Richmond County, GA-SC",metro,725.0,0.7778969957081545,24006.0,24071.0,21096.0
2017,15260,"Brunswick, GA",state_metro,713.0,0.7650214592274678,23832.0,23896.0,20971.0
2017,17980,"Columbus, GA-AL",metro,774.0,0.8304721030042919,24716.0,24785.0,21609.0
2017,19140,"Dalton, GA",state_metro,628.0,0.6738197424892703,22601.0,22659.0,20082.0
2017,23580,"Gainesville, GA",metro,791.0,0.8487124463519313,24962.0,25032.0,21786.0
2017,25980,"Hinesville, GA",state_metro,775.0,0.8315450643776824,24730.0,24799.0,21619.0
2017,31420,"Macon, GA",metro,717.0,0.76931330472103,23890.0,23955.0,21013.0
2017,40660,"Rome, GA",state_metro,645.0,0.6920600858369099,22847.0,22906.0,20260.0
2017,42340,"Savannah, GA",metro,898.0,0.9635193133047211,26512.0,26590.0,22905.0
2017,46660,"Valdosta, GA",state_metro,651.0,0.6984978540772532,22934.0,22994.0,20322.0
2017,47580,"Warner Robins, GA",metro,757.0,0.8122317596566524,24470.0,24537.0,21431.0
2017,27980,"Kahului-Wailuku-Lahaina, HI",metro,1335.0,1.4324034334763949,32844.0,32953.0,27475.0
2017,46520,"Urban Honolulu, HI",metro,1572.0,1.6866952789699572,36277.0,36403.0,29954.0
2017,11180,"Ames, IA",state_metro,805.0,0.8637339055793991,25165.0,25236.0,21933.0
2017,16300,"Cedar Rapids, IA",metro,729.0,0.7821888412017167,24064.0,24129.0,21138.0
2017,19340,"Davenport-Moline-Rock Island, IA-IL",metro,724.0,0.776824034334764,23992.0,24057.0,21086.0
2017,19780,"Des Moines-West Des Moines, IA",metro,841.0,0.9023605150214592,25687.0,25760.0,22309.0
2017,20220,"Dubuque, IA",state_metro,740.0,0.7939914163090128,24223.0,24290.0,21253.0
2017,26980,"Iowa City, IA",metro,871.0,0.9345493562231759,26121.0,26197.0,22623.0
2017,43580,"Sioux City, IA-NE-SD",state_metro,731.0,0.7843347639484979,24093.0,24159.0,21159.0
2017,47940,"Waterloo-Cedar Falls, IA",metro,714.0,0.7660944206008584,23847.0,23911.0,20981.0
2017,14260,"Boise City, ID",metro,776.0,0.8326180257510729,24745.0,24814.0,21630.0
2017,17660,"Coeur d'Alene, ID",metro,769.0,0.825107296137339,24644.0,24712.0,21556.0
2017,26820,"Idaho Falls, ID",metro,643.0,0.6899141630901288,22818.0,22877.0,20239.0
2017,30300,"Lewiston, ID-WA",state_metro,698.0,0.7489270386266095,23615.0,23678.0,20814.0
2017,38540,"Pocatello, ID",state_metro,633.0,0.6791845493562232,22673.0,22732.0,20134.0
2017,14010,"Bloomington, IL",metro,820.0,0.8798283261802575,25382.0,25454.0,22090.0
2017,16060,"Carbondale-Marion, IL",metro,686.0,0.7360515021459227,23441.0,23503.0,20688.0
2017,16580,"Champaign-Urbana, IL",metro,817.0,0.8766094420600858,25339.0,25411.0,22058.0
2017,19180,"Danville, IL",state_metro,672.0,0.721030042918455,23238.0,23299.0,20542.0
2017,19500,"Decatur, IL",state_metro,673.0,0.7221030042918455,23253.0,23314.0,20553.0
2017,28100,"Kankakee, IL",state_metro,820.0,0.8798283261802575,25382.0,25454.0,22090.0
2017,37900,"Peoria, IL",metro,740.0,0.7939914163090128,24223.0,24290.0,21253.0
2017,40420,"Rockford, IL",metro,751.0,0.805793991416309,24383.0,24450.0,21368.0
2017,44100,"Springfield, IL",metro,766.0,0.8218884120171673,24600.0,24668.0,21525.0
2017,14020,"Bloomington, IN",metro,843.0,0.9045064377682404,25716.0,25789.0,22330.0
2017,18020,"Columbus, IN",state_metro,804.0,0.8626609442060086,25151.0,25221.0,21922.0
2017,21140,"Elkhart-Goshen, IN",metro,743.0,0.7972103004291845,24267.0,24333.0,21285.0
2017,21780,"Evansville, IN-KY",metro,754.0,0.8090128755364807,24426.0,24493.0,21400.0
2017,23060,"Fort Wayne, IN",metro,694.0,0.7446351931330472,23557.0,23620.0,20772.0
2017,26900,"Indianapolis-Carmel-Anderson, IN",metro,828.0,0.8884120171673819,25498.0,25571.0,22173.0
2017,29020,"Kokomo, IN",state_metro,648.0,0.6952789699570815,22891.0,22950.0,20291.0
2017,29200,"Lafayette-West Lafayette, IN",metro,794.0,0.851931330472103,25006.0,25076.0,21818.0
2017,33140,"Michigan City-La Porte, IN",state_metro,720.0,0.7725321888412017,23934.0,23998.0,21044.0
2017,34620,"Muncie, IN",state_metro,676.0,0.7253218884120172,23296.0,23358.0,20584.0
2017,43780,"South Bend-Mishawaka, IN-MI",metro,747.0,0.8015021459227468,24325.0,24391.0,21326.0
2017,45460,"Terre Haute, IN",metro,713.0,0.7650214592274678,23832.0,23896.0,20971.0
2017,29940,"Lawrence, KS",state_metro,827.0,0.8873390557939914,25484.0,25556.0,22163.0
2017,31740,"Manhattan, KS",state_metro,852.0,0.9141630901287554,25846.0,25920.0,22424.0
2017,45820,"Topeka, KS",metro,734.0,0.7875536480686696,24136.0,24202.0,21190.0
2017,48620,"Wichita, KS",metro,745.0,0.7993562231759657,24296.0,24362.0,21305.0
2017,14540,"Bowling Green, KY",metro,685.0,0.7349785407725322,23427.0,23489.0,20678.0
2017,21060,"Elizabethtown-Fort Knox, KY",state_metro,688.0,0.7381974248927039,23470.0,23532.0,20709.0
2017,30460,"Lexington-Fayette, KY",metro,767.0,0.822961373390558,24615.0,24683.0,21536.0
2017,31140,"Louisville/Jefferson County, KY-IN",metro,767.0,0.822961373390558,24615.0,24683.0,21536.0
2017,36980,"Owensboro, KY",state_metro,666.0,0.7145922746781116,23151.0,23212.0,20479.0
2017,10780,"Alexandria, LA",state_metro,707.0,0.7585836909871244,23745.0,23809.0,20908.0
2017,12940,"Baton Rouge, LA",metro,825.0,0.8851931330472103,25455.0,25527.0,22142.0
2017,25220,"Hammond, LA",state_metro,757.0,0.8122317596566524,24470.0,24537.0,21431.0
2017,26380,"Houma-Thibodaux, LA",state_metro,781.0,0.8379828326180258,24817.0,24886.0,21682.0
2017,29180,"Lafayette, LA",metro,729.0,0.7821888412017167,24064.0,24129.0,21138.0
2017,29340,"Lake Charles, LA",metro,762.0,0.8175965665236051,24542.0,24610.0,21483.0
2017,33740,"Monroe, LA",metro,668.0,0.7167381974248928,23180.0,23241.0,20500.0
2017,35380,"New Orleans-Metairie, LA",metro,931.0,0.9989270386266095,26991.0,27070.0,23251.0
2017,43340,"Shreveport-Bossier City, LA",metro,755.0,0.8100858369098712,24441.0,24508.0,21410.0
2017,70900,"Barnstable Town, MA",metro,1223.0,1.3122317596566524,31221.0,31322.0,26304.0
2017,74500,"Leominster-Gardner, MA",state_metro,949.0,1.0182403433476395,27251.0,27333.0,23439.0
2017,75550,"New Bedford, MA",state_metro,808.0,0.8669527896995708,25209.0,25280.0,21964.0
2017,76600,"Pittsfield, MA",state_metro,830.0,0.8905579399141631,25527.0,25600.0,22194.0
2017,78100,"Springfield, MA-CT",metro,944.0,1.0128755364806867,27179.0,27260.0,23386.0
2017,79600,"Worcester, MA-CT",metro,1029.0,1.104077253218884,28410.0,28497.0,24275.0
2017,12580,"Baltimore-Columbia-Towson, MD",metro,1205.0,1.2929184549356223,30960.0,31060.0,26116.0
2017,15680,"California-Lexington Park, MD",metro,1177.0,1.2628755364806867,30554.0,30652.0,25823.0
2017,19060,"Cumberland, MD-WV",none,596.0,0.6394849785407726,22137.0,22193.0,19747.0
2017,25180,"Hagerstown-Martinsburg, MD-WV",metro,849.0,0.9109442060085837,25803.0,25877.0,22393.0
2017,41540,"Salisbury, MD-DE",metro,892.0,0.9570815450643777,26425.0,26503.0,22843.0
2017,70750,"Bangor, ME",metro,836.0,0.8969957081545065,25614.0,25687.0,22257.0
2017,74650,"Lewiston-Auburn, ME",metro,777.0,0.8336909871244635,24759.0,24828.0,21640.0
2017,76750,"Portland-South Portland, ME",metro,1057.0,1.1341201716738198,28816.0,28905.0,24568.0
2017,11460,"Ann Arbor, MI",metro,1030.0,1.1051502145922747,28425.0,28512.0,24286.0
2017,12980,"Battle Creek, MI",metro,727.0,0.7800429184549357,24035.0,24100.0,21117.0
2017,13020,"Bay City, MI",state_metro,705.0,0.7564377682403434,23716.0,23780.0,20887.0
2017,22420,"Flint, MI",metro,730.0,0.7832618025751072,24078.0,24144.0,21149.0
2017,24340,"Grand Rapids-Wyoming, MI",metro,784.0,0.8412017167381974,24861.0,24930.0,21713.0
2017,27100,"Jackson, MI",metro,728.0,0.7811158798283262,24050.0,24115.0,21128.0
2017,28020,"Kalamazoo-Portage, MI",metro,756.0,0.8111587982832618,24455.0,24523.0,21420.0
2017,29620,"Lansing-East Lansing, MI",metro,824.0,0.8841201716738197,25440.0,25513.0,22132.0
2017,33220,"Midland, MI",state_metro,742.0,0.796137339055794,24252.0,24319.0,21274.0
2017,33780,"Monroe, MI",metro,788.0,0.8454935622317596,24919.0,24988.0,21755.0
2017,34740,"Muskegon, MI",metro,717.0,0.76931330472103,23890.0,23955.0,21013.0
2017,35660,"Niles-Benton Harbor, MI",metro,703.0,0.7542918454935622,23687.0,23751.0,20866.0
2017,40980,"Saginaw, MI",metro,704.0,0.7553648068669528,23702.0,23765.0,20877.0
2017,20260,"Duluth, MN-WI",state_metro,771.0,0.8272532188841202,24672.0,24741.0,21577.0
2017,31860,"Mankato-North Mankato, MN",state_metro,810.0,0.869098712446352,25238.0,25309.0,21985.0
2017,33460,"Minneapolis-St. Paul-Bloomington, MN-WI",metro,1033.0,1.1083690987124464,28468.0,28556.0,24317.0
2017,40340,"Rochester, MN",state_metro,822.0,0.8819742489270386,25411.0,25483.0,22111.0
2017,41060,"St. Cloud, MN",state_metro,747.0,0.8015021459227468,24325.0,24391.0,21326.0
2017,16020,"Cape Girardeau, MO-IL",state_metro,685.0,0.7349785407725322,23427.0,23489.0,20678.0
2017,17860,"Columbia, MO",state_metro,753.0,0.8079399141630901,24412.0,24479.0,21389.0
2017,27620,"Jefferson City, MO",state_metro,603.0,0.6469957081545065,22239.0,22295.0,19820.0
2017,27900,"Joplin, MO",state_metro,688.0,0.7381974248927039,23470.0,23532.0,20709.0
2017,28140,"Kansas City, MO-KS",metro,855.0,0.9173819742489271,25889.0,25964.0,22456.0
2017,41140,"St. Joseph, MO-KS",state_metro,708.0,0.759656652360515,23760.0,23824.0,20919.0
2017,41180,"St. Louis, MO-IL",metro,851.0,0.9130901287553648,25831.0,25906.0,22414.0
2017,44180,"Springfield, MO",metro,677.0,0.7263948497854077,23311.0,23372.0,20594.0
2017,25060,"Gulfport-Biloxi-Pascagoula, MS",state_metro,745.0,0.7993562231759657,24296.0,24362.0,21305.0
2017,25620,"Hattiesburg, MS",state_metro,724.0,0.776824034334764,23992.0,24057.0,21086.0
2017,27140,"Jackson, MS",metro,792.0,0.8497854077253219,24977.0,25047.0,21797.0
2017,13740,"Billings, MT",metro,803.0,0.8615879828326181,25136.0,25207.0,21912.0
2017,24500,"Great Falls, MT",state_metro,672.0,0.721030042918455,23238.0,23299.0,20542.0
2017,33540,"Missoula, MT",state_metro,816.0,0.8755364806866953,25324.0,25396.0,22048.0
2017,11700,"Asheville, NC",metro,784.0,0.8412017167381974,24861.0,24930.0,21713.0
2017,15500,"Burlington, NC",metro,731.0,0.7843347639484979,24093.0,24159.0,21159.0
2017,16740,"Charlotte-Concord-Gastonia, NC-SC",metro,842.0,0.9034334763948498,25701.0,25775.0,22320.0
2017,20500,"Durham-Chapel Hill, NC",metro,905.0,0.971030042918455,26614.0,26692.0,22979.0
2017,22180,"Fayetteville, NC",metro,784.0,0.8412017167381974,24861.0,24930.0,21713.0
2017,24140,"Goldsboro, NC",metro,664.0,0.7124463519313304,23122.0,23183.0,20458.0
2017,24660,"Greensboro-High Point, NC",metro,728.0,0.7811158798283262,24050.0,24115.0,21128.0
2017,24780,"Greenville, NC",metro,722.0,0.7746781115879828,23963.0,24027.0,21065.0
2017,25860,"Hickory-Lenoir-Morganton, NC",metro,615.0,0.6598712446351931,22412.0,22470.0,19946.0
2017,27340,"Jacksonville, NC",metro,783.0,0.8401287553648069,24846.0,24916.0,21703.0
2017,35100,"New Bern, NC",state_metro,773.0,0.8293991416309013,24701.0,24770.0,21598.0
2017,39580,"Raleigh, NC",metro,944.0,1.0128755364806867,27179.0,27260.0,23386.0
2017,40580,"Rocky Mount, NC",state_metro,645.0,0.6920600858369099,22847.0,22906.0,20260.0
2017,48900,"Wilmington, NC",state_metro,885.0,0.9495708154506438,26324.0,26401.0,22769.0
2017,49180,"Winston-Salem, NC",metro,684.0,0.7339055793991416,23412.0,23474.0,20668.0
2017,13900,"Bismarck, ND",state_metro,801.0,0.8594420600858369,25107.0,25178.0,21891.0
2017,22020,"Fargo, ND-MN",metro,743.0,0.7972103004291845,24267.0,24333.0,21285.0
2017,24220,"Grand Forks, ND-MN",state_metro,771.0,0.8272532188841202,24672.0,24741.0,21577.0
2017,24260,"Grand Island, NE",state_metro,675.0,0.7242489270386266,23282.0,23343.0,20573.0
2017,30700,"Lincoln, NE",state_metro,761.0,0.8165236051502146,24528.0,24595.0,21473.0
2017,36540,"Omaha-Council Bluffs, NE-IA",metro,852.0,0.9141630901287554,25846.0,25920.0,22424.0
2017,73050,"Dover-Durham, NH-ME",none,1021.0,1.0954935622317596,28294.0,28381.0,24192.0
2017,74950,"Manchester, NH",metro,1109.0,1.1899141630901287,29569.0,29662.0,25112.0
2017,76900,"Portsmouth, NH-ME",none,1230.0,1.3197424892703862,31322.0,31424.0,26377.0
2017,12100,"Atlantic City-Hammonton, NJ",metro,1132.0,1.2145922746781115,29903.0,29997.0,25352.0
2017,36140,"Ocean City, NJ",state_metro,1066.0,1.1437768240343347,28946.0,29036.0,24662.0
2017,45940,"Trenton, NJ",metro,1234.0,1.3240343347639485,31380.0,31482.0,26419.0
2017,47220,"Vineland-Bridgeton, NJ",metro,1078.0,1.1566523605150214,29120.0,29211.0,24788.0
2017,10740,"Albuquerque, NM",metro,827.0,0.8873390557939914,25484.0,25556.0,22163.0
2017,22140,"Farmington, NM",metro,723.0,0.7757510729613734,23977.0,24042.0,21075.0
2017,29740,"Las Cruces, NM",metro,654.0,0.7017167381974249,22977.0,23037.0,20354.0
2017,42140,"Santa Fe, NM",metro,961.0,1.0311158798283262,27425.0,27507.0,23564.0
2017,16180,"Carson City, NV",state_metro,795.0,0.8530042918454935,25020.0,25090.0,21828.0
2017,29820,"Las Vegas-Henderson-Paradise, NV",metro,931.0,0.9989270386266095,26991.0,27070.0,23251.0
2017,39900,"Reno, NV",state_metro,906.0,0.9721030042918455,26628.0,26706.0,22989.0
2017,10580,"Albany-Schenectady-Troy, NY",metro,983.0,1.0547210300429184,27744.0,27828.0,23794.0
2017,13780,"Binghamton, NY",metro,727.0,0.7800429184549357,24035.0,24100.0,21117.0
2017,15380,"Buffalo-Cheektowaga-Niagara Falls, NY",metro,747.0,0.8015021459227468,24325.0,24391.0,21326.0
2017,21300,"Elmira, NY",state_metro,743.0,0.7972103004291845,24267.0,24333.0,21285.0
2017,24020,"Glens Falls, NY",metro,865.0,0.9281115879828327,26034.0,26110.0,22560.0
2017,27060,"Ithaca, NY",state_metro,1074.0,1.1523605150214593,29062.0,29152.0,24746.0
2017,28740,"Kingston, NY",state_metro,1110.0,1.1909871244635193,29584.0,29677.0,25122.0
2017,40380,"Rochester, NY",metro,873.0,0.9366952789699571,26150.0,26226.0,22644.0
2017,45060,"Syracuse, NY",metro,816.0,0.8755364806866953,25324.0,25396.0,22048.0
2017,46540,"Utica-Rome, NY",metro,727.0,0.7800429184549357,24035.0,24100.0,21117.0
2017,48060,"Watertown-Fort Drum, NY",metro,972.0,1.0429184549356223,27585.0,27667.0,23679.0
2017,10420,"Akron, OH",metro,783.0,0.8401287553648069,24846.0,24916.0,21703.0
2017,15940,"Canton-Massillon, OH",metro,697.0,0.7478540772532188,23600.0,23663.0,20803.0
2017,17140,"Cincinnati, OH-KY-IN",metro,795.0,0.8530042918454935,25020.0,25090.0,21828.0
2017,17460,"Cleveland-Elyria, OH",metro,776.0,0.8326180257510729,24745.0,24814.0,21630.0
2017,18140,"Columbus, OH",metro,860.0,0.9227467811158798,25962.0,26037.0,22508.0
2017,19380,"Dayton, OH",metro,748.0,0.8025751072961373,24339.0,24406.0,21337.0
2017,30620,"Lima, OH",state_metro,638.0,0.6845493562231759,22746.0,22804.0,20187.0
2017,31900,"Mansfield, OH",state_metro,629.0,0.674892703862661,22615.0,22673.0,20092.0
2017,44220,"Springfield, OH",state_metro,687.0,0.7371244635193133,23456.0,23518.0,20699.0
2017,45780,"Toledo, OH",metro,693.0,0.7435622317596566,23542.0,23605.0,20762.0
2017,49660,"Youngstown-Warren-Boardman, OH-PA",metro,651.0,0.6984978540772532,22934.0,22994.0,20322.0
2017,21420,"Enid, OK",state_metro,703.0,0.7542918454935622,23687.0,23751.0,20866.0
2017,30020,"Lawton, OK",state_metro,708.0,0.759656652360515,23760.0,23824.0,20919.0
2017,36420,"Oklahoma City, OK",metro,782.0,0.8390557939914163,24832.0,24901.0,21692.0
2017,46140,"Tulsa, OK",metro,783.0,0.8401287553648069,24846.0,24916.0,21703.0
2017,10540,"Albany, OR",state_metro,817.0,0.8766094420600858,25339.0,25411.0,22058.0
2017,13460,"Bend-Redmond, OR",metro,883.0,0.9474248927038627,26295.0,26372.0,22749.0
2017,18700,"Corvallis, OR",state_metro,869.0,0.9324034334763949,26092.0,26168.0,22602.0
2017,21660,"Eugene, OR",metro,859.0,0.9216738197424893,25947.0,26022.0,22498.0
2017,24420,"Grants Pass, OR",state_metro,769.0,0.825107296137339,24644.0,24712.0,21556.0
2017,32780,"Medford, OR",metro,851.0,0.9130901287553648,25831.0,25906.0,22414.0
2017,38900,"Portland-Vancouver-Hillsboro, OR-WA",metro,1000.0,1.0729613733905579,27990.0,28075.0,23972.0
2017,41420,"Salem, OR",metro,788.0,0.8454935622317596,24919.0,24988.0,21755.0
2017,10900,"Allentown-Bethlehem-Easton, PA-NJ",metro,999.0,1.0718884120171674,27976.0,28060.0,23962.0
2017,11020,"Altoona, PA",state_metro,704.0,0.7553648068669528,23702.0,23765.0,20877.0
2017,14100,"Bloomsburg-Berwick, PA",state_metro,725.0,0.7778969957081545,24006.0,24071.0,21096.0
2017,16540,"Chambersburg-Waynesboro, PA",metro,822.0,0.8819742489270386,25411.0,25483.0,22111.0
2017,20700,"East Stroudsburg, PA",metro,978.0,1.0493562231759657,27671.0,27755.0,23742.0
2017,21500,"Erie, PA",metro,730.0,0.7832618025751072,24078.0,24144.0,21149.0
2017,23900,"Gettysburg, PA",state_metro,837.0,0.898068669527897,25629.0,25702.0,22268.0
2017,25420,"Harrisburg-Carlisle, PA",metro,898.0,0.9635193133047211,26512.0,26590.0,22905.0
2017,27780,"Johnstown, PA",metro,601.0,0.6448497854077253,22210.0,22266.0,19800.0
2017,29540,"Lancaster, PA",metro,947.0,1.0160944206008584,27222.0,27303.0,23418.0
2017,30140,"Lebanon, PA",state_metro,808.0,0.8669527896995708,25209.0,25280.0,21964.0
2017,38300,"Pittsburgh, PA",metro,780.0,0.8369098712446352,24803.0,24872.0,21671.0
2017,39740,"Reading, PA",metro,891.0,0.9560085836909872,26411.0,26488.0,22832.0
2017,42540,"Scranton--Wilkes-Barre--Hazleton, PA",metro,723.0,0.7757510729613734,23977.0,24042.0,21075.0
2017,44300,"State College, PA",state_metro,934.0,1.002145922746781,27034.0,27114.0,23282.0
2017,48700,"Williamsport, PA",metro,752.0,0.8068669527896996,24397.0,24464.0,21379.0
2017,49620,"York-Hanover, PA",metro,890.0,0.9549356223175965,26397.0,26473.0,22822.0
2017,77200,"Providence-Warwick, RI-MA",metro,951.0,1.0203862660944205,27280.0,27362.0,23460.0
2017,16700,"Charleston-North Charleston, SC",metro,956.0,1.0257510729613735,27353.0,27434.0,23512.0
2017,17900,"Columbia, SC",metro,818.0,0.8776824034334764,25353.0,25425.0,22069.0
2017,22500,"Florence, SC",metro,641.0,0.6877682403433476,22789.0,22848.0,20218.0
2017,24860,"Greenville-Anderson-Mauldin, SC",metro,721.0,0.7736051502145923,23948.0,24013.0,21054.0
2017,25940,"Hilton Head Island-Bluffton-Beaufort, SC",metro,957.0,1.0268240343347639,27367.0,27449.0,23522.0
2017,34820,"Myrtle Beach-Conway-North Myrtle Beach, SC-NC",metro,811.0,0.8701716738197425,25252.0,25323.0,21996.0
2017,43900,"Spartanburg, SC",metro,678.0,0.7274678111587983,23325.0,23387.0,20605.0
2017,44940,"Sumter, SC",none,657.0,0.7049356223175965,23021.0,23081.0,20385.0
2017,39660,"Rapid City, SD",state_metro,785.0,0.842274678111588,24875.0,24945.0,21724.0
2017,43620,"Sioux Falls, SD",metro,764.0,0.8197424892703863,24571.0,24639.0,21504.0
2017,16860,"Chattanooga, TN-GA",metro,731.0,0.7843347639484979,24093.0,24159.0,21159.0
2017,17300,"Clarksville, TN-KY",metro,764.0,0.8197424892703863,24571.0,24639.0,21504.0
2017,17420,"Cleveland, TN",metro,705.0,0.7564377682403434,23716.0,23780.0,20887.0
2017,27180,"Jackson, TN",none,680.0,0.7296137339055794,23354.0,23416.0,20626.0
2017,27740,"Johnson City, TN",metro,661.0,0.7092274678111588,23079.0,23139.0,20427.0
2017,28700,"Kingsport-Bristol-Bristol, TN-VA",metro,617.0,0.6620171673819742,22441.0,22499.0,19967.0
2017,28940,"Knoxville, TN",metro,756.0,0.8111587982832618,24455.0,24523.0,21420.0
2017,32820,"Memphis, TN-MS-AR",metro,812.0,0.871244635193133,25266.0,25338.0,22006.0
2017,34100,"Morristown, TN",none,630.0,0.6759656652360515,22630.0,22688.0,20103.0
2017,34980,"Nashville-Davidson--Murfreesboro--Franklin, TN",metro,881.0,0.9452789699570815,26266.0,26342.0,22728.0
2017,10180,"Abilene, TX",metro,798.0,0.8562231759656652,25064.0,25134.0,21860.0
2017,11100,"Amarillo, TX",metro,795.0,0.8530042918454935,25020.0,25090.0,21828.0
2017,12420,"Austin-Round Rock, TX",metro,1139.0,1.2221030042918455,30004.0,30099.0,25426.0
2017,13140,"Beaumont-Port Arthur, TX",metro,782.0,0.8390557939914163,24832.0,24901.0,21692.0
2017,15180,"Brownsville-Harlingen, TX",metro,653.0,0.7006437768240343,22963.0,23023.0,20343.0
2017,17780,"College Station-Bryan, TX",metro,827.0,0.8873390557939914,25484.0,25556.0,22163.0
2017,18580,"Corpus Christi, TX",metro,921.0,0.9881974248927039,26846.0,26925.0,23146.0
2017,21340,"El Paso, TX",metro,737.0,0.7907725321888412,24180.0,24246.0,21222.0
2017,26420,"Houston-The Woodlands-Sugar Land, TX",metro,949.0,1.0182403433476395,27251.0,27333.0,23439.0
2017,28660,"Killeen-Temple, TX",metro,745.0,0.7993562231759657,24296.0,24362.0,21305.0
2017,29700,"Laredo, TX",metro,744.0,0.7982832618025751,24281.0,24348.0,21295.0
2017,30980,"Longview, TX",metro,750.0,0.8047210300429185,24368.0,24435.0,21358.0
2017,31180,"Lubbock, TX",metro,794.0,0.851931330472103,25006.0,25076.0,21818.0
2017,32580,"McAllen-Edinburg-Mission, TX",metro,677.0,0.7263948497854077,23311.0,23372.0,20594.0
2017,33260,"Midland, TX",state_metro,1246.0,1.3369098712446352,31554.0,31657.0,26545.0
2017,36220,"Odessa, TX",metro,1030.0,1.1051502145922747,28425.0,28512.0,24286.0
2017,41660,"San Angelo, TX",state_metro,855.0,0.9173819742489271,25889.0,25964.0,22456.0
2017,41700,"San Antonio-New Braunfels, TX",metro,919.0,0.9860515021459227,26817.0,26896.0,23125.0
2017,43300,"Sherman-Denison, TX",metro,772.0,0.8283261802575107,24687.0,24755.0,21588.0
2017,45500,"Texarkana, TX-AR",state_metro,691.0,0.7414163090128756,23513.0,23576.0,20741.0
2017,46340,"Tyler, TX",metro,844.0,0.9055793991416309,25730.0,25804.0,22341.0
2017,47020,"Victoria, TX",state_metro,836.0,0.8969957081545065,25614.0,25687.0,22257.0
2017,47380,"Waco, TX",metro,778.0,0.8347639484978541,24774.0,24843.0,21651.0
2017,48660,"Wichita Falls, TX",metro,726.0,0.778969957081545,24021.0,24086.0,21107.0
2017,30860,"Logan, UT-ID",state_metro,661.0,0.7092274678111588,23079.0,23139.0,20427.0
2017,36260,"Ogden-Clearfield, UT",metro,788.0,0.8454935622317596,24919.0,24988.0,21755.0
2017,39340,"Provo-Orem, UT",metro,790.0,0.8476394849785408,24948.0,25018.0,21776.0
2017,41100,"St. George, UT",metro,792.0,0.8497854077253219,24977.0,25047.0,21797.0
2017,41620,"Salt Lake City, UT",metro,934.0,1.002145922746781,27034.0,27114.0,23282.0
2017,13980,"Blacksburg-Christiansburg-Radford, VA",metro,732.0,0.7854077253218884,24107.0,24173.0,21170.0
2017,16820,"Charlottesville, VA",metro,1068.0,1.145922746781116,28975.0,29065.0,24683.0
2017,25500,"Harrisonburg, VA",state_metro,796.0,0.8540772532188842,25035.0,25105.0,21839.0
2017,31340,"Lynchburg, VA",state_metro,721.0,0.7736051502145923,23948.0,24013.0,21054.0
2017,40060,"Richmond, VA",metro,959.0,1.0289699570815452,27396.0,27478.0,23543.0
2017,40220,"Roanoke, VA",metro,771.0,0.8272532188841202,24672.0,24741.0,21577.0
2017,44420,"Staunton-Waynesboro, VA",state_metro,781.0,0.8379828326180258,24817.0,24886.0,21682.0
2017,47260,"Virginia Beach-Norfolk-Newport News, VA-NC",metro,1030.0,1.1051502145922747,28425.0,28512.0,24286.0
2017,49020,"Winchester, VA-WV",metro,876.0,0.9399141630901288,26194.0,26270.0,22675.0
2017,72400,"Burlington-South Burlington, VT",metro,1167.0,1.252145922746781,30410.0,30507.0,25719.0
2017,13380,"Bellingham, WA",state_metro,929.0,0.9967811158798283,26962.0,27041.0,23230.0
2017,14740,"Bremerton-Silverdale, WA",state_metro,1022.0,1.0965665236051503,28309.0,28395.0,24202.0
2017,28420,"Kennewick-Richland, WA",metro,829.0,0.8894849785407726,25513.0,25585.0,22184.0
2017,31020,"Longview, WA",state_metro,750.0,0.8047210300429185,24368.0,24435.0,21358.0
2017,34580,"Mount Vernon-Anacortes, WA",metro,919.0,0.9860515021459227,26817.0,26896.0,23125.0
2017,36500,"Olympia-Tumwater, WA",state_metro,1004.0,1.0772532188841202,28048.0,28133.0,24014.0
2017,44060,"Spokane-Spokane Valley, WA",metro,790.0,0.8476394849785408,24948.0,25018.0,21776.0
2017,47460,"Walla Walla, WA",state_metro,787.0,0.8444206008583691,24904.0,24974.0,21745.0
2017,48300,"Wenatchee, WA",state_metro,786.0,0.8433476394849786,24890.0,24959.0,21734.0
2017,49420,"Yakima, WA",state_metro,764.0,0.8197424892703863,24571.0,24639.0,21504.0
2017,11540,"Appleton, WI",metro,760.0,0.8154506437768241,24513.0,24581.0,21462.0
2017,20740,"Eau Claire, WI",none,757.0,0.8122317596566524,24470.0,24537.0,21431.0
2017,22540,"Fond du Lac, WI",none,706.0,0.7575107296137339,23731.0,23795.0,20898.0
2017,24580,"Green Bay, WI",metro,742.0,0.796137339055794,24252.0,24319.0,21274.0
2017,27500,"Janesville-Beloit, WI",metro,753.0,0.8079399141630901,24412.0,24479.0,21389.0
2017,29100,"La Crosse-Onalaska, WI-MN",none,774.0,0.8304721030042919,24716.0,24785.0,21609.0
2017,31540,"Madison, WI",metro,949.0,1.0182403433476395,27251.0,27333.0,23439.0
2017,33340,"Milwaukee-Waukesha-West Allis, WI",metro,861.0,0.9238197424892703,25976.0,26051.0,22519.0
2017,36780,"Oshkosh-Neenah, WI",metro,707.0,0.7585836909871244,23745.0,23809.0,20908.0
2017,39540,"Racine, WI",metro,804.0,0.8626609442060086,25151.0,25221.0,21922.0
2017,43100,"Sheboygan, WI",none,686.0,0.7360515021459227,23441.0,23503.0,20688.0
2017,48140,"Wausau, WI",metro,732.0,0.7854077253218884,24107.0,24173.0,21170.0
2017,13220,"Beckley, WV",state_metro,622.0,0.6673819742489271,22514.0,22572.0,20019.0
2017,16620,"Charleston, WV",metro,711.0,0.7628755364806867,23803.0,23867.0,20950.0
2017,26580,"Huntington-Ashland, WV-KY-OH",metro,657.0,0.7049356223175965,23021.0,23081.0,20385.0
2017,34060,"Morgantown, WV",metro,754.0,0.8090128755364807,24426.0,24493.0,21400.0
2017,37620,"Parkersburg-Vienna, WV",state_metro,636.0,0.6824034334763949,22717.0,22775.0,20166.0
2017,48260,"Weirton-Steubenville, WV-OH",state_metro,630.0,0.6759656652360515,22630.0,22688.0,20103.0
2017,48540,"Wheeling, WV-OH",state_metro,624.0,0.6695278969957081,22543.0,22601.0,20040.0
2017,16220,"Casper, WY",state_metro,788.0,0.8454935622317596,24919.0,24988.0,21755.0
2017,16940,"Cheyenne, WY",state_metro,787.0,0.8444206008583691,24904.0,24974.0,21745.0
2018,11260,"Anchorage, AK",state_metro,1217.0,1.262448132780083,31840.0,32061.0,26799.0
2018,21820,"Fairbanks, AK",state_metro,1226.0,1.2717842323651452,31971.0,32193.0,26893.0
2018,11500,"Anniston-Oxford-Jacksonville, AL",none,618.0,0.6410788381742739,23142.0,23256.0,20581.0
2018,12220,"Auburn-Opelika, AL",metro,786.0,0.8153526970954357,25581.0,25725.0,22325.0
2018,13820,"Birmingham-Hoover, AL",metro,810.0,0.8402489626556017,25930.0,26078.0,22574.0
2018,19300,"Daphne-Fairhope-Foley, AL",metro,843.0,0.8744813278008299,26409.0,26563.0,22917.0
2018,19460,"Decatur, AL",none,608.0,0.6307053941908713,22996.0,23109.0,20477.0
2018,20020,"Dothan, AL",none,638.0,0.6618257261410788,23432.0,23550.0,20789.0
2018,22520,"Florence-Muscle Shoals, AL",metro,639.0,0.6628630705394191,23447.0,23564.0,20799.0
2018,23460,"Gadsden, AL",none,613.0,0.6358921161825726,23069.0,23182.0,20529.0
2018,26620,"Huntsville, AL",metro,744.0,0.7717842323651453,24971.0,25108.0,21889.0
2018,33660,"Mobile, AL",metro,799.0,0.828838174273859,25770.0,25916.0,22460.0
2018,33860,"Montgomery, AL",metro,795.0,0.8246887966804979,25712.0,25858.0,22419.0
2018,46220,"Tuscaloosa, AL",none,784.0,0.8132780082987552,25552.0,25696.0,22304.0
2018,22220,"Fayetteville-Springdale-Rogers, AR-MO",metro,727.0,0.754149377593361,24724.0,24858.0,21713.0
2018,22900,"Fort Smith, AR-OK",metro,631.0,0.6545643153526971,23330.0,23447.0,20716.0
2018,26300,"Hot Springs, AR",state_metro,734.0,0.7614107883817427,24826.0,24961.0,21785.0
2018,27860,"Jonesboro, AR",state_metro,686.0,0.7116182572614108,24129.0,24255.0,21287.0
2018,30780,"Little Rock-North Little Rock-Conway, AR",metro,777.0,0.8060165975103735,25451.0,25593.0,22232.0
2018,38220,"Pine Bluff, AR",metro,674.0,0.6991701244813278,23955.0,24079.0,21162.0
2018,22380,"Flagstaff, AZ",state_metro,1089.0,1.129668049792531,29981.0,30180.0,25471.0
2018,29420,"Lake Havasu City-Kingman, AZ",state_metro,739.0,0.766597510373444,24899.0,25034.0,21837.0
2018,38060,"Phoenix-Mesa-Scottsdale, AZ",metro,963.0,0.9989626556016598,28151.0,28327.0,24163.0
2018,39140,"Prescott, AZ",metro,870.0,0.9024896265560166,26801.0,26960.0,23197.0
2018,43420,"Sierra Vista-Douglas, AZ",state_metro,708.0,0.7344398340248963,24449.0,24579.0,21515.0
2018,46060,"Tucson, AZ",metro,870.0,0.9024896265560166,26801.0,26960.0,23197.0
2018,49740,"Yuma, AZ",metro,758.0,0.7863070539419087,25175.0,25314.0,22034.0
2018,12540,"Bakersfield, CA",metro,852.0,0.8838174273858921,26540.0,26696.0,23010.0
2018,17020,"Chico, CA",metro,951.0,0.9865145228215768,27977.0,28151.0,24038.0
2018,20940,"El Centro, CA",none,777.0,0.8060165975103735,25451.0,25593.0,22232.0
2018,23420,"Fresno, CA",metro,882.0,0.9149377593360996,26975.0,27137.0,23322.0
2018,25260,"Hanford-Corcoran, CA",metro,827.0,0.8578838174273858,26177.0,26328.0,22751.0
2018,31080,"Los Angeles-Long Beach-Anaheim, CA",metro,1493.0,1.5487551867219918,35848.0,36118.0,29665.0
2018,31460,"Madera, CA",none,869.0,0.9014522821576764,26786.0,26945.0,23187.0
2018,32900,"Merced, CA",none,779.0,0.808091286307054,25480.0,25622.0,22252.0
2018,33700,"Modesto, CA",metro,951.0,0.9865145228215768,27977.0,28151.0,24038.0
2018,34900,"Napa, CA",none,1503.0,1.5591286307053942,35993.0,36265.0,29769.0
2018,37100,"Oxnard-Thousand Oaks-Ventura, CA",metro,1566.0,1.6244813278008299,36908.0,37192.0,30423.0
2018,39820,"Redding, CA",metro,896.0,0.9294605809128631,27179.0,27342.0,23467.0
2018,40140,"Riverside-San Bernardino-Ontario, CA",metro,1123.0,1.1649377593360997,30475.0,30679.0,25824.0
2018,40900,"Sacramento--Roseville--Arden-Arcade, CA",metro,1099.0,1.1400414937759336,30126.0,30327.0,25574.0
2018,41500,"Salinas, CA",metro,1298.0,1.3464730290456433,33016.0,33252.0,27640.0
2018,41740,"San Diego-Carlsbad, CA",metro,1480.0,1.5352697095435686,35659.0,35927.0,29530.0
2018,41860,"San Francisco-Oakland-Hayward, CA",metro,1745.0,1.8101659751037344,39507.0,39823.0,32281.0
2018,41940,"San Jose-Sunnyvale-Santa Clara, CA",metro,1962.0,2.0352697095435683,42658.0,43013.0,34534.0
2018,42020,"San Luis Obispo-Paso Robles-Arroyo Grande, CA",metro,1311.0,1.3599585062240664,33205.0,33443.0,27775.0
2018,42100,"Santa Cruz-Watsonville, CA",metro,1630.0,1.6908713692946058,37837.0,38132.0,31087.0
2018,42200,"Santa Maria-Santa Barbara, CA",metro,1521.0,1.5778008298755186,36254.0,36530.0,29955.0
2018,42220,"Santa Rosa, CA",metro,1453.0,1.5072614107883817,35267.0,35530.0,29249.0
2018,44700,"Stockton-Lodi, CA",metro,975.0,1.0114107883817427,28326.0,28504.0,24287.0
2018,46700,"Vallejo-Fairfield, CA",metro,1223.0,1.2686721991701244,31927.0,32149.0,26862.0
2018,47300,"Visalia-Porterville, CA",metro,804.0,0.8340248962655602,25843.0,25990.0,22512.0
2018,49700,"Yuba City, CA",none,853.0,0.8848547717842323,26554.0,26710.0,23021.0
2018,14500,"Boulder, CO",metro,1336.0,1.3858921161825726,33568.0,33810.0,28035.0
2018,17820,"Colorado Springs, CO",metro,972.0,1.008298755186722,28282.0,28460.0,24256.0
2018,19740,"Denver-Aurora-Lakewood, CO",metro,1224.0,1.2697095435684647,31942.0,32164.0,26872.0
2018,22660,"Fort Collins, CO",metro,1052.0,1.0912863070539418,29444.0,29636.0,25087.0
2018,24300,"Grand Junction, CO",none,775.0,0.803941908713693,25421.0,25564.0,22211.0
2018,24540,"Greeley, CO",metro,880.0,0.9128630705394191,26946.0,27107.0,23301.0
2018,39380,"Pueblo, CO",none,772.0,0.8008298755186722,25378.0,25520.0,22180.0
2018,71950,"Bridgeport-Stamford-Norwalk, CT",metro,1430.0,1.483402489626556,34933.0,35192.0,29011.0
2018,72850,"Danbury, CT",none,1431.0,1.4844398340248963,34947.0,35207.0,29021.0
2018,73450,"Hartford-West Hartford-East Hartford, CT",metro,1103.0,1.1441908713692945,30184.0,30385.0,25616.0
2018,75700,"New Haven, CT",metro,1233.0,1.2790456431535269,32072.0,32296.0,26966.0
2018,76450,"Norwich-New London-Westerly, CT-RI",metro,1087.0,1.1275933609958506,29952.0,30150.0,25450.0
2018,78700,"Waterbury, CT",none,982.0,1.0186721991701244,28427.0,28607.0,24360.0
2018,47900,"Washington-Arlington-Alexandria, DC-VA-MD-WV",metro,1592.0,1.6514522821576763,37285.0,37574.0,30692.0
2018,20100,"Dover, DE",metro,932.0,0.966804979253112,27701.0,27872.0,23841.0
2018,15980,"Cape Coral-Fort Myers, FL",metro,955.0,0.9906639004149378,28035.0,28210.0,24080.0
2018,18880,"Crestview-Fort Walton Beach-Destin, FL",state_metro,967.0,1.0031120331950207,28210.0,28386.0,24204.0
2018,19660,"Deltona-Daytona Beach-Ormond Beach, FL",metro,940.0,0.975103734439834,27817.0,27989.0,23924.0
2018,23540,"Gainesville, FL",metro,915.0,0.9491701244813278,27454.0,27622.0,23664.0
2018,26140,"Homosassa Springs, FL",state_metro,732.0,0.7593360995850622,24797.0,24932.0,21765.0
2018,27260,"Jacksonville, FL",metro,972.0,1.008298755186722,28282.0,28460.0,24256.0
2018,29460,"Lakeland-Winter Haven, FL",metro,856.0,0.8879668049792531,26598.0,26754.0,23052.0
2018,33100,"Miami-Fort Lauderdale-West Palm Beach, FL",metro,1247.0,1.2935684647302905,32276.0,32502.0,27111.0
2018,34940,"Naples-Immokalee-Marco Island, FL",metro,1148.0,1.1908713692946058,30838.0,31047.0,26083.0
2018,35840,"North Port-Sarasota-Bradenton, FL",metro,1060.0,1.099585062240664,29560.0,29753.0,25170.0
2018,36100,"Ocala, FL",metro,790.0,0.8195020746887967,25639.0,25784.0,22367.0
2018,36740,"Orlando-Kissimmee-Sanford, FL",metro,1059.0,1.0985477178423237,29546.0,29739.0,25159.0
2018,37340,"Palm Bay-Melbourne-Titusville, FL",metro,916.0,0.950207468879668,27469.0,27636.0,23675.0
2018,37460,"Panama City, FL",metro,918.0,0.9522821576763485,27498.0,27666.0,23695.0
2018,37860,"Pensacola-Ferry Pass-Brent, FL",metro,860.0,0.8921161825726142,26656.0,26813.0,23093.0
2018,38940,"Port St. Lucie, FL",metro,997.0,1.0342323651452283,28645.0,28827.0,24516.0
2018,39460,"Punta Gorda, FL",state_metro,880.0,0.9128630705394191,26946.0,27107.0,23301.0
2018,42680,"Sebastian-Vero Beach, FL",state_metro,876.0,0.9087136929460581,26888.0,27048.0,23259.0
2018,42700,"Sebring, FL",state_metro,758.0,0.7863070539419087,25175.0,25314.0,22034.0
2018,45220,"Tallahassee, FL",metro,910.0,0.9439834024896265,27382.0,27548.0,23612.0
2018,45300,"Tampa-St. Petersburg-Clearwater, FL",metro,1014.0,1.0518672199170125,28892.0,29077.0,24692.0
2018,45540,"The Villages, FL",state_metro,753.0,0.7811203319502075,25102.0,25240.0,21983.0
2018,10500,"Albany, GA",state_metro,673.0,0.6981327800829875,23940.0,24064.0,21152.0
2018,12020,"Athens-Clarke County, GA",metro,780.0,0.8091286307053942,25494.0,25637.0,22263.0
2018,12060,"Atlanta-Sandy Springs-Roswell, GA",metro,992.0,1.0290456431535269,28573.0,28754.0,24464.0
2018,12260,"Augusta-Richmond County, GA-SC",metro,749.0,0.7769709543568465,25044.0,25181.0,21941.0
2018,15260,"Brunswick, GA",state_metro,727.0,0.754149377593361,24724.0,24858.0,21713.0
2018,17980,"Columbus, GA-AL",metro,777.0,0.8060165975103735,25451.0,25593.0,22232.0
2018,19140,"Dalton, GA",state_metro,641.0,0.6649377593360996,23476.0,23594.0,20820.0
2018,23580,"Gainesville, GA",metro,831.0,0.8620331950207469,26235.0,26387.0,22792.0
2018,25980,"Hinesville, GA",state_metro,783.0,0.8122406639004149,25538.0,25681.0,22294.0
2018,31420,"Macon, GA",metro,739.0,0.766597510373444,24899.0,25034.0,21837.0
2018,40660,"Rome, GA",state_metro,679.0,0.7043568464730291,24027.0,24152.0,21214.0
2018,42340,"Savannah, GA",metro,927.0,0.9616182572614108,27629.0,27798.0,23789.0
2018,46660,"Valdosta, GA",state_metro,666.0,0.6908713692946058,23839.0,23961.0,21079.0
2018,47580,"Warner Robins, GA",metro,780.0,0.8091286307053942,25494.0,25637.0,22263.0
2018,27980,"Kahului-Wailuku-Lahaina, HI",metro,1377.0,1.4284232365145229,34163.0,34413.0,28460.0
2018,46520,"Urban Honolulu, HI",metro,1640.0,1.7012448132780082,37982.0,38279.0,31191.0
2018,11180,"Ames, IA",state_metro,837.0,0.8682572614107884,26322.0,26475.0,22855.0
2018,16300,"Cedar Rapids, IA",metro,748.0,0.7759336099585062,25029.0,25167.0,21931.0
2018,19340,"Davenport-Moline-Rock Island, IA-IL",metro,742.0,0.7697095435684648,24942.0,25079.0,21868.0
2018,19780,"Des Moines-West Des Moines, IA",metro,868.0,0.9004149377593361,26772.0,26931.0,23176.0
2018,20220,"Dubuque, IA",state_metro,763.0,0.7914937759336099,25247.0,25387.0,22086.0
2018,26980,"Iowa City, IA",metro,901.0,0.9346473029045643,27251.0,27416.0,23519.0
2018,43580,"Sioux City, IA-NE-SD",state_metro,748.0,0.7759336099585062,25029.0,25167.0,21931.0
2018,47940,"Waterloo-Cedar Falls, IA",metro,741.0,0.7686721991701245,24928.0,25064.0,21858.0
2018,14260,"Boise City, ID",metro,815.0,0.8454356846473029,26002.0,26152.0,22626.0
2018,17660,"Coeur d'Alene, ID",metro,787.0,0.8163900414937759,25596.0,25740.0,22336.0
2018,26820,"Idaho Falls, ID",metro,675.0,0.700207468879668,23969.0,24094.0,21173.0
2018,30300,"Lewiston, ID-WA",state_metro,711.0,0.7375518672199171,24492.0,24623.0,21547.0
2018,38540,"Pocatello, ID",state_metro,647.0,0.671161825726141,23563.0,23682.0,20882.0
2018,14010,"Bloomington, IL",metro,819.0,0.8495850622406639,26060.0,26210.0,22668.0
2018,16060,"Carbondale-Marion, IL",metro,698.0,0.7240663900414938,24303.0,24432.0,21412.0
2018,16580,"Champaign-Urbana, IL",metro,850.0,0.8817427385892116,26511.0,26666.0,22990.0
2018,16980,"Chicago-Naperville-Elgin, IL-IN-WI",metro,1066.0,1.1058091286307055,29647.0,29841.0,25232.0
2018,19180,"Danville, IL",state_metro,681.0,0.7064315352697096,24056.0,24182.0,21235.0
2018,19500,"Decatur, IL",state_metro,682.0,0.7074688796680498,24071.0,24197.0,21245.0
2018,28100,"Kankakee, IL",state_metro,847.0,0.8786307053941909,26467.0,26622.0,22958.0
2018,37900,"Peoria, IL",metro,765.0,0.7935684647302904,25276.0,25417.0,22107.0
2018,40420,"Rockford, IL",metro,771.0,0.799792531120332,25363.0,25505.0,22169.0
2018,44100,"Springfield, IL",metro,786.0,0.8153526970954357,25581.0,25725.0,22325.0
2018,14020,"Bloomington, IN",metro,862.0,0.8941908713692946,26685.0,26843.0,23114.0
2018,18020,"Columbus, IN",state_metro,838.0,0.8692946058091287,26336.0,26490.0,22865.0
2018,21140,"Elkhart-Goshen, IN",metro,761.0,0.7894190871369294,25218.0,25358.0,22066.0
2018,21780,"Evansville, IN-KY",metro,773.0,0.8018672199170125,25392.0,25534.0,22190.0
2018,23060,"Fort Wayne, IN",metro,722.0,0.7489626556016598,24652.0,24785.0,21661.0
2018,26900,"Indianapolis-Carmel-Anderson, IN",metro,857.0,0.8890041493775933,26612.0,26769.0,23062.0
2018,29020,"Kokomo, IN",state_metro,667.0,0.691908713692946,23853.0,23976.0,21090.0
2018,29200,"Lafayette-West Lafayette, IN",metro,829.0,0.8599585062240664,26206.0,26357.0,22772.0
2018,33140,"Michigan City-La Porte, IN",state_metro,736.0,0.7634854771784232,24855.0,24990.0,21806.0
2018,34620,"Muncie, IN",state_metro,706.0,0.7323651452282157,24420.0,24549.0,21495.0
2018,43780,"South Bend-Mishawaka, IN-MI",metro,758.0,0.7863070539419087,25175.0,25314.0,22034.0
2018,45460,"Terre Haute, IN",metro,723.0,0.75,24666.0,24799.0,21671.0
2018,29940,"Lawrence, KS",state_metro,859.0,0.8910788381742739,26641.0,26798.0,23083.0
2018,31740,"Manhattan, KS",state_metro,890.0,0.9232365145228216,27091.0,27254.0,23405.0
2018,45820,"Topeka, KS",metro,763.0,0.7914937759336099,25247.0,25387.0,22086.0
2018,48620,"Wichita, KS",metro,767.0,0.7956431535269709,25305.0,25446.0,22128.0
2018,14540,"Bowling Green, KY",metro,711.0,0.7375518672199171,24492.0,24623.0,21547.0
2018,21060,"Elizabethtown-Fort Knox, KY",state_metro,711.0,0.7375518672199171,24492.0,24623.0,21547.0
2018,30460,"Lexington-Fayette, KY",metro,788.0,0.8174273858921162,25610.0,25755.0,22346.0
2018,31140,"Louisville/Jefferson County, KY-IN",metro,796.0,0.8257261410788381,25726.0,25872.0,22429.0
2018,36980,"Owensboro, KY",state_metro,709.0,0.7354771784232366,24463.0,24593.0,21526.0
2018,10780,"Alexandria, LA",state_metro,737.0,0.7645228215767634,24870.0,25005.0,21816.0
2018,12940,"Baton Rouge, LA",metro,857.0,0.8890041493775933,26612.0,26769.0,23062.0
2018,25220,"Hammond, LA",state_metro,784.0,0.8132780082987552,25552.0,25696.0,22304.0
2018,26380,"Houma-Thibodaux, LA",state_metro,806.0,0.8360995850622407,25872.0,26019.0,22533.0
2018,29180,"Lafayette, LA",metro,751.0,0.779045643153527,25073.0,25211.0,21962.0
2018,29340,"Lake Charles, LA",metro,772.0,0.8008298755186722,25378.0,25520.0,22180.0
2018,33740,"Monroe, LA",metro,706.0,0.7323651452282157,24420.0,24549.0,21495.0
2018,35380,"New Orleans-Metairie, LA",metro,955.0,0.9906639004149378,28035.0,28210.0,24080.0
2018,43340,"Shreveport-Bossier City, LA",metro,771.0,0.799792531120332,25363.0,25505.0,22169.0
2018,70900,"Barnstable Town, MA",metro,1263.0,1.3101659751037344,32508.0,32737.0,27277.0
2018,71650,"Boston-Cambridge-Nashua, MA-NH",metro,1416.0,1.4688796680497926,34730.0,34986.0,28865.0
2018,74500,"Leominster-Gardner, MA",state_metro,973.0,1.0093360995850622,28297.0,28474.0,24266.0
2018,75550,"New Bedford, MA",state_metro,843.0,0.8744813278008299,26409.0,26563.0,22917.0
2018,76600,"Pittsfield, MA",state_metro,849.0,0.8807053941908713,26496.0,26651.0,22979.0
2018,78100,"Springfield, MA-CT",metro,967.0,1.0031120331950207,28210.0,28386.0,24204.0
2018,79600,"Worcester, MA-CT",metro,1067.0,1.1068464730290457,29662.0,29856.0,25242.0
2018,12580,"Baltimore-Columbia-Towson, MD",metro,1243.0,1.2894190871369295,32217.0,32443.0,27069.0
2018,15680,"California-Lexington Park, MD",metro,1174.0,1.2178423236514522,31215.0,31429.0,26353.0
2018,19060,"Cumberland, MD-WV",none,616.0,0.6390041493775933,23113.0,23226.0,20560.0
2018,25180,"Hagerstown-Martinsburg, MD-WV",metro,879.0,0.9118257261410788,26932.0,27092.0,23291.0
2018,41540,"Salisbury, MD-DE",metro,933.0,0.9678423236514523,27716.0,27886.0,23851.0
2018,70750,"Bangor, ME",metro,868.0,0.9004149377593361,26772.0,26931.0,23176.0
2018,74650,"Lewiston-Auburn, ME",metro,784.0,0.8132780082987552,25552.0,25696.0,22304.0
2018,76750,"Portland-South Portland, ME",metro,1087.0,1.1275933609958506,29952.0,30150.0,25450.0
2018,11460,"Ann Arbor, MI",metro,1069.0,1.1089211618257262,29691.0,29886.0,25263.0
2018,12980,"Battle Creek, MI",metro,746.0,0.7738589211618258,25000.0,25137.0,21910.0
2018,13020,"Bay City, MI",state_metro,699.0,0.725103734439834,24318.0,24446.0,21422.0
2018,19820,"Detroit-Warren-Dearborn, MI",metro,912.0,0.946058091286307,27411.0,27578.0,23633.0
2018,22420,"Flint, MI",metro,753.0,0.7811203319502075,25102.0,25240.0,21983.0
2018,24340,"Grand Rapids-Wyoming, MI",metro,822.0,0.8526970954356846,26104.0,26255.0,22699.0
2018,27100,"Jackson, MI",metro,743.0,0.770746887966805,24957.0,25093.0,21879.0
2018,28020,"Kalamazoo-Portage, MI",metro,777.0,0.8060165975103735,25451.0,25593.0,22232.0
2018,29620,"Lansing-East Lansing, MI",metro,853.0,0.8848547717842323,26554.0,26710.0,23021.0
2018,33220,"Midland, MI",state_metro,743.0,0.770746887966805,24957.0,25093.0,21879.0
2018,33780,"Monroe, MI",metro,798.0,0.8278008298755186,25755.0,25902.0,22450.0
2018,34740,"Muskegon, MI",metro,736.0,0.7634854771784232,24855.0,24990.0,21806.0
2018,35660,"Niles-Benton Harbor, MI",metro,720.0,0.7468879668049793,24623.0,24755.0,21640.0
2018,40980,"Saginaw, MI",metro,729.0,0.7562240663900415,24754.0,24887.0,21733.0
2018,20260,"Duluth, MN-WI",state_metro,784.0,0.8132780082987552,25552.0,25696.0,22304.0
2018,31860,"Mankato-North Mankato, MN",state_metro,834.0,0.8651452282157677,26278.0,26431.0,22823.0
2018,33460,"Minneapolis-St. Paul-Bloomington, MN-WI",metro,1077.0,1.1172199170124482,29807.0,30003.0,25346.0
2018,40340,"Rochester, MN",state_metro,857.0,0.8890041493775933,26612.0,26769.0,23062.0
2018,41060,"St. Cloud, MN",state_metro,774.0,0.8029045643153527,25407.0,25549.0,22201.0
2018,16020,"Cape Girardeau, MO-IL",state_metro,712.0,0.7385892116182573,24507.0,24638.0,21557.0
2018,17860,"Columbia, MO",state_metro,774.0,0.8029045643153527,25407.0,25549.0,22201.0
2018,27620,"Jefferson City, MO",state_metro,626.0,0.6493775933609959,23258.0,23373.0,20664.0
2018,27900,"Joplin, MO",state_metro,713.0,0.7396265560165975,24521.0,24652.0,21567.0
2018,28140,"Kansas City, MO-KS",metro,881.0,0.9139004149377593,26961.0,27122.0,23311.0
2018,41140,"St. Joseph, MO-KS",state_metro,729.0,0.7562240663900415,24754.0,24887.0,21733.0
2018,41180,"St. Louis, MO-IL",metro,874.0,0.9066390041493776,26859.0,27019.0,23239.0
2018,44180,"Springfield, MO",metro,699.0,0.725103734439834,24318.0,24446.0,21422.0
2018,25060,"Gulfport-Biloxi-Pascagoula, MS",state_metro,761.0,0.7894190871369294,25218.0,25358.0,22066.0
2018,25620,"Hattiesburg, MS",state_metro,730.0,0.7572614107883817,24768.0,24902.0,21744.0
2018,27140,"Jackson, MS",metro,819.0,0.8495850622406639,26060.0,26210.0,22668.0
2018,13740,"Billings, MT",metro,831.0,0.8620331950207469,26235.0,26387.0,22792.0
2018,24500,"Great Falls, MT",state_metro,683.0,0.7085062240663901,24086.0,24211.0,21256.0
2018,33540,"Missoula, MT",state_metro,850.0,0.8817427385892116,26511.0,26666.0,22990.0
2018,11700,"Asheville, NC",metro,809.0,0.8392116182572614,25915.0,26063.0,22564.0
2018,15500,"Burlington, NC",metro,752.0,0.7800829875518672,25087.0,25226.0,21972.0
2018,16740,"Charlotte-Concord-Gastonia, NC-SC",metro,879.0,0.9118257261410788,26932.0,27092.0,23291.0
2018,20500,"Durham-Chapel Hill, NC",metro,948.0,0.983402489626556,27934.0,28107.0,24007.0
2018,22180,"Fayetteville, NC",metro,801.0,0.8309128630705395,25799.0,25946.0,22481.0
2018,24140,"Goldsboro, NC",metro,703.0,0.729253112033195,24376.0,24505.0,21463.0
2018,24660,"Greensboro-High Point, NC",metro,755.0,0.783195020746888,25131.0,25270.0,22003.0
2018,24780,"Greenville, NC",metro,748.0,0.7759336099585062,25029.0,25167.0,21931.0
2018,25860,"Hickory-Lenoir-Morganton, NC",metro,632.0,0.6556016597510373,23345.0,23462.0,20726.0
2018,27340,"Jacksonville, NC",metro,802.0,0.8319502074688797,25814.0,25961.0,22491.0
2018,35100,"New Bern, NC",state_metro,793.0,0.8226141078838174,25683.0,25828.0,22398.0
2018,39580,"Raleigh, NC",metro,982.0,1.0186721991701244,28427.0,28607.0,24360.0
2018,40580,"Rocky Mount, NC",state_metro,664.0,0.6887966804979253,23810.0,23932.0,21059.0
2018,48900,"Wilmington, NC",state_metro,907.0,0.9408713692946058,27338.0,27504.0,23581.0
2018,49180,"Winston-Salem, NC",metro,704.0,0.7302904564315352,24390.0,24520.0,21474.0
2018,13900,"Bismarck, ND",state_metro,835.0,0.8661825726141079,26293.0,26446.0,22834.0
2018,22020,"Fargo, ND-MN",metro,782.0,0.8112033195020747,25523.0,25667.0,22284.0
2018,24220,"Grand Forks, ND-MN",state_metro,795.0,0.8246887966804979,25712.0,25858.0,22419.0
2018,24260,"Grand Island, NE",state_metro,694.0,0.7199170124481328,24245.0,24373.0,21370.0
2018,30700,"Lincoln, NE",state_metro,804.0,0.8340248962655602,25843.0,25990.0,22512.0
2018,36540,"Omaha-Council Bluffs, NE-IA",metro,883.0,0.9159751037344398,26990.0,27151.0,23332.0
2018,73050,"Dover-Durham, NH-ME",none,1067.0,1.1068464730290457,29662.0,29856.0,25242.0
2018,74950,"Manchester, NH",metro,1147.0,1.1898340248962656,30823.0,31032.0,26073.0
2018,76900,"Portsmouth, NH-ME",none,1267.0,1.3143153526970954,32566.0,32796.0,27319.0
2018,12100,"Atlantic City-Hammonton, NJ",metro,1139.0,1.1815352697095436,30707.0,30915.0,25990.0
2018,36140,"Ocean City, NJ",state_metro,1107.0,1.1483402489626555,30243.0,30444.0,25658.0
2018,45940,"Trenton, NJ",metro,1319.0,1.3682572614107884,33321.0,33561.0,27858.0
2018,47220,"Vineland-Bridgeton, NJ",metro,1085.0,1.1255186721991701,29923.0,30121.0,25429.0
2018,10740,"Albuquerque, NM",metro,837.0,0.8682572614107884,26322.0,26475.0,22855.0
2018,22140,"Farmington, NM",metro,743.0,0.770746887966805,24957.0,25093.0,21879.0
2018,29740,"Las Cruces, NM",metro,672.0,0.6970954356846473,23926.0,24050.0,21142.0
2018,42140,"Santa Fe, NM",metro,989.0,1.0259336099585061,28529.0,28710.0,24433.0
2018,16180,"Carson City, NV",state_metro,827.0,0.8578838174273858,26177.0,26328.0,22751.0
2018,29820,"Las Vegas-Henderson-Paradise, NV",metro,962.0,0.9979253112033195,28137.0,28313.0,24152.0
2018,39900,"Reno, NV",state_metro,934.0,0.9688796680497925,27730.0,27901.0,23862.0
2018,10580,"Albany-Schenectady-Troy, NY",metro,1020.0,1.058091286307054,28979.0,29165.0,24754.0
2018,13780,"Binghamton, NY",metro,747.0,0.774896265560166,25015.0,25152.0,21920.0
2018,15380,"Buffalo-Cheektowaga-Niagara Falls, NY",metro,766.0,0.7946058091286307,25291.0,25431.0,22117.0
2018,21300,"Elmira, NY",state_metro,767.0,0.7956431535269709,25305.0,25446.0,22128.0
2018,24020,"Glens Falls, NY",metro,874.0,0.9066390041493776,26859.0,27019.0,23239.0
2018,27060,"Ithaca, NY",state_metro,1122.0,1.1639004149377594,30460.0,30665.0,25813.0
2018,28740,"Kingston, NY",state_metro,1130.0,1.1721991701244814,30577.0,30782.0,25896.0
2018,35620,"New York-Newark-Jersey City, NY-NJ-PA",metro,1381.0,1.4325726141078838,34221.0,34472.0,28502.0
2018,40380,"Rochester, NY",metro,898.0,0.9315352697095436,27208.0,27372.0,23488.0
2018,45060,"Syracuse, NY",metro,840.0,0.8713692946058091,26365.0,26519.0,22886.0
2018,46540,"Utica-Rome, NY",metro,758.0,0.7863070539419087,25175.0,25314.0,22034.0
2018,48060,"Watertown-Fort Drum, NY",metro,967.0,1.0031120331950207,28210.0,28386.0,24204.0
2018,10420,"Akron, OH",metro,801.0,0.8309128630705395,25799.0,25946.0,22481.0
2018,15940,"Canton-Massillon, OH",metro,717.0,0.7437759336099585,24579.0,24711.0,21609.0
2018,17140,"Cincinnati, OH-KY-IN",metro,816.0,0.8464730290456431,26017.0,26166.0,22637.0
2018,17460,"Cleveland-Elyria, OH",metro,798.0,0.8278008298755186,25755.0,25902.0,22450.0
2018,18140,"Columbus, OH",metro,895.0,0.9284232365145229,27164.0,27328.0,23457.0
2018,19380,"Dayton, OH",metro,761.0,0.7894190871369294,25218.0,25358.0,22066.0
2018,30620,"Lima, OH",state_metro,657.0,0.6815352697095436,23708.0,23829.0,20986.0
2018,31900,"Mansfield, OH",state_metro,622.0,0.6452282157676349,23200.0,23315.0,20623.0
2018,44220,"Springfield, OH",state_metro,698.0,0.7240663900414938,24303.0,24432.0,21412.0
2018,45780,"Toledo, OH",metro,718.0,0.7448132780082988,24594.0,24726.0,21619.0
2018,49660,"Youngstown-Warren-Boardman, OH-PA",metro,661.0,0.6856846473029046,23766.0,23888.0,21027.0
2018,21420,"Enid, OK",state_metro,747.0,0.774896265560166,25015.0,25152.0,21920.0
2018,30020,"Lawton, OK",state_metro,724.0,0.7510373443983402,24681.0,24814.0,21681.0
2018,36420,"Oklahoma City, OK",metro,813.0,0.8433609958506224,25973.0,26122.0,22605.0
2018,46140,"Tulsa, OK",metro,812.0,0.8423236514522822,25959.0,26108.0,22595.0
2018,10540,"Albany, OR",state_metro,845.0,0.8765560165975104,26438.0,26593.0,22938.0
2018,13460,"Bend-Redmond, OR",metro,940.0,0.975103734439834,27817.0,27989.0,23924.0
2018,18700,"Corvallis, OR",state_metro,917.0,0.9512448132780082,27484.0,27651.0,23685.0
2018,21660,"Eugene, OR",metro,892.0,0.9253112033195021,27120.0,27284.0,23426.0
2018,24420,"Grants Pass, OR",state_metro,814.0,0.8443983402489627,25988.0,26137.0,22616.0
2018,32780,"Medford, OR",metro,882.0,0.9149377593360996,26975.0,27137.0,23322.0
2018,38900,"Portland-Vancouver-Hillsboro, OR-WA",metro,1081.0,1.1213692946058091,29865.0,30062.0,25388.0
2018,41420,"Salem, OR",metro,839.0,0.8703319502074689,26351.0,26504.0,22875.0
2018,10900,"Allentown-Bethlehem-Easton, PA-NJ",metro,1039.0,1.0778008298755186,29255.0,29445.0,24952.0
2018,11020,"Altoona, PA",state_metro,724.0,0.7510373443983402,24681.0,24814.0,21681.0
2018,14100,"Bloomsburg-Berwick, PA",state_metro,742.0,0.7697095435684648,24942.0,25079.0,21868.0
2018,16540,"Chambersburg-Waynesboro, PA",metro,831.0,0.8620331950207469,26235.0,26387.0,22792.0
2018,20700,"East Stroudsburg, PA",metro,993.0,1.0300829875518671,28587.0,28768.0,24474.0
2018,21500,"Erie, PA",metro,756.0,0.7842323651452282,25146.0,25284.0,22014.0
2018,23900,"Gettysburg, PA",state_metro,850.0,0.8817427385892116,26511.0,26666.0,22990.0
2018,25420,"Harrisburg-Carlisle, PA",metro,931.0,0.9657676348547718,27687.0,27857.0,23830.0
2018,27780,"Johnstown, PA",metro,613.0,0.6358921161825726,23069.0,23182.0,20529.0
2018,29540,"Lancaster, PA",metro,976.0,1.012448132780083,28340.0,28518.0,24298.0
2018,30140,"Lebanon, PA",state_metro,828.0,0.8589211618257261,26191.0,26343.0,22761.0
2018,37980,"Philadelphia-Camden-Wilmington, PA-NJ-DE-MD",metro,1138.0,1.1804979253112033,30693.0,30900.0,25979.0
2018,38300,"Pittsburgh, PA",metro,806.0,0.8360995850622407,25872.0,26019.0,22533.0
2018,39740,"Reading, PA",metro,912.0,0.946058091286307,27411.0,27578.0,23633.0
2018,42540,"Scranton--Wilkes-Barre--Hazleton, PA",metro,747.0,0.774896265560166,25015.0,25152.0,21920.0
2018,44300,"State College, PA",state_metro,968.0,1.004149377593361,28224.0,28401.0,24215.0
2018,48700,"Williamsport, PA",metro,776.0,0.8049792531120332,25436.0,25578.0,22221.0
2018,49620,"York-Hanover, PA",metro,919.0,0.9533195020746889,27513.0,27680.0,23706.0
2018,77200,"Providence-Warwick, RI-MA",metro,981.0,1.0176348547717842,28413.0,28592.0,24349.0
2018,16700,"Charleston-North Charleston, SC",metro,998.0,1.0352697095435686,28660.0,28842.0,24526.0
2018,17900,"Columbia, SC",metro,846.0,0.8775933609958506,26452.0,26607.0,22948.0
2018,22500,"Florence, SC",metro,671.0,0.696058091286307,23911.0,24035.0,21131.0
2018,24860,"Greenville-Anderson-Mauldin, SC",metro,746.0,0.7738589211618258,25000.0,25137.0,21910.0
2018,25940,"Hilton Head Island-Bluffton-Beaufort, SC",metro,976.0,1.012448132780083,28340.0,28518.0,24298.0
2018,34820,"Myrtle Beach-Conway-North Myrtle Beach, SC-NC",metro,832.0,0.8630705394190872,26249.0,26402.0,22803.0
2018,43900,"Spartanburg, SC",metro,701.0,0.7271784232365145,24347.0,24476.0,21443.0
2018,44940,"Sumter, SC",none,697.0,0.7230290456431535,24289.0,24417.0,21401.0
2018,39660,"Rapid City, SD",state_metro,805.0,0.8350622406639004,25857.0,26005.0,22522.0
2018,43620,"Sioux Falls, SD",metro,788.0,0.8174273858921162,25610.0,25755.0,22346.0
2018,16860,"Chattanooga, TN-GA",metro,756.0,0.7842323651452282,25146.0,25284.0,22014.0
2018,17300,"Clarksville, TN-KY",metro,783.0,0.8122406639004149,25538.0,25681.0,22294.0
2018,17420,"Cleveland, TN",metro,722.0,0.7489626556016598,24652.0,24785.0,21661.0
2018,27180,"Jackson, TN",none,705.0,0.7313278008298755,24405.0,24535.0,21484.0
2018,27740,"Johnson City, TN",metro,663.0,0.6877593360995851,23795.0,23917.0,21048.0
2018,28700,"Kingsport-Bristol-Bristol, TN-VA",metro,624.0,0.6473029045643154,23229.0,23344.0,20643.0
2018,28940,"Knoxville, TN",metro,772.0,0.8008298755186722,25378.0,25520.0,22180.0
2018,32820,"Memphis, TN-MS-AR",metro,831.0,0.8620331950207469,26235.0,26387.0,22792.0
2018,34100,"Morristown, TN",none,653.0,0.6773858921161826,23650.0,23770.0,20944.0
2018,34980,"Nashville-Davidson--Murfreesboro--Franklin, TN",metro,928.0,0.9626556016597511,27643.0,27813.0,23799.0
2018,10180,"Abilene, TX",metro,805.0,0.8350622406639004,25857.0,26005.0,22522.0
2018,11100,"Amarillo, TX",metro,821.0,0.8516597510373444,26089.0,26240.0,22688.0
2018,12420,"Austin-Round Rock, TX",metro,1197.0,1.241701244813278,31549.0,31767.0,26592.0
2018,13140,"Beaumont-Port Arthur, TX",metro,805.0,0.8350622406639004,25857.0,26005.0,22522.0
2018,15180,"Brownsville-Harlingen, TX",metro,684.0,0.7095435684647303,24100.0,24226.0,21266.0
2018,17780,"College Station-Bryan, TX",metro,856.0,0.8879668049792531,26598.0,26754.0,23052.0
2018,18580,"Corpus Christi, TX",metro,957.0,0.9927385892116183,28064.0,28239.0,24100.0
2018,19100,"Dallas-Fort Worth-Arlington, TX",metro,1031.0,1.0695020746887967,29139.0,29327.0,24869.0
2018,21340,"El Paso, TX",metro,759.0,0.7873443983402489,25189.0,25328.0,22045.0
2018,26420,"Houston-The Woodlands-Sugar Land, TX",metro,988.0,1.0248962655601659,28515.0,28695.0,24422.0
2018,28660,"Killeen-Temple, TX",metro,761.0,0.7894190871369294,25218.0,25358.0,22066.0
2018,29700,"Laredo, TX",metro,768.0,0.7966804979253111,25320.0,25461.0,22138.0
2018,30980,"Longview, TX",metro,774.0,0.8029045643153527,25407.0,25549.0,22201.0
2018,31180,"Lubbock, TX",metro,836.0,0.8672199170124482,26307.0,26460.0,22844.0
2018,32580,"McAllen-Edinburg-Mission, TX",metro,701.0,0.7271784232365145,24347.0,24476.0,21443.0
2018,33260,"Midland, TX",state_metro,1253.0,1.299792531120332,32363.0,32590.0,27173.0
2018,36220,"Odessa, TX",metro,1062.0,1.1016597510373445,29589.0,29783.0,25190.0
2018,41660,"San Angelo, TX",state_metro,860.0,0.8921161825726142,26656.0,26813.0,23093.0
2018,41700,"San Antonio-New Braunfels, TX",metro,966.0,1.0020746887966805,28195.0,28371.0,24194.0
2018,43300,"Sherman-Denison, TX",metro,802.0,0.8319502074688797,25814.0,25961.0,22491.0
2018,45500,"Texarkana, TX-AR",state_metro,685.0,0.7105809128630706,24115.0,24241.0,21277.0
2018,46340,"Tyler, TX",metro,868.0,0.9004149377593361,26772.0,26931.0,23176.0
2018,47020,"Victoria, TX",state_metro,881.0,0.9139004149377593,26961.0,27122.0,23311.0
2018,47380,"Waco, TX",metro,796.0,0.8257261410788381,25726.0,25872.0,22429.0
2018,48660,"Wichita Falls, TX",metro,745.0,0.7728215767634855,24986.0,25123.0,21899.0
2018,30860,"Logan, UT-ID",state_metro,670.0,0.6950207468879668,23897.0,24020.0,21121.0
2018,36260,"Ogden-Clearfield, UT",metro,826.0,0.8568464730290456,26162.0,26313.0,22740.0
2018,39340,"Provo-Orem, UT",metro,833.0,0.8641078838174274,26264.0,26416.0,22813.0
2018,41100,"St. George, UT",metro,818.0,0.8485477178423236,26046.0,26196.0,22657.0
2018,41620,"Salt Lake City, UT",metro,975.0,1.0114107883817427,28326.0,28504.0,24287.0
2018,13980,"Blacksburg-Christiansburg-Radford, VA",metro,751.0,0.779045643153527,25073.0,25211.0,21962.0
2018,16820,"Charlottesville, VA",metro,1103.0,1.1441908713692945,30184.0,30385.0,25616.0
2018,25500,"Harrisonburg, VA",state_metro,818.0,0.8485477178423236,26046.0,26196.0,22657.0
2018,31340,"Lynchburg, VA",state_metro,744.0,0.7717842323651453,24971.0,25108.0,21889.0
2018,40060,"Richmond, VA",metro,991.0,1.0280082987551866,28558.0,28739.0,24453.0
2018,40220,"Roanoke, VA",metro,792.0,0.8215767634854771,25668.0,25814.0,22387.0
2018,44420,"Staunton-Waynesboro, VA",state_metro,793.0,0.8226141078838174,25683.0,25828.0,22398.0
2018,47260,"Virginia Beach-Norfolk-Newport News, VA-NC",metro,1052.0,1.0912863070539418,29444.0,29636.0,25087.0
2018,49020,"Winchester, VA-WV",metro,934.0,0.9688796680497925,27730.0,27901.0,23862.0
2018,72400,"Burlington-South Burlington, VT",metro,1224.0,1.2697095435684647,31942.0,32164.0,26872.0
2018,13380,"Bellingham, WA",state_metro,962.0,0.9979253112033195,28137.0,28313.0,24152.0
2018,14740,"Bremerton-Silverdale, WA",state_metro,1060.0,1.099585062240664,29560.0,29753.0,25170.0
2018,28420,"Kennewick-Richland, WA",metro,855.0,0.8869294605809128,26583.0,26740.0,23041.0
2018,31020,"Longview, WA",state_metro,772.0,0.8008298755186722,25378.0,25520.0,22180.0
2018,34580,"Mount Vernon-Anacortes, WA",metro,949.0,0.9844398340248963,27948.0,28121.0,24017.0
2018,36500,"Olympia-Tumwater, WA",state_metro,1057.0,1.0964730290456433,29516.0,29709.0,25138.0
2018,42660,"Seattle-Tacoma-Bellevue, WA",metro,1281.0,1.3288381742738589,32769.0,33002.0,27464.0
2018,44060,"Spokane-Spokane Valley, WA",metro,818.0,0.8485477178423236,26046.0,26196.0,22657.0
2018,47460,"Walla Walla, WA",state_metro,821.0,0.8516597510373444,26089.0,26240.0,22688.0
2018,48300,"Wenatchee, WA",state_metro,824.0,0.8547717842323651,26133.0,26284.0,22720.0
2018,49420,"Yakima, WA",state_metro,790.0,0.8195020746887967,25639.0,25784.0,22367.0
2018,11540,"Appleton, WI",metro,778.0,0.8070539419087137,25465.0,25608.0,22242.0
2018,20740,"Eau Claire, WI",none,787.0,0.8163900414937759,25596.0,25740.0,22336.0
2018,22540,"Fond du Lac, WI",none,730.0,0.7572614107883817,24768.0,24902.0,21744.0
2018,24580,"Green Bay, WI",metro,757.0,0.7852697095435685,25160.0,25299.0,22024.0
2018,27500,"Janesville-Beloit, WI",metro,787.0,0.8163900414937759,25596.0,25740.0,22336.0
2018,29100,"La Crosse-Onalaska, WI-MN",none,784.0,0.8132780082987552,25552.0,25696.0,22304.0
2018,31540,"Madison, WI",metro,985.0,1.0217842323651452,28471.0,28651.0,24391.0
2018,33340,"Milwaukee-Waukesha-West Allis, WI",metro,879.0,0.9118257261410788,26932.0,27092.0,23291.0
2018,36780,"Oshkosh-Neenah, WI",metro,745.0,0.7728215767634855,24986.0,25123.0,21899.0
2018,39540,"Racine, WI",metro,830.0,0.8609958506224067,26220.0,26372.0,22782.0
2018,43100,"Sheboygan, WI",none,701.0,0.7271784232365145,24347.0,24476.0,21443.0
2018,48140,"Wausau, WI",metro,751.0,0.779045643153527,25073.0,25211.0,21962.0
2018,13220,"Beckley, WV",state_metro,630.0,0.6535269709543569,23316.0,23432.0,20706.0
2018,16620,"Charleston, WV",metro,714.0,0.7406639004149378,24536.0,24667.0,21578.0
2018,26580,"Huntington-Ashland, WV-KY-OH",metro,681.0,0.7064315352697096,24056.0,24182.0,21235.0
2018,34060,"Morgantown, WV",metro,781.0,0.8101659751037344,25509.0,25652.0,22273.0
2018,37620,"Parkersburg-Vienna, WV",state_metro,661.0,0.6856846473029046,23766.0,23888.0,21027.0
2018,48260,"Weirton-Steubenville, WV-OH",state_metro,620.0,0.6431535269709544,23171.0,23285.0,20602.0
2018,48540,"Wheeling, WV-OH",state_metro,660.0,0.6846473029045643,23752.0,23873.0,21017.0
2018,16220,"Casper, WY",state_metro,804.0,0.8340248962655602,25843.0,25990.0,22512.0
2018,16940,"Cheyenne, WY",state_metro,826.0,0.8568464730290456,26162.0,26313.0,22740.0
2019,10180,"Abilene, TX",metro,842.0,0.8403193612774451,26607.0,26905.0,23333.0
2019,10420,"Akron, OH",metro,821.0,0.8193612774451098,26309.0,26599.0,23116.0
2019,10500,"Albany, GA",state_metro,689.0,0.687624750499002,24433.0,24677.0,21757.0
2019,10540,"Albany, OR",state_metro,892.0,0.8902195608782435,27318.0,27633.0,23847.0
2019,10580,"Albany-Schenectady-Troy, NY",metro,1057.0,1.0548902195608783,29663.0,30035.0,25546.0
2019,10740,"Albuquerque, NM",metro,858.0,0.8562874251497006,26835.0,27138.0,23497.0
2019,10780,"Alexandria, LA",state_metro,748.0,0.7465069860279441,25272.0,25536.0,22365.0
2019,10900,"Allentown-Bethlehem-Easton, PA-NJ",metro,1079.0,1.0768463073852295,29975.0,30355.0,25773.0
2019,11020,"Altoona, PA",state_metro,741.0,0.7395209580838323,25172.0,25434.0,22293.0
2019,11100,"Amarillo, TX",metro,843.0,0.8413173652694611,26622.0,26919.0,23343.0
2019,11180,"Ames, IA",state_metro,868.0,0.8662674650698603,26977.0,27283.0,23600.0
2019,11260,"Anchorage, AK",state_metro,1231.0,1.2285429141716566,32135.0,32568.0,27338.0
2019,11460,"Ann Arbor, MI",metro,1129.0,1.1267465069860279,30686.0,31083.0,26288.0
2019,11500,"Anniston-Oxford-Jacksonville, AL",none,639.0,0.6377245508982036,23723.0,23949.0,21242.0
2019,11540,"Appleton, WI",metro,797.0,0.7954091816367266,25968.0,26249.0,22869.0
2019,11700,"Asheville, NC",metro,843.0,0.8413173652694611,26622.0,26919.0,23343.0
2019,12020,"Athens-Clarke County, GA",metro,804.0,0.8023952095808383,26067.0,26351.0,22941.0
2019,12060,"Atlanta-Sandy Springs-Roswell, GA",metro,1050.0,1.0479041916167664,29563.0,29933.0,25474.0
2019,12100,"Atlantic City-Hammonton, NJ",metro,1158.0,1.155688622754491,31098.0,31505.0,26586.0
2019,12220,"Auburn-Opelika, AL",metro,816.0,0.8143712574850299,26238.0,26526.0,23065.0
2019,12260,"Augusta-Richmond County, GA-SC",metro,772.0,0.7704590818363274,25613.0,25886.0,22612.0
2019,12420,"Austin-Round Rock, TX",metro,1273.0,1.2704590818363273,32732.0,33179.0,27770.0
2019,12540,"Bakersfield, CA",metro,879.0,0.8772455089820359,27133.0,27443.0,23714.0
2019,12580,"Baltimore-Columbia-Towson, MD",metro,1290.0,1.2874251497005988,32973.0,33427.0,27945.0
2019,12940,"Baton Rouge, LA",metro,882.0,0.8802395209580839,27176.0,27487.0,23744.0
2019,12980,"Battle Creek, MI",metro,777.0,0.7754491017964071,25684.0,25958.0,22663.0
2019,13020,"Bay City, MI",state_metro,711.0,0.7095808383233533,24746.0,24997.0,21984.0
2019,13140,"Beaumont-Port Arthur, TX",metro,832.0,0.8303393213572854,26465.0,26759.0,23230.0
2019,13220,"Beckley, WV",state_metro,628.0,0.626746506986028,23566.0,23789.0,21129.0
2019,13380,"Bellingham, WA",state_metro,991.0,0.9890219560878244,28725.0,29074.0,24867.0
2019,13460,"Bend-Redmond, OR",metro,1017.0,1.0149700598802396,29094.0,29452.0,25134.0
2019,13740,"Billings, MT",metro,864.0,0.8622754491017964,26920.0,27225.0,23559.0
2019,13780,"Binghamton, NY",metro,778.0,0.7764471057884231,25698.0,25973.0,22674.0
2019,13820,"Birmingham-Hoover, AL",metro,834.0,0.8323353293413174,26494.0,26788.0,23250.0
2019,13900,"Bismarck, ND",state_metro,860.0,0.8582834331337326,26863.0,27167.0,23518.0
2019,13980,"Blacksburg-Christiansburg-Radford, VA",metro,774.0,0.7724550898203593,25641.0,25915.0,22632.0
2019,14010,"Bloomington, IL",metro,833.0,0.8313373253493014,26480.0,26774.0,23240.0
2019,14020,"Bloomington, IN",metro,878.0,0.8762475049900199,27119.0,27429.0,23703.0
2019,14100,"Bloomsburg-Berwick, PA",state_metro,783.0,0.781437125748503,25769.0,26046.0,22725.0
2019,14260,"Boise City, ID",metro,853.0,0.8512974051896207,26764.0,27065.0,23446.0
2019,14500,"Boulder, CO",metro,1418.0,1.4151696606786428,34792.0,35290.0,29263.0
2019,14540,"Bowling Green, KY",metro,728.0,0.7265469061876247,24987.0,25245.0,22159.0
2019,14740,"Bremerton-Silverdale, WA",state_metro,1121.0,1.1187624750499001,30572.0,30966.0,26205.0
2019,15180,"Brownsville-Harlingen, TX",metro,707.0,0.7055888223552894,24689.0,24939.0,21943.0
2019,15260,"Brunswick, GA",state_metro,753.0,0.7514970059880239,25343.0,25609.0,22416.0
2019,15380,"Buffalo-Cheektowaga-Niagara Falls, NY",metro,793.0,0.7914171656686627,25911.0,26191.0,22828.0
2019,15500,"Burlington, NC",metro,780.0,0.7784431137724551,25726.0,26002.0,22694.0
2019,15680,"California-Lexington Park, MD",metro,1228.0,1.2255489021956087,32092.0,32524.0,27307.0
2019,15940,"Canton-Massillon, OH",metro,734.0,0.7325349301397206,25073.0,25332.0,22221.0
2019,15980,"Cape Coral-Fort Myers, FL",metro,1011.0,1.0089820359281436,29009.0,29365.0,25073.0
2019,16020,"Cape Girardeau, MO-IL",state_metro,737.0,0.7355289421157685,25115.0,25376.0,22252.0
2019,16060,"Carbondale-Marion, IL",metro,724.0,0.7225548902195609,24931.0,25187.0,22118.0
2019,16180,"Carson City, NV",state_metro,874.0,0.872255489021956,27062.0,27370.0,23662.0
2019,16220,"Casper, WY",state_metro,825.0,0.8233532934131736,26366.0,26657.0,23158.0
2019,16300,"Cedar Rapids, IA",metro,768.0,0.7664670658682635,25556.0,25827.0,22571.0
2019,16540,"Chambersburg-Waynesboro, PA",metro,847.0,0.845309381237525,26678.0,26977.0,23384.0
2019,16580,"Champaign-Urbana, IL",metro,877.0,0.875249500998004,27105.0,27414.0,23693.0
2019,16620,"Charleston, WV",metro,738.0,0.7365269461077845,25130.0,25391.0,22262.0
2019,16700,"Charleston-North Charleston, SC",metro,1060.0,1.0578842315369261,29705.0,30078.0,25577.0
2019,16740,"Charlotte-Concord-Gastonia, NC-SC",metro,928.0,0.9261477045908184,27829.0,28157.0,24218.0
2019,16820,"Charlottesville, VA",metro,1136.0,1.1337325349301397,30785.0,31185.0,26360.0
2019,16860,"Chattanooga, TN-GA",metro,781.0,0.779441117764471,25741.0,26017.0,22705.0
2019,16940,"Cheyenne, WY",state_metro,843.0,0.8413173652694611,26622.0,26919.0,23343.0
2019,16980,"Chicago-Naperville-Elgin, IL-IN-WI",metro,1103.0,1.1007984031936129,30316.0,30704.0,26020.0
2019,17020,"Chico, CA",metro,995.0,0.9930139720558883,28782.0,29132.0,24908.0
2019,17140,"Cincinnati, OH-KY-IN",metro,847.0,0.845309381237525,26678.0,26977.0,23384.0
2019,17300,"Clarksville, TN-KY",metro,810.0,0.8083832335329342,26153.0,26439.0,23003.0
2019,17420,"Cleveland, TN",metro,727.0,0.7255489021956087,24973.0,25230.0,22149.0
2019,17460,"Cleveland-Elyria, OH",metro,820.0,0.8183632734530938,26295.0,26584.0,23106.0
2019,17660,"Coeur d'Alene, ID",metro,827.0,0.8253493013972056,26394.0,26686.0,23178.0
2019,17780,"College Station-Bryan, TX",metro,883.0,0.8812375249500998,27190.0,27502.0,23755.0
2019,17820,"Colorado Springs, CO",metro,1035.0,1.032934131736527,29350.0,29714.0,25320.0
2019,17860,"Columbia, MO",state_metro,794.0,0.7924151696606786,25925.0,26206.0,22838.0
2019,17900,"Columbia, SC",metro,878.0,0.8762475049900199,27119.0,27429.0,23703.0
2019,17980,"Columbus, GA-AL",metro,796.0,0.7944111776447106,25954.0,26235.0,22859.0
2019,18020,"Columbus, IN",state_metro,871.0,0.8692614770459082,27020.0,27327.0,23631.0
2019,18140,"Columbus, OH",metro,937.0,0.935129740518962,27957.0,28288.0,24311.0
2019,18580,"Corpus Christi, TX",metro,996.0,0.9940119760479041,28796.0,29147.0,24918.0
2019,18700,"Corvallis, OR",state_metro,978.0,0.9760479041916168,28540.0,28885.0,24733.0
2019,18880,"Crestview-Fort Walton Beach-Destin, FL",state_metro,1014.0,1.0119760479041917,29052.0,29409.0,25104.0
2019,19060,"Cumberland, MD-WV",none,661.0,0.6596806387225549,24035.0,24270.0,21469.0
2019,19100,"Dallas-Fort Worth-Arlington, TX",metro,1096.0,1.093812375249501,30217.0,30603.0,25948.0
2019,19140,"Dalton, GA",state_metro,667.0,0.6656686626746507,24121.0,24357.0,21531.0
2019,19180,"Danville, IL",state_metro,711.0,0.7095808383233533,24746.0,24997.0,21984.0
2019,19300,"Daphne-Fairhope-Foley, AL",metro,890.0,0.8882235528942116,27289.0,27603.0,23827.0
2019,19340,"Davenport-Moline-Rock Island, IA-IL",metro,773.0,0.7714570858283433,25627.0,25900.0,22622.0
2019,19380,"Dayton, OH",metro,783.0,0.781437125748503,25769.0,26046.0,22725.0
2019,19460,"Decatur, AL",none,624.0,0.6227544910179641,23510.0,23731.0,21088.0
2019,19500,"Decatur, IL",state_metro,701.0,0.6996007984031936,24604.0,24852.0,21881.0
2019,19660,"Deltona-Daytona Beach-Ormond Beach, FL",metro,983.0,0.9810379241516967,28611.0,28957.0,24784.0
2019,19740,"Denver-Aurora-Lakewood, CO",metro,1325.0,1.3223552894211577,33471.0,33936.0,28306.0
2019,19780,"Des Moines-West Des Moines, IA",metro,888.0,0.8862275449101796,27261.0,27574.0,23806.0
2019,19820,"Detroit-Warren-Dearborn, MI",metro,944.0,0.9421157684630739,28057.0,28390.0,24383.0
2019,20020,"Dothan, AL",none,652.0,0.6506986027944112,23908.0,24138.0,21376.0
2019,20100,"Dover, DE",metro,946.0,0.9441117764471058,28085.0,28419.0,24403.0
2019,20220,"Dubuque, IA",state_metro,788.0,0.7864271457085829,25840.0,26118.0,22777.0
2019,20260,"Duluth, MN-WI",state_metro,805.0,0.8033932135728543,26082.0,26366.0,22952.0
2019,20500,"Durham-Chapel Hill, NC",metro,1002.0,1.0,28881.0,29234.0,24980.0
2019,20700,"East Stroudsburg, PA",metro,1027.0,1.0249500998003993,29236.0,29598.0,25237.0
2019,20740,"Eau Claire, WI",none,812.0,0.810379241516966,26181.0,26468.0,23024.0
2019,20940,"El Centro, CA",none,776.0,0.7744510978043913,25670.0,25944.0,22653.0
2019,21060,"Elizabethtown-Fort Knox, KY",state_metro,732.0,0.7305389221556886,25044.0,25303.0,22200.0
2019,21140,"Elkhart-Goshen, IN",metro,779.0,0.7774451097804391,25712.0,25987.0,22684.0
2019,21300,"Elmira, NY",state_metro,819.0,0.8173652694610778,26281.0,26570.0,23096.0
2019,21340,"El Paso, TX",metro,779.0,0.7774451097804391,25712.0,25987.0,22684.0
2019,21420,"Enid, OK",state_metro,795.0,0.7934131736526946,25940.0,26220.0,22849.0
2019,21500,"Erie, PA",metro,776.0,0.7744510978043913,25670.0,25944.0,22653.0
2019,21660,"Eugene, OR",metro,934.0,0.9321357285429142,27915.0,28244.0,24280.0
2019,21780,"Evansville, IN-KY",metro,790.0,0.7884231536926147,25868.0,26148.0,22797.0
2019,21820,"Fairbanks, AK",state_metro,1235.0,1.2325349301397206,32192.0,32626.0,27379.0
2019,22020,"Fargo, ND-MN",metro,813.0,0.811377245508982,26195.0,26482.0,23034.0
2019,22140,"Farmington, NM",metro,748.0,0.7465069860279441,25272.0,25536.0,22365.0
2019,22180,"Fayetteville, NC",metro,818.0,0.8163672654690619,26266.0,26555.0,23086.0
2019,22220,"Fayetteville-Springdale-Rogers, AR-MO",metro,752.0,0.7504990019960079,25329.0,25594.0,22406.0
2019,22380,"Flagstaff, AZ",state_metro,1142.0,1.1397205588822354,30870.0,31272.0,26421.0
2019,22420,"Flint, MI",metro,769.0,0.7674650698602794,25570.0,25842.0,22581.0
2019,22500,"Florence, SC",metro,687.0,0.6856287425149701,24405.0,24648.0,21737.0
2019,22520,"Florence-Muscle Shoals, AL",metro,672.0,0.6706586826347305,24192.0,24430.0,21582.0
2019,22540,"Fond du Lac, WI",none,753.0,0.7514970059880239,25343.0,25609.0,22416.0
2019,22660,"Fort Collins, CO",metro,1137.0,1.1347305389221556,30799.0,31199.0,26370.0
2019,22900,"Fort Smith, AR-OK",metro,659.0,0.6576846307385229,24007.0,24240.0,21448.0
2019,23060,"Fort Wayne, IN",metro,748.0,0.7465069860279441,25272.0,25536.0,22365.0
2019,23420,"Fresno, CA",metro,920.0,0.9181636726546906,27716.0,28040.0,24136.0
2019,23460,"Gadsden, AL",none,638.0,0.6367265469061876,23709.0,23935.0,21232.0
2019,23540,"Gainesville, FL",metro,950.0,0.9481037924151696,28142.0,28477.0,24445.0
2019,23580,"Gainesville, GA",metro,864.0,0.8622754491017964,26920.0,27225.0,23559.0
2019,23900,"Gettysburg, PA",state_metro,895.0,0.8932135728542914,27361.0,27676.0,23878.0
2019,24020,"Glens Falls, NY",metro,899.0,0.8972055888223552,27417.0,27734.0,23919.0
2019,24140,"Goldsboro, NC",metro,706.0,0.7045908183632734,24675.0,24925.0,21932.0
2019,24220,"Grand Forks, ND-MN",state_metro,819.0,0.8173652694610778,26281.0,26570.0,23096.0
2019,24260,"Grand Island, NE",state_metro,716.0,0.7145708582834331,24817.0,25070.0,22035.0
2019,24300,"Grand Junction, CO",none,812.0,0.810379241516966,26181.0,26468.0,23024.0
2019,24340,"Grand Rapids-Wyoming, MI",metro,862.0,0.8602794411177644,26892.0,27196.0,23539.0
2019,24420,"Grants Pass, OR",state_metro,846.0,0.844311377245509,26664.0,26963.0,23374.0
2019,24500,"Great Falls, MT",state_metro,719.0,0.717564870259481,24860.0,25114.0,22066.0
2019,24540,"Greeley, CO",metro,932.0,0.9301397205588823,27886.0,28215.0,24259.0
2019,24580,"Green Bay, WI",metro,782.0,0.780439121756487,25755.0,26031.0,22715.0
2019,24660,"Greensboro-High Point, NC",metro,783.0,0.781437125748503,25769.0,26046.0,22725.0
2019,24780,"Greenville, NC",metro,770.0,0.7684630738522954,25584.0,25856.0,22591.0
2019,24860,"Greenville-Anderson-Mauldin, SC",metro,786.0,0.7844311377245509,25812.0,26089.0,22756.0
2019,25060,"Gulfport-Biloxi-Pascagoula, MS",state_metro,781.0,0.779441117764471,25741.0,26017.0,22705.0
2019,25180,"Hagerstown-Martinsburg, MD-WV",metro,875.0,0.873253493013972,27076.0,27385.0,23672.0
2019,25220,"Hammond, LA",state_metro,807.0,0.8053892215568862,26110.0,26395.0,22972.0
2019,25260,"Hanford-Corcoran, CA",metro,847.0,0.845309381237525,26678.0,26977.0,23384.0
2019,25420,"Harrisburg-Carlisle, PA",metro,962.0,0.9600798403193613,28313.0,28652.0,24568.0
2019,25500,"Harrisonburg, VA",state_metro,835.0,0.8333333333333334,26508.0,26803.0,23261.0
2019,25620,"Hattiesburg, MS",state_metro,762.0,0.7604790419161677,25471.0,25740.0,22509.0
2019,25860,"Hickory-Lenoir-Morganton, NC",metro,644.0,0.6427145708582834,23794.0,24022.0,21294.0
2019,25940,"Hilton Head Island-Bluffton-Beaufort, SC",metro,1048.0,1.0459081836327346,29535.0,29904.0,25454.0
2019,25980,"Hinesville, GA",state_metro,828.0,0.8263473053892215,26408.0,26701.0,23188.0
2019,26140,"Homosassa Springs, FL",state_metro,761.0,0.7594810379241517,25456.0,25725.0,22499.0
2019,26300,"Hot Springs, AR",state_metro,770.0,0.7684630738522954,25584.0,25856.0,22591.0
2019,26380,"Houma-Thibodaux, LA",state_metro,833.0,0.8313373253493014,26480.0,26774.0,23240.0
2019,26420,"Houston-The Woodlands-Sugar Land, TX",metro,1053.0,1.0508982035928143,29606.0,29976.0,25505.0
2019,26580,"Huntington-Ashland, WV-KY-OH",metro,702.0,0.7005988023952096,24618.0,24866.0,21891.0
2019,26620,"Huntsville, AL",metro,766.0,0.7644710578842315,25527.0,25798.0,22550.0
2019,26820,"Idaho Falls, ID",metro,708.0,0.7065868263473054,24703.0,24954.0,21953.0
2019,26900,"Indianapolis-Carmel-Anderson, IN",metro,888.0,0.8862275449101796,27261.0,27574.0,23806.0
2019,26980,"Iowa City, IA",metro,939.0,0.937125748502994,27986.0,28317.0,24331.0
2019,27060,"Ithaca, NY",state_metro,1186.0,1.183632734530938,31496.0,31913.0,26874.0
2019,27100,"Jackson, MI",metro,766.0,0.7644710578842315,25527.0,25798.0,22550.0
2019,27140,"Jackson, MS",metro,852.0,0.8502994011976048,26750.0,27050.0,23436.0
2019,27180,"Jackson, TN",none,742.0,0.7405189620758483,25186.0,25449.0,22303.0
2019,27260,"Jacksonville, FL",metro,1004.0,1.001996007984032,28909.0,29263.0,25001.0
2019,27340,"Jacksonville, NC",metro,838.0,0.8363273453093812,26551.0,26846.0,23291.0
2019,27500,"Janesville-Beloit, WI",metro,800.0,0.7984031936127745,26011.0,26293.0,22900.0
2019,27620,"Jefferson City, MO",state_metro,645.0,0.6437125748502994,23808.0,24037.0,21304.0
2019,27740,"Johnson City, TN",metro,688.0,0.6866267465069861,24419.0,24663.0,21747.0
2019,27780,"Johnstown, PA",metro,628.0,0.626746506986028,23566.0,23789.0,21129.0
2019,27860,"Jonesboro, AR",state_metro,724.0,0.7225548902195609,24931.0,25187.0,22118.0
2019,27900,"Joplin, MO",state_metro,739.0,0.7375249500998003,25144.0,25405.0,22272.0
2019,27980,"Kahului-Wailuku-Lahaina, HI",metro,1436.0,1.43313373253493,35048.0,35552.0,29449.0
2019,28020,"Kalamazoo-Portage, MI",metro,814.0,0.812375249500998,26210.0,26497.0,23044.0
2019,28100,"Kankakee, IL",state_metro,858.0,0.8562874251497006,26835.0,27138.0,23497.0
2019,28140,"Kansas City, MO-KS",metro,915.0,0.9131736526946108,27645.0,27967.0,24084.0
2019,28420,"Kennewick-Richland, WA",metro,897.0,0.8952095808383234,27389.0,27705.0,23899.0
2019,28660,"Killeen-Temple, TX",metro,785.0,0.783433133732535,25797.0,26075.0,22746.0
2019,28700,"Kingsport-Bristol-Bristol, TN-VA",metro,633.0,0.6317365269461078,23638.0,23862.0,21181.0
2019,28740,"Kingston, NY",state_metro,1172.0,1.1696606786427146,31297.0,31709.0,26730.0
2019,28940,"Knoxville, TN",metro,788.0,0.7864271457085829,25840.0,26118.0,22777.0
2019,29020,"Kokomo, IN",state_metro,679.0,0.6776447105788423,24291.0,24532.0,21654.0
2019,29100,"La Crosse-Onalaska, WI-MN",none,800.0,0.7984031936127745,26011.0,26293.0,22900.0
2019,29180,"Lafayette, LA",metro,781.0,0.779441117764471,25741.0,26017.0,22705.0
2019,29200,"Lafayette-West Lafayette, IN",metro,850.0,0.8483033932135728,26721.0,27021.0,23415.0
2019,29340,"Lake Charles, LA",metro,801.0,0.7994011976047904,26025.0,26308.0,22910.0
2019,29420,"Lake Havasu City-Kingman, AZ",state_metro,768.0,0.7664670658682635,25556.0,25827.0,22571.0
2019,29460,"Lakeland-Winter Haven, FL",metro,875.0,0.873253493013972,27076.0,27385.0,23672.0
2019,29540,"Lancaster, PA",metro,999.0,0.9970059880239521,28838.0,29190.0,24949.0
2019,29620,"Lansing-East Lansing, MI",metro,872.0,0.8702594810379242,27034.0,27341.0,23642.0
2019,29700,"Laredo, TX",metro,803.0,0.8013972055888223,26053.0,26337.0,22931.0
2019,29740,"Las Cruces, NM",metro,684.0,0.6826347305389222,24362.0,24604.0,21706.0
2019,29820,"Las Vegas-Henderson-Paradise, NV",metro,999.0,0.9970059880239521,28838.0,29190.0,24949.0
2019,29940,"Lawrence, KS",state_metro,887.0,0.8852295409181636,27247.0,27560.0,23796.0
2019,30020,"Lawton, OK",state_metro,737.0,0.7355289421157685,25115.0,25376.0,22252.0
2019,30140,"Lebanon, PA",state_metro,870.0,0.8682634730538922,27005.0,27312.0,23621.0
2019,30300,"Lewiston, ID-WA",state_metro,734.0,0.7325349301397206,25073.0,25332.0,22221.0
2019,30460,"Lexington-Fayette, KY",metro,817.0,0.8153692614770459,26252.0,26541.0,23075.0
2019,30620,"Lima, OH",state_metro,685.0,0.6836327345309381,24376.0,24619.0,21716.0
2019,30700,"Lincoln, NE",state_metro,836.0,0.8343313373253493,26522.0,26817.0,23271.0
2019,30780,"Little Rock-North Little Rock-Conway, AR",metro,794.0,0.7924151696606786,25925.0,26206.0,22838.0
2019,30860,"Logan, UT-ID",state_metro,693.0,0.6916167664670658,24490.0,24735.0,21798.0
2019,30980,"Longview, TX",metro,801.0,0.7994011976047904,26025.0,26308.0,22910.0
2019,31020,"Longview, WA",state_metro,794.0,0.7924151696606786,25925.0,26206.0,22838.0
2019,31080,"Los Angeles-Long Beach-Anaheim, CA",metro,1586.0,1.5828343313373254,37180.0,37736.0,30993.0
2019,31140,"Louisville/Jefferson County, KY-IN",metro,823.0,0.8213572854291418,26337.0,26628.0,23137.0
2019,31180,"Lubbock, TX",metro,872.0,0.8702594810379242,27034.0,27341.0,23642.0
2019,31340,"Lynchburg, VA",state_metro,770.0,0.7684630738522954,25584.0,25856.0,22591.0
2019,31420,"Macon, GA",metro,772.0,0.7704590818363274,25613.0,25886.0,22612.0
2019,31460,"Madera, CA",none,884.0,0.8822355289421158,27204.0,27516.0,23765.0
2019,31540,"Madison, WI",metro,1047.0,1.0449101796407185,29520.0,29889.0,25443.0
2019,31740,"Manhattan, KS",state_metro,894.0,0.8922155688622755,27346.0,27662.0,23868.0
2019,31860,"Mankato-North Mankato, MN",state_metro,861.0,0.8592814371257484,26877.0,27181.0,23528.0
2019,31900,"Mansfield, OH",state_metro,652.0,0.6506986027944112,23908.0,24138.0,21376.0
2019,32580,"McAllen-Edinburg-Mission, TX",metro,713.0,0.7115768463073853,24774.0,25027.0,22004.0
2019,32780,"Medford, OR",metro,924.0,0.9221556886227545,27773.0,28098.0,24177.0
2019,32820,"Memphis, TN-MS-AR",metro,859.0,0.8572854291417166,26849.0,27152.0,23508.0
2019,32900,"Merced, CA",none,827.0,0.8253493013972056,26394.0,26686.0,23178.0
2019,33100,"Miami-Fort Lauderdale-West Palm Beach, FL",metro,1316.0,1.313373253493014,33343.0,33805.0,28213.0
2019,33140,"Michigan City-La Porte, IN",state_metro,727.0,0.7255489021956087,24973.0,25230.0,22149.0
2019,33220,"Midland, MI",state_metro,755.0,0.7534930139720559,25371.0,25638.0,22437.0
2019,33260,"Midland, TX",state_metro,1261.0,1.2584830339321358,32561.0,33005.0,27647.0
2019,33340,"Milwaukee-Waukesha-West Allis, WI",metro,905.0,0.9031936127744511,27503.0,27822.0,23981.0
2019,33460,"Minneapolis-St. Paul-Bloomington, MN-WI",metro,1123.0,1.120758483033932,30600.0,30996.0,26226.0
2019,33540,"Missoula, MT",state_metro,876.0,0.874251497005988,27091.0,27400.0,23683.0
2019,33660,"Mobile, AL",metro,809.0,0.8073852295409182,26138.0,26424.0,22993.0
2019,33700,"Modesto, CA",metro,992.0,0.9900199600798403,28739.0,29088.0,24877.0
2019,33740,"Monroe, LA",metro,730.0,0.7285429141716567,25016.0,25274.0,22179.0
2019,33780,"Monroe, MI",metro,833.0,0.8313373253493014,26480.0,26774.0,23240.0
2019,33860,"Montgomery, AL",metro,831.0,0.8293413173652695,26451.0,26744.0,23219.0
2019,34060,"Morgantown, WV",metro,821.0,0.8193612774451098,26309.0,26599.0,23116.0
2019,34100,"Morristown, TN",none,670.0,0.6686626746506986,24163.0,24401.0,21562.0
2019,34580,"Mount Vernon-Anacortes, WA",metro,991.0,0.9890219560878244,28725.0,29074.0,24867.0
2019,34620,"Muncie, IN",state_metro,697.0,0.6956087824351297,24547.0,24794.0,21840.0
2019,34740,"Muskegon, MI",metro,758.0,0.7564870259481038,25414.0,25682.0,22468.0
2019,34820,"Myrtle Beach-Conway-North Myrtle Beach, SC-NC",metro,857.0,0.8552894211576846,26821.0,27123.0,23487.0
2019,34900,"Napa, CA",none,1615.0,1.6117764471057885,37592.0,38158.0,31292.0
2019,34940,"Naples-Immokalee-Marco Island, FL",metro,1198.0,1.1956087824351298,31666.0,32087.0,26998.0
2019,34980,"Nashville-Davidson--Murfreesboro--Franklin, TN",metro,988.0,0.9860279441117764,28682.0,29030.0,24836.0
2019,35100,"New Bern, NC",state_metro,799.0,0.7974051896207585,25996.0,26279.0,22890.0
2019,35380,"New Orleans-Metairie, LA",metro,977.0,0.9750499001996008,28526.0,28870.0,24723.0
2019,35620,"New York-Newark-Jersey City, NY-NJ-PA",metro,1431.0,1.4281437125748504,34977.0,35480.0,29397.0
2019,35660,"Niles-Benton Harbor, MI",metro,736.0,0.7345309381237525,25101.0,25361.0,22241.0
2019,35840,"North Port-Sarasota-Bradenton, FL",metro,1114.0,1.1117764471057885,30473.0,30865.0,26133.0
2019,36100,"Ocala, FL",metro,812.0,0.810379241516966,26181.0,26468.0,23024.0
2019,36140,"Ocean City, NJ",state_metro,1143.0,1.1407185628742516,30885.0,31287.0,26432.0
2019,36220,"Odessa, TX",metro,1093.0,1.0908183632734532,30174.0,30559.0,25917.0
2019,36260,"Ogden-Clearfield, UT",metro,847.0,0.845309381237525,26678.0,26977.0,23384.0
2019,36420,"Oklahoma City, OK",metro,843.0,0.8413173652694611,26622.0,26919.0,23343.0
2019,36500,"Olympia-Tumwater, WA",state_metro,1103.0,1.1007984031936129,30316.0,30704.0,26020.0
2019,36540,"Omaha-Council Bluffs, NE-IA",metro,925.0,0.9231536926147704,27787.0,28113.0,24187.0
2019,36740,"Orlando-Kissimmee-Sanford, FL",metro,1113.0,1.1107784431137724,30458.0,30850.0,26123.0
2019,36780,"Oshkosh-Neenah, WI",metro,766.0,0.7644710578842315,25527.0,25798.0,22550.0
2019,36980,"Owensboro, KY",state_metro,737.0,0.7355289421157685,25115.0,25376.0,22252.0
2019,37100,"Oxnard-Thousand Oaks-Ventura, CA",metro,1625.0,1.6217564870259482,37734.0,38304.0,31395.0
2019,37340,"Palm Bay-Melbourne-Titusville, FL",metro,964.0,0.9620758483033932,28341.0,28681.0,24589.0
2019,37460,"Panama City, FL",metro,964.0,0.9620758483033932,28341.0,28681.0,24589.0
2019,37620,"Parkersburg-Vienna, WV",state_metro,702.0,0.7005988023952096,24618.0,24866.0,21891.0
2019,37860,"Pensacola-Ferry Pass-Brent, FL",metro,896.0,0.8942115768463074,27375.0,27691.0,23889.0
2019,37900,"Peoria, IL",metro,785.0,0.783433133732535,25797.0,26075.0,22746.0
2019,37980,"Philadelphia-Camden-Wilmington, PA-NJ-DE-MD",metro,1171.0,1.1686626746506985,31282.0,31694.0,26720.0
2019,38060,"Phoenix-Mesa-Scottsdale, AZ",metro,1014.0,1.0119760479041917,29052.0,29409.0,25104.0
2019,38220,"Pine Bluff, AR",metro,696.0,0.6946107784431138,24533.0,24779.0,21829.0
2019,38300,"Pittsburgh, PA",metro,838.0,0.8363273453093812,26551.0,26846.0,23291.0
2019,38540,"Pocatello, ID",state_metro,663.0,0.6616766467065869,24064.0,24299.0,21490.0
2019,38900,"Portland-Vancouver-Hillsboro, OR-WA",metro,1165.0,1.1626746506986028,31197.0,31607.0,26658.0
2019,38940,"Port St. Lucie, FL",metro,1060.0,1.0578842315369261,29705.0,30078.0,25577.0
2019,39140,"Prescott, AZ",metro,893.0,0.8912175648702595,27332.0,27647.0,23858.0
2019,39340,"Provo-Orem, UT",metro,868.0,0.8662674650698603,26977.0,27283.0,23600.0
2019,39380,"Pueblo, CO",none,795.0,0.7934131736526946,25940.0,26220.0,22849.0
2019,39460,"Punta Gorda, FL",state_metro,918.0,0.9161676646706587,27687.0,28011.0,24115.0
2019,39540,"Racine, WI",metro,853.0,0.8512974051896207,26764.0,27065.0,23446.0
2019,39580,"Raleigh, NC",metro,1045.0,1.0429141716566865,29492.0,29860.0,25423.0
2019,39660,"Rapid City, SD",state_metro,845.0,0.843313373253493,26650.0,26948.0,23364.0
2019,39740,"Reading, PA",metro,943.0,0.9411177644710579,28043.0,28375.0,24373.0
2019,39820,"Redding, CA",metro,942.0,0.9401197604790419,28028.0,28360.0,24362.0
2019,39900,"Reno, NV",state_metro,993.0,0.9910179640718563,28753.0,29103.0,24887.0
2019,40060,"Richmond, VA",metro,1035.0,1.032934131736527,29350.0,29714.0,25320.0
2019,40140,"Riverside-San Bernardino-Ontario, CA",metro,1171.0,1.1686626746506985,31282.0,31694.0,26720.0
2019,40220,"Roanoke, VA",metro,824.0,0.8223552894211577,26352.0,26643.0,23147.0
2019,40340,"Rochester, MN",state_metro,889.0,0.8872255489021956,27275.0,27589.0,23817.0
2019,40380,"Rochester, NY",metro,933.0,0.9311377245508982,27901.0,28229.0,24270.0
2019,40420,"Rockford, IL",metro,796.0,0.7944111776447106,25954.0,26235.0,22859.0
2019,40580,"Rocky Mount, NC",state_metro,678.0,0.6766467065868264,24277.0,24517.0,21644.0
2019,40660,"Rome, GA",state_metro,697.0,0.6956087824351297,24547.0,24794.0,21840.0
2019,40900,"Sacramento--Roseville--Arden-Arcade, CA",metro,1165.0,1.1626746506986028,31197.0,31607.0,26658.0
2019,40980,"Saginaw, MI",metro,758.0,0.7564870259481038,25414.0,25682.0,22468.0
2019,41060,"St. Cloud, MN",state_metro,812.0,0.810379241516966,26181.0,26468.0,23024.0
2019,41100,"St. George, UT",metro,861.0,0.8592814371257484,26877.0,27181.0,23528.0
2019,41140,"St. Joseph, MO-KS",state_metro,750.0,0.7485029940119761,25300.0,25565.0,22385.0
2019,41180,"St. Louis, MO-IL",metro,899.0,0.8972055888223552,27417.0,27734.0,23919.0
2019,41420,"Salem, OR",metro,893.0,0.8912175648702595,27332.0,27647.0,23858.0
2019,41500,"Salinas, CA",metro,1354.0,1.3512974051896207,33883.0,34359.0,28604.0
2019,41540,"Salisbury, MD-DE",metro,957.0,0.9550898203592815,28242.0,28579.0,24517.0
2019,41620,"Salt Lake City, UT",metro,1025.0,1.0229540918163673,29208.0,29569.0,25217.0
2019,41660,"San Angelo, TX",state_metro,867.0,0.8652694610778443,26963.0,27269.0,23590.0
2019,41700,"San Antonio-New Braunfels, TX",metro,1005.0,1.0029940119760479,28924.0,29278.0,25011.0
2019,41740,"San Diego-Carlsbad, CA",metro,1591.0,1.5878243512974053,37251.0,37809.0,31044.0
2019,41860,"San Francisco-Oakland-Hayward, CA",metro,1864.0,1.8602794411177646,41130.0,41784.0,33855.0
2019,41940,"San Jose-Sunnyvale-Santa Clara, CA",metro,2140.0,2.1357285429141717,45052.0,45802.0,36697.0
2019,42020,"San Luis Obispo-Paso Robles-Arroyo Grande, CA",metro,1384.0,1.3812375249500999,34309.0,34795.0,28913.0
2019,42100,"Santa Cruz-Watsonville, CA",metro,1730.0,1.7265469061876249,39226.0,39833.0,32476.0
2019,42140,"Santa Fe, NM",metro,1033.0,1.030938123752495,29322.0,29685.0,25299.0
2019,42200,"Santa Maria-Santa Barbara, CA",metro,1595.0,1.591816367265469,37307.0,37867.0,31086.0
2019,42220,"Santa Rosa, CA",metro,1561.0,1.5578842315369261,36824.0,37372.0,30736.0
2019,42340,"Savannah, GA",metro,968.0,0.9660678642714571,28398.0,28739.0,24630.0
2019,42540,"Scranton--Wilkes-Barre--Hazleton, PA",metro,775.0,0.7734530938123753,25655.0,25929.0,22643.0
2019,42660,"Seattle-Tacoma-Bellevue, WA",metro,1392.0,1.3892215568862276,34423.0,34912.0,28995.0
2019,42680,"Sebastian-Vero Beach, FL",state_metro,913.0,0.9111776447105788,27616.0,27938.0,24064.0
2019,42700,"Sebring, FL",state_metro,782.0,0.780439121756487,25755.0,26031.0,22715.0
2019,43100,"Sheboygan, WI",none,719.0,0.717564870259481,24860.0,25114.0,22066.0
2019,43300,"Sherman-Denison, TX",metro,841.0,0.8393213572854291,26593.0,26890.0,23322.0
2019,43340,"Shreveport-Bossier City, LA",metro,794.0,0.7924151696606786,25925.0,26206.0,22838.0
2019,43420,"Sierra Vista-Douglas, AZ",state_metro,717.0,0.7155688622754491,24831.0,25085.0,22046.0
2019,43580,"Sioux City, IA-NE-SD",state_metro,774.0,0.7724550898203593,25641.0,25915.0,22632.0
2019,43620,"Sioux Falls, SD",metro,805.0,0.8033932135728543,26082.0,26366.0,22952.0
2019,43780,"South Bend-Mishawaka, IN-MI",metro,782.0,0.780439121756487,25755.0,26031.0,22715.0
2019,43900,"Spartanburg, SC",metro,730.0,0.7285429141716567,25016.0,25274.0,22179.0
2019,44060,"Spokane-Spokane Valley, WA",metro,856.0,0.8542914171656687,26806.0,27108.0,23477.0
2019,44100,"Springfield, IL",metro,812.0,0.810379241516966,26181.0,26468.0,23024.0
2019,44180,"Springfield, MO",metro,726.0,0.7245508982035929,24959.0,25216.0,22138.0
2019,44220,"Springfield, OH",state_metro,735.0,0.7335329341317365,25087.0,25347.0,22231.0
2019,44300,"State College, PA",state_metro,1024.0,1.0219560878243512,29194.0,29554.0,25207.0
2019,44420,"Staunton-Waynesboro, VA",state_metro,805.0,0.8033932135728543,26082.0,26366.0,22952.0
2019,44700,"Stockton-Lodi, CA",metro,1024.0,1.0219560878243512,29194.0,29554.0,25207.0
2019,44940,"Sumter, SC",none,724.0,0.7225548902195609,24931.0,25187.0,22118.0
2019,45060,"Syracuse, NY",metro,866.0,0.8642714570858283,26948.0,27254.0,23580.0
2019,45220,"Tallahassee, FL",metro,939.0,0.937125748502994,27986.0,28317.0,24331.0
2019,45300,"Tampa-St. Petersburg-Clearwater, FL",metro,1070.0,1.0678642714570858,29847.0,30224.0,25680.0
2019,45460,"Terre Haute, IN",metro,746.0,0.7445109780439122,25243.0,25507.0,22344.0
2019,45500,"Texarkana, TX-AR",state_metro,716.0,0.7145708582834331,24817.0,25070.0,22035.0
2019,45540,"The Villages, FL",state_metro,807.0,0.8053892215568862,26110.0,26395.0,22972.0
2019,45780,"Toledo, OH",metro,736.0,0.7345309381237525,25101.0,25361.0,22241.0
2019,45820,"Topeka, KS",metro,795.0,0.7934131736526946,25940.0,26220.0,22849.0
2019,45940,"Trenton, NJ",metro,1369.0,1.3662674650698603,34096.0,34577.0,28759.0
2019,46060,"Tucson, AZ",metro,890.0,0.8882235528942116,27289.0,27603.0,23827.0
2019,46140,"Tulsa, OK",metro,842.0,0.8403193612774451,26607.0,26905.0,23333.0
2019,46220,"Tuscaloosa, AL",none,814.0,0.812375249500998,26210.0,26497.0,23044.0
2019,46300,"Twin Falls, ID",state_metro,732.0,0.7305389221556886,25044.0,25303.0,22200.0
2019,46340,"Tyler, TX",metro,911.0,0.909181636726547,27588.0,27909.0,24043.0
2019,46520,"Urban Honolulu, HI",metro,1679.0,1.6756487025948104,38501.0,39090.0,31950.0
2019,46540,"Utica-Rome, NY",metro,769.0,0.7674650698602794,25570.0,25842.0,22581.0
2019,46660,"Valdosta, GA",state_metro,696.0,0.6946107784431138,24533.0,24779.0,21829.0
2019,46700,"Vallejo-Fairfield, CA",metro,1312.0,1.30938123752495,33286.0,33747.0,28172.0
2019,47020,"Victoria, TX",state_metro,923.0,0.9211576846307385,27758.0,28084.0,24167.0
2019,47220,"Vineland-Bridgeton, NJ",metro,1118.0,1.1157684630738522,30529.0,30923.0,26174.0
2019,47260,"Virginia Beach-Norfolk-Newport News, VA-NC",metro,1085.0,1.0828343313373254,30060.0,30442.0,25835.0
2019,47300,"Visalia-Porterville, CA",metro,836.0,0.8343313373253493,26522.0,26817.0,23271.0
2019,47380,"Waco, TX",metro,833.0,0.8313373253493014,26480.0,26774.0,23240.0
2019,47460,"Walla Walla, WA",state_metro,859.0,0.8572854291417166,26849.0,27152.0,23508.0
2019,47580,"Warner Robins, GA",metro,773.0,0.7714570858283433,25627.0,25900.0,22622.0
2019,47900,"Washington-Arlington-Alexandria, DC-VA-MD-WV",metro,1655.0,1.6516966067864272,38160.0,38741.0,31703.0
2019,47940,"Waterloo-Cedar Falls, IA",metro,756.0,0.7544910179640718,25385.0,25653.0,22447.0
2019,48060,"Watertown-Fort Drum, NY",metro,990.0,0.9880239520958084,28710.0,29059.0,24856.0
2019,48140,"Wausau, WI",metro,764.0,0.7624750499001997,25499.0,25769.0,22530.0
2019,48260,"Weirton-Steubenville, WV-OH",state_metro,640.0,0.6387225548902196,23737.0,23964.0,21253.0
2019,48300,"Wenatchee, WA",state_metro,866.0,0.8642714570858283,26948.0,27254.0,23580.0
2019,48540,"Wheeling, WV-OH",state_metro,684.0,0.6826347305389222,24362.0,24604.0,21706.0
2019,48620,"Wichita, KS",metro,795.0,0.7934131736526946,25940.0,26220.0,22849.0
2019,48660,"Wichita Falls, TX",metro,759.0,0.7574850299401198,25428.0,25696.0,22478.0
2019,48700,"Williamsport, PA",metro,793.0,0.7914171656686627,25911.0,26191.0,22828.0
2019,48900,"Wilmington, NC",state_metro,937.0,0.935129740518962,27957.0,28288.0,24311.0
2019,49020,"Winchester, VA-WV",metro,973.0,0.9710578842315369,28469.0,28812.0,24681.0
2019,49180,"Winston-Salem, NC",metro,729.0,0.7275449101796407,25002.0,25259.0,22169.0
2019,49420,"Yakima, WA",state_metro,808.0,0.8063872255489022,26124.0,26410.0,22983.0
2019,49620,"York-Hanover, PA",metro,940.0,0.93812375249501,28000.0,28331.0,24342.0
2019,49660,"Youngstown-Warren-Boardman, OH-PA",metro,671.0,0.6696606786427146,24178.0,24415.0,21572.0
2019,49700,"Yuba City, CA",none,875.0,0.873253493013972,27076.0,27385.0,23672.0
2019,49740,"Yuma, AZ",metro,782.0,0.780439121756487,25755.0,26031.0,22715.0
2019,70750,"Bangor, ME",metro,896.0,0.8942115768463074,27375.0,27691.0,23889.0
2019,70900,"Barnstable Town, MA",metro,1314.0,1.311377245508982,33314.0,33776.0,28192.0
2019,71650,"Boston-Cambridge-Nashua, MA-NH",metro,1480.0,1.4770459081836327,35673.0,36193.0,29902.0
2019,71950,"Bridgeport-Stamford-Norwalk, CT",metro,1468.0,1.4650698602794412,35503.0,36018.0,29778.0
2019,72400,"Burlington-South Burlington, VT",metro,1281.0,1.278443113772455,32846.0,33296.0,27853.0
2019,72850,"Danbury, CT",none,1464.0,1.4610778443113772,35446.0,35960.0,29737.0
2019,73050,"Dover-Durham, NH-ME",none,1105.0,1.1027944111776447,30345.0,30734.0,26041.0
2019,73450,"Hartford-West Hartford-East Hartford, CT",metro,1138.0,1.1357285429141717,30814.0,31214.0,26380.0
2019,74500,"Leominster-Gardner, MA",state_metro,998.0,0.9960079840319361,28824.0,29176.0,24939.0
2019,74650,"Lewiston-Auburn, ME",metro,809.0,0.8073852295409182,26138.0,26424.0,22993.0
2019,74950,"Manchester, NH",metro,1165.0,1.1626746506986028,31197.0,31607.0,26658.0
2019,75550,"New Bedford, MA",state_metro,863.0,0.8612774451097804,26906.0,27210.0,23549.0
2019,75700,"New Haven, CT",metro,1275.0,1.2724550898203593,32760.0,33209.0,27791.0
2019,76450,"Norwich-New London-Westerly, CT-RI",metro,1101.0,1.098802395209581,30288.0,30675.0,25999.0
2019,76600,"Pittsfield, MA",state_metro,915.0,0.9131736526946108,27645.0,27967.0,24084.0
2019,76750,"Portland-South Portland, ME",metro,1121.0,1.1187624750499001,30572.0,30966.0,26205.0
2019,76900,"Portsmouth, NH-ME",none,1295.0,1.2924151696606787,33045.0,33500.0,27997.0
2019,77200,"Providence-Warwick, RI-MA",metro,1008.0,1.0059880239520957,28966.0,29321.0,25042.0
2019,78100,"Springfield, MA-CT",metro,1008.0,1.0059880239520957,28966.0,29321.0,25042.0
2019,78700,"Waterbury, CT",none,1019.0,1.0169660678642714,29123.0,29481.0,25155.0
2019,79600,"Worcester, MA-CT",metro,1104.0,1.1017964071856288,30330.0,30719.0,26030.0
2020,10180,"Abilene, TX",metro,861.0,0.8247126436781609,27809.0,27648.0,23741.0
2020,10420,"Akron, OH",metro,831.0,0.7959770114942529,27425.0,27270.0,23498.0
2020,10500,"Albany, GA",state_metro,693.0,0.6637931034482759,25659.0,25527.0,22381.0
2020,10540,"Albany, OR",state_metro,929.0,0.8898467432950191,28679.0,28507.0,24291.0
2020,10580,"Albany-Schenectady-Troy, NY",metro,1090.0,1.0440613026819923,30739.0,30540.0,25594.0
2020,10740,"Albuquerque, NM",metro,880.0,0.842911877394636,28052.0,27888.0,23895.0
2020,10780,"Alexandria, LA",state_metro,758.0,0.7260536398467433,26491.0,26348.0,22907.0
2020,10900,"Allentown-Bethlehem-Easton, PA-NJ",metro,1105.0,1.0584291187739463,30930.0,30729.0,25716.0
2020,11020,"Altoona, PA",state_metro,745.0,0.7136015325670498,26325.0,26184.0,22802.0
2020,11100,"Amarillo, TX",metro,854.0,0.8180076628352491,27719.0,27560.0,23684.0
2020,11180,"Ames, IA",state_metro,876.0,0.8390804597701149,28001.0,27838.0,23862.0
2020,11260,"Anchorage, AK",state_metro,1249.0,1.196360153256705,32773.0,32547.0,26881.0
2020,11460,"Ann Arbor, MI",metro,1168.0,1.1187739463601531,31736.0,31525.0,26226.0
2020,11500,"Anniston-Oxford-Jacksonville, AL",none,662.0,0.6340996168582376,25263.0,25136.0,22130.0
2020,11540,"Appleton, WI",metro,815.0,0.7806513409961686,27220.0,27068.0,23369.0
2020,11700,"Asheville, NC",metro,878.0,0.8409961685823755,28026.0,27863.0,23879.0
2020,12020,"Athens-Clarke County, GA",metro,817.0,0.7825670498084292,27246.0,27093.0,23385.0
2020,12060,"Atlanta-Sandy Springs-Roswell, GA",metro,1105.0,1.0584291187739463,30930.0,30729.0,25716.0
2020,12100,"Atlantic City-Hammonton, NJ",metro,1167.0,1.117816091954023,31724.0,31512.0,26217.0
2020,12220,"Auburn-Opelika, AL",metro,841.0,0.8055555555555556,27553.0,27396.0,23579.0
2020,12260,"Augusta-Richmond County, GA-SC",metro,809.0,0.774904214559387,27144.0,26992.0,23320.0
2020,12420,"Austin-Round Rock, TX",metro,1331.0,1.274904214559387,33822.0,33583.0,27545.0
2020,12540,"Bakersfield, CA",metro,902.0,0.8639846743295019,28333.0,28166.0,24073.0
2020,12580,"Baltimore-Columbia-Towson, MD",metro,1329.0,1.2729885057471264,33796.0,33558.0,27529.0
2020,12940,"Baton Rouge, LA",metro,896.0,0.8582375478927203,28257.0,28090.0,24024.0
2020,12980,"Battle Creek, MI",metro,781.0,0.7480842911877394,26785.0,26638.0,23093.0
2020,13020,"Bay City, MI",state_metro,733.0,0.7021072796934866,26171.0,26032.0,22705.0
2020,13140,"Beaumont-Port Arthur, TX",metro,850.0,0.814176245210728,27668.0,27509.0,23652.0
2020,13220,"Beckley, WV",state_metro,663.0,0.6350574712643678,25276.0,25148.0,22138.0
2020,13380,"Bellingham, WA",state_metro,1044.0,1.0,30150.0,29959.0,25222.0
2020,13460,"Bend-Redmond, OR",metro,1100.0,1.053639846743295,30866.0,30666.0,25675.0
2020,13740,"Billings, MT",metro,879.0,0.8419540229885057,28039.0,27876.0,23887.0
2020,13780,"Binghamton, NY",metro,786.0,0.7528735632183908,26849.0,26701.0,23134.0
2020,13820,"Birmingham-Hoover, AL",metro,869.0,0.8323754789272031,27911.0,27749.0,23806.0
2020,13900,"Bismarck, ND",state_metro,867.0,0.8304597701149425,27886.0,27724.0,23789.0
2020,13980,"Blacksburg-Christiansburg-Radford, VA",metro,805.0,0.7710727969348659,27092.0,26941.0,23288.0
2020,14010,"Bloomington, IL",metro,870.0,0.8333333333333334,27924.0,27762.0,23814.0
2020,14020,"Bloomington, IN",metro,894.0,0.8563218390804598,28231.0,28065.0,24008.0
2020,14100,"Bloomsburg-Berwick, PA",state_metro,773.0,0.7404214559386973,26683.0,26537.0,23029.0
2020,14260,"Boise City, ID",metro,898.0,0.8601532567049809,28282.0,28116.0,24040.0
2020,14500,"Boulder, CO",metro,1527.0,1.4626436781609196,36329.0,36058.0,29131.0
2020,14540,"Bowling Green, KY",metro,754.0,0.7222222222222222,26440.0,26297.0,22875.0
2020,14740,"Bremerton-Silverdale, WA",state_metro,1199.0,1.1484674329501916,32133.0,31916.0,26476.0
2020,15180,"Brownsville-Harlingen, TX",metro,720.0,0.6896551724137931,26005.0,25868.0,22600.0
2020,15260,"Brunswick, GA",state_metro,787.0,0.7538314176245211,26862.0,26714.0,23142.0
2020,15380,"Buffalo-Cheektowaga-Niagara Falls, NY",metro,817.0,0.7825670498084292,27246.0,27093.0,23385.0
2020,15500,"Burlington, NC",metro,786.0,0.7528735632183908,26849.0,26701.0,23134.0
2020,15680,"California-Lexington Park, MD",metro,1273.0,1.2193486590038314,33080.0,32850.0,27075.0
2020,15940,"Canton-Massillon, OH",metro,744.0,0.7126436781609196,26312.0,26171.0,22794.0
2020,15980,"Cape Coral-Fort Myers, FL",metro,1082.0,1.0363984674329503,30636.0,30439.0,25530.0
2020,16020,"Cape Girardeau, MO-IL",state_metro,758.0,0.7260536398467433,26491.0,26348.0,22907.0
2020,16060,"Carbondale-Marion, IL",metro,728.0,0.6973180076628352,26107.0,25969.0,22665.0
2020,16180,"Carson City, NV",state_metro,920.0,0.8812260536398467,28564.0,28393.0,24218.0
2020,16220,"Casper, WY",state_metro,807.0,0.7729885057471264,27118.0,26967.0,23304.0
2020,16300,"Cedar Rapids, IA",metro,785.0,0.7519157088122606,26836.0,26689.0,23126.0
2020,16540,"Chambersburg-Waynesboro, PA",metro,870.0,0.8333333333333334,27924.0,27762.0,23814.0
2020,16580,"Champaign-Urbana, IL",metro,900.0,0.8620689655172413,28308.0,28141.0,24057.0
2020,16620,"Charleston, WV",metro,733.0,0.7021072796934866,26171.0,26032.0,22705.0
2020,16700,"Charleston-North Charleston, SC",metro,1107.0,1.0603448275862069,30956.0,30754.0,25732.0
2020,16740,"Charlotte-Concord-Gastonia, NC-SC",metro,966.0,0.9252873563218391,29152.0,28974.0,24591.0
2020,16820,"Charlottesville, VA",metro,1183.0,1.1331417624521072,31928.0,31714.0,26347.0
2020,16860,"Chattanooga, TN-GA",metro,795.0,0.7614942528735632,26964.0,26815.0,23207.0
2020,16940,"Cheyenne, WY",state_metro,856.0,0.8199233716475096,27745.0,27585.0,23700.0
2020,16980,"Chicago-Naperville-Elgin, IL-IN-WI",metro,1130.0,1.082375478927203,31250.0,31045.0,25918.0
2020,17020,"Chico, CA",metro,1030.0,0.9865900383141762,29971.0,29782.0,25109.0
2020,17140,"Cincinnati, OH-KY-IN",metro,868.0,0.8314176245210728,27898.0,27737.0,23798.0
2020,17300,"Clarksville, TN-KY",metro,829.0,0.7940613026819924,27399.0,27244.0,23482.0
2020,17420,"Cleveland, TN",metro,738.0,0.7068965517241379,26235.0,26095.0,22745.0
2020,17460,"Cleveland-Elyria, OH",metro,836.0,0.8007662835249042,27489.0,27333.0,23539.0
2020,17660,"Coeur d'Alene, ID",metro,880.0,0.842911877394636,28052.0,27888.0,23895.0
2020,17780,"College Station-Bryan, TX",metro,902.0,0.8639846743295019,28333.0,28166.0,24073.0
2020,17820,"Colorado Springs, CO",metro,1096.0,1.049808429118774,30815.0,30616.0,25643.0
2020,17860,"Columbia, MO",state_metro,808.0,0.7739463601532567,27131.0,26979.0,23312.0
2020,17900,"Columbia, SC",metro,894.0,0.8563218390804598,28231.0,28065.0,24008.0
2020,17980,"Columbus, GA-AL",metro,804.0,0.7701149425287356,27080.0,26929.0,23280.0
2020,18020,"Columbus, IN",state_metro,925.0,0.8860153256704981,28628.0,28456.0,24259.0
2020,18140,"Columbus, OH",metro,970.0,0.9291187739463601,29203.0,29025.0,24623.0
2020,18580,"Corpus Christi, TX",metro,1033.0,0.9894636015325671,30009.0,29820.0,25133.0
2020,18700,"Corvallis, OR",state_metro,1059.0,1.014367816091954,30342.0,30148.0,25343.0
2020,18880,"Crestview-Fort Walton Beach-Destin, FL",state_metro,1045.0,1.0009578544061302,30163.0,29972.0,25230.0
2020,19060,"Cumberland, MD-WV",none,676.0,0.6475095785440613,25442.0,25312.0,22244.0
2020,19100,"Dallas-Fort Worth-Arlington, TX",metro,1151.0,1.1024904214559388,31519.0,31310.0,26088.0
2020,19140,"Dalton, GA",state_metro,676.0,0.6475095785440613,25442.0,25312.0,22244.0
2020,19180,"Danville, IL",state_metro,716.0,0.685823754789272,25954.0,25818.0,22567.0
2020,19300,"Daphne-Fairhope-Foley, AL",metro,975.0,0.9339080459770115,29267.0,29088.0,24664.0
2020,19340,"Davenport-Moline-Rock Island, IA-IL",metro,789.0,0.7557471264367817,26888.0,26739.0,23158.0
2020,19380,"Dayton, OH",metro,,,,,
2020,19460,"Decatur, AL",none,637.0,0.6101532567049809,24943.0,24820.0,21928.0
2020,19500,"Decatur, IL",state_metro,708.0,0.6781609195402298,25851.0,25717.0,22503.0
2020,19660,"Deltona-Daytona Beach-Ormond Beach, FL",metro,1029.0,0.985632183908046,29958.0,29770.0,25101.0
2020,19740,"Denver-Aurora-Lakewood, CO",metro,1426.0,1.3659003831417624,35037.0,34782.0,28314.0
2020,19780,"Des Moines-West Des Moines, IA",metro,910.0,0.8716475095785441,28436.0,28267.0,24138.0
2020,19820,"Detroit-Warren-Dearborn, MI",metro,970.0,0.9291187739463601,29203.0,29025.0,24623.0
2020,20020,"Dothan, AL",none,669.0,0.6408045977011494,25352.0,25224.0,22187.0
2020,20100,"Dover, DE",metro,965.0,0.9243295019157088,29139.0,28962.0,24583.0
2020,20220,"Dubuque, IA",state_metro,799.0,0.7653256704980843,27016.0,26866.0,23239.0
2020,20260,"Duluth, MN-WI",state_metro,821.0,0.7863984674329502,27297.0,27143.0,23417.0
2020,20500,"Durham-Chapel Hill, NC",metro,1036.0,0.9923371647509579,30048.0,29858.0,25157.0
2020,20700,"East Stroudsburg, PA",metro,1055.0,1.010536398467433,30291.0,30098.0,25311.0
2020,20740,"Eau Claire, WI",none,825.0,0.7902298850574713,27348.0,27194.0,23450.0
2020,20940,"El Centro, CA",none,787.0,0.7538314176245211,26862.0,26714.0,23142.0
2020,21060,"Elizabethtown-Fort Knox, KY",state_metro,750.0,0.7183908045977011,26389.0,26247.0,22843.0
2020,21140,"Elkhart-Goshen, IN",metro,810.0,0.7758620689655172,27156.0,27004.0,23328.0
2020,21300,"Elmira, NY",none,825.0,0.7902298850574713,27348.0,27194.0,23450.0
2020,21340,"El Paso, TX",metro,790.0,0.7567049808429118,26900.0,26752.0,23166.0
2020,21420,"Enid, OK",state_metro,815.0,0.7806513409961686,27220.0,27068.0,23369.0
2020,21500,"Erie, PA",metro,793.0,0.7595785440613027,26939.0,26790.0,23191.0
2020,21660,"Eugene, OR",metro,979.0,0.9377394636015326,29318.0,29138.0,24696.0
2020,21780,"Evansville, IN-KY",metro,805.0,0.7710727969348659,27092.0,26941.0,23288.0
2020,21820,"Fairbanks, AK",state_metro,1269.0,1.2155172413793103,33029.0,32800.0,27043.0
2020,22020,"Fargo, ND-MN",metro,847.0,0.8113026819923371,27630.0,27472.0,23628.0
2020,22140,"Farmington, NM",metro,757.0,0.725095785440613,26478.0,26335.0,22899.0
2020,22180,"Fayetteville, NC",metro,819.0,0.7844827586206896,27271.0,27118.0,23401.0
2020,22220,"Fayetteville-Springdale-Rogers, AR-MO",metro,780.0,0.7471264367816092,26773.0,26626.0,23085.0
2020,22380,"Flagstaff, AZ",state_metro,1224.0,1.1724137931034482,32453.0,32232.0,26679.0
2020,22420,"Flint, MI",metro,777.0,0.7442528735632183,26734.0,26588.0,23061.0
2020,22500,"Florence, SC",metro,698.0,0.6685823754789272,25723.0,25590.0,22422.0
2020,22520,"Florence-Muscle Shoals, AL",metro,676.0,0.6475095785440613,25442.0,25312.0,22244.0
2020,22540,"Fond du Lac, WI",none,779.0,0.7461685823754789,26760.0,26613.0,23077.0
2020,22660,"Fort Collins, CO",metro,1204.0,1.1532567049808429,32197.0,31979.0,26517.0
2020,22900,"Fort Smith, AR-OK",metro,671.0,0.64272030651341,25378.0,25249.0,22203.0
2020,23060,"Fort Wayne, IN",metro,780.0,0.7471264367816092,26773.0,26626.0,23085.0
2020,23420,"Fresno, CA",metro,955.0,0.9147509578544061,29011.0,28835.0,24502.0
2020,23460,"Gadsden, AL",none,639.0,0.6120689655172413,24969.0,24845.0,21944.0
2020,23540,"Gainesville, FL",metro,953.0,0.9128352490421456,28986.0,28810.0,24486.0
2020,23580,"Gainesville, GA",metro,895.0,0.85727969348659,28244.0,28078.0,24016.0
2020,23900,"Gettysburg, PA",state_metro,924.0,0.8850574712643678,28615.0,28444.0,24251.0
2020,24020,"Glens Falls, NY",metro,932.0,0.89272030651341,28717.0,28545.0,24316.0
2020,24140,"Goldsboro, NC",metro,726.0,0.6954022988505747,26082.0,25944.0,22648.0
2020,24220,"Grand Forks, ND-MN",state_metro,835.0,0.7998084291187739,27476.0,27320.0,23531.0
2020,24260,"Grand Island, NE",state_metro,735.0,0.7040229885057471,26197.0,26057.0,22721.0
2020,24300,"Grand Junction, CO",none,820.0,0.7854406130268199,27284.0,27131.0,23409.0
2020,24340,"Grand Rapids-Wyoming, MI",metro,891.0,0.853448275862069,28193.0,28027.0,23984.0
2020,24420,"Grants Pass, OR",state_metro,889.0,0.8515325670498084,28167.0,28002.0,23968.0
2020,24500,"Great Falls, MT",state_metro,751.0,0.7193486590038314,26401.0,26259.0,22851.0
2020,24540,"Greeley, CO",metro,996.0,0.9540229885057471,29536.0,29353.0,24834.0
2020,24580,"Green Bay, WI",metro,807.0,0.7729885057471264,27118.0,26967.0,23304.0
2020,24660,"Greensboro-High Point, NC",metro,807.0,0.7729885057471264,27118.0,26967.0,23304.0
2020,24780,"Greenville, NC",metro,778.0,0.7452107279693486,26747.0,26600.0,23069.0
2020,24860,"Greenville-Anderson-Mauldin, SC",metro,822.0,0.7873563218390804,27310.0,27156.0,23425.0
2020,25060,"Gulfport-Biloxi-Pascagoula, MS",state_metro,812.0,0.7777777777777778,27182.0,27030.0,23344.0
2020,25180,"Hagerstown-Martinsburg, MD-WV",metro,893.0,0.8553639846743295,28218.0,28052.0,24000.0
2020,25220,"Hammond, LA",state_metro,842.0,0.8065134099616859,27566.0,27408.0,23587.0
2020,25260,"Hanford-Corcoran, CA",metro,881.0,0.8438697318007663,28065.0,27901.0,23903.0
2020,25420,"Harrisburg-Carlisle, PA",metro,985.0,0.9434865900383141,29395.0,29214.0,24744.0
2020,25500,"Harrisonburg, VA",state_metro,856.0,0.8199233716475096,27745.0,27585.0,23700.0
2020,25620,"Hattiesburg, MS",state_metro,771.0,0.7385057471264368,26657.0,26512.0,23013.0
2020,25860,"Hickory-Lenoir-Morganton, NC",metro,657.0,0.6293103448275862,25199.0,25073.0,22090.0
2020,25940,"Hilton Head Island-Bluffton-Beaufort, SC",metro,1079.0,1.0335249042145593,30598.0,30401.0,25505.0
2020,25980,"Hinesville, GA",state_metro,846.0,0.8103448275862069,27617.0,27459.0,23620.0
2020,26140,"Homosassa Springs, FL",state_metro,796.0,0.7624521072796935,26977.0,26828.0,23215.0
2020,26300,"Hot Springs, AR",state_metro,781.0,0.7480842911877394,26785.0,26638.0,23093.0
2020,26380,"Houma-Thibodaux, LA",state_metro,827.0,0.7921455938697318,27374.0,27219.0,23466.0
2020,26420,"Houston-The Woodlands-Sugar Land, TX",metro,1101.0,1.0545977011494252,30879.0,30679.0,25683.0
2020,26580,"Huntington-Ashland, WV-KY-OH",metro,715.0,0.6848659003831418,25941.0,25805.0,22559.0
2020,26620,"Huntsville, AL",metro,811.0,0.7768199233716475,27169.0,27017.0,23336.0
2020,26820,"Idaho Falls, ID",metro,740.0,0.7088122605363985,26261.0,26121.0,22762.0
2020,26900,"Indianapolis-Carmel-Anderson, IN",metro,911.0,0.8726053639846744,28448.0,28280.0,24146.0
2020,26980,"Iowa City, IA",metro,933.0,0.8936781609195402,28730.0,28557.0,24324.0
2020,27060,"Ithaca, NY",none,1246.0,1.1934865900383143,32734.0,32510.0,26857.0
2020,27100,"Jackson, MI",metro,787.0,0.7538314176245211,26862.0,26714.0,23142.0
2020,27140,"Jackson, MS",metro,859.0,0.8227969348659003,27783.0,27623.0,23725.0
2020,27180,"Jackson, TN",none,715.0,0.6848659003831418,25941.0,25805.0,22559.0
2020,27260,"Jacksonville, FL",metro,1039.0,0.9952107279693486,30086.0,29896.0,25182.0
2020,27340,"Jacksonville, NC",metro,855.0,0.8189655172413793,27732.0,27573.0,23692.0
2020,27500,"Janesville-Beloit, WI",metro,846.0,0.8103448275862069,27617.0,27459.0,23620.0
2020,27620,"Jefferson City, MO",state_metro,670.0,0.6417624521072797,25365.0,25237.0,22195.0
2020,27740,"Johnson City, TN",metro,709.0,0.6791187739463601,25864.0,25729.0,22511.0
2020,27780,"Johnstown, PA",metro,644.0,0.6168582375478927,25033.0,24908.0,21985.0
2020,27860,"Jonesboro, AR",state_metro,725.0,0.6944444444444444,26069.0,25931.0,22640.0
2020,27900,"Joplin, MO",state_metro,747.0,0.7155172413793104,26350.0,26209.0,22818.0
2020,27980,"Kahului-Wailuku-Lahaina, HI",metro,1524.0,1.4597701149425288,36291.0,36020.0,29107.0
2020,28020,"Kalamazoo-Portage, MI",metro,848.0,0.8122605363984674,27642.0,27484.0,23636.0
2020,28100,"Kankakee, IL",state_metro,877.0,0.8400383141762452,28013.0,27850.0,23870.0
2020,28140,"Kansas City, MO-KS",metro,948.0,0.9080459770114943,28922.0,28747.0,24445.0
2020,28420,"Kennewick-Richland, WA",metro,944.0,0.9042145593869731,28871.0,28696.0,24413.0
2020,28660,"Killeen-Temple, TX",metro,805.0,0.7710727969348659,27092.0,26941.0,23288.0
2020,28700,"Kingsport-Bristol-Bristol, TN-VA",metro,653.0,0.6254789272030651,25148.0,25022.0,22058.0
2020,28740,"Kingston, NY",none,1217.0,1.1657088122605364,32363.0,32143.0,26622.0
2020,28940,"Knoxville, TN",metro,821.0,0.7863984674329502,27297.0,27143.0,23417.0
2020,29020,"Kokomo, IN",state_metro,684.0,0.6551724137931034,25544.0,25413.0,22308.0
2020,29100,"La Crosse-Onalaska, WI-MN",none,836.0,0.8007662835249042,27489.0,27333.0,23539.0
2020,29180,"Lafayette, LA",metro,786.0,0.7528735632183908,26849.0,26701.0,23134.0
2020,29200,"Lafayette-West Lafayette, IN",metro,873.0,0.8362068965517241,27962.0,27800.0,23838.0
2020,29340,"Lake Charles, LA",metro,829.0,0.7940613026819924,27399.0,27244.0,23482.0
2020,29420,"Lake Havasu City-Kingman, AZ",state_metro,787.0,0.7538314176245211,26862.0,26714.0,23142.0
2020,29460,"Lakeland-Winter Haven, FL",metro,915.0,0.8764367816091954,28500.0,28330.0,24178.0
2020,29540,"Lancaster, PA",metro,1034.0,0.9904214559386973,30022.0,29833.0,25141.0
2020,29620,"Lansing-East Lansing, MI",metro,876.0,0.8390804597701149,28001.0,27838.0,23862.0
2020,29700,"Laredo, TX",metro,835.0,0.7998084291187739,27476.0,27320.0,23531.0
2020,29740,"Las Cruces, NM",metro,704.0,0.6743295019157088,25800.0,25666.0,22470.0
2020,29820,"Las Vegas-Henderson-Paradise, NV",metro,1051.0,1.0067049808429118,30240.0,30047.0,25279.0
2020,29940,"Lawrence, KS",state_metro,909.0,0.8706896551724138,28423.0,28254.0,24129.0
2020,30020,"Lawton, OK",state_metro,730.0,0.6992337164750958,26133.0,25994.0,22681.0
2020,30140,"Lebanon, PA",state_metro,887.0,0.8496168582375478,28141.0,27977.0,23951.0
2020,30300,"Lewiston, ID-WA",state_metro,757.0,0.725095785440613,26478.0,26335.0,22899.0
2020,30460,"Lexington-Fayette, KY",metro,847.0,0.8113026819923371,27630.0,27472.0,23628.0
2020,30620,"Lima, OH",state_metro,701.0,0.671455938697318,25762.0,25628.0,22446.0
2020,30700,"Lincoln, NE",state_metro,855.0,0.8189655172413793,27732.0,27573.0,23692.0
2020,30780,"Little Rock-North Little Rock-Conway, AR",metro,811.0,0.7768199233716475,27169.0,27017.0,23336.0
2020,30860,"Logan, UT-ID",state_metro,733.0,0.7021072796934866,26171.0,26032.0,22705.0
2020,30980,"Longview, TX",metro,810.0,0.7758620689655172,27156.0,27004.0,23328.0
2020,31020,"Longview, WA",state_metro,840.0,0.8045977011494253,27540.0,27383.0,23571.0
2020,31080,"Los Angeles-Long Beach-Anaheim, CA",metro,1672.0,1.6015325670498084,38184.0,37888.0,30305.0
2020,31140,"Louisville/Jefferson County, KY-IN",metro,857.0,0.8208812260536399,27758.0,27598.0,23709.0
2020,31180,"Lubbock, TX",metro,899.0,0.8611111111111112,28295.0,28128.0,24048.0
2020,31340,"Lynchburg, VA",state_metro,773.0,0.7404214559386973,26683.0,26537.0,23029.0
2020,31420,"Macon, GA",metro,781.0,0.7480842911877394,26785.0,26638.0,23093.0
2020,31460,"Madera, CA",none,916.0,0.8773946360153256,28512.0,28343.0,24186.0
2020,31540,"Madison, WI",metro,1088.0,1.0421455938697317,30713.0,30515.0,25578.0
2020,31740,"Manhattan, KS",state_metro,895.0,0.85727969348659,28244.0,28078.0,24016.0
2020,31860,"Mankato-North Mankato, MN",state_metro,881.0,0.8438697318007663,28065.0,27901.0,23903.0
2020,31900,"Mansfield, OH",state_metro,657.0,0.6293103448275862,25199.0,25073.0,22090.0
2020,32580,"McAllen-Edinburg-Mission, TX",metro,725.0,0.6944444444444444,26069.0,25931.0,22640.0
2020,32780,"Medford, OR",metro,970.0,0.9291187739463601,29203.0,29025.0,24623.0
2020,32820,"Memphis, TN-MS-AR",metro,876.0,0.8390804597701149,28001.0,27838.0,23862.0
2020,32900,"Merced, CA",none,872.0,0.8352490421455939,27950.0,27787.0,23830.0
2020,33100,"Miami-Fort Lauderdale-West Palm Beach, FL",metro,1382.0,1.3237547892720307,34474.0,34227.0,27958.0
2020,33140,"Michigan City-La Porte, IN",state_metro,744.0,0.7126436781609196,26312.0,26171.0,22794.0
2020,33220,"Midland, MI",state_metro,808.0,0.7739463601532567,27131.0,26979.0,23312.0
2020,33260,"Midland, TX",state_metro,1328.0,1.2720306513409962,33783.0,33545.0,27520.0
2020,33340,"Milwaukee-Waukesha-West Allis, WI",metro,926.0,0.8869731800766284,28640.0,28469.0,24267.0
2020,33460,"Minneapolis-St. Paul-Bloomington, MN-WI",metro,1168.0,1.1187739463601531,31736.0,31525.0,26226.0
2020,33540,"Missoula, MT",state_metro,919.0,0.8802681992337165,28551.0,28381.0,24210.0
2020,33660,"Mobile, AL",metro,823.0,0.7883141762452107,27323.0,27169.0,23433.0
2020,33700,"Modesto, CA",metro,1057.0,1.0124521072796935,30316.0,30123.0,25327.0
2020,33740,"Monroe, LA",metro,726.0,0.6954022988505747,26082.0,25944.0,22648.0
2020,33780,"Monroe, MI",metro,859.0,0.8227969348659003,27783.0,27623.0,23725.0
2020,33860,"Montgomery, AL",metro,855.0,0.8189655172413793,27732.0,27573.0,23692.0
2020,34060,"Morgantown, WV",metro,837.0,0.8017241379310345,27502.0,27345.0,23547.0
2020,34100,"Morristown, TN",none,677.0,0.6484674329501916,25455.0,25325.0,22252.0
2020,34580,"Mount Vernon-Anacortes, WA",metro,1055.0,1.010536398467433,30291.0,30098.0,25311.0
2020,34620,"Muncie, IN",state_metro,704.0,0.6743295019157088,25800.0,25666.0,22470.0
2020,34740,"Muskegon, MI",metro,773.0,0.7404214559386973,26683.0,26537.0,23029.0
2020,34820,"Myrtle Beach-Conway-North Myrtle Beach, SC-NC",metro,893.0,0.8553639846743295,28218.0,28052.0,24000.0
2020,34900,"Napa, CA",none,1720.0,1.6475095785440612,38798.0,38494.0,30693.0
2020,34940,"Naples-Immokalee-Marco Island, FL",metro,1257.0,1.2040229885057472,32875.0,32648.0,26946.0
2020,34980,"Nashville-Davidson--Murfreesboro--Franklin, TN",metro,1055.0,1.010536398467433,30291.0,30098.0,25311.0
2020,35100,"New Bern, NC",state_metro,823.0,0.7883141762452107,27323.0,27169.0,23433.0
2020,35380,"New Orleans-Metairie, LA",metro,999.0,0.9568965517241379,29574.0,29391.0,24858.0
2020,35620,"New York-Newark-Jersey City, NY-NJ-PA",metro,1479.0,1.4166666666666667,35715.0,35451.0,28743.0
2020,35660,"Niles-Benton Harbor, MI",metro,770.0,0.7375478927203065,26645.0,26499.0,23004.0
2020,35840,"North Port-Sarasota-Bradenton, FL",metro,1164.0,1.1149425287356323,31685.0,31474.0,26193.0
2020,36100,"Ocala, FL",metro,843.0,0.8074712643678161,27578.0,27421.0,23595.0
2020,36140,"Ocean City, NJ",state_metro,1247.0,1.1944444444444444,32747.0,32522.0,26865.0
2020,36220,"Odessa, TX",metro,1090.0,1.0440613026819923,30739.0,30540.0,25594.0
2020,36260,"Ogden-Clearfield, UT",metro,895.0,0.85727969348659,28244.0,28078.0,24016.0
2020,36420,"Oklahoma City, OK",metro,864.0,0.8275862068965517,27847.0,27686.0,23765.0
2020,36500,"Olympia-Tumwater, WA",state_metro,1148.0,1.0996168582375478,31481.0,31272.0,26064.0
2020,36540,"Omaha-Council Bluffs, NE-IA",metro,949.0,0.9090038314176245,28935.0,28759.0,24453.0
2020,36740,"Orlando-Kissimmee-Sanford, FL",metro,1169.0,1.1197318007662835,31749.0,31537.0,26234.0
2020,36780,"Oshkosh-Neenah, WI",metro,790.0,0.7567049808429118,26900.0,26752.0,23166.0
2020,36980,"Owensboro, KY",state_metro,771.0,0.7385057471264368,26657.0,26512.0,23013.0
2020,37100,"Oxnard-Thousand Oaks-Ventura, CA",metro,1698.0,1.6264367816091954,38517.0,38217.0,30515.0
2020,37340,"Palm Bay-Melbourne-Titusville, FL",metro,1000.0,0.9578544061302682,29587.0,29403.0,24866.0
2020,37460,"Panama City, FL",metro,987.0,0.9454022988505747,29421.0,29239.0,24761.0
2020,37620,"Parkersburg-Vienna, WV",state_metro,711.0,0.6810344827586207,25890.0,25754.0,22527.0
2020,37860,"Pensacola-Ferry Pass-Brent, FL",metro,915.0,0.8764367816091954,28500.0,28330.0,24178.0
2020,37900,"Peoria, IL",metro,792.0,0.7586206896551724,26926.0,26777.0,23182.0
2020,37980,"Philadelphia-Camden-Wilmington, PA-NJ-DE-MD",metro,1206.0,1.1551724137931034,32223.0,32004.0,26533.0
2020,38060,"Phoenix-Mesa-Scottsdale, AZ",metro,1076.0,1.0306513409961686,30559.0,30363.0,25481.0
2020,38220,"Pine Bluff, AR",metro,730.0,0.6992337164750958,26133.0,25994.0,22681.0
2020,38300,"Pittsburgh, PA",metro,866.0,0.8295019157088123,27873.0,27712.0,23781.0
2020,38540,"Pocatello, ID",state_metro,672.0,0.6436781609195402,25391.0,25262.0,22211.0
2020,38900,"Portland-Vancouver-Hillsboro, OR-WA",metro,1248.0,1.1954022988505748,32760.0,32535.0,26873.0
2020,38940,"Port St. Lucie, FL",metro,1089.0,1.043103448275862,30726.0,30527.0,25586.0
2020,39140,"Prescott, AZ",metro,,,,,
2020,39340,"Provo-Orem, UT",metro,914.0,0.8754789272030651,28487.0,28318.0,24170.0
2020,39380,"Pueblo, CO",none,842.0,0.8065134099616859,27566.0,27408.0,23587.0
2020,39460,"Punta Gorda, FL",state_metro,961.0,0.9204980842911877,29088.0,28911.0,24550.0
2020,39540,"Racine, WI",metro,858.0,0.8218390804597702,27770.0,27610.0,23717.0
2020,39580,"Raleigh, NC",metro,1088.0,1.0421455938697317,30713.0,30515.0,25578.0
2020,39660,"Rapid City, SD",state_metro,859.0,0.8227969348659003,27783.0,27623.0,23725.0
2020,39740,"Reading, PA",metro,969.0,0.9281609195402298,29190.0,29012.0,24615.0
2020,39820,"Redding, CA",metro,970.0,0.9291187739463601,29203.0,29025.0,24623.0
2020,39900,"Reno, NV",state_metro,1060.0,1.0153256704980842,30355.0,30161.0,25351.0
2020,40060,"Richmond, VA",metro,1080.0,1.0344827586206897,30611.0,30414.0,25513.0
2020,40140,"Riverside-San Bernardino-Ontario, CA",metro,1219.0,1.167624521072797,32389.0,32169.0,26638.0
2020,40220,"Roanoke, VA",metro,829.0,0.7940613026819924,27399.0,27244.0,23482.0
2020,40340,"Rochester, MN",state_metro,910.0,0.8716475095785441,28436.0,28267.0,24138.0
2020,40380,"Rochester, NY",metro,960.0,0.9195402298850575,29075.0,28898.0,24542.0
2020,40420,"Rockford, IL",metro,808.0,0.7739463601532567,27131.0,26979.0,23312.0
2020,40580,"Rocky Mount, NC",state_metro,703.0,0.6733716475095786,25787.0,25653.0,22462.0
2020,40660,"Rome, GA",state_metro,731.0,0.7001915708812261,26146.0,26007.0,22689.0
2020,40900,"Sacramento--Roseville--Arden-Arcade, CA",metro,1236.0,1.1839080459770115,32606.0,32383.0,26776.0
2020,40980,"Saginaw, MI",metro,757.0,0.725095785440613,26478.0,26335.0,22899.0
2020,41060,"St. Cloud, MN",state_metro,839.0,0.803639846743295,27527.0,27371.0,23563.0
2020,41100,"St. George, UT",metro,896.0,0.8582375478927203,28257.0,28090.0,24024.0
2020,41140,"St. Joseph, MO-KS",state_metro,763.0,0.7308429118773946,26555.0,26411.0,22948.0
2020,41180,"St. Louis, MO-IL",metro,919.0,0.8802681992337165,28551.0,28381.0,24210.0
2020,41420,"Salem, OR",metro,945.0,0.9051724137931034,28883.0,28709.0,24421.0
2020,41500,"Salinas, CA",metro,1438.0,1.3773946360153257,35191.0,34934.0,28411.0
2020,41540,"Salisbury, MD-DE",metro,983.0,0.9415708812260536,29370.0,29189.0,24728.0
2020,41620,"Salt Lake City, UT",metro,1090.0,1.0440613026819923,30739.0,30540.0,25594.0
2020,41660,"San Angelo, TX",state_metro,876.0,0.8390804597701149,28001.0,27838.0,23862.0
2020,41700,"San Antonio-New Braunfels, TX",metro,1052.0,1.0076628352490422,30252.0,30060.0,25287.0
2020,41740,"San Diego-Carlsbad, CA",metro,1682.0,1.6111111111111112,38312.0,38015.0,30386.0
2020,41860,"San Francisco-Oakland-Hayward, CA",metro,1997.0,1.9128352490421456,42342.0,41992.0,32935.0
2020,41940,"San Jose-Sunnyvale-Santa Clara, CA",metro,2310.0,2.2126436781609193,46347.0,45944.0,35468.0
2020,42020,"San Luis Obispo-Paso Robles-Arroyo Grande, CA",metro,1500.0,1.4367816091954022,35984.0,35717.0,28913.0
2020,42100,"Santa Cruz-Watsonville, CA",metro,1821.0,1.7442528735632183,40091.0,39770.0,31510.0
2020,42140,"Santa Fe, NM",metro,1047.0,1.0028735632183907,30188.0,29997.0,25246.0
2020,42200,"Santa Maria-Santa Barbara, CA",metro,1658.0,1.5881226053639848,38005.0,37712.0,30191.0
2020,42220,"Santa Rosa, CA",metro,1654.0,1.5842911877394636,37954.0,37661.0,30159.0
2020,42340,"Savannah, GA",metro,1007.0,0.9645593869731801,29677.0,29492.0,24923.0
2020,42540,"Scranton--Wilkes-Barre--Hazleton, PA",metro,787.0,0.7538314176245211,26862.0,26714.0,23142.0
2020,42660,"Seattle-Tacoma-Bellevue, WA",metro,1480.0,1.417624521072797,35728.0,35464.0,28751.0
2020,42680,"Sebastian-Vero Beach, FL",state_metro,951.0,0.9109195402298851,28960.0,28785.0,24469.0
2020,42700,"Sebring, FL",state_metro,802.0,0.7681992337164751,27054.0,26903.0,23263.0
2020,43100,"Sheboygan, WI",none,742.0,0.710727969348659,26286.0,26146.0,22778.0
2020,43300,"Sherman-Denison, TX",metro,868.0,0.8314176245210728,27898.0,27737.0,23798.0
2020,43340,"Shreveport-Bossier City, LA",metro,821.0,0.7863984674329502,27297.0,27143.0,23417.0
2020,43420,"Sierra Vista-Douglas, AZ",state_metro,720.0,0.6896551724137931,26005.0,25868.0,22600.0
2020,43580,"Sioux City, IA-NE-SD",state_metro,827.0,0.7921455938697318,27374.0,27219.0,23466.0
2020,43620,"Sioux Falls, SD",metro,836.0,0.8007662835249042,27489.0,27333.0,23539.0
2020,43780,"South Bend-Mishawaka, IN-MI",metro,815.0,0.7806513409961686,27220.0,27068.0,23369.0
2020,43900,"Spartanburg, SC",metro,758.0,0.7260536398467433,26491.0,26348.0,22907.0
2020,44060,"Spokane-Spokane Valley, WA",metro,897.0,0.8591954022988506,28269.0,28103.0,24032.0
2020,44100,"Springfield, IL",metro,829.0,0.7940613026819924,27399.0,27244.0,23482.0
2020,44180,"Springfield, MO",metro,745.0,0.7136015325670498,26325.0,26184.0,22802.0
2020,44220,"Springfield, OH",state_metro,759.0,0.7270114942528736,26504.0,26360.0,22915.0
2020,44300,"State College, PA",state_metro,1062.0,1.0172413793103448,30380.0,30186.0,25368.0
2020,44420,"Staunton-Waynesboro, VA",state_metro,808.0,0.7739463601532567,27131.0,26979.0,23312.0
2020,44700,"Stockton-Lodi, CA",metro,1083.0,1.0373563218390804,30649.0,30451.0,25538.0
2020,44940,"Sumter, SC",state_metro,707.0,0.6772030651340997,25839.0,25704.0,22495.0
2020,45060,"Syracuse, NY",metro,886.0,0.8486590038314177,28129.0,27964.0,23943.0
2020,45220,"Tallahassee, FL",metro,963.0,0.9224137931034483,29114.0,28936.0,24566.0
2020,45300,"Tampa-St. Petersburg-Clearwater, FL",metro,1114.0,1.0670498084291187,31046.0,30843.0,25789.0
2020,45460,"Terre Haute, IN",metro,762.0,0.7298850574712644,26542.0,26398.0,22940.0
2020,45500,"Texarkana, TX-AR",state_metro,732.0,0.7011494252873564,26158.0,26020.0,22697.0
2020,45540,"The Villages, FL",state_metro,839.0,0.803639846743295,27527.0,27371.0,23563.0
2020,45780,"Toledo, OH",metro,756.0,0.7241379310344828,26465.0,26323.0,22891.0
2020,45820,"Topeka, KS",metro,820.0,0.7854406130268199,27284.0,27131.0,23409.0
2020,45940,"Trenton, NJ",metro,1422.0,1.3620689655172413,34986.0,34732.0,28281.0
2020,46060,"Tucson, AZ",metro,919.0,0.8802681992337165,28551.0,28381.0,24210.0
2020,46140,"Tulsa, OK",metro,858.0,0.8218390804597702,27770.0,27610.0,23717.0
2020,46220,"Tuscaloosa, AL",none,815.0,0.7806513409961686,27220.0,27068.0,23369.0
2020,46300,"Twin Falls, ID",state_metro,744.0,0.7126436781609196,26312.0,26171.0,22794.0
2020,46340,"Tyler, TX",metro,926.0,0.8869731800766284,28640.0,28469.0,24267.0
2020,46520,"Urban Honolulu, HI",metro,1724.0,1.6513409961685823,38850.0,38545.0,30725.0
2020,46540,"Utica-Rome, NY",metro,784.0,0.7509578544061303,26824.0,26676.0,23118.0
2020,46660,"Valdosta, GA",state_metro,717.0,0.6867816091954023,25967.0,25830.0,22576.0
2020,46700,"Vallejo-Fairfield, CA",metro,1431.0,1.3706896551724137,35101.0,34845.0,28354.0
2020,47020,"Victoria, TX",state_metro,939.0,0.8994252873563219,28807.0,28633.0,24372.0
2020,47220,"Vineland-Bridgeton, NJ",metro,1141.0,1.092911877394636,31391.0,31184.0,26007.0
2020,47260,"Virginia Beach-Norfolk-Newport News, VA-NC",metro,1111.0,1.064176245210728,31007.0,30805.0,25764.0
2020,47300,"Visalia-Porterville, CA",metro,857.0,0.8208812260536399,27758.0,27598.0,23709.0
2020,47380,"Waco, TX",metro,862.0,0.8256704980842912,27822.0,27661.0,23749.0
2020,47460,"Walla Walla, WA",state_metro,921.0,0.882183908045977,28576.0,28406.0,24227.0
2020,47580,"Warner Robins, GA",metro,808.0,0.7739463601532567,27131.0,26979.0,23312.0
2020,47900,"Washington-Arlington-Alexandria, DC-VA-MD-WV",metro,1693.0,1.621647509578544,38453.0,38154.0,30475.0
2020,47940,"Waterloo-Cedar Falls, IA",metro,797.0,0.7634099616858238,26990.0,26840.0,23223.0
2020,48060,"Watertown-Fort Drum, NY",metro,985.0,0.9434865900383141,29395.0,29214.0,24744.0
2020,48140,"Wausau, WI",metro,765.0,0.7327586206896551,26581.0,26436.0,22964.0
2020,48260,"Weirton-Steubenville, WV-OH",state_metro,643.0,0.6159003831417624,25020.0,24896.0,21977.0
2020,48300,"Wenatchee, WA",state_metro,886.0,0.8486590038314177,28129.0,27964.0,23943.0
2020,48540,"Wheeling, WV-OH",state_metro,697.0,0.6676245210727969,25711.0,25578.0,22414.0
2020,48620,"Wichita, KS",metro,812.0,0.7777777777777778,27182.0,27030.0,23344.0
2020,48660,"Wichita Falls, TX",metro,766.0,0.7337164750957854,26593.0,26449.0,22972.0
2020,48700,"Williamsport, PA",metro,789.0,0.7557471264367817,26888.0,26739.0,23158.0
2020,48900,"Wilmington, NC",state_metro,979.0,0.9377394636015326,29318.0,29138.0,24696.0
2020,49020,"Winchester, VA-WV",metro,1023.0,0.9798850574712644,29881.0,29694.0,25052.0
2020,49180,"Winston-Salem, NC",metro,747.0,0.7155172413793104,26350.0,26209.0,22818.0
2020,49420,"Yakima, WA",state_metro,824.0,0.789272030651341,27335.0,27181.0,23441.0
2020,49620,"York-Hanover, PA",metro,954.0,0.9137931034482759,28999.0,28823.0,24494.0
2020,49660,"Youngstown-Warren-Boardman, OH-PA",metro,684.0,0.6551724137931034,25544.0,25413.0,22308.0
2020,49700,"Yuba City, CA",none,916.0,0.8773946360153256,28512.0,28343.0,24186.0
2020,49740,"Yuma, AZ",metro,780.0,0.7471264367816092,26773.0,26626.0,23085.0
2020,70750,"Bangor, ME",metro,914.0,0.8754789272030651,28487.0,28318.0,24170.0
2020,70900,"Barnstable Town, MA",metro,1365.0,1.3074712643678161,34257.0,34012.0,27820.0
2020,71650,"Boston-Cambridge-Nashua, MA-NH",metro,1564.0,1.4980842911877394,36803.0,36525.0,29430.0
2020,71950,"Bridgeport-Stamford-Norwalk, CT",metro,1514.0,1.450191570881226,36163.0,35893.0,29026.0
2020,72400,"Burlington-South Burlington, VT",metro,1304.0,1.2490421455938698,33476.0,33242.0,27326.0
2020,72850,"Danbury, CT",none,1489.0,1.4262452107279693,35843.0,35578.0,28824.0
2020,73050,"Dover-Durham, NH-ME",none,1135.0,1.0871647509578544,31314.0,31108.0,25958.0
2020,73450,"Hartford-West Hartford-East Hartford, CT",metro,1175.0,1.1254789272030652,31826.0,31613.0,26282.0
2020,74500,"Leominster-Gardner, MA",state_metro,1037.0,0.9932950191570882,30060.0,29871.0,25165.0
2020,74650,"Lewiston-Auburn, ME",metro,827.0,0.7921455938697318,27374.0,27219.0,23466.0
2020,74950,"Manchester, NH",metro,1209.0,1.1580459770114941,32261.0,32042.0,26557.0
2020,75550,"New Bedford, MA",state_metro,890.0,0.8524904214559387,28180.0,28015.0,23976.0
2020,75700,"New Haven, CT",metro,1296.0,1.2413793103448276,33374.0,33141.0,27262.0
2020,76450,"Norwich-New London-Westerly, CT-RI",metro,1128.0,1.0804597701149425,31225.0,31020.0,25902.0
2020,76600,"Pittsfield, MA",state_metro,935.0,0.8955938697318008,28756.0,28583.0,24340.0
2020,76750,"Portland-South Portland, ME",metro,1176.0,1.1264367816091954,31839.0,31626.0,26290.0
2020,76900,"Portsmouth, NH-ME",none,1340.0,1.2835249042145593,33937.0,33696.0,27618.0
2020,77200,"Providence-Warwick, RI-MA",metro,1031.0,0.9875478927203065,29984.0,29795.0,25117.0
2020,78100,"Springfield, MA-CT",metro,1031.0,0.9875478927203065,29984.0,29795.0,25117.0
2020,78700,"Waterbury, CT",none,1028.0,0.9846743295019157,29945.0,29757.0,25093.0
2020,79600,"Worcester, MA-CT",metro,1136.0,1.0881226053639848,31327.0,31121.0,25967.0
2021,11500,"Anniston-Oxford-Jacksonville, AL",none,666.0,0.6166666666666667,26051.0,25836.0,22854.0
2021,12220,"Auburn-Opelika, AL",metro,849.0,0.7861111111111111,28439.0,28166.0,24368.0
2021,13820,"Birmingham-Hoover, AL",metro,904.0,0.837037037037037,29157.0,28866.0,24823.0
2021,19300,"Daphne-Fairhope-Foley, AL",metro,1031.0,0.9546296296296296,30814.0,30483.0,25874.0
2021,19460,"Decatur, AL",none,651.0,0.6027777777777777,25856.0,25645.0,22730.0
2021,20020,"Dothan, AL",none,674.0,0.6240740740740741,26156.0,25938.0,22920.0
2021,22520,"Florence-Muscle Shoals, AL",metro,689.0,0.637962962962963,26352.0,26129.0,23044.0
2021,23460,"Gadsden, AL",none,652.0,0.6037037037037037,25869.0,25658.0,22738.0
2021,26620,"Huntsville, AL",metro,842.0,0.7796296296296297,28348.0,28077.0,24310.0
2021,33660,"Mobile, AL",metro,841.0,0.7787037037037037,28335.0,28064.0,24302.0
2021,33860,"Montgomery, AL",metro,855.0,0.7916666666666666,28517.0,28243.0,24418.0
2021,46220,"Tuscaloosa, AL",none,834.0,0.7722222222222223,28243.0,27975.0,24244.0
2021,11260,"Anchorage, AK",state_metro,1246.0,1.1537037037037037,33619.0,33220.0,27652.0
2021,21820,"Fairbanks, AK",state_metro,1317.0,1.2194444444444446,34545.0,34124.0,28240.0
2021,22380,"Flagstaff, AZ",state_metro,1223.0,1.1324074074074073,33319.0,32928.0,27462.0
2021,29420,"Lake Havasu City-Kingman, AZ",state_metro,791.0,0.7324074074074074,27682.0,27428.0,23888.0
2021,38060,"Phoenix-Mesa-Scottsdale, AZ",metro,1138.0,1.0537037037037038,32210.0,31845.0,26759.0
2021,39140,"Prescott, AZ",metro,,,,,
2021,43420,"Sierra Vista-Douglas, AZ",state_metro,712.0,0.6592592592592592,26652.0,26422.0,23235.0
2021,46060,"Tucson, AZ",metro,954.0,0.8833333333333333,29809.0,29503.0,25237.0
2021,49740,"Yuma, AZ",metro,812.0,0.7518518518518519,27956.0,27695.0,24062.0
2021,12540,"Bakersfield, CA",metro,915.0,0.8472222222222222,29300.0,29006.0,24914.0
2021,17020,"Chico, CA",metro,1048.0,0.9703703703703703,31035.0,30700.0,26014.0
2021,20940,"El Centro, CA",none,840.0,0.7777777777777778,28322.0,28052.0,24293.0
2021,23420,"Fresno, CA",metro,983.0,0.9101851851851852,30187.0,29872.0,25477.0
2021,25260,"Hanford-Corcoran, CA",metro,905.0,0.8379629629629629,29170.0,28879.0,24831.0
2021,31080,"Los Angeles-Long Beach-Anaheim, CA",metro,1744.0,1.614814814814815,40116.0,39560.0,31772.0
2021,31460,"Madera, CA",none,939.0,0.8694444444444445,29613.0,29312.0,25113.0
2021,32900,"Merced, CA",none,920.0,0.8518518518518519,29365.0,29070.0,24955.0
2021,33700,"Modesto, CA",metro,1103.0,1.0212962962962964,31753.0,31400.0,26469.0
2021,34900,"Napa, CA",none,1813.0,1.6787037037037038,41017.0,40439.0,32343.0
2021,37100,"Oxnard-Thousand Oaks-Ventura, CA",metro,1776.0,1.6444444444444444,40534.0,39968.0,32037.0
2021,39820,"Redding, CA",metro,1007.0,0.9324074074074075,30501.0,30178.0,25675.0
2021,40140,"Riverside-San Bernardino-Ontario, CA",metro,1288.0,1.1925925925925926,34167.0,33755.0,28000.0
2021,40900,"Sacramento--Roseville--Arden-Arcade, CA",metro,1326.0,1.2277777777777779,34663.0,34239.0,28314.0
2021,41500,"Salinas, CA",metro,1530.0,1.4166666666666667,37324.0,36836.0,30002.0
2021,41740,"San Diego-Carlsbad, CA",metro,1764.0,1.6333333333333333,40377.0,39815.0,31938.0
2021,41860,"San Francisco-Oakland-Hayward, CA",metro,2124.0,1.9666666666666666,45074.0,44398.0,34916.0
2021,41940,"San Jose-Sunnyvale-Santa Clara, CA",metro,2425.0,2.2453703703703702,49001.0,48230.0,37406.0
2021,42020,"San Luis Obispo-Paso Robles-Arroyo Grande, CA",metro,1577.0,1.4601851851851853,37937.0,37434.0,30391.0
2021,42100,"Santa Cruz-Watsonville, CA",metro,1970.0,1.8240740740740742,43065.0,42437.0,33642.0
2021,42200,"Santa Maria-Santa Barbara, CA",metro,1700.0,1.5740740740740742,39542.0,39000.0,31408.0
2021,42220,"Santa Rosa, CA",metro,1795.0,1.662037037037037,40782.0,40210.0,32194.0
2021,44700,"Stockton-Lodi, CA",metro,1148.0,1.0629629629629629,32340.0,31973.0,26842.0
2021,46700,"Vallejo-Fairfield, CA",metro,1591.0,1.473148148148148,38120.0,37612.0,30507.0
2021,47300,"Visalia-Porterville, CA",metro,890.0,0.8240740740740741,28974.0,28688.0,24707.0
2021,49700,"Yuba City, CA",none,968.0,0.8962962962962963,29992.0,29681.0,25352.0
2021,14500,"Boulder, CO",metro,1605.0,1.4861111111111112,38303.0,37791.0,30622.0
2021,17820,"Colorado Springs, CO",metro,1162.0,1.075925925925926,32523.0,32151.0,26957.0
2021,19740,"Denver-Aurora-Lakewood, CO",metro,1504.0,1.3925925925925926,36985.0,36505.0,29787.0
2021,22660,"Fort Collins, CO",metro,1262.0,1.1685185185185185,33828.0,33424.0,27785.0
2021,24300,"Grand Junction, CO",none,847.0,0.7842592592592592,28413.0,28141.0,24351.0
2021,24540,"Greeley, CO",metro,1063.0,0.9842592592592593,31231.0,30891.0,26138.0
2021,39380,"Pueblo, CO",none,865.0,0.8009259259259259,28648.0,28370.0,24500.0
2021,15980,"Cape Coral-Fort Myers, FL",metro,1156.0,1.0703703703703704,32445.0,32075.0,26908.0
2021,18880,"Crestview-Fort Walton Beach-Destin, FL",state_metro,1045.0,0.9675925925925926,30996.0,30661.0,25989.0
2021,19660,"Deltona-Daytona Beach-Ormond Beach, FL",metro,1079.0,0.9990740740740741,31440.0,31094.0,26271.0
2021,23540,"Gainesville, FL",metro,988.0,0.9148148148148149,30253.0,29936.0,25518.0
2021,26140,"Homosassa Springs, FL",state_metro,797.0,0.7379629629629629,27761.0,27504.0,23938.0
2021,27260,"Jacksonville, FL",metro,1071.0,0.9916666666666667,31336.0,30992.0,26205.0
2021,29460,"Lakeland-Winter Haven, FL",metro,934.0,0.8648148148148148,29548.0,29248.0,25071.0
2021,33100,"Miami-Fort Lauderdale-West Palm Beach, FL",metro,1432.0,1.325925925925926,36046.0,35588.0,29191.0
2021,34940,"Naples-Immokalee-Marco Island, FL",metro,1328.0,1.2296296296296296,34689.0,34264.0,28331.0
2021,35840,"North Port-Sarasota-Bradenton, FL",metro,1207.0,1.1175925925925927,33110.0,32724.0,27330.0
2021,36100,"Ocala, FL",metro,882.0,0.8166666666666667,28870.0,28586.0,24641.0
2021,36740,"Orlando-Kissimmee-Sanford, FL",metro,1222.0,1.1314814814814815,33306.0,32915.0,27454.0
2021,37340,"Palm Bay-Melbourne-Titusville, FL",metro,1039.0,0.962037037037037,30918.0,30585.0,25940.0
2021,37460,"Panama City, FL",metro,1039.0,0.962037037037037,30918.0,30585.0,25940.0
2021,37860,"Pensacola-Ferry Pass-Brent, FL",metro,952.0,0.8814814814814815,29783.0,29477.0,25220.0
2021,38940,"Port St. Lucie, FL",metro,1126.0,1.0425925925925925,32053.0,31693.0,26660.0
2021,39460,"Punta Gorda, FL",state_metro,960.0,0.8888888888888888,29887.0,29579.0,25286.0
2021,42680,"Sebastian-Vero Beach, FL",state_metro,977.0,0.9046296296296297,30109.0,29796.0,25427.0
2021,42700,"Sebring, FL",state_metro,811.0,0.7509259259259259,27943.0,27682.0,24054.0
2021,45220,"Tallahassee, FL",metro,972.0,0.9,30044.0,29732.0,25386.0
2021,45300,"Tampa-St. Petersburg-Clearwater, FL",metro,1156.0,1.0703703703703704,32445.0,32075.0,26908.0
2021,45540,"The Villages, FL",state_metro,883.0,0.8175925925925925,28883.0,28599.0,24649.0
2021,27980,"Kahului-Wailuku-Lahaina, HI",metro,1518.0,1.4055555555555554,37168.0,36683.0,29903.0
2021,46520,"Urban Honolulu, HI",metro,1793.0,1.6601851851851852,40756.0,40184.0,32178.0
2021,29940,"Lawrence, KS",state_metro,914.0,0.8462962962962963,29287.0,28994.0,24906.0
2021,31740,"Manhattan, KS",state_metro,864.0,0.8,28635.0,28357.0,24492.0
2021,45820,"Topeka, KS",metro,827.0,0.7657407407407407,28152.0,27886.0,24186.0
2021,48620,"Wichita, KS",metro,833.0,0.7712962962962963,28230.0,27962.0,24236.0
2021,14540,"Bowling Green, KY",metro,794.0,0.7351851851851852,27722.0,27466.0,23913.0
2021,21060,"Elizabethtown-Fort Knox, KY",state_metro,739.0,0.6842592592592592,27004.0,26766.0,23458.0
2021,30460,"Lexington-Fayette, KY",metro,869.0,0.8046296296296296,28700.0,28421.0,24533.0
2021,36980,"Owensboro, KY",state_metro,797.0,0.7379629629629629,27761.0,27504.0,23938.0
2021,10780,"Alexandria, LA",state_metro,776.0,0.7185185185185186,27487.0,27237.0,23764.0
2021,12940,"Baton Rouge, LA",metro,904.0,0.837037037037037,29157.0,28866.0,24823.0
2021,25220,"Hammond, LA",state_metro,826.0,0.7648148148148148,28139.0,27873.0,24178.0
2021,26380,"Houma-Thibodaux, LA",state_metro,852.0,0.7888888888888889,28478.0,28204.0,24393.0
2021,29180,"Lafayette, LA",metro,806.0,0.7462962962962963,27878.0,27619.0,24012.0
2021,29340,"Lake Charles, LA",metro,837.0,0.775,28283.0,28013.0,24269.0
2021,33740,"Monroe, LA",metro,734.0,0.6796296296296296,26939.0,26702.0,23417.0
2021,35380,"New Orleans-Metairie, LA",metro,1035.0,0.9583333333333334,30866.0,30534.0,25907.0
2021,43340,"Shreveport-Bossier City, LA",metro,836.0,0.774074074074074,28269.0,28001.0,24260.0
2021,12580,"Baltimore-Columbia-Towson, MD",metro,1357.0,1.2564814814814815,35067.0,34633.0,28571.0
2021,15680,"California-Lexington Park, MD",metro,1352.0,1.2518518518518518,35002.0,34570.0,28529.0
2021,70900,"Barnstable Town, MA",metro,1406.0,1.3018518518518518,35706.0,35257.0,28976.0
2021,74500,"Leominster-Gardner, MA",state_metro,1040.0,0.9629629629629629,30931.0,30598.0,25948.0
2021,75550,"New Bedford, MA",state_metro,927.0,0.8583333333333333,29457.0,29159.0,25013.0
2021,76600,"Pittsfield, MA",state_metro,955.0,0.8842592592592593,29822.0,29516.0,25245.0
2021,11460,"Ann Arbor, MI",metro,1210.0,1.1203703703703705,33149.0,32762.0,27354.0
2021,12980,"Battle Creek, MI",metro,803.0,0.7435185185185185,27839.0,27581.0,23987.0
2021,13020,"Bay City, MI",state_metro,755.0,0.6990740740740741,27213.0,26969.0,23590.0
2021,19820,"Detroit-Warren-Dearborn, MI",metro,991.0,0.9175925925925926,30292.0,29974.0,25543.0
2021,22420,"Flint, MI",metro,789.0,0.7305555555555555,27656.0,27402.0,23872.0
2021,24340,"Grand Rapids-Wyoming, MI",metro,926.0,0.8574074074074074,29444.0,29146.0,25005.0
2021,27100,"Jackson, MI",metro,797.0,0.7379629629629629,27761.0,27504.0,23938.0
2021,28020,"Kalamazoo-Portage, MI",metro,887.0,0.8212962962962963,28935.0,28650.0,24682.0
2021,29620,"Lansing-East Lansing, MI",metro,907.0,0.8398148148148148,29196.0,28905.0,24848.0
2021,33220,"Midland, MI",state_metro,825.0,0.7638888888888888,28126.0,27861.0,24169.0
2021,33780,"Monroe, MI",metro,897.0,0.8305555555555556,29065.0,28777.0,24765.0
2021,34740,"Muskegon, MI",metro,809.0,0.7490740740740741,27917.0,27657.0,24037.0
2021,35660,"Niles-Benton Harbor, MI",metro,808.0,0.7481481481481481,27904.0,27644.0,24029.0
2021,40980,"Saginaw, MI",metro,775.0,0.7175925925925926,27474.0,27224.0,23756.0
2021,25060,"Gulfport-Biloxi-Pascagoula, MS",state_metro,831.0,0.7694444444444445,28204.0,27937.0,24219.0
2021,25620,"Hattiesburg, MS",state_metro,789.0,0.7305555555555555,27656.0,27402.0,23872.0
2021,27140,"Jackson, MS",metro,877.0,0.812037037037037,28804.0,28523.0,24600.0
2021,13740,"Billings, MT",metro,885.0,0.8194444444444444,28909.0,28624.0,24666.0
2021,24500,"Great Falls, MT",state_metro,778.0,0.7203703703703703,27513.0,27262.0,23781.0
2021,33540,"Missoula, MT",state_metro,940.0,0.8703703703703703,29626.0,29325.0,25121.0
2021,16180,"Carson City, NV",state_metro,958.0,0.8870370370370371,29861.0,29554.0,25270.0
2021,29820,"Las Vegas-Henderson-Paradise, NV",metro,1103.0,1.0212962962962964,31753.0,31400.0,26469.0
2021,39900,"Reno, NV",state_metro,1142.0,1.0574074074074074,32262.0,31896.0,26792.0
2021,10740,"Albuquerque, NM",metro,907.0,0.8398148148148148,29196.0,28905.0,24848.0
2021,22140,"Farmington, NM",metro,744.0,0.6888888888888889,27069.0,26829.0,23499.0
2021,29740,"Las Cruces, NM",metro,716.0,0.662962962962963,26704.0,26473.0,23268.0
2021,42140,"Santa Fe, NM",metro,1119.0,1.0361111111111112,31962.0,31604.0,26602.0
2021,10580,"Albany-Schenectady-Troy, NY",metro,1109.0,1.026851851851852,31831.0,31476.0,26519.0
2021,13780,"Binghamton, NY",metro,813.0,0.7527777777777778,27969.0,27708.0,24070.0
2021,15380,"Buffalo-Cheektowaga-Niagara Falls, NY",metro,836.0,0.774074074074074,28269.0,28001.0,24260.0
2021,21300,"Elmira, NY",none,865.0,0.8009259259259259,28648.0,28370.0,24500.0
2021,24020,"Glens Falls, NY",metro,933.0,0.8638888888888889,29535.0,29236.0,25063.0
2021,27060,"Ithaca, NY",none,1164.0,1.0777777777777777,32549.0,32176.0,26974.0
2021,28740,"Kingston, NY",none,1217.0,1.1268518518518518,33240.0,32851.0,27412.0
2021,40380,"Rochester, NY",metro,975.0,0.9027777777777778,30083.0,29770.0,25410.0
2021,45060,"Syracuse, NY",metro,902.0,0.8351851851851851,29131.0,28841.0,24806.0
2021,46540,"Utica-Rome, NY",metro,801.0,0.7416666666666667,27813.0,27555.0,23971.0
2021,48060,"Watertown-Fort Drum, NY",metro,983.0,0.9101851851851852,30187.0,29872.0,25477.0
2021,13900,"Bismarck, ND",state_metro,859.0,0.7953703703703704,28570.0,28293.0,24451.0
2021,21420,"Enid, OK",state_metro,809.0,0.7490740740740741,27917.0,27657.0,24037.0
2021,30020,"Lawton, OK",state_metro,736.0,0.6814814814814815,26965.0,26728.0,23433.0
2021,36420,"Oklahoma City, OK",metro,879.0,0.8138888888888889,28831.0,28548.0,24616.0
2021,46140,"Tulsa, OK",metro,867.0,0.8027777777777778,28674.0,28395.0,24517.0
2021,39660,"Rapid City, SD",state_metro,887.0,0.8212962962962963,28935.0,28650.0,24682.0
2021,43620,"Sioux Falls, SD",metro,843.0,0.7805555555555556,28361.0,28090.0,24318.0
2021,10180,"Abilene, TX",metro,900.0,0.8333333333333334,29105.0,28815.0,24790.0
2021,11100,"Amarillo, TX",metro,874.0,0.8092592592592592,28765.0,28484.0,24575.0
2021,12420,"Austin-Round Rock, TX",metro,1375.0,1.2731481481481481,35302.0,34863.0,28720.0
2021,13140,"Beaumont-Port Arthur, TX",metro,851.0,0.787962962962963,28465.0,28192.0,24384.0
2021,15180,"Brownsville-Harlingen, TX",metro,733.0,0.6787037037037037,26926.0,26689.0,23408.0
2021,17780,"College Station-Bryan, TX",metro,914.0,0.8462962962962963,29287.0,28994.0,24906.0
2021,18580,"Corpus Christi, TX",metro,1070.0,0.9907407407407407,31323.0,30980.0,26196.0
2021,19100,"Dallas-Fort Worth-Arlington, TX",metro,1206.0,1.1166666666666667,33097.0,32711.0,27321.0
2021,21340,"El Paso, TX",metro,803.0,0.7435185185185185,27839.0,27581.0,23987.0
2021,26420,"Houston-The Woodlands-Sugar Land, TX",metro,1140.0,1.0555555555555556,32236.0,31871.0,26775.0
2021,28660,"Killeen-Temple, TX",metro,834.0,0.7722222222222223,28243.0,27975.0,24244.0
2021,29700,"Laredo, TX",metro,842.0,0.7796296296296297,28348.0,28077.0,24310.0
2021,30980,"Longview, TX",metro,837.0,0.775,28283.0,28013.0,24269.0
2021,31180,"Lubbock, TX",metro,908.0,0.8407407407407408,29209.0,28917.0,24856.0
2021,32580,"McAllen-Edinburg-Mission, TX",metro,744.0,0.6888888888888889,27069.0,26829.0,23499.0
2021,33260,"Midland, TX",state_metro,1279.0,1.1842592592592593,34049.0,33640.0,27925.0
2021,36220,"Odessa, TX",metro,1101.0,1.0194444444444444,31727.0,31374.0,26453.0
2021,41660,"San Angelo, TX",state_metro,913.0,0.8453703703703703,29274.0,28981.0,24897.0
2021,41700,"San Antonio-New Braunfels, TX",metro,1094.0,1.012962962962963,31636.0,31285.0,26395.0
2021,43300,"Sherman-Denison, TX",metro,880.0,0.8148148148148148,28844.0,28561.0,24624.0
2021,46340,"Tyler, TX",metro,933.0,0.8638888888888889,29535.0,29236.0,25063.0
2021,47020,"Victoria, TX",state_metro,983.0,0.9101851851851852,30187.0,29872.0,25477.0
2021,47380,"Waco, TX",metro,884.0,0.8185185185185185,28896.0,28612.0,24657.0
2021,48660,"Wichita Falls, TX",metro,783.0,0.725,27578.0,27326.0,23822.0
2021,36260,"Ogden-Clearfield, UT",metro,952.0,0.8814814814814815,29783.0,29477.0,25220.0
2021,39340,"Provo-Orem, UT",metro,958.0,0.8870370370370371,29861.0,29554.0,25270.0
2021,41100,"St. George, UT",metro,950.0,0.8796296296296297,29757.0,29452.0,25204.0
2021,41620,"Salt Lake City, UT",metro,1156.0,1.0703703703703704,32445.0,32075.0,26908.0
2021,72400,"Burlington-South Burlington, VT",metro,1330.0,1.2314814814814814,34715.0,34290.0,28347.0
2021,13380,"Bellingham, WA",state_metro,1093.0,1.012037037037037,31623.0,31273.0,26387.0
2021,14740,"Bremerton-Silverdale, WA",state_metro,1320.0,1.2222222222222223,34584.0,34162.0,28265.0
2021,28420,"Kennewick-Richland, WA",metro,1002.0,0.9277777777777778,30435.0,30114.0,25634.0
2021,31020,"Longview, WA",state_metro,865.0,0.8009259259259259,28648.0,28370.0,24500.0
2021,34580,"Mount Vernon-Anacortes, WA",metro,1092.0,1.011111111111111,31610.0,31260.0,26378.0
2021,36500,"Olympia-Tumwater, WA",state_metro,1206.0,1.1166666666666667,33097.0,32711.0,27321.0
2021,42660,"Seattle-Tacoma-Bellevue, WA",metro,1597.0,1.4787037037037036,38198.0,37689.0,30556.0
2021,44060,"Spokane-Spokane Valley, WA",metro,940.0,0.8703703703703703,29626.0,29325.0,25121.0
2021,47460,"Walla Walla, WA",state_metro,982.0,0.9092592592592592,30174.0,29859.0,25468.0
2021,48300,"Wenatchee, WA",state_metro,941.0,0.8712962962962963,29639.0,29337.0,25129.0
2021,49420,"Yakima, WA",state_metro,876.0,0.8111111111111111,28791.0,28510.0,24591.0
2021,11540,"Appleton, WI",metro,830.0,0.7685185185185185,28191.0,27924.0,24211.0
2021,20740,"Eau Claire, WI",none,831.0,0.7694444444444445,28204.0,27937.0,24219.0
2021,22540,"Fond du Lac, WI",none,804.0,0.7444444444444445,27852.0,27593.0,23996.0
2021,24580,"Green Bay, WI",metro,830.0,0.7685185185185185,28191.0,27924.0,24211.0
2021,27500,"Janesville-Beloit, WI",metro,860.0,0.7962962962962963,28583.0,28306.0,24459.0
2021,31540,"Madison, WI",metro,1125.0,1.0416666666666667,32040.0,31680.0,26651.0
2021,33340,"Milwaukee-Waukesha-West Allis, WI",metro,939.0,0.8694444444444445,29613.0,29312.0,25113.0
2021,36780,"Oshkosh-Neenah, WI",metro,803.0,0.7435185185185185,27839.0,27581.0,23987.0
2021,39540,"Racine, WI",metro,867.0,0.8027777777777778,28674.0,28395.0,24517.0
2021,43100,"Sheboygan, WI",none,750.0,0.6944444444444444,27147.0,26906.0,23549.0
2021,48140,"Wausau, WI",metro,782.0,0.7240740740740741,27565.0,27313.0,23814.0
2021,16220,"Casper, WY",state_metro,798.0,0.7388888888888889,27774.0,27517.0,23946.0
2021,16940,"Cheyenne, WY",state_metro,873.0,0.8083333333333333,28752.0,28472.0,24566.0
2021,26300,"Hot Springs, AR",state_metro,776.0,0.7185185185185186,27487.0,27237.0,23764.0
2021,27860,"Jonesboro, AR",state_metro,740.0,0.6851851851851852,27017.0,26779.0,23466.0
2021,30780,"Little Rock-North Little Rock-Conway, AR",metro,828.0,0.7666666666666667,28165.0,27899.0,24194.0
2021,38220,"Pine Bluff, AR",metro,731.0,0.6768518518518518,26900.0,26664.0,23392.0
2021,22900,"Fort Smith, AR-OK",metro,684.0,0.6333333333333333,26286.0,26066.0,23003.0
2021,45500,"Texarkana, TX-AR",state_metro,736.0,0.6814814814814815,26965.0,26728.0,23433.0
2021,71950,"Bridgeport-Stamford-Norwalk, CT",metro,1563.0,1.4472222222222222,37755.0,37256.0,30275.0
2021,72850,"Danbury, CT",none,1482.0,1.3722222222222222,36698.0,36225.0,29605.0
2021,73450,"Hartford-West Hartford-East Hartford, CT",metro,1208.0,1.1185185185185185,33123.0,32737.0,27338.0
2021,75700,"New Haven, CT",metro,1299.0,1.2027777777777777,34310.0,33895.0,28091.0
2021,78700,"Waterbury, CT",none,1046.0,0.9685185185185186,31009.0,30674.0,25998.0
2021,78100,"Springfield, MA-CT",metro,1054.0,0.975925925925926,31114.0,30776.0,26064.0
2021,79600,"Worcester, MA-CT",metro,1145.0,1.0601851851851851,32301.0,31935.0,26817.0
2021,20100,"Dover, DE",metro,1025.0,0.9490740740740741,30735.0,30407.0,25824.0
2021,41540,"Salisbury, MD-DE",metro,997.0,0.9231481481481482,30370.0,30050.0,25592.0
2021,10500,"Albany, GA",state_metro,712.0,0.6592592592592592,26652.0,26422.0,23235.0
2021,12020,"Athens-Clarke County, GA",metro,830.0,0.7685185185185185,28191.0,27924.0,24211.0
2021,12060,"Atlanta-Sandy Springs-Roswell, GA",metro,1159.0,1.0731481481481482,32484.0,32113.0,26933.0
2021,15260,"Brunswick, GA",state_metro,792.0,0.7333333333333333,27695.0,27441.0,23896.0
2021,19140,"Dalton, GA",state_metro,681.0,0.6305555555555555,26247.0,26027.0,22978.0
2021,23580,"Gainesville, GA",metro,952.0,0.8814814814814815,29783.0,29477.0,25220.0
2021,25980,"Hinesville, GA",state_metro,855.0,0.7916666666666666,28517.0,28243.0,24418.0
2021,31420,"Macon, GA",metro,813.0,0.7527777777777778,27969.0,27708.0,24070.0
2021,40660,"Rome, GA",state_metro,758.0,0.7018518518518518,27252.0,27008.0,23615.0
2021,42340,"Savannah, GA",metro,1040.0,0.9629629629629629,30931.0,30598.0,25948.0
2021,46660,"Valdosta, GA",state_metro,734.0,0.6796296296296296,26939.0,26702.0,23417.0
2021,47580,"Warner Robins, GA",metro,833.0,0.7712962962962963,28230.0,27962.0,24236.0
2021,17980,"Columbus, GA-AL",metro,836.0,0.774074074074074,28269.0,28001.0,24260.0
2021,14260,"Boise City, ID",metro,946.0,0.8759259259259259,29705.0,29401.0,25170.0
2021,17660,"Coeur d'Alene, ID",metro,904.0,0.837037037037037,29157.0,28866.0,24823.0
2021,26820,"Idaho Falls, ID",metro,762.0,0.7055555555555556,27304.0,27059.0,23648.0
2021,38540,"Pocatello, ID",state_metro,684.0,0.6333333333333333,26286.0,26066.0,23003.0
2021,46300,"Twin Falls, ID",state_metro,773.0,0.7157407407407408,27448.0,27199.0,23739.0
2021,30860,"Logan, UT-ID",state_metro,747.0,0.6916666666666667,27108.0,26868.0,23524.0
2021,30300,"Lewiston, ID-WA",state_metro,781.0,0.7231481481481481,27552.0,27300.0,23805.0
2021,14010,"Bloomington, IL",metro,875.0,0.8101851851851852,28778.0,28497.0,24583.0
2021,16060,"Carbondale-Marion, IL",metro,723.0,0.6694444444444444,26795.0,26562.0,23326.0
2021,16580,"Champaign-Urbana, IL",metro,890.0,0.8240740740740741,28974.0,28688.0,24707.0
2021,19180,"Danville, IL",state_metro,720.0,0.6666666666666666,26756.0,26524.0,23301.0
2021,19500,"Decatur, IL",state_metro,707.0,0.6546296296296297,26586.0,26358.0,23193.0
2021,28100,"Kankakee, IL",state_metro,887.0,0.8212962962962963,28935.0,28650.0,24682.0
2021,37900,"Peoria, IL",metro,803.0,0.7435185185185185,27839.0,27581.0,23987.0
2021,40420,"Rockford, IL",metro,826.0,0.7648148148148148,28139.0,27873.0,24178.0
2021,44100,"Springfield, IL",metro,832.0,0.7703703703703704,28217.0,27950.0,24227.0
2021,70750,"Bangor, ME",metro,917.0,0.8490740740740741,29326.0,29032.0,24930.0
2021,74650,"Lewiston-Auburn, ME",metro,830.0,0.7685185185185185,28191.0,27924.0,24211.0
2021,76750,"Portland-South Portland, ME",metro,1243.0,1.150925925925926,33580.0,33182.0,27628.0
2021,31860,"Mankato-North Mankato, MN",state_metro,898.0,0.8314814814814815,29078.0,28790.0,24773.0
2021,40340,"Rochester, MN",state_metro,974.0,0.9018518518518519,30070.0,29758.0,25402.0
2021,41060,"St. Cloud, MN",state_metro,871.0,0.8064814814814815,28726.0,28446.0,24550.0
2021,22020,"Fargo, ND-MN",metro,845.0,0.7824074074074074,28387.0,28115.0,24335.0
2021,24220,"Grand Forks, ND-MN",state_metro,819.0,0.7583333333333333,28048.0,27784.0,24120.0
2021,20260,"Duluth, MN-WI",state_metro,857.0,0.7935185185185185,28543.0,28268.0,24434.0
2021,29100,"La Crosse-Onalaska, WI-MN",none,871.0,0.8064814814814815,28726.0,28446.0,24550.0
2021,33460,"Minneapolis-St. Paul-Bloomington, MN-WI",metro,1214.0,1.124074074074074,33201.0,32813.0,27388.0
2021,24260,"Grand Island, NE",state_metro,781.0,0.7231481481481481,27552.0,27300.0,23805.0
2021,30700,"Lincoln, NE",state_metro,874.0,0.8092592592592592,28765.0,28484.0,24575.0
2021,11700,"Asheville, NC",metro,924.0,0.8555555555555555,29418.0,29121.0,24988.0
2021,15500,"Burlington, NC",metro,802.0,0.7425925925925926,27826.0,27568.0,23979.0
2021,20500,"Durham-Chapel Hill, NC",metro,1062.0,0.9833333333333333,31218.0,30878.0,26130.0
2021,22180,"Fayetteville, NC",metro,835.0,0.7731481481481481,28256.0,27988.0,24252.0
2021,24140,"Goldsboro, NC",metro,716.0,0.662962962962963,26704.0,26473.0,23268.0
2021,24660,"Greensboro-High Point, NC",metro,825.0,0.7638888888888888,28126.0,27861.0,24169.0
2021,24780,"Greenville, NC",metro,782.0,0.7240740740740741,27565.0,27313.0,23814.0
2021,25860,"Hickory-Lenoir-Morganton, NC",metro,677.0,0.6268518518518519,26195.0,25976.0,22945.0
2021,27340,"Jacksonville, NC",metro,856.0,0.7925925925925926,28530.0,28255.0,24426.0
2021,35100,"New Bern, NC",state_metro,797.0,0.7379629629629629,27761.0,27504.0,23938.0
2021,39580,"Raleigh, NC",metro,1139.0,1.0546296296296296,32223.0,31858.0,26767.0
2021,40580,"Rocky Mount, NC",state_metro,703.0,0.6509259259259259,26534.0,26307.0,23160.0
2021,48900,"Wilmington, NC",state_metro,1002.0,0.9277777777777778,30435.0,30114.0,25634.0
2021,49180,"Winston-Salem, NC",metro,766.0,0.7092592592592593,27356.0,27110.0,23681.0
2021,10540,"Albany, OR",state_metro,997.0,0.9231481481481482,30370.0,30050.0,25592.0
2021,13460,"Bend-Redmond, OR",metro,1177.0,1.0898148148148148,32719.0,32342.0,27081.0
2021,18700,"Corvallis, OR",state_metro,1152.0,1.0666666666666667,32392.0,32024.0,26875.0
2021,21660,"Eugene, OR",metro,1032.0,0.9555555555555556,30827.0,30496.0,25882.0
2021,24420,"Grants Pass, OR",state_metro,918.0,0.85,29339.0,29045.0,24939.0
2021,32780,"Medford, OR",metro,1034.0,0.9574074074074074,30853.0,30521.0,25898.0
2021,41420,"Salem, OR",metro,1021.0,0.9453703703703704,30683.0,30356.0,25791.0
2021,38900,"Portland-Vancouver-Hillsboro, OR-WA",metro,1333.0,1.2342592592592592,34754.0,34328.0,28372.0
2021,11180,"Ames, IA",state_metro,885.0,0.8194444444444444,28909.0,28624.0,24666.0
2021,16300,"Cedar Rapids, IA",metro,808.0,0.7481481481481481,27904.0,27644.0,24029.0
2021,19780,"Des Moines-West Des Moines, IA",metro,946.0,0.8759259259259259,29705.0,29401.0,25170.0
2021,20220,"Dubuque, IA",state_metro,835.0,0.7731481481481481,28256.0,27988.0,24252.0
2021,26980,"Iowa City, IA",metro,953.0,0.8824074074074074,29796.0,29490.0,25228.0
2021,47940,"Waterloo-Cedar Falls, IA",metro,802.0,0.7425925925925926,27826.0,27568.0,23979.0
2021,19340,"Davenport-Moline-Rock Island, IA-IL",metro,806.0,0.7462962962962963,27878.0,27619.0,24012.0
2021,36540,"Omaha-Council Bluffs, NE-IA",metro,966.0,0.8944444444444445,29966.0,29656.0,25336.0
2021,43580,"Sioux City, IA-NE-SD",state_metro,820.0,0.7592592592592593,28061.0,27797.0,24128.0
2021,17860,"Columbia, MO",state_metro,826.0,0.7648148148148148,28139.0,27873.0,24178.0
2021,27620,"Jefferson City, MO",state_metro,681.0,0.6305555555555555,26247.0,26027.0,22978.0
2021,27900,"Joplin, MO",state_metro,747.0,0.6916666666666667,27108.0,26868.0,23524.0
2021,44180,"Springfield, MO",metro,746.0,0.6907407407407408,27095.0,26855.0,23516.0
2021,28140,"Kansas City, MO-KS",metro,978.0,0.9055555555555556,30122.0,29808.0,25435.0
2021,41140,"St. Joseph, MO-KS",state_metro,770.0,0.7129629629629629,27408.0,27160.0,23714.0
2021,22220,"Fayetteville-Springdale-Rogers, AR-MO",metro,803.0,0.7435185185185185,27839.0,27581.0,23987.0
2021,16020,"Cape Girardeau, MO-IL",state_metro,778.0,0.7203703703703703,27513.0,27262.0,23781.0
2021,41180,"St. Louis, MO-IL",metro,928.0,0.8592592592592593,29470.0,29172.0,25022.0
2021,12100,"Atlantic City-Hammonton, NJ",metro,1166.0,1.0796296296296297,32575.0,32202.0,26990.0
2021,36140,"Ocean City, NJ",state_metro,1213.0,1.1231481481481482,33188.0,32800.0,27379.0
2021,45940,"Trenton, NJ",metro,1431.0,1.325,36033.0,35576.0,29183.0
2021,47220,"Vineland-Bridgeton, NJ",metro,1116.0,1.0333333333333334,31923.0,31565.0,26577.0
2021,10420,"Akron, OH",metro,860.0,0.7962962962962963,28583.0,28306.0,24459.0
2021,15940,"Canton-Massillon, OH",metro,753.0,0.6972222222222222,27187.0,26944.0,23574.0
2021,17460,"Cleveland-Elyria, OH",metro,858.0,0.7944444444444444,28557.0,28281.0,24442.0
2021,18140,"Columbus, OH",metro,1000.0,0.9259259259259259,30409.0,30089.0,25617.0
2021,19380,"Dayton, OH",metro,,,,,
2021,30620,"Lima, OH",state_metro,723.0,0.6694444444444444,26795.0,26562.0,23326.0
2021,31900,"Mansfield, OH",state_metro,632.0,0.5851851851851851,25608.0,25404.0,22573.0
2021,44220,"Springfield, OH",state_metro,768.0,0.7111111111111111,27382.0,27135.0,23698.0
2021,45780,"Toledo, OH",metro,780.0,0.7222222222222222,27539.0,27288.0,23797.0
2021,77200,"Providence-Warwick, RI-MA",metro,1068.0,0.9888888888888889,31296.0,30954.0,26180.0
2021,76450,"Norwich-New London-Westerly, CT-RI",metro,1150.0,1.0648148148148149,32366.0,31998.0,26858.0
2021,16700,"Charleston-North Charleston, SC",metro,1154.0,1.0685185185185184,32418.0,32049.0,26891.0
2021,17900,"Columbia, SC",metro,911.0,0.8435185185185186,29248.0,28955.0,24881.0
2021,22500,"Florence, SC",metro,731.0,0.6768518518518518,26900.0,26664.0,23392.0
2021,24860,"Greenville-Anderson-Mauldin, SC",metro,851.0,0.787962962962963,28465.0,28192.0,24384.0
2021,25940,"Hilton Head Island-Bluffton-Beaufort, SC",metro,1158.0,1.0722222222222222,32471.0,32100.0,26924.0
2021,43900,"Spartanburg, SC",metro,794.0,0.7351851851851852,27722.0,27466.0,23913.0
2021,44940,"Sumter, SC",state_metro,751.0,0.6953703703703704,27160.0,26919.0,23557.0
2021,12260,"Augusta-Richmond County, GA-SC",metro,831.0,0.7694444444444445,28204.0,27937.0,24219.0
2021,16740,"Charlotte-Concord-Gastonia, NC-SC",metro,1016.0,0.9407407407407408,30618.0,30292.0,25750.0
2021,34820,"Myrtle Beach-Conway-North Myrtle Beach, SC-NC",metro,907.0,0.8398148148148148,29196.0,28905.0,24848.0
2021,13980,"Blacksburg-Christiansburg-Radford, VA",metro,838.0,0.7759259259259259,28296.0,28026.0,24277.0
2021,16820,"Charlottesville, VA",metro,1208.0,1.1185185185185185,33123.0,32737.0,27338.0
2021,25500,"Harrisonburg, VA",state_metro,870.0,0.8055555555555556,28713.0,28434.0,24542.0
2021,31340,"Lynchburg, VA",state_metro,760.0,0.7037037037037037,27278.0,27033.0,23632.0
2021,40060,"Richmond, VA",metro,1100.0,1.0185185185185186,31714.0,31362.0,26444.0
2021,40220,"Roanoke, VA",metro,811.0,0.7509259259259259,27943.0,27682.0,24054.0
2021,44420,"Staunton-Waynesboro, VA",state_metro,826.0,0.7648148148148148,28139.0,27873.0,24178.0
2021,47260,"Virginia Beach-Norfolk-Newport News, VA-NC",metro,1121.0,1.037962962962963,31988.0,31629.0,26618.0
2021,14020,"Bloomington, IN",metro,926.0,0.8574074074074074,29444.0,29146.0,25005.0
2021,18020,"Columbus, IN",state_metro,915.0,0.8472222222222222,29300.0,29006.0,24914.0
2021,21140,"Elkhart-Goshen, IN",metro,825.0,0.7638888888888888,28126.0,27861.0,24169.0
2021,23060,"Fort Wayne, IN",metro,785.0,0.7268518518518519,27604.0,27351.0,23838.0
2021,26900,"Indianapolis-Carmel-Anderson, IN",metro,924.0,0.8555555555555555,29418.0,29121.0,24988.0
2021,29020,"Kokomo, IN",state_metro,739.0,0.6842592592592592,27004.0,26766.0,23458.0
2021,29200,"Lafayette-West Lafayette, IN",metro,908.0,0.8407407407407408,29209.0,28917.0,24856.0
2021,33140,"Michigan City-La Porte, IN",state_metro,762.0,0.7055555555555556,27304.0,27059.0,23648.0
2021,34620,"Muncie, IN",state_metro,723.0,0.6694444444444444,26795.0,26562.0,23326.0
2021,45460,"Terre Haute, IN",metro,775.0,0.7175925925925926,27474.0,27224.0,23756.0
2021,21780,"Evansville, IN-KY",metro,831.0,0.7694444444444445,28204.0,27937.0,24219.0
2021,31140,"Louisville/Jefferson County, KY-IN",metro,885.0,0.8194444444444444,28909.0,28624.0,24666.0
2021,43780,"South Bend-Mishawaka, IN-MI",metro,839.0,0.7768518518518519,28309.0,28039.0,24285.0
2021,16980,"Chicago-Naperville-Elgin, IL-IN-WI",metro,1156.0,1.0703703703703704,32445.0,32075.0,26908.0
2021,17140,"Cincinnati, OH-KY-IN",metro,885.0,0.8194444444444444,28909.0,28624.0,24666.0
2021,74950,"Manchester, NH",metro,1258.0,1.1648148148148147,33775.0,33373.0,27752.0
2021,71650,"Boston-Cambridge-Nashua, MA-NH",metro,1647.0,1.525,38851.0,38325.0,30970.0
2021,73050,"Dover-Durham, NH-ME",none,1186.0,1.098148148148148,32836.0,32456.0,27156.0
2021,76900,"Portsmouth, NH-ME",none,1406.0,1.3018518518518518,35706.0,35257.0,28976.0
2021,11020,"Altoona, PA",state_metro,757.0,0.700925925925926,27239.0,26995.0,23607.0
2021,14100,"Bloomsburg-Berwick, PA",state_metro,790.0,0.7314814814814815,27669.0,27415.0,23880.0
2021,16540,"Chambersburg-Waynesboro, PA",metro,878.0,0.812962962962963,28817.0,28535.0,24608.0
2021,20700,"East Stroudsburg, PA",metro,1066.0,0.987037037037037,31270.0,30929.0,26163.0
2021,21500,"Erie, PA",metro,801.0,0.7416666666666667,27813.0,27555.0,23971.0
2021,23900,"Gettysburg, PA",state_metro,927.0,0.8583333333333333,29457.0,29159.0,25013.0
2021,25420,"Harrisburg-Carlisle, PA",metro,993.0,0.9194444444444444,30318.0,29999.0,25559.0
2021,27780,"Johnstown, PA",metro,651.0,0.6027777777777777,25856.0,25645.0,22730.0
2021,29540,"Lancaster, PA",metro,1068.0,0.9888888888888889,31296.0,30954.0,26180.0
2021,30140,"Lebanon, PA",state_metro,894.0,0.8277777777777777,29026.0,28739.0,24740.0
2021,38300,"Pittsburgh, PA",metro,880.0,0.8148148148148148,28844.0,28561.0,24624.0
2021,39740,"Reading, PA",metro,984.0,0.9111111111111111,30200.0,29885.0,25485.0
2021,42540,"Scranton--Wilkes-Barre--Hazleton, PA",metro,787.0,0.7287037037037037,27630.0,27377.0,23855.0
2021,44300,"State College, PA",state_metro,1077.0,0.9972222222222222,31414.0,31069.0,26254.0
2021,48700,"Williamsport, PA",metro,793.0,0.7342592592592593,27708.0,27453.0,23905.0
2021,49620,"York-Hanover, PA",metro,960.0,0.8888888888888888,29887.0,29579.0,25286.0
2021,35620,"New York-Newark-Jersey City, NY-NJ-PA",metro,1529.0,1.4157407407407407,37311.0,36823.0,29994.0
2021,10900,"Allentown-Bethlehem-Easton, PA-NJ",metro,1137.0,1.0527777777777778,32197.0,31833.0,26751.0
2021,37980,"Philadelphia-Camden-Wilmington, PA-NJ-DE-MD",metro,1234.0,1.1425925925925926,33462.0,33068.0,27553.0
2021,49660,"Youngstown-Warren-Boardman, OH-PA",metro,684.0,0.6333333333333333,26286.0,26066.0,23003.0
2021,17420,"Cleveland, TN",metro,750.0,0.6944444444444444,27147.0,26906.0,23549.0
2021,27180,"Jackson, TN",none,716.0,0.662962962962963,26704.0,26473.0,23268.0
2021,27740,"Johnson City, TN",metro,736.0,0.6814814814814815,26965.0,26728.0,23433.0
2021,28940,"Knoxville, TN",metro,848.0,0.7851851851851852,28426.0,28153.0,24360.0
2021,34100,"Morristown, TN",none,700.0,0.6481481481481481,26495.0,26269.0,23135.0
2021,34980,"Nashville-Davidson--Murfreesboro--Franklin, TN",metro,1111.0,1.0287037037037037,31857.0,31502.0,26535.0
2021,17300,"Clarksville, TN-KY",metro,839.0,0.7768518518518519,28309.0,28039.0,24285.0
2021,32820,"Memphis, TN-MS-AR",metro,892.0,0.825925925925926,29000.0,28714.0,24724.0
2021,16860,"Chattanooga, TN-GA",metro,837.0,0.775,28283.0,28013.0,24269.0
2021,28700,"Kingsport-Bristol-Bristol, TN-VA",metro,665.0,0.6157407407407407,26038.0,25824.0,22846.0
2021,13220,"Beckley, WV",state_metro,671.0,0.6212962962962963,26117.0,25900.0,22895.0
2021,16620,"Charleston, WV",metro,739.0,0.6842592592592592,27004.0,26766.0,23458.0
2021,34060,"Morgantown, WV",metro,863.0,0.799074074074074,28622.0,28344.0,24484.0
2021,37620,"Parkersburg-Vienna, WV",state_metro,690.0,0.6388888888888888,26365.0,26142.0,23053.0
2021,19060,"Cumberland, MD-WV",none,715.0,0.6620370370370371,26691.0,26460.0,23259.0
2021,25180,"Hagerstown-Martinsburg, MD-WV",metro,901.0,0.8342592592592593,29118.0,28828.0,24798.0
2021,48260,"Weirton-Steubenville, WV-OH",state_metro,642.0,0.5944444444444444,25738.0,25531.0,22655.0
2021,48540,"Wheeling, WV-OH",state_metro,703.0,0.6509259259259259,26534.0,26307.0,23160.0
2021,26580,"Huntington-Ashland, WV-KY-OH",metro,719.0,0.6657407407407407,26743.0,26511.0,23292.0
2021,49020,"Winchester, VA-WV",metro,1056.0,0.9777777777777777,31140.0,30801.0,26080.0
2021,47900,"Washington-Arlington-Alexandria, DC-VA-MD-WV",metro,1721.0,1.5935185185185186,39816.0,39267.0,31582.0
2022,10180,"Abilene, TX",metro,935.0,0.8130434782608695,31659.0,31432.0,27104.0
2022,10420,"Akron, OH",metro,897.0,0.78,31154.0,30936.0,26785.0
2022,10500,"Albany, GA",state_metro,745.0,0.6478260869565218,29133.0,28954.0,25509.0
2022,10540,"Albany, OR",state_metro,1059.0,0.9208695652173913,33308.0,33048.0,28145.0
2022,10580,"Albany-Schenectady-Troy, NY",metro,1153.0,1.0026086956521738,34558.0,34274.0,28934.0
2022,10740,"Albuquerque, NM",metro,946.0,0.8226086956521739,31805.0,31575.0,27196.0
2022,10780,"Alexandria, LA",state_metro,791.0,0.6878260869565217,29744.0,29554.0,25895.0
2022,10900,"Allentown-Bethlehem-Easton, PA-NJ",metro,1187.0,1.0321739130434782,35010.0,34717.0,29220.0
2022,11020,"Altoona, PA",state_metro,779.0,0.6773913043478261,29585.0,29398.0,25794.0
2022,11100,"Amarillo, TX",metro,918.0,0.7982608695652174,31433.0,31210.0,26961.0
2022,11180,"Ames, IA",state_metro,917.0,0.7973913043478261,31420.0,31197.0,26953.0
2022,11260,"Anchorage, AK",state_metro,1271.0,1.105217391304348,36127.0,35813.0,29925.0
2022,11460,"Ann Arbor, MI",metro,1290.0,1.1217391304347826,36380.0,36060.0,30084.0
2022,11500,"Anniston-Oxford-Jacksonville, AL",none,693.0,0.6026086956521739,28441.0,28276.0,25072.0
2022,11540,"Appleton, WI",metro,886.0,0.7704347826086957,31008.0,30793.0,26692.0
2022,11700,"Asheville, NC",metro,998.0,0.8678260869565217,32497.0,32253.0,27633.0
2022,12020,"Athens-Clarke County, GA",metro,890.0,0.7739130434782608,31061.0,30845.0,26726.0
2022,12060,"Atlanta-Sandy Springs-Roswell, GA",metro,1231.0,1.0704347826086957,35595.0,35291.0,29589.0
2022,12100,"Atlantic City-Hammonton, NJ",metro,1221.0,1.0617391304347825,35462.0,35161.0,29505.0
2022,12220,"Auburn-Opelika, AL",metro,877.0,0.7626086956521739,30888.0,30675.0,26617.0
2022,12260,"Augusta-Richmond County, GA-SC",metro,869.0,0.7556521739130435,30782.0,30571.0,26550.0
2022,12420,"Austin-Round Rock, TX",metro,1456.0,1.2660869565217392,38587.0,38225.0,31478.0
2022,12540,"Bakersfield, CA",metro,967.0,0.8408695652173913,32085.0,31849.0,27372.0
2022,12580,"Baltimore-Columbia-Towson, MD",metro,1430.0,1.2434782608695651,38241.0,37886.0,31260.0
2022,12940,"Baton Rouge, LA",metro,961.0,0.8356521739130435,32005.0,31771.0,27322.0
2022,12980,"Battle Creek, MI",metro,856.0,0.7443478260869565,30609.0,30402.0,26441.0
2022,13020,"Bay City, MI",state_metro,757.0,0.6582608695652173,29292.0,29111.0,25609.0
2022,13140,"Beaumont-Port Arthur, TX",metro,911.0,0.7921739130434783,31340.0,31119.0,26902.0
2022,13220,"Beckley, WV",state_metro,692.0,0.6017391304347826,28428.0,28263.0,25064.0
2022,13380,"Bellingham, WA",state_metro,1190.0,1.0347826086956522,35050.0,34757.0,29245.0
2022,13460,"Bend-Redmond, OR",metro,1297.0,1.1278260869565218,36473.0,36152.0,30143.0
2022,13740,"Billings, MT",metro,943.0,0.82,31766.0,31536.0,27171.0
2022,13780,"Binghamton, NY",metro,844.0,0.7339130434782609,30449.0,30245.0,26340.0
2022,13820,"Birmingham-Hoover, AL",metro,963.0,0.837391304347826,32031.0,31797.0,27339.0
2022,13900,"Bismarck, ND",state_metro,878.0,0.7634782608695653,30901.0,30688.0,26625.0
2022,13980,"Blacksburg-Christiansburg-Radford, VA",metro,886.0,0.7704347826086957,31008.0,30793.0,26692.0
2022,14010,"Bloomington, IL",metro,912.0,0.7930434782608695,31353.0,31132.0,26911.0
2022,14020,"Bloomington, IN",metro,967.0,0.8408695652173913,32085.0,31849.0,27372.0
2022,14100,"Bloomsburg-Berwick, PA",state_metro,854.0,0.7426086956521739,30582.0,30375.0,26424.0
2022,14260,"Boise City, ID",metro,1034.0,0.8991304347826087,32976.0,32722.0,27935.0
2022,14500,"Boulder, CO",metro,1711.0,1.4878260869565216,41978.0,41550.0,33619.0
2022,14540,"Bowling Green, KY",metro,828.0,0.72,30236.0,30036.0,26205.0
2022,14740,"Bremerton-Silverdale, WA",state_metro,1439.0,1.251304347826087,38361.0,38003.0,31335.0
2022,15180,"Brownsville-Harlingen, TX",metro,761.0,0.6617391304347826,29345.0,29163.0,25643.0
2022,15260,"Brunswick, GA",state_metro,865.0,0.7521739130434782,30728.0,30519.0,26516.0
2022,15380,"Buffalo-Cheektowaga-Niagara Falls, NY",metro,875.0,0.7608695652173914,30861.0,30649.0,26600.0
2022,15500,"Burlington, NC",metro,852.0,0.7408695652173913,30556.0,30349.0,26407.0
2022,15680,"California-Lexington Park, MD",metro,1442.0,1.2539130434782608,38401.0,38042.0,31361.0
2022,15940,"Canton-Massillon, OH",metro,780.0,0.6782608695652174,29598.0,29411.0,25802.0
2022,15980,"Cape Coral-Fort Myers, FL",metro,1230.0,1.0695652173913044,35582.0,35278.0,29581.0
2022,16020,"Cape Girardeau, MO-IL",state_metro,790.0,0.6869565217391305,29731.0,29541.0,25886.0
2022,16060,"Carbondale-Marion, IL",metro,759.0,0.66,29319.0,29137.0,25626.0
2022,16180,"Carson City, NV",state_metro,1010.0,0.8782608695652174,32656.0,32410.0,27734.0
2022,16220,"Casper, WY",state_metro,844.0,0.7339130434782609,30449.0,30245.0,26340.0
2022,16300,"Cedar Rapids, IA",metro,873.0,0.7591304347826087,30835.0,30623.0,26583.0
2022,16540,"Chambersburg-Waynesboro, PA",metro,924.0,0.8034782608695652,31513.0,31288.0,27011.0
2022,16580,"Champaign-Urbana, IL",metro,928.0,0.8069565217391305,31566.0,31340.0,27045.0
2022,16620,"Charleston, WV",metro,793.0,0.6895652173913044,29771.0,29580.0,25912.0
2022,16700,"Charleston-North Charleston, SC",metro,1226.0,1.0660869565217392,35529.0,35226.0,29547.0
2022,16740,"Charlotte-Concord-Gastonia, NC-SC",metro,1091.0,0.948695652173913,33733.0,33466.0,28414.0
2022,16820,"Charlottesville, VA",metro,1291.0,1.122608695652174,36393.0,36074.0,30093.0
2022,16860,"Chattanooga, TN-GA",metro,882.0,0.7669565217391304,30954.0,30741.0,26659.0
2022,16940,"Cheyenne, WY",state_metro,925.0,0.8043478260869565,31526.0,31301.0,27020.0
2022,16980,"Chicago-Naperville-Elgin, IL-IN-WI",metro,1209.0,1.051304347826087,35303.0,35004.0,29404.0
2022,17020,"Chico, CA",metro,1122.0,0.9756521739130435,34146.0,33870.0,28674.0
2022,17140,"Cincinnati, OH-KY-IN",metro,935.0,0.8130434782608695,31659.0,31432.0,27104.0
2022,17300,"Clarksville, TN-KY",metro,872.0,0.7582608695652174,30821.0,30610.0,26575.0
2022,17420,"Cleveland, TN",metro,793.0,0.6895652173913044,29771.0,29580.0,25912.0
2022,17460,"Cleveland-Elyria, OH",metro,901.0,0.7834782608695652,31207.0,30988.0,26818.0
2022,17660,"Coeur d'Alene, ID",metro,959.0,0.8339130434782609,31978.0,31745.0,27305.0
2022,17780,"College Station-Bryan, TX",metro,955.0,0.8304347826086956,31925.0,31692.0,27272.0
2022,17820,"Colorado Springs, CO",metro,1240.0,1.0782608695652174,35715.0,35409.0,29665.0
2022,17860,"Columbia, MO",state_metro,861.0,0.7486956521739131,30675.0,30467.0,26483.0
2022,17900,"Columbia, SC",metro,949.0,0.8252173913043478,31845.0,31614.0,27221.0
2022,17980,"Columbus, GA-AL",metro,865.0,0.7521739130434782,30728.0,30519.0,26516.0
2022,18020,"Columbus, IN",state_metro,984.0,0.8556521739130435,32311.0,32071.0,27515.0
2022,18140,"Columbus, OH",metro,1074.0,0.9339130434782609,33507.0,33244.0,28271.0
2022,18580,"Corpus Christi, TX",metro,1103.0,0.9591304347826087,33893.0,33622.0,28514.0
2022,18700,"Corvallis, OR",state_metro,1207.0,1.0495652173913044,35276.0,34978.0,29388.0
2022,18880,"Crestview-Fort Walton Beach-Destin, FL",state_metro,1115.0,0.9695652173913043,34053.0,33779.0,28615.0
2022,19060,"Cumberland, MD-WV",none,713.0,0.62,28707.0,28537.0,25240.0
2022,19100,"Dallas-Fort Worth-Arlington, TX",metro,1294.0,1.1252173913043477,36433.0,36113.0,30118.0
2022,19140,"Dalton, GA",state_metro,718.0,0.6243478260869565,28774.0,28602.0,25282.0
2022,19180,"Danville, IL",state_metro,756.0,0.6573913043478261,29279.0,29098.0,25601.0
2022,19300,"Daphne-Fairhope-Foley, AL",metro,1060.0,0.9217391304347826,33321.0,33061.0,28153.0
2022,19340,"Davenport-Moline-Rock Island, IA-IL",metro,837.0,0.7278260869565217,30356.0,30154.0,26281.0
2022,19380,"Dayton, OH",metro,,,,,
2022,19460,"Decatur, AL",none,678.0,0.5895652173913043,28242.0,28081.0,24946.0
2022,19500,"Decatur, IL",state_metro,744.0,0.6469565217391304,29119.0,28941.0,25500.0
2022,19660,"Deltona-Daytona Beach-Ormond Beach, FL",metro,1128.0,0.9808695652173913,34225.0,33948.0,28724.0
2022,19740,"Denver-Aurora-Lakewood, CO",metro,1616.0,1.4052173913043478,40714.0,40311.0,32822.0
2022,19780,"Des Moines-West Des Moines, IA",metro,981.0,0.8530434782608696,32271.0,32031.0,27490.0
2022,19820,"Detroit-Warren-Dearborn, MI",metro,1056.0,0.9182608695652174,33268.0,33009.0,28120.0
2022,20020,"Dothan, AL",none,706.0,0.6139130434782609,28614.0,28446.0,25181.0
2022,20100,"Dover, DE",metro,1062.0,0.9234782608695652,33348.0,33088.0,28170.0
2022,20220,"Dubuque, IA",state_metro,866.0,0.7530434782608696,30742.0,30532.0,26524.0
2022,20260,"Duluth, MN-WI",state_metro,894.0,0.7773913043478261,31114.0,30897.0,26760.0
2022,20500,"Durham-Chapel Hill, NC",metro,1128.0,0.9808695652173913,34225.0,33948.0,28724.0
2022,20700,"East Stroudsburg, PA",metro,1164.0,1.0121739130434784,34704.0,34418.0,29027.0
2022,20740,"Eau Claire, WI",none,869.0,0.7556521739130435,30782.0,30571.0,26550.0
2022,20940,"El Centro, CA",none,884.0,0.768695652173913,30981.0,30767.0,26676.0
2022,21060,"Elizabethtown-Fort Knox, KY",state_metro,767.0,0.6669565217391304,29425.0,29241.0,25693.0
2022,21140,"Elkhart-Goshen, IN",metro,857.0,0.7452173913043478,30622.0,30415.0,26449.0
2022,21300,"Elmira, NY",none,918.0,0.7982608695652174,31433.0,31210.0,26961.0
2022,21340,"El Paso, TX",metro,851.0,0.74,30542.0,30336.0,26399.0
2022,21420,"Enid, OK",state_metro,850.0,0.7391304347826086,30529.0,30323.0,26390.0
2022,21500,"Erie, PA",metro,819.0,0.7121739130434782,30117.0,29919.0,26130.0
2022,21660,"Eugene, OR",metro,1094.0,0.951304347826087,33773.0,33505.0,28439.0
2022,21780,"Evansville, IN-KY",metro,871.0,0.7573913043478261,30808.0,30597.0,26566.0
2022,21820,"Fairbanks, AK",state_metro,1351.0,1.174782608695652,37191.0,36856.0,30597.0
2022,22020,"Fargo, ND-MN",metro,869.0,0.7556521739130435,30782.0,30571.0,26550.0
2022,22140,"Farmington, NM",metro,779.0,0.6773913043478261,29585.0,29398.0,25794.0
2022,22180,"Fayetteville, NC",metro,877.0,0.7626086956521739,30888.0,30675.0,26617.0
2022,22220,"Fayetteville-Springdale-Rogers, AR-MO",metro,864.0,0.7513043478260869,30715.0,30506.0,26508.0
2022,22380,"Flagstaff, AZ",state_metro,1328.0,1.154782608695652,36885.0,36556.0,30404.0
2022,22420,"Flint, MI",metro,847.0,0.7365217391304347,30489.0,30284.0,26365.0
2022,22500,"Florence, SC",metro,754.0,0.6556521739130434,29252.0,29072.0,25584.0
2022,22520,"Florence-Muscle Shoals, AL",metro,725.0,0.6304347826086957,28867.0,28693.0,25341.0
2022,22540,"Fond du Lac, WI",none,834.0,0.7252173913043478,30316.0,30115.0,26256.0
2022,22660,"Fort Collins, CO",metro,1352.0,1.1756521739130434,37204.0,36869.0,30605.0
2022,22900,"Fort Smith, AR-OK",metro,721.0,0.6269565217391304,28814.0,28641.0,25307.0
2022,23060,"Fort Wayne, IN",metro,843.0,0.7330434782608696,30436.0,30232.0,26331.0
2022,23420,"Fresno, CA",metro,1049.0,0.9121739130434783,33175.0,32918.0,28061.0
2022,23460,"Gadsden, AL",none,715.0,0.6217391304347826,28734.0,28563.0,25257.0
2022,23540,"Gainesville, FL",metro,1076.0,0.9356521739130435,33534.0,33270.0,28288.0
2022,23580,"Gainesville, GA",metro,1048.0,0.9113043478260869,33162.0,32905.0,28053.0
2022,23900,"Gettysburg, PA",state_metro,968.0,0.8417391304347827,32098.0,31862.0,27381.0
2022,24020,"Glens Falls, NY",metro,972.0,0.8452173913043478,32151.0,31914.0,27414.0
2022,24140,"Goldsboro, NC",metro,789.0,0.6860869565217391,29718.0,29528.0,25878.0
2022,24220,"Grand Forks, ND-MN",state_metro,846.0,0.7356521739130435,30476.0,30271.0,26357.0
2022,24260,"Grand Island, NE",state_metro,831.0,0.7226086956521739,30276.0,30076.0,26231.0
2022,24300,"Grand Junction, CO",none,879.0,0.7643478260869565,30915.0,30701.0,26634.0
2022,24340,"Grand Rapids-Wyoming, MI",metro,990.0,0.8608695652173913,32390.0,32149.0,27566.0
2022,24420,"Grants Pass, OR",state_metro,1026.0,0.8921739130434783,32869.0,32618.0,27868.0
2022,24500,"Great Falls, MT",state_metro,795.0,0.691304347826087,29798.0,29606.0,25928.0
2022,24540,"Greeley, CO",metro,1146.0,0.9965217391304347,34465.0,34183.0,28875.0
2022,24580,"Green Bay, WI",metro,880.0,0.7652173913043478,30928.0,30714.0,26642.0
2022,24660,"Greensboro-High Point, NC",metro,870.0,0.7565217391304347,30795.0,30584.0,26558.0
2022,24780,"Greenville, NC",metro,833.0,0.7243478260869565,30303.0,30102.0,26247.0
2022,24860,"Greenville-Anderson-Mauldin, SC",metro,911.0,0.7921739130434783,31340.0,31119.0,26902.0
2022,25060,"Gulfport-Biloxi-Pascagoula, MS",state_metro,868.0,0.7547826086956522,30768.0,30558.0,26541.0
2022,25180,"Hagerstown-Martinsburg, MD-WV",metro,949.0,0.8252173913043478,31845.0,31614.0,27221.0
2022,25220,"Hammond, LA",state_metro,849.0,0.7382608695652174,30516.0,30310.0,26382.0
2022,25260,"Hanford-Corcoran, CA",metro,955.0,0.8304347826086956,31925.0,31692.0,27272.0
2022,25420,"Harrisburg-Carlisle, PA",metro,1049.0,0.9121739130434783,33175.0,32918.0,28061.0
2022,25500,"Harrisonburg, VA",state_metro,921.0,0.8008695652173913,31473.0,31249.0,26986.0
2022,25620,"Hattiesburg, MS",state_metro,856.0,0.7443478260869565,30609.0,30402.0,26441.0
2022,25860,"Hickory-Lenoir-Morganton, NC",metro,712.0,0.6191304347826087,28694.0,28524.0,25231.0
2022,25940,"Hilton Head Island-Bluffton-Beaufort, SC",metro,1204.0,1.0469565217391303,35236.0,34939.0,29362.0
2022,25980,"Hinesville, GA",state_metro,898.0,0.7808695652173913,31167.0,30949.0,26793.0
2022,26140,"Homosassa Springs, FL",state_metro,841.0,0.731304347826087,30409.0,30206.0,26315.0
2022,26300,"Hot Springs, AR",state_metro,823.0,0.7156521739130435,30170.0,29971.0,26163.0
2022,26380,"Houma-Thibodaux, LA",state_metro,901.0,0.7834782608695652,31207.0,30988.0,26818.0
2022,26420,"Houston-The Woodlands-Sugar Land, TX",metro,1190.0,1.0347826086956522,35050.0,34757.0,29245.0
2022,26580,"Huntington-Ashland, WV-KY-OH",metro,748.0,0.6504347826086957,29173.0,28993.0,25534.0
2022,26620,"Huntsville, AL",metro,881.0,0.7660869565217391,30941.0,30727.0,26650.0
2022,26820,"Idaho Falls, ID",metro,823.0,0.7156521739130435,30170.0,29971.0,26163.0
2022,26900,"Indianapolis-Carmel-Anderson, IN",metro,987.0,0.8582608695652174,32351.0,32110.0,27540.0
2022,26980,"Iowa City, IA",metro,991.0,0.8617391304347826,32404.0,32162.0,27574.0
2022,27060,"Ithaca, NY",none,1306.0,1.1356521739130434,36592.0,36269.0,30219.0
2022,27100,"Jackson, MI",metro,859.0,0.7469565217391304,30649.0,30441.0,26466.0
2022,27140,"Jackson, MS",metro,920.0,0.8,31460.0,31236.0,26978.0
2022,27180,"Jackson, TN",none,759.0,0.66,29319.0,29137.0,25626.0
2022,27260,"Jacksonville, FL",metro,1147.0,0.9973913043478261,34478.0,34196.0,28884.0
2022,27340,"Jacksonville, NC",metro,904.0,0.7860869565217391,31247.0,31027.0,26844.0
2022,27500,"Janesville-Beloit, WI",metro,903.0,0.7852173913043479,31234.0,31014.0,26835.0
2022,27620,"Jefferson City, MO",state_metro,708.0,0.6156521739130435,28641.0,28472.0,25198.0
2022,27740,"Johnson City, TN",metro,778.0,0.6765217391304348,29572.0,29384.0,25786.0
2022,27780,"Johnstown, PA",metro,663.0,0.5765217391304348,28042.0,27885.0,24820.0
2022,27860,"Jonesboro, AR",state_metro,765.0,0.6652173913043479,29399.0,29215.0,25676.0
2022,27900,"Joplin, MO",state_metro,780.0,0.6782608695652174,29598.0,29411.0,25802.0
2022,27980,"Kahului-Wailuku-Lahaina, HI",metro,1695.0,1.4739130434782608,41765.0,41341.0,33485.0
2022,28020,"Kalamazoo-Portage, MI",metro,927.0,0.8060869565217391,31553.0,31327.0,27037.0
2022,28100,"Kankakee, IL",state_metro,935.0,0.8130434782608695,31659.0,31432.0,27104.0
2022,28140,"Kansas City, MO-KS",metro,1041.0,0.9052173913043479,33069.0,32814.0,27994.0
2022,28420,"Kennewick-Richland, WA",metro,1068.0,0.928695652173913,33428.0,33166.0,28221.0
2022,28660,"Killeen-Temple, TX",metro,884.0,0.768695652173913,30981.0,30767.0,26676.0
2022,28700,"Kingsport-Bristol-Bristol, TN-VA",metro,706.0,0.6139130434782609,28614.0,28446.0,25181.0
2022,28740,"Kingston, NY",none,1314.0,1.142608695652174,36699.0,36373.0,30286.0
2022,28940,"Knoxville, TN",metro,905.0,0.7869565217391304,31260.0,31040.0,26852.0
2022,29020,"Kokomo, IN",state_metro,796.0,0.6921739130434783,29811.0,29619.0,25937.0
2022,29100,"La Crosse-Onalaska, WI-MN",none,924.0,0.8034782608695652,31513.0,31288.0,27011.0
2022,29180,"Lafayette, LA",metro,841.0,0.731304347826087,30409.0,30206.0,26315.0
2022,29200,"Lafayette-West Lafayette, IN",metro,946.0,0.8226086956521739,31805.0,31575.0,27196.0
2022,29340,"Lake Charles, LA",metro,944.0,0.8208695652173913,31779.0,31549.0,27179.0
2022,29420,"Lake Havasu City-Kingman, AZ",state_metro,850.0,0.7391304347826086,30529.0,30323.0,26390.0
2022,29460,"Lakeland-Winter Haven, FL",metro,1009.0,0.8773913043478261,32643.0,32396.0,27725.0
2022,29540,"Lancaster, PA",metro,1121.0,0.9747826086956521,34132.0,33857.0,28666.0
2022,29620,"Lansing-East Lansing, MI",metro,953.0,0.828695652173913,31899.0,31666.0,27255.0
2022,29700,"Laredo, TX",metro,883.0,0.7678260869565218,30968.0,30754.0,26667.0
2022,29740,"Las Cruces, NM",metro,738.0,0.6417391304347826,29040.0,28863.0,25450.0
2022,29820,"Las Vegas-Henderson-Paradise, NV",metro,1183.0,1.028695652173913,34957.0,34665.0,29186.0
2022,29940,"Lawrence, KS",state_metro,960.0,0.8347826086956521,31992.0,31758.0,27314.0
2022,30020,"Lawton, OK",state_metro,763.0,0.6634782608695652,29372.0,29189.0,25660.0
2022,30140,"Lebanon, PA",state_metro,937.0,0.8147826086956522,31686.0,31458.0,27121.0
2022,30300,"Lewiston, ID-WA",state_metro,816.0,0.7095652173913043,30077.0,29880.0,26105.0
2022,30460,"Lexington-Fayette, KY",metro,917.0,0.7973913043478261,31420.0,31197.0,26953.0
2022,30620,"Lima, OH",state_metro,769.0,0.668695652173913,29452.0,29267.0,25710.0
2022,30700,"Lincoln, NE",state_metro,926.0,0.8052173913043478,31539.0,31314.0,27028.0
2022,30780,"Little Rock-North Little Rock-Conway, AR",metro,862.0,0.7495652173913043,30688.0,30480.0,26491.0
2022,30860,"Logan, UT-ID",state_metro,815.0,0.7086956521739131,30064.0,29867.0,26096.0
2022,30980,"Longview, TX",metro,878.0,0.7634782608695653,30901.0,30688.0,26625.0
2022,31020,"Longview, WA",state_metro,950.0,0.8260869565217391,31859.0,31627.0,27230.0
2022,31080,"Los Angeles-Long Beach-Anaheim, CA",metro,1851.0,1.6095652173913044,43839.0,43375.0,34795.0
2022,31140,"Louisville/Jefferson County, KY-IN",metro,940.0,0.8173913043478261,31726.0,31497.0,27146.0
2022,31180,"Lubbock, TX",metro,957.0,0.8321739130434782,31952.0,31718.0,27289.0
2022,31340,"Lynchburg, VA",state_metro,819.0,0.7121739130434782,30117.0,29919.0,26130.0
2022,31420,"Macon, GA",metro,851.0,0.74,30542.0,30336.0,26399.0
2022,31460,"Madera, CA",none,1011.0,0.8791304347826087,32670.0,32423.0,27742.0
2022,31540,"Madison, WI",metro,1174.0,1.0208695652173914,34837.0,34548.0,29111.0
2022,31740,"Manhattan, KS",state_metro,907.0,0.788695652173913,31287.0,31067.0,26869.0
2022,31860,"Mankato-North Mankato, MN",state_metro,941.0,0.8182608695652174,31739.0,31510.0,27154.0
2022,31900,"Mansfield, OH",state_metro,664.0,0.577391304347826,28056.0,27898.0,24828.0
2022,32580,"McAllen-Edinburg-Mission, TX",metro,787.0,0.6843478260869565,29691.0,29502.0,25861.0
2022,32780,"Medford, OR",metro,1083.0,0.9417391304347826,33627.0,33361.0,28346.0
2022,32820,"Memphis, TN-MS-AR",metro,940.0,0.8173913043478261,31726.0,31497.0,27146.0
2022,32900,"Merced, CA",none,989.0,0.86,32377.0,32136.0,27557.0
2022,33100,"Miami-Fort Lauderdale-West Palm Beach, FL",metro,1526.0,1.3269565217391304,39518.0,39138.0,32066.0
2022,33140,"Michigan City-La Porte, IN",state_metro,808.0,0.7026086956521739,29970.0,29776.0,26038.0
2022,33220,"Midland, MI",state_metro,865.0,0.7521739130434782,30728.0,30519.0,26516.0
2022,33260,"Midland, TX",state_metro,1296.0,1.1269565217391304,36459.0,36139.0,30135.0
2022,33340,"Milwaukee-Waukesha-West Allis, WI",metro,988.0,0.8591304347826086,32364.0,32123.0,27549.0
2022,33460,"Minneapolis-St. Paul-Bloomington, MN-WI",metro,1291.0,1.122608695652174,36393.0,36074.0,30093.0
2022,33540,"Missoula, MT",state_metro,1006.0,0.8747826086956522,32603.0,32357.0,27700.0
2022,33660,"Mobile, AL",metro,891.0,0.7747826086956522,31074.0,30858.0,26734.0
2022,33700,"Modesto, CA",metro,1180.0,1.0260869565217392,34917.0,34626.0,29161.0
2022,33740,"Monroe, LA",metro,779.0,0.6773913043478261,29585.0,29398.0,25794.0
2022,33780,"Monroe, MI",metro,951.0,0.8269565217391305,31872.0,31640.0,27238.0
2022,33860,"Montgomery, AL",metro,892.0,0.7756521739130435,31087.0,30871.0,26743.0
2022,34060,"Morgantown, WV",metro,899.0,0.7817391304347826,31180.0,30962.0,26802.0
2022,34100,"Morristown, TN",none,726.0,0.6313043478260869,28880.0,28706.0,25349.0
2022,34580,"Mount Vernon-Anacortes, WA",metro,1179.0,1.0252173913043479,34904.0,34613.0,29152.0
2022,34620,"Muncie, IN",state_metro,761.0,0.6617391304347826,29345.0,29163.0,25643.0
2022,34740,"Muskegon, MI",metro,861.0,0.7486956521739131,30675.0,30467.0,26483.0
2022,34820,"Myrtle Beach-Conway-North Myrtle Beach, SC-NC",metro,968.0,0.8417391304347827,32098.0,31862.0,27381.0
2022,34900,"Napa, CA",none,1932.0,1.68,44916.0,44432.0,35475.0
2022,34940,"Naples-Immokalee-Marco Island, FL",metro,1390.0,1.208695652173913,37709.0,37364.0,30924.0
2022,34980,"Nashville-Davidson--Murfreesboro--Franklin, TN",metro,1187.0,1.0321739130434782,35010.0,34717.0,29220.0
2022,35100,"New Bern, NC",state_metro,834.0,0.7252173913043478,30316.0,30115.0,26256.0
2022,35380,"New Orleans-Metairie, LA",metro,1082.0,0.9408695652173913,33614.0,33348.0,28338.0
2022,35620,"New York-Newark-Jersey City, NY-NJ-PA",metro,1616.0,1.4052173913043478,40714.0,40311.0,32822.0
2022,35660,"Niles-Benton Harbor, MI",metro,855.0,0.7434782608695653,30595.0,30388.0,26432.0
2022,35840,"North Port-Sarasota-Bradenton, FL",metro,1305.0,1.1347826086956523,36579.0,36256.0,30210.0
2022,36100,"Ocala, FL",metro,941.0,0.8182608695652174,31739.0,31510.0,27154.0
2022,36140,"Ocean City, NJ",state_metro,1264.0,1.0991304347826087,36034.0,35721.0,29866.0
2022,36220,"Odessa, TX",metro,1163.0,1.011304347826087,34691.0,34405.0,29018.0
2022,36260,"Ogden-Clearfield, UT",metro,1025.0,0.8913043478260869,32856.0,32605.0,27859.0
2022,36420,"Oklahoma City, OK",metro,928.0,0.8069565217391305,31566.0,31340.0,27045.0
2022,36500,"Olympia-Tumwater, WA",state_metro,1306.0,1.1356521739130434,36592.0,36269.0,30219.0
2022,36540,"Omaha-Council Bluffs, NE-IA",metro,1019.0,0.8860869565217391,32776.0,32527.0,27809.0
2022,36740,"Orlando-Kissimmee-Sanford, FL",metro,1322.0,1.1495652173913042,36805.0,36478.0,30353.0
2022,36780,"Oshkosh-Neenah, WI",metro,836.0,0.7269565217391304,30343.0,30141.0,26273.0
2022,36980,"Owensboro, KY",state_metro,823.0,0.7156521739130435,30170.0,29971.0,26163.0
2022,37100,"Oxnard-Thousand Oaks-Ventura, CA",metro,1905.0,1.6565217391304348,44557.0,44079.0,35248.0
2022,37340,"Palm Bay-Melbourne-Titusville, FL",metro,1118.0,0.9721739130434782,34092.0,33818.0,28640.0
2022,37460,"Panama City, FL",metro,1148.0,0.9982608695652174,34491.0,34209.0,28892.0
2022,37620,"Parkersburg-Vienna, WV",state_metro,761.0,0.6617391304347826,29345.0,29163.0,25643.0
2022,37860,"Pensacola-Ferry Pass-Brent, FL",metro,1008.0,0.8765217391304347,32630.0,32383.0,27717.0
2022,37900,"Peoria, IL",metro,846.0,0.7356521739130435,30476.0,30271.0,26357.0
2022,37980,"Philadelphia-Camden-Wilmington, PA-NJ-DE-MD",metro,1303.0,1.1330434782608696,36552.0,36230.0,30194.0
2022,38060,"Phoenix-Mesa-Scottsdale, AZ",metro,1236.0,1.0747826086956522,35662.0,35356.0,29631.0
2022,38220,"Pine Bluff, AR",metro,754.0,0.6556521739130434,29252.0,29072.0,25584.0
2022,38300,"Pittsburgh, PA",metro,928.0,0.8069565217391305,31566.0,31340.0,27045.0
2022,38540,"Pocatello, ID",state_metro,725.0,0.6304347826086957,28867.0,28693.0,25341.0
2022,38900,"Portland-Vancouver-Hillsboro, OR-WA",metro,1425.0,1.2391304347826086,38175.0,37821.0,31218.0
2022,38940,"Port St. Lucie, FL",metro,1180.0,1.0260869565217392,34917.0,34626.0,29161.0
2022,39140,"Prescott, AZ",metro,,,,,
2022,39340,"Provo-Orem, UT",metro,1028.0,0.8939130434782608,32896.0,32644.0,27885.0
2022,39380,"Pueblo, CO",none,900.0,0.782608695652174,31194.0,30975.0,26810.0
2022,39460,"Punta Gorda, FL",state_metro,1026.0,0.8921739130434783,32869.0,32618.0,27868.0
2022,39540,"Racine, WI",metro,893.0,0.7765217391304348,31101.0,30884.0,26751.0
2022,39580,"Raleigh, NC",metro,1205.0,1.0478260869565217,35249.0,34952.0,29371.0
2022,39660,"Rapid City, SD",state_metro,964.0,0.8382608695652174,32045.0,31810.0,27347.0
2022,39740,"Reading, PA",metro,1023.0,0.8895652173913043,32829.0,32579.0,27843.0
2022,39820,"Redding, CA",metro,1068.0,0.928695652173913,33428.0,33166.0,28221.0
2022,39900,"Reno, NV",state_metro,1246.0,1.0834782608695652,35795.0,35487.0,29715.0
2022,40060,"Richmond, VA",metro,1165.0,1.0130434782608695,34717.0,34431.0,29035.0
2022,40140,"Riverside-San Bernardino-Ontario, CA",metro,1387.0,1.2060869565217391,37669.0,37325.0,30899.0
2022,40220,"Roanoke, VA",metro,845.0,0.7347826086956522,30462.0,30258.0,26348.0
2022,40340,"Rochester, MN",state_metro,1025.0,0.8913043478260869,32856.0,32605.0,27859.0
2022,40380,"Rochester, NY",metro,1031.0,0.8965217391304348,32936.0,32683.0,27910.0
2022,40420,"Rockford, IL",metro,879.0,0.7643478260869565,30915.0,30701.0,26634.0
2022,40580,"Rocky Mount, NC",state_metro,740.0,0.6434782608695652,29066.0,28889.0,25467.0
2022,40660,"Rome, GA",state_metro,798.0,0.6939130434782609,29837.0,29645.0,25954.0
2022,40900,"Sacramento--Roseville--Arden-Arcade, CA",metro,1432.0,1.2452173913043478,38268.0,37912.0,31277.0
2022,40980,"Saginaw, MI",metro,816.0,0.7095652173913043,30077.0,29880.0,26105.0
2022,41060,"St. Cloud, MN",state_metro,932.0,0.8104347826086956,31619.0,31392.0,27079.0
2022,41100,"St. George, UT",metro,1061.0,0.922608695652174,33335.0,33075.0,28162.0
2022,41140,"St. Joseph, MO-KS",state_metro,815.0,0.7086956521739131,30064.0,29867.0,26096.0
2022,41180,"St. Louis, MO-IL",metro,967.0,0.8408695652173913,32085.0,31849.0,27372.0
2022,41420,"Salem, OR",metro,1115.0,0.9695652173913043,34053.0,33779.0,28615.0
2022,41500,"Salinas, CA",metro,1656.0,1.44,41246.0,40833.0,33157.0
2022,41540,"Salisbury, MD-DE",metro,1026.0,0.8921739130434783,32869.0,32618.0,27868.0
2022,41620,"Salt Lake City, UT",metro,1236.0,1.0747826086956522,35662.0,35356.0,29631.0
2022,41660,"San Angelo, TX",state_metro,930.0,0.808695652173913,31593.0,31366.0,27062.0
2022,41700,"San Antonio-New Braunfels, TX",metro,1152.0,1.0017391304347827,34545.0,34261.0,28926.0
2022,41740,"San Diego-Carlsbad, CA",metro,1875.0,1.6304347826086956,44158.0,43688.0,34996.0
2022,41860,"San Francisco-Oakland-Hayward, CA",metro,2271.0,1.9747826086956521,49424.0,48852.0,38321.0
2022,41940,"San Jose-Sunnyvale-Santa Clara, CA",metro,2585.0,2.247826086956522,53599.0,52946.0,40958.0
2022,42020,"San Luis Obispo-Paso Robles-Arroyo Grande, CA",metro,1691.0,1.4704347826086956,41712.0,41289.0,33451.0
2022,42100,"Santa Cruz-Watsonville, CA",metro,2038.0,1.7721739130434782,46326.0,45814.0,36365.0
2022,42140,"Santa Fe, NM",metro,1202.0,1.0452173913043479,35209.0,34913.0,29346.0
2022,42200,"Santa Maria-Santa Barbara, CA",metro,1833.0,1.593913043478261,43600.0,43141.0,34644.0
2022,42220,"Santa Rosa, CA",metro,1919.0,1.6686956521739131,44743.0,44262.0,35366.0
2022,42340,"Savannah, GA",metro,1089.0,0.9469565217391305,33707.0,33440.0,28397.0
2022,42540,"Scranton--Wilkes-Barre--Hazleton, PA",metro,836.0,0.7269565217391304,30343.0,30141.0,26273.0
2022,42660,"Seattle-Tacoma-Bellevue, WA",metro,1722.0,1.4973913043478262,42124.0,41693.0,33712.0
2022,42680,"Sebastian-Vero Beach, FL",state_metro,1083.0,0.9417391304347826,33627.0,33361.0,28346.0
2022,42700,"Sebring, FL",state_metro,830.0,0.7217391304347827,30263.0,30062.0,26222.0
2022,43100,"Sheboygan, WI",none,795.0,0.691304347826087,29798.0,29606.0,25928.0
2022,43300,"Sherman-Denison, TX",metro,983.0,0.8547826086956521,32297.0,32057.0,27507.0
2022,43340,"Shreveport-Bossier City, LA",metro,871.0,0.7573913043478261,30808.0,30597.0,26566.0
2022,43420,"Sierra Vista-Douglas, AZ",state_metro,738.0,0.6417391304347826,29040.0,28863.0,25450.0
2022,43580,"Sioux City, IA-NE-SD",state_metro,885.0,0.7695652173913043,30994.0,30780.0,26684.0
2022,43620,"Sioux Falls, SD",metro,883.0,0.7678260869565218,30968.0,30754.0,26667.0
2022,43780,"South Bend-Mishawaka, IN-MI",metro,898.0,0.7808695652173913,31167.0,30949.0,26793.0
2022,43900,"Spartanburg, SC",metro,849.0,0.7382608695652174,30516.0,30310.0,26382.0
2022,44060,"Spokane-Spokane Valley, WA",metro,1008.0,0.8765217391304347,32630.0,32383.0,27717.0
2022,44100,"Springfield, IL",metro,861.0,0.7486956521739131,30675.0,30467.0,26483.0
2022,44180,"Springfield, MO",metro,795.0,0.691304347826087,29798.0,29606.0,25928.0
2022,44220,"Springfield, OH",state_metro,768.0,0.6678260869565218,29439.0,29254.0,25702.0
2022,44300,"State College, PA",state_metro,1100.0,0.9565217391304348,33853.0,33583.0,28489.0
2022,44420,"Staunton-Waynesboro, VA",state_metro,856.0,0.7443478260869565,30609.0,30402.0,26441.0
2022,44700,"Stockton-Lodi, CA",metro,1237.0,1.0756521739130436,35675.0,35369.0,29639.0
2022,44940,"Sumter, SC",state_metro,833.0,0.7243478260869565,30303.0,30102.0,26247.0
2022,45060,"Syracuse, NY",metro,941.0,0.8182608695652174,31739.0,31510.0,27154.0
2022,45220,"Tallahassee, FL",metro,1032.0,0.8973913043478261,32949.0,32696.0,27918.0
2022,45300,"Tampa-St. Petersburg-Clearwater, FL",metro,1228.0,1.0678260869565217,35555.0,35252.0,29564.0
2022,45460,"Terre Haute, IN",metro,805.0,0.7,29931.0,29737.0,26012.0
2022,45500,"Texarkana, TX-AR",state_metro,784.0,0.6817391304347826,29651.0,29463.0,25836.0
2022,45540,"The Villages, FL",state_metro,946.0,0.8226086956521739,31805.0,31575.0,27196.0
2022,45780,"Toledo, OH",metro,829.0,0.7208695652173913,30250.0,30049.0,26214.0
2022,45820,"Topeka, KS",metro,872.0,0.7582608695652174,30821.0,30610.0,26575.0
2022,45940,"Trenton, NJ",metro,1477.0,1.2843478260869565,38866.0,38499.0,31655.0
2022,46060,"Tucson, AZ",metro,999.0,0.8686956521739131,32510.0,32266.0,27641.0
2022,46140,"Tulsa, OK",metro,912.0,0.7930434782608695,31353.0,31132.0,26911.0
2022,46220,"Tuscaloosa, AL",none,873.0,0.7591304347826087,30835.0,30623.0,26583.0
2022,46300,"Twin Falls, ID",state_metro,793.0,0.6895652173913044,29771.0,29580.0,25912.0
2022,46340,"Tyler, TX",metro,1004.0,0.8730434782608696,32577.0,32331.0,27683.0
2022,46520,"Urban Honolulu, HI",metro,1862.0,1.6191304347826088,43985.0,43519.0,34887.0
2022,46540,"Utica-Rome, NY",metro,824.0,0.7165217391304348,30183.0,29984.0,26172.0
2022,46660,"Valdosta, GA",state_metro,780.0,0.6782608695652174,29598.0,29411.0,25802.0
2022,46700,"Vallejo-Fairfield, CA",metro,1726.0,1.5008695652173913,42177.0,41746.0,33745.0
2022,47020,"Victoria, TX",state_metro,1045.0,0.908695652173913,33122.0,32866.0,28027.0
2022,47220,"Vineland-Bridgeton, NJ",metro,1146.0,0.9965217391304347,34465.0,34183.0,28875.0
2022,47260,"Virginia Beach-Norfolk-Newport News, VA-NC",metro,1162.0,1.0104347826086957,34678.0,34391.0,29010.0
2022,47300,"Visalia-Porterville, CA",metro,948.0,0.8243478260869566,31832.0,31601.0,27213.0
2022,47380,"Waco, TX",metro,954.0,0.8295652173913044,31912.0,31679.0,27263.0
2022,47460,"Walla Walla, WA",state_metro,1045.0,0.908695652173913,33122.0,32866.0,28027.0
2022,47580,"Warner Robins, GA",metro,877.0,0.7626086956521739,30888.0,30675.0,26617.0
2022,47900,"Washington-Arlington-Alexandria, DC-VA-MD-WV",metro,1796.0,1.5617391304347825,43108.0,42658.0,34333.0
2022,47940,"Waterloo-Cedar Falls, IA",metro,845.0,0.7347826086956522,30462.0,30258.0,26348.0
2022,48060,"Watertown-Fort Drum, NY",metro,1038.0,0.9026086956521739,33029.0,32775.0,27969.0
2022,48140,"Wausau, WI",metro,833.0,0.7243478260869565,30303.0,30102.0,26247.0
2022,48260,"Weirton-Steubenville, WV-OH",state_metro,670.0,0.5826086956521739,28135.0,27976.0,24879.0
2022,48300,"Wenatchee, WA",state_metro,1025.0,0.8913043478260869,32856.0,32605.0,27859.0
2022,48540,"Wheeling, WV-OH",state_metro,730.0,0.6347826086956522,28933.0,28759.0,25383.0
2022,48620,"Wichita, KS",metro,877.0,0.7626086956521739,30888.0,30675.0,26617.0
2022,48660,"Wichita Falls, TX",metro,836.0,0.7269565217391304,30343.0,30141.0,26273.0
2022,48700,"Williamsport, PA",metro,832.0,0.7234782608695652,30290.0,30089.0,26239.0
2022,48900,"Wilmington, NC",state_metro,1087.0,0.9452173913043478,33680.0,33414.0,28380.0
2022,49020,"Winchester, VA-WV",metro,1103.0,0.9591304347826087,33893.0,33622.0,28514.0
2022,49180,"Winston-Salem, NC",metro,812.0,0.7060869565217391,30024.0,29828.0,26071.0
2022,49420,"Yakima, WA",state_metro,929.0,0.8078260869565217,31579.0,31353.0,27053.0
2022,49620,"York-Hanover, PA",metro,1008.0,0.8765217391304347,32630.0,32383.0,27717.0
2022,49660,"Youngstown-Warren-Boardman, OH-PA",metro,707.0,0.6147826086956522,28627.0,28459.0,25189.0
2022,49700,"Yuba City, CA",none,1030.0,0.8956521739130435,32922.0,32670.0,27901.0
2022,49740,"Yuma, AZ",metro,896.0,0.7791304347826087,31141.0,30923.0,26776.0
2022,70750,"Bangor, ME",metro,975.0,0.8478260869565217,32191.0,31953.0,27440.0
2022,70900,"Barnstable Town, MA",metro,1486.0,1.2921739130434782,38986.0,38616.0,31730.0
2022,71650,"Boston-Cambridge-Nashua, MA-NH",metro,1748.0,1.52,42470.0,42032.0,33930.0
2022,71950,"Bridgeport-Stamford-Norwalk, CT",metro,1651.0,1.4356521739130435,41180.0,40768.0,33115.0
2022,72400,"Burlington-South Burlington, VT",metro,1410.0,1.2260869565217392,37975.0,37625.0,31092.0
2022,72850,"Danbury, CT",none,1590.0,1.382608695652174,40369.0,39972.0,32603.0
2022,73050,"Dover-Durham, NH-ME",none,1256.0,1.0921739130434782,35927.0,35617.0,29799.0
2022,73450,"Hartford-West Hartford-East Hartford, CT",metro,1282.0,1.1147826086956523,36273.0,35956.0,30017.0
2022,74500,"Leominster-Gardner, MA",state_metro,1117.0,0.971304347826087,34079.0,33805.0,28632.0
2022,74650,"Lewiston-Auburn, ME",metro,875.0,0.7608695652173914,30861.0,30649.0,26600.0
2022,74950,"Manchester, NH",metro,1337.0,1.162608695652174,37005.0,36673.0,30479.0
2022,75550,"New Bedford, MA",state_metro,979.0,0.851304347826087,32244.0,32005.0,27473.0
2022,75700,"New Haven, CT",metro,1358.0,1.1808695652173913,37284.0,36947.0,30655.0
2022,76450,"Norwich-New London-Westerly, CT-RI",metro,1207.0,1.0495652173913044,35276.0,34978.0,29388.0
2022,76600,"Pittsfield, MA",state_metro,1014.0,0.8817391304347826,32710.0,32462.0,27767.0
2022,76750,"Portland-South Portland, ME",metro,1328.0,1.154782608695652,36885.0,36556.0,30404.0
2022,76900,"Portsmouth, NH-ME",none,1503.0,1.3069565217391304,39212.0,38838.0,31873.0
2022,77200,"Providence-Warwick, RI-MA",metro,1140.0,0.991304347826087,34385.0,34105.0,28825.0
2022,78100,"Springfield, MA-CT",metro,1117.0,0.971304347826087,34079.0,33805.0,28632.0
2022,78700,"Waterbury, CT",none,1100.0,0.9565217391304348,33853.0,33583.0,28489.0
2022,79600,"Worcester, MA-CT",metro,1220.0,1.0608695652173914,35449.0,35148.0,29497.0
2023,11500,"Anniston-Oxford-Jacksonville, AL",none,761.0,0.6063745019920319,30946.0,30609.0,26945.0
2023,12220,"Auburn-Opelika, AL",metro,956.0,0.7617529880478088,33526.0,33098.0,28494.0
2023,13820,"Birmingham-Hoover, AL",metro,1053.0,0.8390438247011952,34809.0,34336.0,29265.0
2023,19300,"Daphne-Fairhope-Foley, AL",metro,1098.0,0.8749003984063745,35405.0,34911.0,29623.0
2023,19460,"Decatur, AL",none,741.0,0.5904382470119522,30681.0,30353.0,26786.0
2023,20020,"Dothan, AL",none,753.0,0.6,30840.0,30507.0,26882.0
2023,22520,"Florence-Muscle Shoals, AL",metro,801.0,0.6382470119521912,31475.0,31119.0,27263.0
2023,23460,"Gadsden, AL",none,790.0,0.6294820717131474,31330.0,30979.0,27176.0
2023,26620,"Huntsville, AL",metro,970.0,0.7729083665338645,33711.0,33277.0,28606.0
2023,33660,"Mobile, AL",metro,944.0,0.7521912350597609,33367.0,32945.0,28399.0
2023,33860,"Montgomery, AL",metro,969.0,0.7721115537848605,33698.0,33264.0,28598.0
2023,46220,"Tuscaloosa, AL",none,942.0,0.750597609561753,33341.0,32919.0,28383.0
2023,11260,"Anchorage, AK",state_metro,1347.0,1.0733067729083665,38699.0,38089.0,31601.0
2023,21820,"Fairbanks, AK",state_metro,1421.0,1.1322709163346614,39678.0,39034.0,32189.0
2023,22380,"Flagstaff, AZ",state_metro,1347.0,1.0733067729083665,38699.0,38089.0,31601.0
2023,29420,"Lake Havasu City-Kingman, AZ",state_metro,911.0,0.7258964143426295,32931.0,32524.0,28137.0
2023,38060,"Phoenix-Mesa-Scottsdale, AZ",metro,1401.0,1.1163346613545817,39414.0,38779.0,32030.0
2023,39140,"Prescott, AZ",metro,,,,,
2023,43420,"Sierra Vista-Douglas, AZ",state_metro,805.0,0.6414342629482072,31528.0,31170.0,27295.0
2023,46060,"Tucson, AZ",metro,1114.0,0.8876494023904382,35616.0,35115.0,29750.0
2023,49740,"Yuma, AZ",metro,940.0,0.749003984063745,33314.0,32894.0,28367.0
2023,12540,"Bakersfield, CA",metro,1077.0,0.8581673306772908,35127.0,34643.0,29456.0
2023,17020,"Chico, CA",metro,1264.0,1.007171314741036,37601.0,37030.0,30942.0
2023,20940,"El Centro, CA",none,951.0,0.7577689243027889,33460.0,33034.0,28455.0
2023,23420,"Fresno, CA",metro,1158.0,0.9227091633466136,36199.0,35677.0,30099.0
2023,25260,"Hanford-Corcoran, CA",metro,1038.0,0.8270916334661355,34611.0,34145.0,29146.0
2023,31080,"Los Angeles-Long Beach-Anaheim, CA",metro,2027.0,1.6151394422310756,47696.0,46770.0,37004.0
2023,31460,"Madera, CA",none,1019.0,0.8119521912350598,34360.0,33902.0,28995.0
2023,32900,"Merced, CA",none,1086.0,0.8653386454183267,35246.0,34758.0,29527.0
2023,33700,"Modesto, CA",metro,1321.0,1.052589641434263,38355.0,37758.0,31394.0
2023,34900,"Napa, CA",none,2146.0,1.7099601593625497,49271.0,48289.0,37949.0
2023,37100,"Oxnard-Thousand Oaks-Ventura, CA",metro,2049.0,1.6326693227091633,47987.0,47051.0,37178.0
2023,39820,"Redding, CA",metro,1175.0,0.9362549800796812,36424.0,35894.0,30234.0
2023,40140,"Riverside-San Bernardino-Ontario, CA",metro,1539.0,1.2262948207171316,41240.0,40540.0,33126.0
2023,40900,"Sacramento--Roseville--Arden-Arcade, CA",metro,1609.0,1.2820717131474104,42166.0,41434.0,33683.0
2023,41500,"Salinas, CA",metro,1834.0,1.4613545816733067,45143.0,44306.0,35470.0
2023,41740,"San Diego-Carlsbad, CA",metro,2068.0,1.647808764940239,48239.0,47294.0,37329.0
2023,41860,"San Francisco-Oakland-Hayward, CA",metro,2473.0,1.9705179282868526,53597.0,52464.0,40547.0
2023,41940,"San Jose-Sunnyvale-Santa Clara, CA",metro,2791.0,2.2239043824701197,57804.0,56523.0,43074.0
2023,42020,"San Luis Obispo-Paso Robles-Arroyo Grande, CA",metro,1832.0,1.4597609561752989,45116.0,44281.0,35454.0
2023,42100,"Santa Cruz-Watsonville, CA",metro,2247.0,1.7904382470119522,50607.0,49579.0,38751.0
2023,42200,"Santa Maria-Santa Barbara, CA",metro,1991.0,1.5864541832669323,47220.0,46311.0,36718.0
2023,42220,"Santa Rosa, CA",metro,2076.0,1.654183266932271,48344.0,47396.0,37393.0
2023,44700,"Stockton-Lodi, CA",metro,1393.0,1.1099601593625499,39308.0,38677.0,31966.0
2023,46700,"Vallejo-Fairfield, CA",metro,1911.0,1.5227091633466134,46161.0,45289.0,36082.0
2023,47300,"Visalia-Porterville, CA",metro,1041.0,0.8294820717131474,34651.0,34183.0,29170.0
2023,49700,"Yuba City, CA",none,1114.0,0.8876494023904382,35616.0,35115.0,29750.0
2023,14500,"Boulder, CO",metro,1833.0,1.4605577689243028,45129.0,44294.0,35462.0
2023,17820,"Colorado Springs, CO",metro,1408.0,1.1219123505976096,39506.0,38868.0,32086.0
2023,19740,"Denver-Aurora-Lakewood, CO",metro,1768.0,1.4087649402390439,44269.0,43464.0,34946.0
2023,22660,"Fort Collins, CO",metro,1491.0,1.1880478087649402,40604.0,39928.0,32745.0
2023,24300,"Grand Junction, CO",none,979.0,0.7800796812749003,33830.0,33392.0,28677.0
2023,24540,"Greeley, CO",metro,1242.0,0.9896414342629483,37310.0,36749.0,30767.0
2023,39380,"Pueblo, CO",none,994.0,0.7920318725099602,34029.0,33583.0,28796.0
2023,15980,"Cape Coral-Fort Myers, FL",metro,1382.0,1.101195219123506,39162.0,38536.0,31879.0
2023,18880,"Crestview-Fort Walton Beach-Destin, FL",state_metro,1213.0,0.9665338645418327,36926.0,36379.0,30536.0
2023,19660,"Deltona-Daytona Beach-Ormond Beach, FL",metro,1253.0,0.998406374501992,37456.0,36889.0,30854.0
2023,23540,"Gainesville, FL",metro,1205.0,0.9601593625498008,36820.0,36277.0,30473.0
2023,26140,"Homosassa Springs, FL",state_metro,922.0,0.7346613545816733,33076.0,32664.0,28224.0
2023,27260,"Jacksonville, FL",metro,1285.0,1.0239043824701195,37879.0,37298.0,31108.0
2023,29460,"Lakeland-Winter Haven, FL",metro,1121.0,0.8932270916334661,35709.0,35204.0,29805.0
2023,33100,"Miami-Fort Lauderdale-West Palm Beach, FL",metro,1693.0,1.349003984063745,43277.0,42506.0,34350.0
2023,34940,"Naples-Immokalee-Marco Island, FL",metro,1521.0,1.2119521912350597,41001.0,40311.0,32983.0
2023,35840,"North Port-Sarasota-Bradenton, FL",metro,1458.0,1.1617529880478088,40168.0,39506.0,32483.0
2023,36100,"Ocala, FL",metro,1041.0,0.8294820717131474,34651.0,34183.0,29170.0
2023,36740,"Orlando-Kissimmee-Sanford, FL",metro,1495.0,1.1912350597609562,40657.0,39979.0,32777.0
2023,37340,"Palm Bay-Melbourne-Titusville, FL",metro,1246.0,0.9928286852589642,37363.0,36800.0,30798.0
2023,37460,"Panama City, FL",metro,1264.0,1.007171314741036,37601.0,37030.0,30942.0
2023,37860,"Pensacola-Ferry Pass-Brent, FL",metro,1126.0,0.8972111553784861,35775.0,35268.0,29845.0
2023,38940,"Port St. Lucie, FL",metro,1293.0,1.0302788844621513,37985.0,37400.0,31172.0
2023,39460,"Punta Gorda, FL",state_metro,1146.0,0.9131474103585657,36040.0,35524.0,30004.0
2023,42680,"Sebastian-Vero Beach, FL",state_metro,1198.0,0.9545816733067729,36728.0,36187.0,30417.0
2023,42700,"Sebring, FL",state_metro,922.0,0.7346613545816733,33076.0,32664.0,28224.0
2023,45220,"Tallahassee, FL",metro,1122.0,0.8940239043824701,35722.0,35217.0,29813.0
2023,45300,"Tampa-St. Petersburg-Clearwater, FL",metro,1375.0,1.095617529880478,39070.0,38447.0,31823.0
2023,45540,"The Villages, FL",state_metro,1076.0,0.8573705179282869,35114.0,34630.0,29448.0
2023,27980,"Kahului-Wailuku-Lahaina, HI",metro,1813.0,1.4446215139442231,44865.0,44038.0,35303.0
2023,46520,"Urban Honolulu, HI",metro,1984.0,1.5808764940239044,47127.0,46221.0,36662.0
2023,29940,"Lawrence, KS",state_metro,1008.0,0.803187250996016,34214.0,33762.0,28908.0
2023,31740,"Manhattan, KS",state_metro,942.0,0.750597609561753,33341.0,32919.0,28383.0
2023,45820,"Topeka, KS",metro,932.0,0.7426294820717132,33208.0,32792.0,28304.0
2023,48620,"Wichita, KS",metro,941.0,0.749800796812749,33328.0,32907.0,28375.0
2023,14540,"Bowling Green, KY",metro,924.0,0.7362549800796813,33103.0,32690.0,28240.0
2023,21060,"Elizabethtown-Fort Knox, KY",state_metro,835.0,0.6653386454183267,31925.0,31553.0,27533.0
2023,30460,"Lexington-Fayette, KY",metro,1004.0,0.8,34161.0,33711.0,28876.0
2023,36980,"Owensboro, KY",state_metro,882.0,0.7027888446215139,32547.0,32153.0,27907.0
2023,10780,"Alexandria, LA",state_metro,850.0,0.6772908366533864,32124.0,31745.0,27652.0
2023,12940,"Baton Rouge, LA",metro,1048.0,0.8350597609561753,34743.0,34272.0,29225.0
2023,25220,"Hammond, LA",state_metro,914.0,0.7282868525896414,32970.0,32562.0,28161.0
2023,26380,"Houma-Thibodaux, LA",state_metro,960.0,0.7649402390438247,33579.0,33149.0,28526.0
2023,29180,"Lafayette, LA",metro,899.0,0.7163346613545817,32772.0,32370.0,28042.0
2023,29340,"Lake Charles, LA",metro,1035.0,0.8247011952191236,34571.0,34107.0,29122.0
2023,33740,"Monroe, LA",metro,822.0,0.6549800796812749,31753.0,31387.0,27430.0
2023,35380,"New Orleans-Metairie, LA",metro,1168.0,0.9306772908366534,36331.0,35804.0,30179.0
2023,43340,"Shreveport-Bossier City, LA",metro,929.0,0.7402390438247012,33169.0,32753.0,28280.0
2023,12580,"Baltimore-Columbia-Towson, MD",metro,1547.0,1.2326693227091634,41345.0,40643.0,33190.0
2023,15680,"California-Lexington Park, MD",metro,1522.0,1.2127490039840638,41015.0,40323.0,32991.0
2023,70900,"Barnstable Town, MA",metro,1653.0,1.3171314741035856,42748.0,41996.0,34032.0
2023,74500,"Leominster-Gardner, MA",state_metro,1196.0,0.9529880478087649,36701.0,36162.0,30401.0
2023,75550,"New Bedford, MA",state_metro,1100.0,0.8764940239043825,35431.0,34936.0,29639.0
2023,76600,"Pittsfield, MA",state_metro,1071.0,0.853386454183267,35048.0,34566.0,29408.0
2023,11460,"Ann Arbor, MI",metro,1410.0,1.1235059760956174,39533.0,38894.0,32101.0
2023,12980,"Battle Creek, MI",metro,946.0,0.7537848605577689,33394.0,32970.0,28415.0
2023,13020,"Bay City, MI",state_metro,823.0,0.6557768924302789,31766.0,31400.0,27438.0
2023,19820,"Detroit-Warren-Dearborn, MI",metro,1148.0,0.9147410358565737,36066.0,35549.0,30020.0
2023,22420,"Flint, MI",metro,907.0,0.7227091633466135,32878.0,32472.0,28105.0
2023,24340,"Grand Rapids-Wyoming, MI",metro,1104.0,0.8796812749003984,35484.0,34987.0,29670.0
2023,27100,"Jackson, MI",metro,911.0,0.7258964143426295,32931.0,32524.0,28137.0
2023,28020,"Kalamazoo-Portage, MI",metro,1040.0,0.8286852589641435,34637.0,34170.0,29162.0
2023,29620,"Lansing-East Lansing, MI",metro,1048.0,0.8350597609561753,34743.0,34272.0,29225.0
2023,33220,"Midland, MI",state_metro,947.0,0.754581673306773,33407.0,32983.0,28423.0
2023,33780,"Monroe, MI",metro,1057.0,0.8422310756972111,34862.0,34387.0,29297.0
2023,34740,"Muskegon, MI",metro,962.0,0.7665338645418327,33605.0,33175.0,28542.0
2023,35660,"Niles-Benton Harbor, MI",metro,941.0,0.749800796812749,33328.0,32907.0,28375.0
2023,40980,"Saginaw, MI",metro,879.0,0.700398406374502,32507.0,32115.0,27883.0
2023,25060,"Gulfport-Biloxi-Pascagoula, MS",state_metro,934.0,0.7442231075697211,33235.0,32817.0,28320.0
2023,25620,"Hattiesburg, MS",state_metro,918.0,0.7314741035856573,33023.0,32613.0,28193.0
2023,27140,"Jackson, MS",metro,1020.0,0.8127490039840638,34373.0,33915.0,29003.0
2023,13740,"Billings, MT",metro,1014.0,0.8079681274900399,34293.0,33838.0,28955.0
2023,24500,"Great Falls, MT",state_metro,880.0,0.701195219123506,32520.0,32128.0,27891.0
2023,33540,"Missoula, MT",state_metro,1088.0,0.8669322709163346,35272.0,34783.0,29543.0
2023,16180,"Carson City, NV",state_metro,1150.0,0.9163346613545816,36093.0,35575.0,30036.0
2023,29820,"Las Vegas-Henderson-Paradise, NV",metro,1323.0,1.0541832669322708,38382.0,37783.0,31410.0
2023,39900,"Reno, NV",state_metro,1422.0,1.1330677290836653,39692.0,39047.0,32197.0
2023,10740,"Albuquerque, NM",metro,1050.0,0.8366533864541833,34770.0,34298.0,29241.0
2023,22140,"Farmington, NM",metro,840.0,0.6693227091633466,31991.0,31617.0,27573.0
2023,29740,"Las Cruces, NM",metro,798.0,0.6358565737051792,31436.0,31081.0,27239.0
2023,42140,"Santa Fe, NM",metro,1295.0,1.0318725099601593,38011.0,37426.0,31188.0
2023,10580,"Albany-Schenectady-Troy, NY",metro,1256.0,1.000796812749004,37495.0,36928.0,30878.0
2023,13780,"Binghamton, NY",metro,924.0,0.7362549800796813,33103.0,32690.0,28240.0
2023,15380,"Buffalo-Cheektowaga-Niagara Falls, NY",metro,961.0,0.7657370517928287,33592.0,33162.0,28534.0
2023,21300,"Elmira, NY",none,1008.0,0.803187250996016,34214.0,33762.0,28908.0
2023,24020,"Glens Falls, NY",metro,1059.0,0.8438247011952191,34889.0,34413.0,29313.0
2023,27060,"Ithaca, NY",none,1399.0,1.1147410358565737,39387.0,38753.0,32014.0
2023,28740,"Kingston, NY",none,1491.0,1.1880478087649402,40604.0,39928.0,32745.0
2023,40380,"Rochester, NY",metro,1126.0,0.8972111553784861,35775.0,35268.0,29845.0
2023,45060,"Syracuse, NY",metro,1036.0,0.8254980079681274,34584.0,34119.0,29130.0
2023,46540,"Utica-Rome, NY",metro,901.0,0.7179282868525897,32798.0,32396.0,28057.0
2023,48060,"Watertown-Fort Drum, NY",metro,1103.0,0.8788844621513944,35471.0,34975.0,29662.0
2023,13900,"Bismarck, ND",state_metro,939.0,0.748207171314741,33301.0,32881.0,28359.0
2023,21420,"Enid, OK",state_metro,873.0,0.6956175298804781,32428.0,32038.0,27835.0
2023,30020,"Lawton, OK",state_metro,834.0,0.6645418326693228,31912.0,31541.0,27525.0
2023,36420,"Oklahoma City, OK",metro,1001.0,0.797609561752988,34121.0,33672.0,28852.0
2023,46140,"Tulsa, OK",metro,984.0,0.7840637450199203,33896.0,33455.0,28717.0
2023,39660,"Rapid City, SD",state_metro,1045.0,0.8326693227091634,34704.0,34234.0,29202.0
2023,43620,"Sioux Falls, SD",metro,966.0,0.7697211155378486,33658.0,33226.0,28574.0
2023,10180,"Abilene, TX",metro,1047.0,0.8342629482071713,34730.0,34260.0,29217.0
2023,11100,"Amarillo, TX",metro,989.0,0.7880478087649403,33963.0,33519.0,28757.0
2023,12420,"Austin-Round Rock, TX",metro,1613.0,1.2852589641434262,42219.0,41485.0,33714.0
2023,13140,"Beaumont-Port Arthur, TX",metro,983.0,0.7832669322709164,33883.0,33443.0,28709.0
2023,15180,"Brownsville-Harlingen, TX",metro,821.0,0.6541832669322709,31740.0,31375.0,27422.0
2023,17780,"College Station-Bryan, TX",metro,1042.0,0.8302788844621514,34664.0,34196.0,29178.0
2023,18580,"Corpus Christi, TX",metro,1192.0,0.949800796812749,36648.0,36111.0,30369.0
2023,19100,"Dallas-Fort Worth-Arlington, TX",metro,1445.0,1.151394422310757,39996.0,39341.0,32380.0
2023,21340,"El Paso, TX",metro,922.0,0.7346613545816733,33076.0,32664.0,28224.0
2023,26420,"Houston-The Woodlands-Sugar Land, TX",metro,1302.0,1.0374501992031873,38104.0,37515.0,31243.0
2023,28660,"Killeen-Temple, TX",metro,972.0,0.7745019920318725,33738.0,33302.0,28622.0
2023,29700,"Laredo, TX",metro,951.0,0.7577689243027889,33460.0,33034.0,28455.0
2023,30980,"Longview, TX",metro,967.0,0.7705179282868526,33672.0,33238.0,28582.0
2023,31180,"Lubbock, TX",metro,1058.0,0.8430278884462151,34876.0,34400.0,29305.0
2023,32580,"McAllen-Edinburg-Mission, TX",metro,864.0,0.6884462151394423,32309.0,31924.0,27763.0
2023,33260,"Midland, TX",state_metro,1465.0,1.1673306772908367,40260.0,39596.0,32538.0
2023,36220,"Odessa, TX",metro,1279.0,1.0191235059760957,37800.0,37221.0,31061.0
2023,41660,"San Angelo, TX",state_metro,1040.0,0.8286852589641435,34637.0,34170.0,29162.0
2023,41700,"San Antonio-New Braunfels, TX",metro,1250.0,0.9960159362549801,37416.0,36851.0,30830.0
2023,43300,"Sherman-Denison, TX",metro,1084.0,0.8637450199203187,35220.0,34732.0,29511.0
2023,46340,"Tyler, TX",metro,1108.0,0.8828685258964143,35537.0,35038.0,29702.0
2023,47020,"Victoria, TX",state_metro,1156.0,0.9211155378486056,36172.0,35651.0,30083.0
2023,47380,"Waco, TX",metro,1044.0,0.8318725099601594,34690.0,34221.0,29194.0
2023,48660,"Wichita Falls, TX",metro,897.0,0.7147410358565737,32745.0,32345.0,28026.0
2023,36260,"Ogden-Clearfield, UT",metro,1174.0,0.9354581673306773,36410.0,35881.0,30226.0
2023,39340,"Provo-Orem, UT",metro,1149.0,0.9155378486055777,36080.0,35562.0,30028.0
2023,41100,"St. George, UT",metro,1192.0,0.949800796812749,36648.0,36111.0,30369.0
2023,41620,"Salt Lake City, UT",metro,1370.0,1.091633466135458,39004.0,38383.0,31784.0
2023,72400,"Burlington-South Burlington, VT",metro,1555.0,1.2390438247011952,41451.0,40745.0,33254.0
2023,13380,"Bellingham, WA",state_metro,1358.0,1.0820717131474105,38845.0,38230.0,31688.0
2023,14740,"Bremerton-Silverdale, WA",state_metro,1607.0,1.2804780876494024,42139.0,41409.0,33667.0
2023,28420,"Kennewick-Richland, WA",metro,1158.0,0.9227091633466136,36199.0,35677.0,30099.0
2023,31020,"Longview, WA",state_metro,1053.0,0.8390438247011952,34809.0,34336.0,29265.0
2023,34580,"Mount Vernon-Anacortes, WA",metro,1326.0,1.056573705179283,38421.0,37821.0,31434.0
2023,36500,"Olympia-Tumwater, WA",state_metro,1460.0,1.1633466135458168,40194.0,39532.0,32499.0
2023,42660,"Seattle-Tacoma-Bellevue, WA",metro,1876.0,1.494820717131474,45698.0,44843.0,35804.0
2023,44060,"Spokane-Spokane Valley, WA",metro,1131.0,0.901195219123506,35841.0,35332.0,29885.0
2023,47460,"Walla Walla, WA",state_metro,1120.0,0.8924302788844621,35696.0,35192.0,29797.0
2023,48300,"Wenatchee, WA",state_metro,1161.0,0.9250996015936255,36238.0,35715.0,30123.0
2023,49420,"Yakima, WA",state_metro,1019.0,0.8119521912350598,34360.0,33902.0,28995.0
2023,11540,"Appleton, WI",metro,964.0,0.7681274900398406,33632.0,33200.0,28558.0
2023,20740,"Eau Claire, WI",none,939.0,0.748207171314741,33301.0,32881.0,28359.0
2023,22540,"Fond du Lac, WI",none,933.0,0.7434262948207171,33222.0,32804.0,28312.0
2023,24580,"Green Bay, WI",metro,953.0,0.7593625498007968,33486.0,33060.0,28471.0
2023,27500,"Janesville-Beloit, WI",metro,988.0,0.7872509960159363,33949.0,33507.0,28749.0
2023,31540,"Madison, WI",metro,1274.0,1.0151394422310758,37733.0,37158.0,31021.0
2023,33340,"Milwaukee-Waukesha-West Allis, WI",metro,1092.0,0.8701195219123506,35325.0,34834.0,29575.0
2023,36780,"Oshkosh-Neenah, WI",metro,904.0,0.7203187250996016,32838.0,32434.0,28081.0
2023,39540,"Racine, WI",metro,986.0,0.7856573705179283,33923.0,33481.0,28733.0
2023,43100,"Sheboygan, WI",none,891.0,0.7099601593625497,32666.0,32268.0,27978.0
2023,48140,"Wausau, WI",metro,897.0,0.7147410358565737,32745.0,32345.0,28026.0
2023,16220,"Casper, WY",state_metro,896.0,0.7139442231075698,32732.0,32332.0,28018.0
2023,16940,"Cheyenne, WY",state_metro,1003.0,0.799203187250996,34148.0,33698.0,28868.0
2023,26300,"Hot Springs, AR",state_metro,892.0,0.7107569721115538,32679.0,32281.0,27986.0
2023,27860,"Jonesboro, AR",state_metro,824.0,0.6565737051792828,31780.0,31413.0,27446.0
2023,30780,"Little Rock-North Little Rock-Conway, AR",metro,928.0,0.7394422310756972,33156.0,32741.0,28272.0
2023,38220,"Pine Bluff, AR",metro,781.0,0.6223107569721116,31211.0,30864.0,27104.0
2023,22900,"Fort Smith, AR-OK",metro,781.0,0.6223107569721116,31211.0,30864.0,27104.0
2023,45500,"Texarkana, TX-AR",state_metro,871.0,0.6940239043824701,32401.0,32013.0,27819.0
2023,71950,"Bridgeport-Stamford-Norwalk, CT",metro,1799.0,1.4334661354581673,44679.0,43860.0,35192.0
2023,72850,"Danbury, CT",none,1726.0,1.3752988047808765,43714.0,42928.0,34612.0
2023,73450,"Hartford-West Hartford-East Hartford, CT",metro,1386.0,1.104382470119522,39215.0,38587.0,31911.0
2023,75700,"New Haven, CT",metro,1461.0,1.1641434262948207,40208.0,39545.0,32507.0
2023,78700,"Waterbury, CT",none,1180.0,0.9402390438247012,36490.0,35958.0,30274.0
2023,78100,"Springfield, MA-CT",metro,1221.0,0.9729083665338646,37032.0,36481.0,30600.0
2023,79600,"Worcester, MA-CT",metro,1328.0,1.0581673306772907,38448.0,37847.0,31450.0
2023,20100,"Dover, DE",metro,1158.0,0.9227091633466136,36199.0,35677.0,30099.0
2023,41540,"Salisbury, MD-DE",metro,1092.0,0.8701195219123506,35325.0,34834.0,29575.0
2023,10500,"Albany, GA",state_metro,816.0,0.650199203187251,31674.0,31311.0,27382.0
2023,12020,"Athens-Clarke County, GA",metro,1009.0,0.80398406374502,34227.0,33775.0,28916.0
2023,12060,"Atlanta-Sandy Springs-Roswell, GA",metro,1390.0,1.1075697211155378,39268.0,38638.0,31943.0
2023,15260,"Brunswick, GA",state_metro,954.0,0.7601593625498008,33500.0,33072.0,28479.0
2023,19140,"Dalton, GA",state_metro,781.0,0.6223107569721116,31211.0,30864.0,27104.0
2023,23580,"Gainesville, GA",metro,1140.0,0.9083665338645418,35960.0,35447.0,29956.0
2023,25980,"Hinesville, GA",state_metro,1032.0,0.8223107569721115,34532.0,34068.0,29098.0
2023,31420,"Macon, GA",metro,931.0,0.7418326693227092,33195.0,32779.0,28296.0
2023,40660,"Rome, GA",state_metro,849.0,0.6764940239043825,32110.0,31732.0,27644.0
2023,42340,"Savannah, GA",metro,1208.0,0.9625498007968127,36860.0,36315.0,30497.0
2023,46660,"Valdosta, GA",state_metro,854.0,0.6804780876494024,32176.0,31796.0,27684.0
2023,47580,"Warner Robins, GA",metro,968.0,0.7713147410358566,33685.0,33251.0,28590.0
2023,17980,"Columbus, GA-AL",metro,932.0,0.7426294820717132,33208.0,32792.0,28304.0
2023,14260,"Boise City, ID",metro,1172.0,0.9338645418326693,36384.0,35855.0,30211.0
2023,17660,"Coeur d'Alene, ID",metro,1088.0,0.8669322709163346,35272.0,34783.0,29543.0
2023,26820,"Idaho Falls, ID",metro,912.0,0.7266932270916334,32944.0,32536.0,28145.0
2023,38540,"Pocatello, ID",state_metro,800.0,0.6374501992031872,31462.0,31107.0,27255.0
2023,46300,"Twin Falls, ID",state_metro,894.0,0.7123505976095618,32706.0,32307.0,28002.0
2023,30860,"Logan, UT-ID",state_metro,907.0,0.7227091633466135,32878.0,32472.0,28105.0
2023,30300,"Lewiston, ID-WA",state_metro,897.0,0.7147410358565737,32745.0,32345.0,28026.0
2023,14010,"Bloomington, IL",metro,991.0,0.7896414342629482,33989.0,33545.0,28773.0
2023,16060,"Carbondale-Marion, IL",metro,810.0,0.6454183266932271,31594.0,31234.0,27334.0
2023,16580,"Champaign-Urbana, IL",metro,997.0,0.7944223107569721,34068.0,33621.0,28820.0
2023,19180,"Danville, IL",state_metro,810.0,0.6454183266932271,31594.0,31234.0,27334.0
2023,19500,"Decatur, IL",state_metro,801.0,0.6382470119521912,31475.0,31119.0,27263.0
2023,28100,"Kankakee, IL",state_metro,1024.0,0.8159362549800797,34426.0,33966.0,29035.0
2023,37900,"Peoria, IL",metro,908.0,0.7235059760956175,32891.0,32485.0,28113.0
2023,40420,"Rockford, IL",metro,948.0,0.7553784860557768,33420.0,32996.0,28431.0
2023,44100,"Springfield, IL",metro,929.0,0.7402390438247012,33169.0,32753.0,28280.0
2023,70750,"Bangor, ME",metro,1079.0,0.8597609561752988,35153.0,34668.0,29472.0
2023,74650,"Lewiston-Auburn, ME",metro,969.0,0.7721115537848605,33698.0,33264.0,28598.0
2023,76750,"Portland-South Portland, ME",metro,1466.0,1.1681274900398406,40274.0,39609.0,32546.0
2023,31860,"Mankato-North Mankato, MN",state_metro,1008.0,0.803187250996016,34214.0,33762.0,28908.0
2023,40340,"Rochester, MN",state_metro,1110.0,0.8844621513944223,35564.0,35064.0,29718.0
2023,41060,"St. Cloud, MN",state_metro,1007.0,0.802390438247012,34201.0,33749.0,28900.0
2023,22020,"Fargo, ND-MN",metro,933.0,0.7434262948207171,33222.0,32804.0,28312.0
2023,24220,"Grand Forks, ND-MN",state_metro,925.0,0.7370517928286853,33116.0,32702.0,28248.0
2023,20260,"Duluth, MN-WI",state_metro,980.0,0.7808764940239044,33844.0,33404.0,28685.0
2023,29100,"La Crosse-Onalaska, WI-MN",none,1037.0,0.8262948207171315,34598.0,34132.0,29138.0
2023,33460,"Minneapolis-St. Paul-Bloomington, MN-WI",metro,1418.0,1.1298804780876495,39639.0,38996.0,32165.0
2023,24260,"Grand Island, NE",state_metro,896.0,0.7139442231075698,32732.0,32332.0,28018.0
2023,30700,"Lincoln, NE",state_metro,999.0,0.7960159362549801,34095.0,33647.0,28836.0
2023,11700,"Asheville, NC",metro,1101.0,0.8772908366533865,35444.0,34949.0,29646.0
2023,15500,"Burlington, NC",metro,924.0,0.7362549800796813,33103.0,32690.0,28240.0
2023,20500,"Durham-Chapel Hill, NC",metro,1265.0,1.0079681274900398,37614.0,37043.0,30949.0
2023,22180,"Fayetteville, NC",metro,962.0,0.7665338645418327,33605.0,33175.0,28542.0
2023,24140,"Goldsboro, NC",metro,876.0,0.69800796812749,32468.0,32077.0,27859.0
2023,24660,"Greensboro-High Point, NC",metro,957.0,0.7625498007968128,33539.0,33111.0,28502.0
2023,24780,"Greenville, NC",metro,897.0,0.7147410358565737,32745.0,32345.0,28026.0
2023,25860,"Hickory-Lenoir-Morganton, NC",metro,769.0,0.6127490039840637,31052.0,30711.0,27009.0
2023,27340,"Jacksonville, NC",metro,943.0,0.7513944223107569,33354.0,32932.0,28391.0
2023,35100,"New Bern, NC",state_metro,925.0,0.7370517928286853,33116.0,32702.0,28248.0
2023,39580,"Raleigh, NC",metro,1336.0,1.0645418326693228,38554.0,37949.0,31514.0
2023,40580,"Rocky Mount, NC",state_metro,765.0,0.6095617529880478,30999.0,30660.0,26977.0
2023,48900,"Wilmington, NC",state_metro,1211.0,0.9649402390438248,36900.0,36353.0,30520.0
2023,49180,"Winston-Salem, NC",metro,874.0,0.6964143426294821,32441.0,32051.0,27843.0
2023,10540,"Albany, OR",state_metro,1158.0,0.9227091633466136,36199.0,35677.0,30099.0
2023,13460,"Bend-Redmond, OR",metro,1413.0,1.1258964143426295,39572.0,38932.0,32125.0
2023,18700,"Corvallis, OR",state_metro,1321.0,1.052589641434263,38355.0,37758.0,31394.0
2023,21660,"Eugene, OR",metro,1227.0,0.9776892430278884,37112.0,36558.0,30648.0
2023,24420,"Grants Pass, OR",state_metro,1079.0,0.8597609561752988,35153.0,34668.0,29472.0
2023,32780,"Medford, OR",metro,1167.0,0.9298804780876494,36318.0,35792.0,30171.0
2023,41420,"Salem, OR",metro,1220.0,0.9721115537848606,37019.0,36468.0,30592.0
2023,38900,"Portland-Vancouver-Hillsboro, OR-WA",metro,1584.0,1.2621513944223108,41835.0,41115.0,33484.0
2023,11180,"Ames, IA",state_metro,965.0,0.7689243027888446,33645.0,33213.0,28566.0
2023,16300,"Cedar Rapids, IA",metro,931.0,0.7418326693227092,33195.0,32779.0,28296.0
2023,19780,"Des Moines-West Des Moines, IA",metro,1082.0,0.8621513944223107,35193.0,34707.0,29496.0
2023,20220,"Dubuque, IA",state_metro,932.0,0.7426294820717132,33208.0,32792.0,28304.0
2023,26980,"Iowa City, IA",metro,1052.0,0.8382470119521912,34796.0,34324.0,29257.0
2023,47940,"Waterloo-Cedar Falls, IA",metro,930.0,0.7410358565737052,33182.0,32766.0,28288.0
2023,19340,"Davenport-Moline-Rock Island, IA-IL",metro,908.0,0.7235059760956175,32891.0,32485.0,28113.0
2023,36540,"Omaha-Council Bluffs, NE-IA",metro,1125.0,0.896414342629482,35762.0,35255.0,29837.0
2023,43580,"Sioux City, IA-NE-SD",state_metro,953.0,0.7593625498007968,33486.0,33060.0,28471.0
2023,17860,"Columbia, MO",state_metro,921.0,0.7338645418326694,33063.0,32651.0,28216.0
2023,27620,"Jefferson City, MO",state_metro,767.0,0.6111553784860557,31025.0,30685.0,26993.0
2023,27900,"Joplin, MO",state_metro,850.0,0.6772908366533864,32124.0,31745.0,27652.0
2023,44180,"Springfield, MO",metro,866.0,0.6900398406374502,32335.0,31949.0,27779.0
2023,28140,"Kansas City, MO-KS",metro,1135.0,0.9043824701195219,35894.0,35383.0,29917.0
2023,41140,"St. Joseph, MO-KS",state_metro,855.0,0.6812749003984063,32190.0,31809.0,27692.0
2023,22220,"Fayetteville-Springdale-Rogers, AR-MO",metro,937.0,0.7466135458167331,33275.0,32855.0,28343.0
2023,16020,"Cape Girardeau, MO-IL",state_metro,839.0,0.6685258964143427,31978.0,31604.0,27565.0
2023,41180,"St. Louis, MO-IL",metro,1054.0,0.8398406374501992,34823.0,34349.0,29273.0
2023,12100,"Atlantic City-Hammonton, NJ",metro,1332.0,1.0613545816733068,38501.0,37898.0,31482.0
2023,36140,"Ocean City, NJ",state_metro,1297.0,1.0334661354581673,38038.0,37451.0,31204.0
2023,45940,"Trenton, NJ",metro,1574.0,1.254183266932271,41703.0,40987.0,33404.0
2023,47220,"Vineland-Bridgeton, NJ",metro,1201.0,0.9569721115537848,36768.0,36226.0,30441.0
2023,10420,"Akron, OH",metro,981.0,0.7816733067729084,33857.0,33417.0,28693.0
2023,15940,"Canton-Massillon, OH",metro,837.0,0.6669322709163347,31952.0,31579.0,27549.0
2023,17460,"Cleveland-Elyria, OH",metro,982.0,0.7824701195219124,33870.0,33430.0,28701.0
2023,18140,"Columbus, OH",metro,1177.0,0.9378486055776892,36450.0,35919.0,30250.0
2023,19380,"Dayton, OH",metro,,,,,
2023,30620,"Lima, OH",state_metro,846.0,0.6741035856573705,32071.0,31694.0,27620.0
2023,31900,"Mansfield, OH",state_metro,746.0,0.5944223107569722,30748.0,30417.0,26826.0
2023,44220,"Springfield, OH",state_metro,840.0,0.6693227091633466,31991.0,31617.0,27573.0
2023,45780,"Toledo, OH",metro,911.0,0.7258964143426295,32931.0,32524.0,28137.0
2023,77200,"Providence-Warwick, RI-MA",metro,1237.0,0.9856573705179282,37244.0,36685.0,30727.0
2023,76450,"Norwich-New London-Westerly, CT-RI",metro,1328.0,1.0581673306772907,38448.0,37847.0,31450.0
2023,16700,"Charleston-North Charleston, SC",metro,1356.0,1.0804780876494025,38818.0,38204.0,31672.0
2023,17900,"Columbia, SC",metro,1047.0,0.8342629482071713,34730.0,34260.0,29217.0
2023,22500,"Florence, SC",metro,812.0,0.6470119521912351,31621.0,31260.0,27350.0
2023,24860,"Greenville-Anderson-Mauldin, SC",metro,997.0,0.7944223107569721,34068.0,33621.0,28820.0
2023,25940,"Hilton Head Island-Bluffton-Beaufort, SC",metro,1372.0,1.093227091633466,39030.0,38409.0,31800.0
2023,43900,"Spartanburg, SC",metro,923.0,0.7354581673306773,33089.0,32677.0,28232.0
2023,44940,"Sumter, SC",none,880.0,0.701195219123506,32520.0,32128.0,27891.0
2023,12260,"Augusta-Richmond County, GA-SC",metro,948.0,0.7553784860557768,33420.0,32996.0,28431.0
2023,16740,"Charlotte-Concord-Gastonia, NC-SC",metro,1217.0,0.9697211155378486,36979.0,36430.0,30568.0
2023,34820,"Myrtle Beach-Conway-North Myrtle Beach, SC-NC",metro,1070.0,0.852589641434263,35034.0,34553.0,29400.0
2023,13980,"Blacksburg-Christiansburg-Radford, VA",metro,970.0,0.7729083665338645,33711.0,33277.0,28606.0
2023,16820,"Charlottesville, VA",metro,1471.0,1.1721115537848605,40340.0,39672.0,32586.0
2023,25500,"Harrisonburg, VA",state_metro,1016.0,0.8095617529880478,34320.0,33864.0,28971.0
2023,31340,"Lynchburg, VA",state_metro,872.0,0.6948207171314741,32415.0,32026.0,27827.0
2023,40060,"Richmond, VA",metro,1278.0,1.0183266932270916,37786.0,37209.0,31053.0
2023,40220,"Roanoke, VA",metro,915.0,0.7290836653386454,32984.0,32575.0,28169.0
2023,44420,"Staunton-Waynesboro, VA",state_metro,920.0,0.7330677290836654,33050.0,32638.0,28208.0
2023,47260,"Virginia Beach-Norfolk-Newport News, VA-NC",metro,1255.0,1.0,37482.0,36915.0,30870.0
2023,14020,"Bloomington, IN",metro,1084.0,0.8637450199203187,35220.0,34732.0,29511.0
2023,18020,"Columbus, IN",state_metro,1100.0,0.8764940239043825,35431.0,34936.0,29639.0
2023,21140,"Elkhart-Goshen, IN",metro,928.0,0.7394422310756972,33156.0,32741.0,28272.0
2023,23060,"Fort Wayne, IN",metro,932.0,0.7426294820717132,33208.0,32792.0,28304.0
2023,26900,"Indianapolis-Carmel-Anderson, IN",metro,1073.0,0.8549800796812749,35074.0,34592.0,29424.0
2023,29020,"Kokomo, IN",state_metro,857.0,0.6828685258964143,32216.0,31834.0,27708.0
2023,29200,"Lafayette-West Lafayette, IN",metro,1049.0,0.8358565737051793,34756.0,34285.0,29233.0
2023,33140,"Michigan City-La Porte, IN",state_metro,856.0,0.6820717131474103,32203.0,31821.0,27700.0
2023,34620,"Muncie, IN",state_metro,841.0,0.6701195219123506,32004.0,31630.0,27581.0
2023,45460,"Terre Haute, IN",metro,863.0,0.6876494023904383,32296.0,31911.0,27756.0
2023,21780,"Evansville, IN-KY",metro,945.0,0.7529880478087649,33380.0,32958.0,28407.0
2023,31140,"Louisville/Jefferson County, KY-IN",metro,1033.0,0.8231075697211155,34545.0,34081.0,29106.0
2023,43780,"South Bend-Mishawaka, IN-MI",metro,983.0,0.7832669322709164,33883.0,33443.0,28709.0
2023,16980,"Chicago-Naperville-Elgin, IL-IN-WI",metro,1319.0,1.050996015936255,38329.0,37732.0,31378.0
2023,17140,"Cincinnati, OH-KY-IN",metro,1028.0,0.8191235059760956,34479.0,34017.0,29066.0
2023,74950,"Manchester, NH",metro,1478.0,1.1776892430278885,40432.0,39762.0,32642.0
2023,71650,"Boston-Cambridge-Nashua, MA-NH",metro,1923.0,1.5322709163346613,46320.0,45443.0,36177.0
2023,73050,"Dover-Durham, NH-ME",none,1453.0,1.1577689243027889,40102.0,39443.0,32443.0
2023,76900,"Portsmouth, NH-ME",none,1710.0,1.3625498007968126,43502.0,42723.0,34485.0
2023,11020,"Altoona, PA",state_metro,847.0,0.6749003984063745,32084.0,31707.0,27628.0
2023,14100,"Bloomsburg-Berwick, PA",state_metro,913.0,0.7274900398406374,32957.0,32549.0,28153.0
2023,16540,"Chambersburg-Waynesboro, PA",metro,993.0,0.7912350597609562,34016.0,33570.0,28788.0
2023,20700,"East Stroudsburg, PA",metro,1263.0,1.0063745019920318,37588.0,37017.0,30934.0
2023,21500,"Erie, PA",metro,898.0,0.7155378486055777,32759.0,32358.0,28034.0
2023,23900,"Gettysburg, PA",state_metro,1052.0,0.8382470119521912,34796.0,34324.0,29257.0
2023,25420,"Harrisburg-Carlisle, PA",metro,1126.0,0.8972111553784861,35775.0,35268.0,29845.0
2023,27780,"Johnstown, PA",metro,722.0,0.5752988047808765,30430.0,30111.0,26635.0
2023,29540,"Lancaster, PA",metro,1230.0,0.9800796812749004,37151.0,36596.0,30671.0
2023,30140,"Lebanon, PA",state_metro,1022.0,0.8143426294820717,34399.0,33941.0,29019.0
2023,38300,"Pittsburgh, PA",metro,1003.0,0.799203187250996,34148.0,33698.0,28868.0
2023,39740,"Reading, PA",metro,1114.0,0.8876494023904382,35616.0,35115.0,29750.0
2023,42540,"Scranton--Wilkes-Barre--Hazleton, PA",metro,900.0,0.7171314741035857,32785.0,32383.0,28050.0
2023,44300,"State College, PA",state_metro,1160.0,0.9243027888446215,36225.0,35702.0,30115.0
2023,48700,"Williamsport, PA",metro,880.0,0.701195219123506,32520.0,32128.0,27891.0
2023,49620,"York-Hanover, PA",metro,1102.0,0.8780876494023905,35458.0,34962.0,29654.0
2023,10900,"Allentown-Bethlehem-Easton, PA-NJ",metro,1298.0,1.0342629482071712,38051.0,37464.0,31212.0
2023,35620,"New York-Newark-Jersey City, NY-NJ-PA",metro,1753.0,1.396812749003984,44071.0,43272.0,34827.0
2023,37980,"Philadelphia-Camden-Wilmington, PA-NJ-DE-MD",metro,1425.0,1.1354581673306774,39731.0,39085.0,32221.0
2023,49660,"Youngstown-Warren-Boardman, OH-PA",metro,756.0,0.602390438247012,30880.0,30545.0,26905.0
2023,17420,"Cleveland, TN",metro,881.0,0.7019920318725099,32534.0,32141.0,27899.0
2023,27180,"Jackson, TN",none,851.0,0.6780876494023904,32137.0,31758.0,27660.0
2023,27740,"Johnson City, TN",metro,847.0,0.6749003984063745,32084.0,31707.0,27628.0
2023,28940,"Knoxville, TN",metro,997.0,0.7944223107569721,34068.0,33621.0,28820.0
2023,34100,"Morristown, TN",none,798.0,0.6358565737051792,31436.0,31081.0,27239.0
2023,34980,"Nashville-Davidson--Murfreesboro--Franklin, TN",metro,1325.0,1.0557768924302788,38408.0,37809.0,31426.0
2023,17300,"Clarksville, TN-KY",metro,966.0,0.7697211155378486,33658.0,33226.0,28574.0
2023,32820,"Memphis, TN-MS-AR",metro,1016.0,0.8095617529880478,34320.0,33864.0,28971.0
2023,16860,"Chattanooga, TN-GA",metro,979.0,0.7800796812749003,33830.0,33392.0,28677.0
2023,28700,"Kingsport-Bristol-Bristol, TN-VA",metro,769.0,0.6127490039840637,31052.0,30711.0,27009.0
2023,13220,"Beckley, WV",state_metro,771.0,0.6143426294820717,31078.0,30736.0,27025.0
2023,16620,"Charleston, WV",metro,875.0,0.6972111553784861,32454.0,32064.0,27851.0
2023,34060,"Morgantown, WV",metro,967.0,0.7705179282868526,33672.0,33238.0,28582.0
2023,37620,"Parkersburg-Vienna, WV",state_metro,792.0,0.6310756972111554,31356.0,31004.0,27191.0
2023,19060,"Cumberland, MD-WV",none,746.0,0.5944223107569722,30748.0,30417.0,26826.0
2023,25180,"Hagerstown-Martinsburg, MD-WV",metro,1025.0,0.8167330677290837,34439.0,33979.0,29043.0
2023,48260,"Weirton-Steubenville, WV-OH",state_metro,740.0,0.5896414342629482,30668.0,30341.0,26778.0
2023,48540,"Wheeling, WV-OH",state_metro,784.0,0.6247011952191235,31250.0,30902.0,27128.0
2023,26580,"Huntington-Ashland, WV-KY-OH",metro,826.0,0.6581673306772908,31806.0,31438.0,27462.0
2023,49020,"Winchester, VA-WV",metro,1207.0,0.9617529880478087,36847.0,36302.0,30489.0
2023,47900,"Washington-Arlington-Alexandria, DC-VA-MD-WV",metro,1910.0,1.5219123505976095,46148.0,45277.0,36074.0
2024,10180,"Abilene, TX",metro,1083.0,0.8094170403587444,36101.0,35837.0,30580.0
2024,10420,"Akron, OH",metro,1029.0,0.7690582959641256,35396.0,35152.0,30155.0
2024,10500,"Albany, GA",state_metro,842.0,0.6292974588938715,32955.0,32783.0,28684.0
2024,10540,"Albany, OR",state_metro,1252.0,0.9357249626307922,38307.0,37978.0,31909.0
2024,10580,"Albany-Schenectady-Troy, NY",metro,1311.0,0.9798206278026906,39078.0,38726.0,32374.0
2024,10740,"Albuquerque, NM",metro,1123.0,0.8393124065769806,36623.0,36343.0,30895.0
2024,10780,"Alexandria, LA",state_metro,882.0,0.6591928251121076,33477.0,33289.0,28999.0
2024,10900,"Allentown-Bethlehem-Easton, PA-NJ",metro,1370.0,1.0239162929745889,39848.0,39474.0,32838.0
2024,11020,"Altoona, PA",state_metro,856.0,0.6397608370702541,33138.0,32960.0,28794.0
2024,11100,"Amarillo, TX",metro,1031.0,0.7705530642750373,35422.0,35178.0,30171.0
2024,11180,"Ames, IA",state_metro,990.0,0.7399103139013453,34887.0,34658.0,29848.0
2024,11200,"Amherst Town-Northampton, MA",state_metro,1438.0,1.0747384155455904,40735.0,40335.0,33373.0
2024,11260,"Anchorage, AK",state_metro,1399.0,1.04559043348281,40226.0,39841.0,33066.0
2024,11460,"Ann Arbor, MI",metro,1481.0,1.1068759342301944,41297.0,40880.0,33711.0
2024,11500,"Anniston-Oxford, AL",none,783.0,0.5852017937219731,32185.0,32035.0,28220.0
2024,11540,"Appleton, WI",metro,1018.0,0.7608370702541106,35252.0,35013.0,30069.0
2024,11700,"Asheville, NC",metro,1210.0,0.9043348281016442,37759.0,37446.0,31579.0
2024,12020,"Athens-Clarke County, GA",metro,1122.0,0.8385650224215246,36610.0,36331.0,30887.0
2024,12060,"Atlanta-Sandy Springs-Roswell, GA",metro,1516.0,1.133034379671151,41754.0,41324.0,33986.0
2024,12100,"Atlantic City-Hammonton, NJ",metro,1388.0,1.0373692077727952,40083.0,39702.0,32979.0
2024,12220,"Auburn-Opelika, AL",metro,956.0,0.7144992526158446,34443.0,34227.0,29581.0
2024,12260,"Augusta-Richmond County, GA-SC",metro,1021.0,0.7630792227204783,35292.0,35051.0,30092.0
2024,12420,"Austin-Round Rock-San Marcos, TX",metro,1717.0,1.2832585949177877,44378.0,43871.0,35567.0
2024,12540,"Bakersfield-Delano, CA",metro,1138.0,0.8505231689088192,36819.0,36534.0,31013.0
2024,12580,"Baltimore-Columbia-Towson, MD",metro,1623.0,1.2130044843049328,43151.0,42680.0,34828.0
2024,12620,"Bangor, ME",metro,1098.0,0.820627802690583,36297.0,36027.0,30698.0
2024,12700,"Barnstable Town, MA",metro,1711.0,1.2787742899850523,44299.0,43795.0,35520.0
2024,12940,"Baton Rouge, LA",metro,1091.0,0.8153961136023916,36205.0,35938.0,30643.0
2024,12980,"Battle Creek, MI",metro,1003.0,0.749626307922272,35057.0,34823.0,29951.0
2024,13020,"Bay City, MI",state_metro,857.0,0.64050822122571,33151.0,32973.0,28802.0
2024,13140,"Beaumont-Port Arthur, TX",metro,1056.0,0.7892376681614349,35749.0,35494.0,30368.0
2024,13220,"Beckley, WV",state_metro,785.0,0.5866965620328849,32211.0,32060.0,28236.0
2024,13380,"Bellingham, WA",state_metro,1477.0,1.1038863976083706,41245.0,40829.0,33679.0
2024,13460,"Bend, OR",metro,1445.0,1.0799701046337817,40827.0,40424.0,33428.0
2024,13740,"Billings, MT",metro,1069.0,0.7989536621823617,35918.0,35659.0,30470.0
2024,13780,"Binghamton, NY",metro,953.0,0.7122571001494769,34404.0,34189.0,29557.0
2024,13820,"Birmingham, AL",metro,1070.0,0.7997010463378177,35931.0,35672.0,30478.0
2024,13900,"Bismarck, ND",state_metro,990.0,0.7399103139013453,34887.0,34658.0,29848.0
2024,13980,"Blacksburg-Christiansburg-Radford, VA",metro,1022.0,0.7638266068759342,35305.0,35064.0,30100.0
2024,14010,"Bloomington, IL",metro,1036.0,0.7742899850523169,35487.0,35241.0,30210.0
2024,14020,"Bloomington, IN",metro,1143.0,0.8542600896860987,36884.0,36597.0,31052.0
2024,14260,"Boise City, ID",metro,1297.0,0.9693572496263079,38895.0,38548.0,32263.0
2024,14460,"Boston-Cambridge-Newton, MA-NH",metro,2077.0,1.5523168908819134,49078.0,48433.0,38399.0
2024,14500,"Boulder, CO",metro,1884.0,1.4080717488789238,46558.0,45987.0,36881.0
2024,14540,"Bowling Green, KY",metro,942.0,0.7040358744394619,34260.0,34050.0,29471.0
2024,14580,"Bozeman, MT",state_metro,1472.0,1.100149476831091,41179.0,40766.0,33640.0
2024,14740,"Bremerton-Silverdale-Port Orchard, WA",state_metro,1719.0,1.2847533632286996,44404.0,43896.0,35583.0
2024,14860,"Bridgeport-Stamford-Danbury, CT",metro,1902.0,1.4215246636771302,46793.0,46215.0,37023.0
2024,15180,"Brownsville-Harlingen, TX",metro,865.0,0.6464872944693573,33255.0,33074.0,28865.0
2024,15260,"Brunswick-St. Simons, GA",state_metro,992.0,0.7414050822122571,34913.0,34683.0,29864.0
2024,15380,"Buffalo-Cheektowaga, NY",metro,1013.0,0.7571001494768311,35187.0,34950.0,30029.0
2024,15500,"Burlington, NC",metro,977.0,0.7301943198804185,34717.0,34493.0,29746.0
2024,15540,"Burlington-South Burlington, VT",metro,1609.0,1.20254110612855,42968.0,42502.0,34718.0
2024,15940,"Canton-Massillon, OH",metro,875.0,0.6539611360239163,33386.0,33201.0,28944.0
2024,15980,"Cape Coral-Fort Myers, FL",metro,1496.0,1.1180866965620329,41493.0,41070.0,33829.0
2024,16020,"Cape Girardeau, MO-IL",state_metro,870.0,0.6502242152466368,33320.0,33137.0,28905.0
2024,16180,"Carson City, NV",state_metro,1206.0,0.9013452914798207,37707.0,37395.0,31548.0
2024,16220,"Casper, WY",state_metro,937.0,0.7002989536621823,34195.0,33986.0,29432.0
2024,16300,"Cedar Rapids, IA",metro,968.0,0.7234678624813154,34600.0,34379.0,29675.0
2024,16540,"Chambersburg, PA",metro,1054.0,0.7877428998505231,35722.0,35469.0,30352.0
2024,16580,"Champaign-Urbana, IL",metro,1036.0,0.7742899850523169,35487.0,35241.0,30210.0
2024,16620,"Charleston, WV",metro,907.0,0.6778774289985052,33803.0,33606.0,29196.0
2024,16700,"Charleston-North Charleston, SC",metro,1461.0,1.0919282511210762,41036.0,40627.0,33554.0
2024,16740,"Charlotte-Concord-Gastonia, NC-SC",metro,1311.0,0.9798206278026906,39078.0,38726.0,32374.0
2024,16820,"Charlottesville, VA",metro,1532.0,1.1449925261584455,41963.0,41526.0,34112.0
2024,16860,"Chattanooga, TN-GA",metro,1058.0,0.7907324364723468,35775.0,35520.0,30383.0
2024,16940,"Cheyenne, WY",state_metro,1040.0,0.7772795216741405,35540.0,35292.0,30242.0
2024,16980,"Chicago-Naperville-Elgin, IL-IN",metro,1391.0,1.039611360239163,40122.0,39740.0,33003.0
2024,17020,"Chico, CA",metro,1339.0,1.000747384155456,39443.0,39081.0,32594.0
2024,17140,"Cincinnati, OH-KY-IN",metro,1088.0,0.8131539611360239,36166.0,35900.0,30619.0
2024,17300,"Clarksville, TN-KY",metro,1045.0,0.78101644245142,35605.0,35355.0,30281.0
2024,17410,"Cleveland, OH",metro,1031.0,0.7705530642750373,35422.0,35178.0,30171.0
2024,17420,"Cleveland, TN",metro,939.0,0.7017937219730942,34221.0,34012.0,29447.0
2024,17660,"Coeur d'Alene, ID",metro,1190.0,0.8893871449925261,37498.0,37193.0,31422.0
2024,17780,"College Station-Bryan, TX",metro,1076.0,0.804185351270553,36010.0,35748.0,30525.0
2024,17820,"Colorado Springs, CO",metro,1498.0,1.1195814648729447,41519.0,41096.0,33845.0
2024,17860,"Columbia, MO",state_metro,965.0,0.7212257100149477,34561.0,34341.0,29652.0
2024,17900,"Columbia, SC",metro,1096.0,0.8191330343796711,36271.0,36001.0,30682.0
2024,17980,"Columbus, GA-AL",metro,950.0,0.7100149476831091,34365.0,34151.0,29534.0
2024,18020,"Columbus, IN",state_metro,1195.0,0.8931240657698056,37563.0,37256.0,31461.0
2024,18140,"Columbus, OH",metro,1246.0,0.9312406576980568,38229.0,37902.0,31862.0
2024,18580,"Corpus Christi, TX",metro,1248.0,0.9327354260089686,38255.0,37927.0,31878.0
2024,18700,"Corvallis, OR",state_metro,1376.0,1.0284005979073243,39926.0,39550.0,32885.0
2024,18880,"Crestview-Fort Walton Beach-Destin, FL",state_metro,1374.0,1.0269058295964126,39900.0,39524.0,32869.0
2024,19100,"Dallas-Fort Worth-Arlington, TX",metro,1558.0,1.164424514200299,42302.0,41856.0,34317.0
2024,19140,"Dalton, GA",state_metro,826.0,0.617339312406577,32746.0,32580.0,28558.0
2024,19300,"Daphne-Fairhope-Foley, AL",metro,1200.0,0.8968609865470852,37628.0,37319.0,31500.0
2024,19340,"Davenport-Moline-Rock Island, IA-IL",metro,932.0,0.6965620328849028,34130.0,33923.0,29392.0
2024,19430,"Dayton-Kettering-Beavercreek, OH",metro,974.0,0.7279521674140508,34678.0,34455.0,29723.0
2024,19460,"Decatur, AL",none,795.0,0.594170403587444,32341.0,32187.0,28315.0
2024,19500,"Decatur, IL",state_metro,826.0,0.617339312406577,32746.0,32580.0,28558.0
2024,19660,"Deltona-Daytona Beach-Ormond Beach, FL",metro,1353.0,1.0112107623318385,39626.0,39258.0,32704.0
2024,19740,"Denver-Aurora-Centennial, CO",metro,1881.0,1.405829596412556,46519.0,45949.0,36857.0
2024,19780,"Des Moines-West Des Moines, IA",metro,1127.0,0.8423019431988041,36675.0,36394.0,30926.0
2024,19820,"Detroit-Warren-Dearborn, MI",metro,1200.0,0.8968609865470852,37628.0,37319.0,31500.0
2024,20020,"Dothan, AL",none,804.0,0.600896860986547,32459.0,32301.0,28385.0
2024,20100,"Dover, DE",metro,1204.0,0.8998505231689088,37681.0,37370.0,31532.0
2024,20220,"Dubuque, IA",state_metro,957.0,0.7152466367713004,34456.0,34240.0,29589.0
2024,20260,"Duluth, MN-WI",state_metro,1008.0,0.7533632286995515,35122.0,34886.0,29990.0
2024,20500,"Durham-Chapel Hill, NC",metro,1383.0,1.0336322869955157,40017.0,39638.0,32940.0
2024,20580,"Eagle Pass, TX",state_metro,772.0,0.5769805680119582,32041.0,31895.0,28134.0
2024,20740,"Eau Claire, WI",none,984.0,0.7354260089686099,34809.0,34582.0,29801.0
2024,20940,"El Centro, CA",none,1013.0,0.7571001494768311,35187.0,34950.0,30029.0
2024,21060,"Elizabethtown, KY",state_metro,860.0,0.6427503736920778,33190.0,33011.0,28826.0
2024,21140,"Elkhart-Goshen, IN",metro,1006.0,0.7518684603886397,35096.0,34861.0,29974.0
2024,21300,"Elmira, NY",none,1050.0,0.7847533632286996,35670.0,35418.0,30320.0
2024,21340,"El Paso, TX",metro,985.0,0.7361733931240658,34822.0,34595.0,29809.0
2024,21420,"Enid, OK",state_metro,889.0,0.6644245142002989,33568.0,33378.0,29054.0
2024,21500,"Erie, PA",metro,919.0,0.6868460388639761,33960.0,33758.0,29290.0
2024,21660,"Eugene-Springfield, OR",metro,1302.0,0.9730941704035875,38960.0,38612.0,32303.0
2024,21780,"Evansville, IN",metro,1012.0,0.7563527653213752,35174.0,34937.0,30022.0
2024,21820,"Fairbanks-College, AK",state_metro,1477.0,1.1038863976083706,41245.0,40829.0,33679.0
2024,22020,"Fargo, ND-MN",metro,965.0,0.7212257100149477,34561.0,34341.0,29652.0
2024,22140,"Farmington, NM",metro,881.0,0.6584454409566517,33464.0,33277.0,28991.0
2024,22180,"Fayetteville, NC",metro,1065.0,0.7959641255605381,35866.0,35608.0,30438.0
2024,22220,"Fayetteville-Springdale-Rogers, AR",metro,1016.0,0.7593423019431988,35226.0,34988.0,30053.0
2024,22380,"Flagstaff, AZ",state_metro,1464.0,1.094170403587444,41075.0,40665.0,33577.0
2024,22420,"Flint, MI",metro,964.0,0.7204783258594918,34547.0,34329.0,29644.0
2024,22500,"Florence, SC",metro,855.0,0.6390134529147982,33124.0,32947.0,28787.0
2024,22520,"Florence-Muscle Shoals, AL",metro,825.0,0.6165919282511211,32733.0,32567.0,28551.0
2024,22540,"Fond du Lac, WI",none,992.0,0.7414050822122571,34913.0,34683.0,29864.0
2024,22660,"Fort Collins-Loveland, CO",metro,1609.0,1.20254110612855,42968.0,42502.0,34718.0
2024,22900,"Fort Smith, AR-OK",metro,823.0,0.6150971599402093,32707.0,32542.0,28535.0
2024,23060,"Fort Wayne, IN",metro,977.0,0.7301943198804185,34717.0,34493.0,29746.0
2024,23420,"Fresno, CA",metro,1240.0,0.9267563527653214,38151.0,37826.0,31815.0
2024,23460,"Gadsden, AL",none,806.0,0.6023916292974589,32485.0,32326.0,28401.0
2024,23540,"Gainesville, FL",metro,1271.0,0.9499252615844545,38555.0,38219.0,32059.0
2024,23580,"Gainesville, GA",metro,1182.0,0.8834080717488789,37393.0,37091.0,31359.0
2024,23900,"Gettysburg, PA",state_metro,1095.0,0.8183856502242153,36258.0,35989.0,30674.0
2024,24020,"Glens Falls, NY",metro,1094.0,0.8176382660687593,36245.0,35976.0,30667.0
2024,24140,"Goldsboro, NC",metro,904.0,0.6756352765321375,33764.0,33568.0,29172.0
2024,24220,"Grand Forks, ND-MN",state_metro,930.0,0.695067264573991,34104.0,33898.0,29376.0
2024,24260,"Grand Island, NE",state_metro,947.0,0.7077727952167414,34326.0,34113.0,29510.0
2024,24300,"Grand Junction, CO",none,1051.0,0.7855007473841554,35683.0,35431.0,30328.0
2024,24340,"Grand Rapids-Wyoming-Kentwood, MI",metro,1166.0,0.8714499252615845,37185.0,36888.0,31233.0
2024,24420,"Grants Pass, OR",state_metro,1115.0,0.8333333333333334,36519.0,36242.0,30832.0
2024,24500,"Great Falls, MT",state_metro,924.0,0.6905829596412556,34025.0,33822.0,29329.0
2024,24540,"Greeley, CO",metro,1396.0,1.0433482810164425,40187.0,39803.0,33042.0
2024,24580,"Green Bay, WI",metro,1000.0,0.7473841554559043,35017.0,34785.0,29927.0
2024,24660,"Greensboro-High Point, NC",metro,1001.0,0.7481315396113603,35030.0,34797.0,29935.0
2024,24780,"Greenville, NC",metro,955.0,0.7137518684603886,34430.0,34215.0,29573.0
2024,24860,"Greenville-Anderson-Greer, SC",metro,1081.0,0.8079222720478326,36075.0,35811.0,30564.0
2024,25060,"Gulfport-Biloxi, MS",state_metro,971.0,0.7257100149476831,34639.0,34417.0,29699.0
2024,25180,"Hagerstown-Martinsburg, MD-WV",metro,1100.0,0.8221225710014948,36323.0,36052.0,30714.0
2024,25220,"Hammond, LA",state_metro,967.0,0.7227204783258595,34587.0,34367.0,29668.0
2024,25260,"Hanford-Corcoran, CA",metro,1124.0,0.8400597907324364,36636.0,36356.0,30903.0
2024,25420,"Harrisburg-Carlisle, PA",metro,1182.0,0.8834080717488789,37393.0,37091.0,31359.0
2024,25500,"Harrisonburg, VA",state_metro,1055.0,0.7884902840059791,35735.0,35482.0,30360.0
2024,25540,"Hartford-West Hartford-East Hartford, CT",metro,1457.0,1.0889387144992526,40984.0,40576.0,33522.0
2024,25620,"Hattiesburg, MS",state_metro,960.0,0.7174887892376681,34495.0,34278.0,29612.0
2024,25740,"Helena, MT",state_metro,1053.0,0.7869955156950673,35709.0,35456.0,30344.0
2024,25860,"Hickory-Lenoir-Morganton, NC",metro,796.0,0.5949177877428998,32354.0,32200.0,28322.0
2024,25940,"Hilton Head Island-Bluffton-Port Royal, SC",metro,1427.0,1.0665171898355754,40592.0,40196.0,33286.0
2024,25980,"Hinesville, GA",state_metro,1036.0,0.7742899850523169,35487.0,35241.0,30210.0
2024,26140,"Homosassa Springs, FL",state_metro,979.0,0.7316890881913304,34743.0,34519.0,29762.0
2024,26300,"Hot Springs, AR",state_metro,925.0,0.6913303437967115,34038.0,33834.0,29337.0
2024,26380,"Houma-Bayou Cane-Thibodaux, LA",state_metro,992.0,0.7414050822122571,34913.0,34683.0,29864.0
2024,26420,"Houston-Pasadena-The Woodlands, TX",metro,1382.0,1.0328849028400597,40004.0,39626.0,32932.0
2024,26580,"Huntington-Ashland, WV-KY-OH",metro,856.0,0.6397608370702541,33138.0,32960.0,28794.0
2024,26620,"Huntsville, AL",metro,1046.0,0.7817638266068759,35618.0,35368.0,30289.0
2024,26820,"Idaho Falls, ID",metro,971.0,0.7257100149476831,34639.0,34417.0,29699.0
2024,26900,"Indianapolis-Carmel-Greenwood, IN",metro,1132.0,0.8460388639760837,36741.0,36458.0,30966.0
2024,26980,"Iowa City, IA",metro,1064.0,0.7952167414050823,35853.0,35596.0,30431.0
2024,27060,"Ithaca, NY",none,1497.0,1.1188340807174888,41506.0,41083.0,33837.0
2024,27100,"Jackson, MI",metro,966.0,0.7219730941704036,34574.0,34354.0,29660.0
2024,27140,"Jackson, MS",metro,1044.0,0.7802690582959642,35592.0,35342.0,30273.0
2024,27180,"Jackson, TN",none,894.0,0.6681614349775785,33634.0,33442.0,29093.0
2024,27260,"Jacksonville, FL",metro,1408.0,1.0523168908819134,40344.0,39955.0,33137.0
2024,27340,"Jacksonville, NC",metro,998.0,0.7458893871449925,34991.0,34759.0,29911.0
2024,27500,"Janesville-Beloit, WI",metro,1043.0,0.7795216741405082,35579.0,35330.0,30265.0
2024,27620,"Jefferson City, MO",state_metro,770.0,0.5754857997010463,32015.0,31870.0,28118.0
2024,27740,"Johnson City, TN",metro,888.0,0.6636771300448431,33555.0,33365.0,29046.0
2024,27780,"Johnstown, PA",metro,754.0,0.5635276532137519,31806.0,31667.0,27992.0
2024,27860,"Jonesboro, AR",state_metro,877.0,0.6554559043348281,33412.0,33226.0,28960.0
2024,27900,"Joplin, MO-KS",state_metro,875.0,0.6539611360239163,33386.0,33201.0,28944.0
2024,27980,"Kahului-Wailuku, HI",metro,1905.0,1.4237668161434978,46832.0,46253.0,37046.0
2024,28020,"Kalamazoo-Portage, MI",metro,1091.0,0.8153961136023916,36205.0,35938.0,30643.0
2024,28100,"Kankakee, IL",state_metro,1066.0,0.796711509715994,35879.0,35621.0,30446.0
2024,28140,"Kansas City, MO-KS",metro,1190.0,0.8893871449925261,37498.0,37193.0,31422.0
2024,28420,"Kennewick-Richland, WA",metro,1244.0,0.929745889387145,38203.0,37877.0,31847.0
2024,28450,"Kenosha, WI",none,1176.0,0.8789237668161435,37315.0,37015.0,31312.0
2024,28660,"Killeen-Temple, TX",metro,1038.0,0.7757847533632287,35514.0,35266.0,30226.0
2024,28700,"Kingsport-Bristol, TN-VA",metro,812.0,0.6068759342301944,32563.0,32402.0,28448.0
2024,28740,"Kingston, NY",none,1571.0,1.1741405082212257,42472.0,42021.0,34419.0
2024,28880,"Kiryas Joel-Poughkeepsie-Newburgh, NY",none,1674.0,1.251121076233184,43816.0,43326.0,35229.0
2024,28940,"Knoxville, TN",metro,1090.0,0.8146487294469357,36192.0,35925.0,30635.0
2024,29020,"Kokomo, IN",state_metro,922.0,0.6890881913303438,33999.0,33796.0,29314.0
2024,29100,"La Crosse-Onalaska, WI-MN",none,1071.0,0.8004484304932735,35944.0,35685.0,30486.0
2024,29180,"Lafayette, LA",metro,930.0,0.695067264573991,34104.0,33898.0,29376.0
2024,29200,"Lafayette-West Lafayette, IN",metro,1090.0,0.8146487294469357,36192.0,35925.0,30635.0
2024,29340,"Lake Charles, LA",metro,1086.0,0.8116591928251121,36140.0,35875.0,30604.0
2024,29420,"Lake Havasu City-Kingman, AZ",state_metro,994.0,0.7428998505231689,34939.0,34709.0,29880.0
2024,29460,"Lakeland-Winter Haven, FL",metro,1185.0,0.8856502242152466,37433.0,37129.0,31382.0
2024,29540,"Lancaster, PA",metro,1315.0,0.9828101644245142,39130.0,38777.0,32405.0
2024,29620,"Lansing-East Lansing, MI",metro,1108.0,0.828101644245142,36427.0,36153.0,30777.0
2024,29700,"Laredo, TX",metro,974.0,0.7279521674140508,34678.0,34455.0,29723.0
2024,29740,"Las Cruces, NM",metro,845.0,0.6315396113602392,32994.0,32821.0,28708.0
2024,29820,"Las Vegas-Henderson-North Las Vegas, NV",metro,1434.0,1.0717488789237668,40683.0,40285.0,33341.0
2024,29940,"Lawrence, KS",state_metro,1048.0,0.7832585949177877,35644.0,35393.0,30305.0
2024,30020,"Lawton, OK",state_metro,869.0,0.6494768310911808,33307.0,33125.0,28897.0
2024,30140,"Lebanon, PA",state_metro,1094.0,0.8176382660687593,36245.0,35976.0,30667.0
2024,30300,"Lewiston, ID-WA",state_metro,947.0,0.7077727952167414,34326.0,34113.0,29510.0
2024,30340,"Lewiston-Auburn, ME",metro,1038.0,0.7757847533632287,35514.0,35266.0,30226.0
2024,30460,"Lexington-Fayette, KY",metro,1052.0,0.7862481315396114,35696.0,35444.0,30336.0
2024,30500,"Lexington Park, MD",metro,1576.0,1.1778774289985052,42537.0,42084.0,34458.0
2024,30620,"Lima, OH",state_metro,907.0,0.6778774289985052,33803.0,33606.0,29196.0
2024,30700,"Lincoln, NE",state_metro,1061.0,0.7929745889387145,35814.0,35558.0,30407.0
2024,30780,"Little Rock-North Little Rock-Conway, AR",metro,966.0,0.7219730941704036,34574.0,34354.0,29660.0
2024,30860,"Logan, UT-ID",state_metro,996.0,0.7443946188340808,34965.0,34734.0,29896.0
2024,30980,"Longview, TX",metro,1034.0,0.772795216741405,35461.0,35216.0,30195.0
2024,31020,"Longview-Kelso, WA",state_metro,1129.0,0.843796711509716,36702.0,36419.0,30942.0
2024,31080,"Los Angeles-Long Beach-Anaheim, CA",metro,2140.0,1.5994020926756354,49900.0,49231.0,38895.0
2024,31140,"Louisville/Jefferson County, KY-IN",metro,1080.0,0.8071748878923767,36062.0,35799.0,30556.0
2024,31180,"Lubbock, TX",metro,1078.0,0.8056801195814649,36036.0,35773.0,30541.0
2024,31340,"Lynchburg, VA",state_metro,908.0,0.6786248131539612,33816.0,33619.0,29203.0
2024,31420,"Macon-Bibb County, GA",metro,978.0,0.7309417040358744,34730.0,34506.0,29754.0
2024,31540,"Madison, WI",metro,1354.0,1.0119581464872944,39639.0,39271.0,32712.0
2024,31700,"Manchester-Nashua, NH",metro,1629.0,1.2174887892376682,43229.0,42756.0,34875.0
2024,31740,"Manhattan, KS",state_metro,981.0,0.7331838565022422,34769.0,34544.0,29778.0
2024,31860,"Mankato, MN",state_metro,1054.0,0.7877428998505231,35722.0,35469.0,30352.0
2024,31900,"Mansfield, OH",state_metro,769.0,0.5747384155455905,32002.0,31857.0,28110.0
2024,32580,"McAllen-Edinburg-Mission, TX",metro,922.0,0.6890881913303438,33999.0,33796.0,29314.0
2024,32780,"Medford, OR",metro,1254.0,0.9372197309417041,38333.0,38004.0,31925.0
2024,32820,"Memphis, TN-MS-AR",metro,1078.0,0.8056801195814649,36036.0,35773.0,30541.0
2024,32900,"Merced, CA",none,1147.0,0.8572496263079222,36937.0,36648.0,31084.0
2024,33100,"Miami-Fort Lauderdale-West Palm Beach, FL",metro,1796.0,1.3423019431988041,45409.0,44872.0,36189.0
2024,33140,"Michigan City-La Porte, IN",state_metro,932.0,0.6965620328849028,34130.0,33923.0,29392.0
2024,33220,"Midland, MI",state_metro,997.0,0.7451420029895366,34978.0,34747.0,29904.0
2024,33260,"Midland, TX",state_metro,1512.0,1.1300448430493273,41702.0,41273.0,33955.0
2024,33340,"Milwaukee-Waukesha, WI",metro,1137.0,0.8497757847533632,36806.0,36521.0,31005.0
2024,33460,"Minneapolis-St. Paul-Bloomington, MN-WI",metro,1487.0,1.1113602391629298,41375.0,40956.0,33758.0
2024,33500,"Minot, ND",state_metro,962.0,0.71898355754858,34521.0,34303.0,29628.0
2024,33540,"Missoula, MT",state_metro,1146.0,0.8565022421524664,36923.0,36635.0,31076.0
2024,33660,"Mobile, AL",metro,995.0,0.7436472346786248,34952.0,34721.0,29888.0
2024,33700,"Modesto, CA",metro,1416.0,1.0582959641255605,40448.0,40056.0,33200.0
2024,33740,"Monroe, LA",metro,890.0,0.6651718983557549,33581.0,33391.0,29062.0
2024,33780,"Monroe, MI",metro,1101.0,0.8228699551569507,36336.0,36065.0,30722.0
2024,33860,"Montgomery, AL",metro,972.0,0.726457399103139,34652.0,34430.0,29707.0
2024,34060,"Morgantown, WV",metro,1001.0,0.7481315396113603,35030.0,34797.0,29935.0
2024,34100,"Morristown, TN",none,862.0,0.6442451420029895,33216.0,33036.0,28842.0
2024,34580,"Mount Vernon-Anacortes, WA",metro,1408.0,1.0523168908819134,40344.0,39955.0,33137.0
2024,34620,"Muncie, IN",state_metro,872.0,0.6517189835575485,33346.0,33163.0,28920.0
2024,34740,"Muskegon-Norton Shores, MI",metro,1037.0,0.7750373692077728,35500.0,35254.0,30218.0
2024,34820,"Myrtle Beach-Conway-North Myrtle Beach, SC",metro,1144.0,0.8550074738415545,36897.0,36610.0,31060.0
2024,34900,"Napa, CA",none,2234.0,1.6696562032884903,51127.0,50422.0,39634.0
2024,34940,"Naples-Marco Island, FL",metro,1686.0,1.2600896860986548,43973.0,43478.0,35324.0
2024,34980,"Nashville-Davidson--Murfreesboro--Franklin, TN",metro,1401.0,1.047085201793722,40252.0,39866.0,33082.0
2024,35300,"New Haven, CT",metro,1536.0,1.147982062780269,42015.0,41577.0,34144.0
2024,35380,"New Orleans-Metairie, LA",metro,1217.0,0.9095665171898356,37850.0,37535.0,31634.0
2024,35620,"New York-Newark-Jersey City, NY-NJ",metro,1815.0,1.3565022421524664,45657.0,45113.0,36338.0
2024,35660,"Niles, MI",metro,972.0,0.726457399103139,34652.0,34430.0,29707.0
2024,35840,"North Port-Bradenton-Sarasota, FL",metro,1595.0,1.1920777279521675,42785.0,42325.0,34608.0
2024,35980,"Norwich-New London-Willimantic, CT",metro,1398.0,1.0448430493273542,40213.0,39828.0,33058.0
2024,36100,"Ocala, FL",metro,1102.0,0.8236173393124065,36349.0,36077.0,30730.0
2024,36220,"Odessa, TX",metro,1313.0,0.9813153961136024,39104.0,38751.0,32389.0
2024,36260,"Ogden, UT",metro,1299.0,0.9708520179372198,38921.0,38574.0,32279.0
2024,36420,"Oklahoma City, OK",metro,1054.0,0.7877428998505231,35722.0,35469.0,30352.0
2024,36500,"Olympia-Lacey-Tumwater, WA",state_metro,1605.0,1.1995515695067265,42916.0,42451.0,34686.0
2024,36540,"Omaha, NE-IA",metro,1175.0,0.8781763826606876,37302.0,37002.0,31304.0
2024,36740,"Orlando-Kissimmee-Sanford, FL",metro,1624.0,1.2137518684603887,43164.0,42692.0,34836.0
2024,36780,"Oshkosh-Neenah, WI",metro,940.0,0.70254110612855,34234.0,34024.0,29455.0
2024,36980,"Owensboro, KY",state_metro,908.0,0.6786248131539612,33816.0,33619.0,29203.0
2024,37100,"Oxnard-Thousand Oaks-Ventura, CA",metro,2174.0,1.6248131539611361,50344.0,49662.0,39162.0
2024,37140,"Paducah, KY-IL",state_metro,881.0,0.6584454409566517,33464.0,33277.0,28991.0
2024,37340,"Palm Bay-Melbourne-Titusville, FL",metro,1382.0,1.0328849028400597,40004.0,39626.0,32932.0
2024,37460,"Panama City-Panama City Beach, FL",metro,1354.0,1.0119581464872944,39639.0,39271.0,32712.0
2024,37620,"Parkersburg-Vienna, WV",state_metro,823.0,0.6150971599402093,32707.0,32542.0,28535.0
2024,37860,"Pensacola-Ferry Pass-Brent, FL",metro,1174.0,0.8774289985052317,37289.0,36990.0,31296.0
2024,37900,"Peoria, IL",metro,960.0,0.7174887892376681,34495.0,34278.0,29612.0
2024,37980,"Philadelphia-Camden-Wilmington, PA-NJ-DE-MD",metro,1494.0,1.116591928251121,41467.0,41045.0,33813.0
2024,38060,"Phoenix-Mesa-Chandler, AZ",metro,1555.0,1.1621823617339313,42263.0,41818.0,34293.0
2024,38240,"Pinehurst-Southern Pines, NC",state_metro,1109.0,0.8288490284005979,36440.0,36166.0,30785.0
2024,38300,"Pittsburgh, PA",metro,1054.0,0.7877428998505231,35722.0,35469.0,30352.0
2024,38340,"Pittsfield, MA",state_metro,1126.0,0.8415545590433483,36662.0,36381.0,30918.0
2024,38540,"Pocatello, ID",state_metro,862.0,0.6442451420029895,33216.0,33036.0,28842.0
2024,38860,"Portland-South Portland, ME",metro,1506.0,1.1255605381165918,41623.0,41197.0,33908.0
2024,38900,"Portland-Vancouver-Hillsboro, OR-WA",metro,1664.0,1.2436472346786247,43686.0,43199.0,35150.0
2024,38940,"Port St. Lucie, FL",metro,1421.0,1.06203288490284,40514.0,40120.0,33239.0
2024,39150,"Prescott Valley-Prescott, AZ",metro,1279.0,0.9559043348281017,38660.0,38320.0,32122.0
2024,39300,"Providence-Warwick, RI-MA",metro,1321.0,0.9872944693572496,39208.0,38853.0,32452.0
2024,39340,"Provo-Orem-Lehi, UT",metro,1232.0,0.9207772795216741,38046.0,37725.0,31752.0
2024,39380,"Pueblo, CO",none,1085.0,0.8109118086696562,36127.0,35862.0,30596.0
2024,39460,"Punta Gorda, FL",state_metro,1229.0,0.9185351270553064,38007.0,37687.0,31729.0
2024,39540,"Racine-Mount Pleasant, WI",metro,1026.0,0.7668161434977578,35357.0,35114.0,30132.0
2024,39580,"Raleigh-Cary, NC",metro,1426.0,1.0657698056801195,40579.0,40183.0,33278.0
2024,39660,"Rapid City, SD",state_metro,1117.0,0.8348281016442451,36545.0,36267.0,30848.0
2024,39740,"Reading, PA",metro,1197.0,0.8946188340807175,37589.0,37281.0,31477.0
2024,39820,"Redding, CA",metro,1224.0,0.9147982062780269,37942.0,37623.0,31689.0
2024,39900,"Reno, NV",state_metro,1520.0,1.1360239162929746,41806.0,41374.0,34018.0
2024,40060,"Richmond, VA",metro,1367.0,1.0216741405082213,39809.0,39435.0,32814.0
2024,40140,"Riverside-San Bernardino-Ontario, CA",metro,1668.0,1.2466367713004485,43738.0,43250.0,35182.0
2024,40220,"Roanoke, VA",metro,946.0,0.7070254110612855,34312.0,34100.0,29502.0
2024,40340,"Rochester, MN",state_metro,1161.0,0.8677130044843049,37119.0,36825.0,31194.0
2024,40380,"Rochester, NY",metro,1177.0,0.8796711509715994,37328.0,37028.0,31320.0
2024,40420,"Rockford, IL",metro,994.0,0.7428998505231689,34939.0,34709.0,29880.0
2024,40580,"Rocky Mount, NC",state_metro,821.0,0.6136023916292974,32681.0,32516.0,28519.0
2024,40660,"Rome, GA",state_metro,904.0,0.6756352765321375,33764.0,33568.0,29172.0
2024,40900,"Sacramento-Roseville-Folsom, CA",metro,1712.0,1.2795216741405082,44313.0,43807.0,35528.0
2024,40980,"Saginaw, MI",metro,923.0,0.6898355754857997,34012.0,33809.0,29321.0
2024,41060,"St. Cloud, MN",state_metro,1074.0,0.8026905829596412,35983.0,35723.0,30509.0
2024,41100,"St. George, UT",metro,1308.0,0.9775784753363229,39038.0,38688.0,32350.0
2024,41140,"St. Joseph, MO-KS",state_metro,889.0,0.6644245142002989,33568.0,33378.0,29054.0
2024,41180,"St. Louis, MO-IL",metro,1097.0,0.819880418535127,36284.0,36014.0,30690.0
2024,41420,"Salem, OR",metro,1318.0,0.9850523168908819,39169.0,38815.0,32429.0
2024,41500,"Salinas, CA",metro,1984.0,1.4828101644245142,47863.0,47254.0,37668.0
2024,41540,"Salisbury, MD",metro,1169.0,0.8736920777279522,37224.0,36926.0,31257.0
2024,41620,"Salt Lake City-Murray, UT",metro,1478.0,1.1046337817638265,41258.0,40842.0,33687.0
2024,41660,"San Angelo, TX",state_metro,1146.0,0.8565022421524664,36923.0,36635.0,31076.0
2024,41700,"San Antonio-New Braunfels, TX",metro,1332.0,0.9955156950672646,39352.0,38992.0,32539.0
2024,41740,"San Diego-Chula Vista-Carlsbad, CA",metro,2198.0,1.6427503736920777,50657.0,49966.0,39351.0
2024,41780,"Sandusky, OH",state_metro,912.0,0.6816143497757847,33869.0,33670.0,29235.0
2024,41860,"San Francisco-Oakland-Fremont, CA",metro,2591.0,1.9364723467862481,55788.0,54946.0,42443.0
2024,41940,"San Jose-Sunnyvale-Santa Clara, CA",metro,2881.0,2.1532137518684604,59574.0,58621.0,44724.0
2024,42020,"San Luis Obispo-Paso Robles, CA",metro,1938.0,1.4484304932735426,47263.0,46671.0,37306.0
2024,42100,"Santa Cruz-Watsonville, CA",metro,2286.0,1.7085201793721974,51806.0,51081.0,40043.0
2024,42140,"Santa Fe, NM",metro,1425.0,1.0650224215246638,40566.0,40170.0,33270.0
2024,42200,"Santa Maria-Santa Barbara, CA",metro,2066.0,1.5440956651718984,48934.0,48293.0,38313.0
2024,42220,"Santa Rosa-Petaluma, CA",metro,2168.0,1.6203288490284007,50266.0,49586.0,39115.0
2024,42340,"Savannah, GA",metro,1303.0,0.9738415545590433,38973.0,38624.0,32311.0
2024,42540,"Scranton--Wilkes-Barre, PA",metro,957.0,0.7152466367713004,34456.0,34240.0,29589.0
2024,42660,"Seattle-Tacoma-Bellevue, WA",metro,1987.0,1.485052316890882,47903.0,47292.0,37691.0
2024,42680,"Sebastian-Vero Beach-West Vero Corridor, FL",state_metro,1287.0,0.9618834080717489,38764.0,38422.0,32185.0
2024,42700,"Sebring, FL",state_metro,970.0,0.7249626307922272,34626.0,34405.0,29691.0
2024,43100,"Sheboygan, WI",none,943.0,0.7047832585949177,34273.0,34062.0,29479.0
2024,43300,"Sherman-Denison, TX",metro,1145.0,0.8557548579970105,36910.0,36622.0,31068.0
2024,43340,"Shreveport-Bossier City, LA",metro,973.0,0.727204783258595,34665.0,34443.0,29715.0
2024,43420,"Sierra Vista-Douglas, AZ",state_metro,874.0,0.6532137518684604,33373.0,33188.0,28936.0
2024,43580,"Sioux City, IA-NE-SD",state_metro,1001.0,0.7481315396113603,35030.0,34797.0,29935.0
2024,43620,"Sioux Falls, SD-MN",metro,990.0,0.7399103139013453,34887.0,34658.0,29848.0
2024,43640,"Slidell-Mandeville-Covington, LA",state_metro,1223.0,0.914050822122571,37929.0,37611.0,31681.0
2024,43780,"South Bend-Mishawaka, IN-MI",metro,1050.0,0.7847533632286996,35670.0,35418.0,30320.0
2024,43900,"Spartanburg, SC",metro,959.0,0.7167414050822123,34482.0,34265.0,29605.0
2024,44060,"Spokane-Spokane Valley, WA",metro,1201.0,0.8976083707025411,37641.0,37332.0,31508.0
2024,44100,"Springfield, IL",metro,955.0,0.7137518684603886,34430.0,34215.0,29573.0
2024,44140,"Springfield, MA",metro,1199.0,0.8961136023916293,37615.0,37307.0,31493.0
2024,44180,"Springfield, MO",metro,909.0,0.679372197309417,33829.0,33632.0,29211.0
2024,44220,"Springfield, OH",state_metro,875.0,0.6539611360239163,33386.0,33201.0,28944.0
2024,44300,"State College, PA",state_metro,1215.0,0.9080717488789237,37824.0,37509.0,31618.0
2024,44420,"Staunton-Stuarts Draft, VA",state_metro,963.0,0.7197309417040358,34534.0,34316.0,29636.0
2024,44700,"Stockton-Lodi, CA",metro,1485.0,1.109865470852018,41349.0,40931.0,33742.0
2024,44940,"Sumter, SC",none,958.0,0.7159940209267563,34469.0,34253.0,29597.0
2024,45060,"Syracuse, NY",metro,1102.0,0.8236173393124065,36349.0,36077.0,30730.0
2024,45220,"Tallahassee, FL",metro,1204.0,0.8998505231689088,37681.0,37370.0,31532.0
2024,45300,"Tampa-St. Petersburg-Clearwater, FL",metro,1497.0,1.1188340807174888,41506.0,41083.0,33837.0
2024,45460,"Terre Haute, IN",metro,900.0,0.672645739910314,33712.0,33518.0,29141.0
2024,45500,"Texarkana, TX-AR",state_metro,914.0,0.6831091180866966,33895.0,33695.0,29251.0
2024,45780,"Toledo, OH",metro,950.0,0.7100149476831091,34365.0,34151.0,29534.0
2024,45820,"Topeka, KS",metro,961.0,0.7182361733931241,34508.0,34291.0,29620.0
2024,45900,"Traverse City, MI",state_metro,1145.0,0.8557548579970105,36910.0,36622.0,31068.0
2024,45940,"Trenton-Princeton, NJ",metro,1638.0,1.2242152466367713,43346.0,42870.0,34946.0
2024,46060,"Tucson, AZ",metro,1203.0,0.899103139013453,37668.0,37357.0,31524.0
2024,46140,"Tulsa, OK",metro,1031.0,0.7705530642750373,35422.0,35178.0,30171.0
2024,46220,"Tuscaloosa, AL",none,962.0,0.71898355754858,34521.0,34303.0,29628.0
2024,46300,"Twin Falls, ID",state_metro,941.0,0.703288490284006,34247.0,34037.0,29463.0
2024,46340,"Tyler, TX",metro,1161.0,0.8677130044843049,37119.0,36825.0,31194.0
2024,46520,"Urban Honolulu, HI",metro,2071.0,1.547832585949178,48999.0,48357.0,38352.0
2024,46540,"Utica-Rome, NY",metro,953.0,0.7122571001494769,34404.0,34189.0,29557.0
2024,46660,"Valdosta, GA",state_metro,896.0,0.6696562032884903,33660.0,33467.0,29109.0
2024,46700,"Vallejo, CA",metro,2004.0,1.4977578475336324,48125.0,47508.0,37825.0
2024,47020,"Victoria, TX",state_metro,1205.0,0.9005979073243647,37694.0,37383.0,31540.0
2024,47220,"Vineland, NJ",metro,1240.0,0.9267563527653214,38151.0,37826.0,31815.0
2024,47260,"Virginia Beach-Chesapeake-Norfolk, VA-NC",metro,1340.0,1.0014947683109119,39456.0,39093.0,32602.0
2024,47300,"Visalia, CA",metro,1097.0,0.819880418535127,36284.0,36014.0,30690.0
2024,47380,"Waco, TX",metro,1100.0,0.8221225710014948,36323.0,36052.0,30714.0
2024,47460,"Walla Walla, WA",state_metro,1235.0,0.9230194319880418,38085.0,37763.0,31776.0
2024,47580,"Warner Robins, GA",metro,1020.0,0.7623318385650224,35279.0,35038.0,30084.0
2024,47900,"Washington-Arlington-Alexandria, DC-VA-MD-WV",metro,1985.0,1.4835575485799701,47877.0,47267.0,37676.0
2024,47930,"Waterbury-Shelton, CT",none,1348.0,1.007473841554559,39561.0,39195.0,32665.0
2024,47940,"Waterloo-Cedar Falls, IA",metro,959.0,0.7167414050822123,34482.0,34265.0,29605.0
2024,48060,"Watertown-Fort Drum, NY",metro,1188.0,0.8878923766816144,37472.0,37167.0,31406.0
2024,48140,"Wausau, WI",metro,969.0,0.7242152466367713,34613.0,34392.0,29683.0
2024,48260,"Weirton-Steubenville, WV-OH",state_metro,777.0,0.5807174887892377,32106.0,31959.0,28173.0
2024,48300,"Wenatchee-East Wenatchee, WA",state_metro,1191.0,0.8901345291479821,37511.0,37205.0,31430.0
2024,48540,"Wheeling, WV-OH",state_metro,826.0,0.617339312406577,32746.0,32580.0,28558.0
2024,48620,"Wichita, KS",metro,972.0,0.726457399103139,34652.0,34430.0,29707.0
2024,48660,"Wichita Falls, TX",metro,937.0,0.7002989536621823,34195.0,33986.0,29432.0
2024,48680,"Wildwood-The Villages, FL",state_metro,1143.0,0.8542600896860987,36884.0,36597.0,31052.0
2024,48700,"Williamsport, PA",metro,887.0,0.6629297458893871,33542.0,33353.0,29038.0
2024,48900,"Wilmington, NC",state_metro,1282.0,0.9581464872944694,38699.0,38358.0,32145.0
2024,49020,"Winchester, VA-WV",metro,1293.0,0.9663677130044843,38843.0,38498.0,32232.0
2024,49180,"Winston-Salem, NC",metro,927.0,0.6928251121076233,34064.0,33860.0,29353.0
2024,49340,"Worcester, MA",metro,1403.0,1.0485799701046339,40279.0,39892.0,33097.0
2024,49420,"Yakima, WA",state_metro,1077.0,0.804932735426009,36023.0,35761.0,30533.0
2024,49620,"York-Hanover, PA",metro,1168.0,0.8729446935724963,37211.0,36914.0,31249.0
2024,49660,"Youngstown-Warren, OH",metro,796.0,0.5949177877428998,32354.0,32200.0,28322.0
2024,49700,"Yuba City, CA",none,1183.0,0.8841554559043349,37406.0,37104.0,31367.0
2024,49740,"Yuma, AZ",metro,987.0,0.7376681614349776,34848.0,34620.0,29825.0
2025,10180,"Abilene, TX",metro,1117.0,0.7938877043354655,37893.0,37627.0,32041.0
2025,10420,"Akron, OH",metro,1080.0,0.767590618336887,37408.0,37155.0,31749.0
2025,10500,"Albany, GA",state_metro,871.0,0.6190476190476191,34663.0,34491.0,30102.0
2025,10540,"Albany, OR",state_metro,1315.0,0.9346126510305615,40493.0,40150.0,33601.0
2025,10580,"Albany-Schenectady-Troy, NY",metro,1363.0,0.968727789623312,41123.0,40762.0,33979.0
2025,10740,"Albuquerque, NM",metro,1187.0,0.84363894811656,38812.0,38519.0,32592.0
2025,10780,"Alexandria, LA",state_metro,892.0,0.6339729921819474,34939.0,34759.0,30268.0
2025,10900,"Allentown-Bethlehem-Easton, PA-NJ",metro,1444.0,1.0262970859985785,42187.0,41795.0,34618.0
2025,11020,"Altoona, PA",none,896.0,0.6368159203980099,34992.0,34810.0,30299.0
2025,11100,"Amarillo, TX",metro,1066.0,0.757640369580668,37224.0,36976.0,31639.0
2025,11180,"Ames, IA",state_metro,992.0,0.7050461975835111,36252.0,36033.0,31056.0
2025,11200,"Amherst Town-Northampton, MA",state_metro,1473.0,1.046908315565032,42568.0,42164.0,34846.0
2025,11260,"Anchorage, AK",state_metro,1443.0,1.0255863539445629,42174.0,41782.0,34610.0
2025,11460,"Ann Arbor, MI",metro,1565.0,1.1122956645344706,43775.0,43337.0,35571.0
2025,11500,"Anniston-Oxford, AL",none,807.0,0.5735607675906184,33823.0,33675.0,29598.0
2025,11540,"Appleton, WI",metro,1069.0,0.759772565742715,37263.0,37015.0,31663.0
2025,11700,"Asheville, NC",metro,1288.0,0.9154228855721394,40139.0,39806.0,33388.0
2025,12020,"Athens-Clarke County, GA",metro,1204.0,0.8557213930348259,39036.0,38735.0,32726.0
2025,12060,"Atlanta-Sandy Springs-Roswell, GA",metro,1632.0,1.159914712153518,44655.0,44191.0,36099.0
2025,12100,"Atlantic City-Hammonton, NJ",metro,1437.0,1.0213219616204692,42095.0,41705.0,34562.0
2025,12220,"Auburn-Opelika, AL",metro,1023.0,0.7270788912579957,36659.0,36428.0,31300.0
2025,12260,"Augusta-Richmond County, GA-SC",metro,1069.0,0.759772565742715,37263.0,37015.0,31663.0
2025,12420,"Austin-Round Rock-San Marcos, TX",metro,1795.0,1.2757640369580667,46795.0,46269.0,37383.0
2025,12540,"Bakersfield-Delano, CA",metro,1197.0,0.8507462686567164,38944.0,38646.0,32671.0
2025,12580,"Baltimore-Columbia-Towson, MD",metro,1675.0,1.1904761904761905,45220.0,44739.0,36438.0
2025,12620,"Bangor, ME",metro,1126.0,0.8002842928216063,38012.0,37741.0,32112.0
2025,12700,"Barnstable Town, MA",metro,1785.0,1.2686567164179106,46664.0,46141.0,37305.0
2025,12940,"Baton Rouge, LA",metro,1112.0,0.7903340440653873,37828.0,37563.0,32001.0
2025,12980,"Battle Creek, MI",metro,1047.0,0.744136460554371,36974.0,36734.0,31489.0
2025,13020,"Bay City, MI",state_metro,887.0,0.6304193319118693,34874.0,34695.0,30228.0
2025,13140,"Beaumont-Port Arthur, TX",metro,1105.0,0.7853589196872779,37736.0,37474.0,31946.0
2025,13220,"Beckley, WV",metro,816.0,0.579957356076759,33941.0,33790.0,29669.0
2025,13380,"Bellingham, WA",state_metro,1614.0,1.1471215351812367,44419.0,43962.0,35957.0
2025,13460,"Bend, OR",metro,1576.0,1.1201137171286426,43920.0,43477.0,35658.0
2025,13740,"Billings, MT",metro,1111.0,0.7896233120113717,37815.0,37550.0,31993.0
2025,13780,"Binghamton, NY",metro,982.0,0.6979388770433547,36121.0,35906.0,30977.0
2025,13820,"Birmingham, AL",metro,1120.0,0.7960199004975125,37933.0,37665.0,32064.0
2025,13900,"Bismarck, ND",state_metro,993.0,0.7057569296375267,36265.0,36046.0,31064.0
2025,13980,"Blacksburg-Christiansburg-Radford, VA",metro,1055.0,0.749822316986496,37079.0,36836.0,31552.0
2025,14010,"Bloomington, IL",metro,1063.0,0.7555081734186212,37184.0,36938.0,31615.0
2025,14020,"Bloomington, IN",metro,1193.0,0.8479033404406539,38891.0,38595.0,32640.0
2025,14260,"Boise City, ID",metro,1416.0,1.0063965884861408,41819.0,41438.0,34397.0
2025,14460,"Boston-Cambridge-Newton, MA-NH",metro,2155.0,1.5316275764036957,51522.0,50857.0,40220.0
2025,14500,"Boulder, CO",metro,2008.0,1.4271499644633974,49592.0,48984.0,39062.0
2025,14540,"Bowling Green, KY",metro,976.0,0.6936744847192609,36042.0,35829.0,30930.0
2025,14580,"Bozeman, MT",state_metro,1562.0,1.1101634683724235,43736.0,43299.0,35547.0
2025,14740,"Bremerton-Silverdale-Port Orchard, WA",metro,1780.0,1.2651030561478323,46598.0,46077.0,37265.0
2025,14860,"Bridgeport-Stamford-Danbury, CT",metro,1947.0,1.3837953091684434,48791.0,48206.0,38581.0
2025,15180,"Brownsville-Harlingen, TX",metro,893.0,0.6346837242359631,34952.0,34771.0,30276.0
2025,15260,"Brunswick-St. Simons, GA",state_metro,1124.0,0.798862828713575,37985.0,37716.0,32096.0
2025,15380,"Buffalo-Cheektowaga, NY",metro,1076.0,0.7647476901208244,37355.0,37104.0,31718.0
2025,15500,"Burlington, NC",metro,1023.0,0.7270788912579957,36659.0,36428.0,31300.0
2025,15540,"Burlington-South Burlington, VT",metro,1660.0,1.179815209665956,45023.0,44548.0,36320.0
2025,15940,"Canton-Massillon, OH",metro,916.0,0.6510305614783227,35254.0,35065.0,30457.0
2025,15980,"Cape Coral-Fort Myers, FL",metro,1617.0,1.1492537313432836,44458.0,44000.0,35981.0
2025,16020,"Cape Girardeau, MO-IL",state_metro,863.0,0.6133617626154939,34558.0,34389.0,30039.0
2025,16180,"Carson City, NV",state_metro,1303.0,0.9260838663823738,40336.0,39997.0,33506.0
2025,16220,"Casper, WY",state_metro,974.0,0.6922530206112296,36016.0,35804.0,30914.0
2025,16300,"Cedar Rapids, IA",metro,991.0,0.7043354655294953,36239.0,36020.0,31048.0
2025,16540,"Chambersburg, PA",metro,1078.0,0.7661691542288557,37381.0,37129.0,31733.0
2025,16580,"Champaign-Urbana, IL",metro,1079.0,0.7668798862828714,37394.0,37142.0,31741.0
2025,16620,"Charleston, WV",metro,924.0,0.6567164179104478,35359.0,35166.0,30520.0
2025,16700,"Charleston-North Charleston, SC",metro,1581.0,1.1236673773987207,43986.0,43541.0,35697.0
2025,16740,"Charlotte-Concord-Gastonia, NC-SC",metro,1422.0,1.0106609808102345,41898.0,41514.0,34444.0
2025,16820,"Charlottesville, VA",metro,1619.0,1.1506751954513148,44485.0,44025.0,35997.0
2025,16860,"Chattanooga, TN-GA",metro,1136.0,0.8073916133617626,38143.0,37869.0,32190.0
2025,16940,"Cheyenne, WY",state_metro,1128.0,0.8017057569296375,38038.0,37767.0,32127.0
2025,16980,"Chicago-Naperville-Elgin, IL-IN",metro,1444.0,1.0262970859985785,42187.0,41795.0,34618.0
2025,17020,"Chico, CA",metro,1417.0,1.0071073205401564,41832.0,41450.0,34405.0
2025,17140,"Cincinnati, OH-KY-IN",metro,1148.0,0.8159203980099502,38300.0,38022.0,32285.0
2025,17300,"Clarksville, TN-KY",metro,1116.0,0.7931769722814499,37880.0,37614.0,32033.0
2025,17410,"Cleveland, OH",metro,1088.0,0.7732764747690121,37513.0,37257.0,31812.0
2025,17420,"Cleveland, TN",metro,995.0,0.7071783937455579,36292.0,36071.0,31079.0
2025,17660,"Coeur d'Alene, ID",metro,1296.0,0.9211087420042644,40244.0,39908.0,33451.0
2025,17780,"College Station-Bryan, TX",metro,1097.0,0.7796730632551528,37631.0,37372.0,31883.0
2025,17820,"Colorado Springs, CO",metro,1586.0,1.1272210376687988,44051.0,43605.0,35737.0
2025,17860,"Columbia, MO",metro,991.0,0.7043354655294953,36239.0,36020.0,31048.0
2025,17900,"Columbia, SC",metro,1142.0,0.8116560056858564,38222.0,37945.0,32238.0
2025,17980,"Columbus, GA-AL",metro,991.0,0.7043354655294953,36239.0,36020.0,31048.0
2025,18020,"Columbus, IN",state_metro,1239.0,0.8805970149253731,39495.0,39182.0,33002.0
2025,18140,"Columbus, OH",metro,1317.0,0.9360341151385928,40519.0,40176.0,33617.0
2025,18580,"Corpus Christi, TX",metro,1298.0,0.9225302061122956,40270.0,39934.0,33467.0
2025,18700,"Corvallis, OR",state_metro,1442.0,1.0248756218905473,42161.0,41769.0,34602.0
2025,18880,"Crestview-Fort Walton Beach-Destin, FL",state_metro,1450.0,1.0305614783226724,42266.0,41871.0,34665.0
2025,19100,"Dallas-Fort Worth-Arlington, TX",metro,1660.0,1.179815209665956,45023.0,44548.0,36320.0
2025,19140,"Dalton, GA",state_metro,878.0,0.6240227434257285,34755.0,34580.0,30157.0
2025,19300,"Daphne-Fairhope-Foley, AL",metro,1226.0,0.8713574982231699,39325.0,39016.0,32900.0
2025,19340,"Davenport-Moline-Rock Island, IA-IL",metro,974.0,0.6922530206112296,36016.0,35804.0,30914.0
2025,19430,"Dayton-Kettering-Beavercreek, OH",metro,1021.0,0.7256574271499645,36633.0,36403.0,31284.0
2025,19460,"Decatur, AL",metro,829.0,0.5891968727789624,34112.0,33956.0,29771.0
2025,19500,"Decatur, IL",state_metro,859.0,0.6105188343994314,34506.0,34338.0,30008.0
2025,19660,"Deltona-Daytona Beach-Ormond Beach, FL",metro,1446.0,1.0277185501066097,42213.0,41820.0,34633.0
2025,19740,"Denver-Aurora-Centennial, CO",metro,1961.0,1.3937455579246625,48975.0,48385.0,38692.0
2025,19780,"Des Moines-West Des Moines, IA",metro,1166.0,0.8287135749822317,38537.0,38251.0,32427.0
2025,19820,"Detroit-Warren-Dearborn, MI",metro,1254.0,0.8912579957356077,39692.0,39373.0,33120.0
2025,20020,"Dothan, AL",none,845.0,0.6005685856432125,34322.0,34160.0,29897.0
2025,20100,"Dover, DE",metro,1295.0,0.9203980099502488,40230.0,39895.0,33443.0
2025,20220,"Dubuque, IA",state_metro,994.0,0.7064676616915423,36278.0,36059.0,31072.0
2025,20260,"Duluth, MN-WI",metro,1066.0,0.757640369580668,37224.0,36976.0,31639.0
2025,20500,"Durham-Chapel Hill, NC",metro,1476.0,1.049040511727079,42607.0,42203.0,34870.0
2025,20580,"Eagle Pass, TX",state_metro,853.0,0.6062544420753376,34427.0,34261.0,29960.0
2025,20740,"Eau Claire, WI",state_metro,1065.0,0.7569296375266524,37211.0,36964.0,31631.0
2025,20940,"El Centro, CA",none,1037.0,0.7370291400142146,36843.0,36607.0,31410.0
2025,21060,"Elizabethtown, KY",state_metro,911.0,0.6474769012082445,35189.0,35001.0,30417.0
2025,21140,"Elkhart-Goshen, IN",metro,1030.0,0.7320540156361052,36751.0,36518.0,31355.0
2025,21300,"Elmira, NY",state_metro,1098.0,0.7803837953091685,37644.0,37384.0,31891.0
2025,21340,"El Paso, TX",metro,1029.0,0.7313432835820896,36738.0,36505.0,31347.0
2025,21420,"Enid, OK",state_metro,888.0,0.6311300639658849,34887.0,34708.0,30236.0
2025,21500,"Erie, PA",metro,949.0,0.6744847192608386,35688.0,35485.0,30717.0
2025,21660,"Eugene-Springfield, OR",metro,1370.0,0.9737029140014215,41215.0,40851.0,34034.0
2025,21780,"Evansville, IN",metro,1057.0,0.7512437810945274,37106.0,36862.0,31568.0
2025,21820,"Fairbanks-College, AK",state_metro,1483.0,1.0540156361051884,42699.0,42292.0,34925.0
2025,22020,"Fargo, ND-MN",metro,985.0,0.7000710732054015,36160.0,35944.0,31001.0
2025,22140,"Farmington, NM",metro,936.0,0.6652452025586354,35517.0,35319.0,30614.0
2025,22180,"Fayetteville, NC",metro,1126.0,0.8002842928216063,38012.0,37741.0,32112.0
2025,22220,"Fayetteville-Springdale-Rogers, AR",metro,1075.0,0.7640369580668088,37342.0,37091.0,31710.0
2025,22380,"Flagstaff, AZ",state_metro,1512.0,1.0746268656716418,43080.0,42661.0,35153.0
2025,22420,"Flint, MI",metro,1016.0,0.7221037668798863,36567.0,36339.0,31245.0
2025,22500,"Florence, SC",metro,889.0,0.6318407960199005,34900.0,34720.0,30244.0
2025,22520,"Florence-Muscle Shoals, AL",metro,866.0,0.6154939587775409,34598.0,34427.0,30063.0
2025,22540,"Fond du Lac, WI",state_metro,1024.0,0.7277896233120114,36672.0,36441.0,31308.0
2025,22660,"Fort Collins-Loveland, CO",metro,1656.0,1.1769722814498933,44970.0,44497.0,36288.0
2025,22900,"Fort Smith, AR-OK",metro,847.0,0.6019900497512438,34348.0,34185.0,29913.0
2025,23060,"Fort Wayne, IN",metro,1033.0,0.7341862117981521,36790.0,36556.0,31379.0
2025,23420,"Fresno, CA",metro,1326.0,0.9424307036247335,40637.0,40291.0,33688.0
2025,23460,"Gadsden, AL",none,817.0,0.5806680881307748,33954.0,33803.0,29677.0
2025,23540,"Gainesville, FL",metro,1351.0,0.9601990049751243,40966.0,40609.0,33885.0
2025,23580,"Gainesville, GA",metro,1306.0,0.9282160625444208,40375.0,40036.0,33530.0
2025,23900,"Gettysburg, PA",none,1123.0,0.7981520966595593,37972.0,37703.0,32088.0
2025,24020,"Glens Falls, NY",metro,1116.0,0.7931769722814499,37880.0,37614.0,32033.0
2025,24140,"Goldsboro, NC",metro,936.0,0.6652452025586354,35517.0,35319.0,30614.0
2025,24220,"Grand Forks, ND-MN",state_metro,942.0,0.6695095948827292,35596.0,35396.0,30662.0
2025,24260,"Grand Island, NE",state_metro,994.0,0.7064676616915423,36278.0,36059.0,31072.0
2025,24300,"Grand Junction, CO",none,1115.0,0.7924662402274343,37867.0,37601.0,32025.0
2025,24340,"Grand Rapids-Wyoming-Kentwood, MI",metro,1222.0,0.8685145700071073,39272.0,38965.0,32868.0
2025,24420,"Grants Pass, OR",state_metro,1144.0,0.8130774697938877,38248.0,37971.0,32254.0
2025,24500,"Great Falls, MT",state_metro,967.0,0.6872778962331201,35924.0,35715.0,30859.0
2025,24540,"Greeley, CO",metro,1473.0,1.046908315565032,42568.0,42164.0,34846.0
2025,24580,"Green Bay, WI",metro,1055.0,0.749822316986496,37079.0,36836.0,31552.0
2025,24660,"Greensboro-High Point, NC",metro,1049.0,0.7455579246624022,37001.0,36760.0,31505.0
2025,24780,"Greenville, NC",metro,1011.0,0.7185501066098081,36502.0,36275.0,31205.0
2025,24860,"Greenville-Anderson-Greer, SC",metro,1140.0,0.8102345415778252,38195.0,37920.0,32222.0
2025,25060,"Gulfport-Biloxi, MS",state_metro,1008.0,0.7164179104477612,36462.0,36237.0,31182.0
2025,25180,"Hagerstown-Martinsburg, MD-WV",metro,1134.0,0.8059701492537313,38117.0,37843.0,32175.0
2025,25220,"Hammond, LA",metro,962.0,0.6837242359630419,35858.0,35651.0,30819.0
2025,25260,"Hanford-Corcoran, CA",metro,1190.0,0.845771144278607,38852.0,38557.0,32616.0
2025,25420,"Harrisburg-Carlisle, PA",metro,1266.0,0.8997867803837953,39850.0,39526.0,33215.0
2025,25500,"Harrisonburg, VA",state_metro,1098.0,0.7803837953091685,37644.0,37384.0,31891.0
2025,25540,"Hartford-West Hartford-East Hartford, CT",metro,1542.0,1.095948827292111,43474.0,43044.0,35390.0
2025,25620,"Hattiesburg, MS",state_metro,1016.0,0.7221037668798863,36567.0,36339.0,31245.0
2025,25740,"Helena, MT",state_metro,1102.0,0.783226723525231,37696.0,37435.0,31923.0
2025,25860,"Hickory-Lenoir-Morganton, NC",metro,851.0,0.6048329779673063,34401.0,34236.0,29945.0
2025,25940,"Hilton Head Island-Bluffton-Port Royal, SC",metro,1575.0,1.1194029850746268,43907.0,43464.0,35650.0
2025,25980,"Hinesville, GA",state_metro,1116.0,0.7931769722814499,37880.0,37614.0,32033.0
2025,26140,"Homosassa Springs, FL",state_metro,1004.0,0.7135749822316987,36410.0,36186.0,31150.0
2025,26300,"Hot Springs, AR",state_metro,958.0,0.6808813077469794,35806.0,35600.0,30788.0
2025,26380,"Houma-Bayou Cane-Thibodaux, LA",state_metro,1003.0,0.7128642501776831,36397.0,36173.0,31142.0
2025,26420,"Houston-Pasadena-The Woodlands, TX",metro,1438.0,1.0220326936744848,42108.0,41718.0,34570.0
2025,26580,"Huntington-Ashland, WV-KY-OH",metro,900.0,0.6396588486140725,35044.0,34861.0,30331.0
2025,26620,"Huntsville, AL",metro,1121.0,0.7967306325515281,37946.0,37678.0,32072.0
2025,26820,"Idaho Falls, ID",metro,1033.0,0.7341862117981521,36790.0,36556.0,31379.0
2025,26900,"Indianapolis-Carmel-Greenwood, IN",metro,1192.0,0.8471926083866382,38878.0,38583.0,32632.0
2025,26980,"Iowa City, IA",metro,1084.0,0.7704335465529495,37460.0,37206.0,31781.0
2025,27060,"Ithaca, NY",state_metro,1493.0,1.0611229566453446,42830.0,42419.0,35004.0
2025,27100,"Jackson, MI",metro,1004.0,0.7135749822316987,36410.0,36186.0,31150.0
2025,27140,"Jackson, MS",metro,1057.0,0.7512437810945274,37106.0,36862.0,31568.0
2025,27180,"Jackson, TN",state_metro,972.0,0.6908315565031983,35990.0,35778.0,30898.0
2025,27260,"Jacksonville, FL",metro,1515.0,1.0767590618336886,43119.0,42700.0,35177.0
2025,27340,"Jacksonville, NC",metro,1082.0,0.7690120824449183,37434.0,37180.0,31765.0
2025,27500,"Janesville-Beloit, WI",metro,1068.0,0.7590618336886994,37250.0,37002.0,31655.0
2025,27620,"Jefferson City, MO",state_metro,804.0,0.5714285714285714,33784.0,33637.0,29574.0
2025,27740,"Johnson City, TN",metro,964.0,0.6851457000710732,35885.0,35676.0,30835.0
2025,27780,"Johnstown, PA",metro,777.0,0.5522388059701493,33429.0,33293.0,29362.0
2025,27860,"Jonesboro, AR",state_metro,921.0,0.6545842217484008,35320.0,35128.0,30496.0
2025,27900,"Joplin, MO-KS",state_metro,937.0,0.665955934612651,35530.0,35332.0,30622.0
2025,27980,"Kahului-Wailuku, HI",metro,2018.0,1.4342572850035538,49723.0,49111.0,39141.0
2025,28020,"Kalamazoo-Portage, MI",state_metro,1127.0,0.8009950248756219,38025.0,37754.0,32120.0
2025,28100,"Kankakee, IL",state_metro,1089.0,0.7739872068230277,37526.0,37270.0,31820.0
2025,28140,"Kansas City, MO-KS",metro,1238.0,0.8798862828713575,39482.0,39169.0,32994.0
2025,28420,"Kennewick-Richland, WA",metro,1306.0,0.9282160625444208,40375.0,40036.0,33530.0
2025,28450,"Kenosha, WI",state_metro,1203.0,0.8550106609808102,39023.0,38723.0,32718.0
2025,28660,"Killeen-Temple, TX",metro,1099.0,0.7810945273631841,37657.0,37397.0,31899.0
2025,28700,"Kingsport-Bristol, TN-VA",metro,855.0,0.6076759061833689,34453.0,34287.0,29976.0
2025,28740,"Kingston, NY",metro,1609.0,1.1435678749111584,44353.0,43898.0,35918.0
2025,28880,"Kiryas Joel-Poughkeepsie-Newburgh, NY",state_metro,1759.0,1.2501776830135038,46323.0,45810.0,37100.0
2025,28940,"Knoxville, TN",metro,1153.0,0.8194740582800284,38366.0,38085.0,32324.0
2025,29020,"Kokomo, IN",state_metro,947.0,0.6730632551528074,35661.0,35460.0,30701.0
2025,29100,"La Crosse-Onalaska, WI-MN",state_metro,1094.0,0.7775408670931059,37591.0,37333.0,31860.0
2025,29180,"Lafayette, LA",metro,964.0,0.6851457000710732,35885.0,35676.0,30835.0
2025,29200,"Lafayette-West Lafayette, IN",metro,1126.0,0.8002842928216063,38012.0,37741.0,32112.0
2025,29340,"Lake Charles, LA",metro,1086.0,0.7718550106609808,37486.0,37231.0,31796.0
2025,29420,"Lake Havasu City-Kingman, AZ",state_metro,1013.0,0.7199715707178393,36528.0,36301.0,31221.0
2025,29460,"Lakeland-Winter Haven, FL",metro,1242.0,0.8827292110874201,39535.0,39220.0,33026.0
2025,29540,"Lancaster, PA",metro,1381.0,0.9815209665955935,41360.0,40992.0,34121.0
2025,29620,"Lansing-East Lansing, MI",metro,1141.0,0.8109452736318408,38208.0,37932.0,32230.0
2025,29700,"Laredo, TX",metro,1002.0,0.7121535181236673,36383.0,36161.0,31135.0
2025,29740,"Las Cruces, NM",metro,909.0,0.6460554371002132,35162.0,34975.0,30402.0
2025,29820,"Las Vegas-Henderson-North Las Vegas, NV",metro,1553.0,1.103766879886283,43618.0,43184.0,35476.0
2025,29940,"Lawrence, KS",state_metro,1100.0,0.7818052594171997,37670.0,37410.0,31907.0
2025,30020,"Lawton, OK",state_metro,903.0,0.6417910447761194,35084.0,34899.0,30354.0
2025,30140,"Lebanon, PA",metro,1109.0,0.7882018479033405,37788.0,37525.0,31978.0
2025,30300,"Lewiston, ID-WA",state_metro,1038.0,0.7377398720682303,36856.0,36620.0,31418.0
2025,30340,"Lewiston-Auburn, ME",metro,1124.0,0.798862828713575,37985.0,37716.0,32096.0
2025,30460,"Lexington-Fayette, KY",metro,1121.0,0.7967306325515281,37946.0,37678.0,32072.0
2025,30500,"Lexington Park, MD",metro,1602.0,1.138592750533049,44261.0,43809.0,35863.0
2025,30620,"Lima, OH",state_metro,939.0,0.6673773987206824,35556.0,35358.0,30638.0
2025,30700,"Lincoln, NE",state_metro,1091.0,0.775408670931059,37552.0,37295.0,31836.0
2025,30780,"Little Rock-North Little Rock-Conway, AR",metro,1005.0,0.7142857142857143,36423.0,36199.0,31158.0
2025,30860,"Logan, UT-ID",state_metro,1086.0,0.7718550106609808,37486.0,37231.0,31796.0
2025,30980,"Longview, TX",metro,1043.0,0.7412935323383084,36922.0,36683.0,31458.0
2025,31020,"Longview-Kelso, WA",state_metro,1163.0,0.8265813788201848,38497.0,38213.0,32403.0
2025,31080,"Los Angeles-Long Beach-Anaheim, CA",metro,2210.0,1.5707178393745558,52244.0,51558.0,40654.0
2025,31140,"Louisville/Jefferson County, KY-IN",metro,1127.0,0.8009950248756219,38025.0,37754.0,32120.0
2025,31180,"Lubbock, TX",metro,1112.0,0.7903340440653873,37828.0,37563.0,32001.0
2025,31340,"Lynchburg, VA",state_metro,938.0,0.6666666666666666,35543.0,35345.0,30630.0
2025,31420,"Macon-Bibb County, GA",metro,1023.0,0.7270788912579957,36659.0,36428.0,31300.0
2025,31540,"Madison, WI",metro,1410.0,1.0021321961620469,41740.0,41361.0,34350.0
2025,31700,"Manchester-Nashua, NH",metro,1722.0,1.2238805970149254,45837.0,45338.0,36808.0
2025,31740,"Manhattan, KS",state_metro,984.0,0.6993603411513859,36147.0,35931.0,30993.0
2025,31860,"Mankato, MN",state_metro,1113.0,0.7910447761194029,37841.0,37576.0,32009.0
2025,31900,"Mansfield, OH",state_metro,817.0,0.5806680881307748,33954.0,33803.0,29677.0
2025,32580,"McAllen-Edinburg-Mission, TX",metro,956.0,0.6794598436389481,35779.0,35574.0,30772.0
2025,32780,"Medford, OR",metro,1327.0,0.9431414356787491,40651.0,40303.0,33696.0
2025,32820,"Memphis, TN-MS-AR",metro,1143.0,0.8123667377398721,38235.0,37958.0,32246.0
2025,32900,"Merced, CA",none,1217.0,0.8649609097370291,39206.0,38901.0,32829.0
2025,33100,"Miami-Fort Lauderdale-West Palm Beach, FL",metro,1900.0,1.3503909026297085,48174.0,47607.0,38211.0
2025,33140,"Michigan City-La Porte, IN",state_metro,994.0,0.7064676616915423,36278.0,36059.0,31072.0
2025,33220,"Midland, MI",state_metro,1039.0,0.738450604122246,36869.0,36632.0,31426.0
2025,33260,"Midland, TX",state_metro,1588.0,1.1286425017768302,44077.0,43630.0,35752.0
2025,33340,"Milwaukee-Waukesha, WI",metro,1166.0,0.8287135749822317,38537.0,38251.0,32427.0
2025,33460,"Minneapolis-St. Paul-Bloomington, MN-WI",metro,1553.0,1.103766879886283,43618.0,43184.0,35476.0
2025,33500,"Minot, ND",state_metro,971.0,0.6901208244491827,35976.0,35766.0,30890.0
2025,33540,"Missoula, MT",state_metro,1242.0,0.8827292110874201,39535.0,39220.0,33026.0
2025,33660,"Mobile, AL",metro,1014.0,0.720682302771855,36541.0,36314.0,31229.0
2025,33700,"Modesto, CA",metro,1554.0,1.1044776119402986,43631.0,43197.0,35484.0
2025,33740,"Monroe, LA",metro,892.0,0.6339729921819474,34939.0,34759.0,30268.0
2025,33780,"Monroe, MI",metro,1118.0,0.7945984363894811,37907.0,37639.0,32049.0
2025,33860,"Montgomery, AL",metro,1029.0,0.7313432835820896,36738.0,36505.0,31347.0
2025,34060,"Morgantown, WV",metro,1048.0,0.7448471926083866,36987.0,36747.0,31497.0
2025,34100,"Morristown, TN",state_metro,900.0,0.6396588486140725,35044.0,34861.0,30331.0
2025,34580,"Mount Vernon-Anacortes, WA",metro,1471.0,1.0454868514570008,42541.0,42139.0,34830.0
2025,34620,"Muncie, IN",state_metro,912.0,0.6481876332622601,35202.0,35014.0,30425.0
2025,34740,"Muskegon-Norton Shores, MI",metro,1091.0,0.775408670931059,37552.0,37295.0,31836.0
2025,34820,"Myrtle Beach-Conway-North Myrtle Beach, SC",metro,1241.0,0.8820184790334044,39521.0,39207.0,33018.0
2025,34900,"Napa, CA",none,2331.0,1.6567164179104477,53833.0,53101.0,41607.0
2025,34940,"Naples-Marco Island, FL",metro,1827.0,1.2985074626865671,47215.0,46676.0,37636.0
2025,34980,"Nashville-Davidson--Murfreesboro--Franklin, TN",metro,1489.0,1.0582800284292821,42778.0,42368.0,34972.0
2025,35300,"New Haven, CT",metro,1621.0,1.152096659559346,44511.0,44051.0,36012.0
2025,35380,"New Orleans-Metairie, LA",metro,1242.0,0.8827292110874201,39535.0,39220.0,33026.0
2025,35620,"New York-Newark-Jersey City, NY-NJ",metro,1869.0,1.328358208955224,47767.0,47212.0,37967.0
2025,35660,"Niles, MI",metro,984.0,0.6993603411513859,36147.0,35931.0,30993.0
2025,35840,"North Port-Bradenton-Sarasota, FL",metro,1721.0,1.2231698649609097,45824.0,45325.0,36800.0
2025,35980,"Norwich-New London-Willimantic, CT",metro,1432.0,1.0177683013503909,42029.0,41642.0,34523.0
2025,36100,"Ocala, FL",metro,1175.0,0.8351101634683724,38655.0,38366.0,32498.0
2025,36220,"Odessa, TX",metro,1302.0,0.9253731343283582,40322.0,39985.0,33499.0
2025,36260,"Ogden, UT",metro,1403.0,0.9971570717839374,41648.0,41272.0,34294.0
2025,36420,"Oklahoma City, OK",metro,1096.0,0.7789623312011372,37618.0,37359.0,31875.0
2025,36500,"Olympia-Lacey-Tumwater, WA",state_metro,1714.0,1.2181947405828002,45732.0,45236.0,36745.0
2025,36540,"Omaha, NE-IA",metro,1220.0,0.8670931058990761,39246.0,38939.0,32852.0
2025,36740,"Orlando-Kissimmee-Sanford, FL",metro,1723.0,1.224591329068941,45850.0,45351.0,36816.0
2025,36780,"Oshkosh-Neenah, WI",metro,991.0,0.7043354655294953,36239.0,36020.0,31048.0
2025,36980,"Owensboro, KY",state_metro,921.0,0.6545842217484008,35320.0,35128.0,30496.0
2025,37100,"Oxnard-Thousand Oaks-Ventura, CA",metro,2249.0,1.5984363894811655,52756.0,52055.0,40961.0
2025,37140,"Paducah, KY-IL",state_metro,930.0,0.6609808102345416,35438.0,35243.0,30567.0
2025,37340,"Palm Bay-Melbourne-Titusville, FL",metro,1499.0,1.0653873489694385,42909.0,42496.0,35051.0
2025,37460,"Panama City-Panama City Beach, FL",metro,1390.0,0.9879175550817342,41478.0,41106.0,34192.0
2025,37620,"Parkersburg-Vienna, WV",state_metro,845.0,0.6005685856432125,34322.0,34160.0,29897.0
2025,37860,"Pensacola-Ferry Pass-Brent, FL",metro,1263.0,0.8976545842217484,39810.0,39488.0,33191.0
2025,37900,"Peoria, IL",metro,998.0,0.7093105899076049,36331.0,36110.0,31103.0
2025,37980,"Philadelphia-Camden-Wilmington, PA-NJ-DE-MD",metro,1585.0,1.1265103056147832,44038.0,43592.0,35729.0
2025,38060,"Phoenix-Mesa-Chandler, AZ",metro,1684.0,1.1968727789623312,45338.0,44854.0,36509.0
2025,38240,"Pinehurst-Southern Pines, NC",state_metro,1125.0,0.7995735607675906,37998.0,37729.0,32104.0
2025,38300,"Pittsburgh, PA",metro,1090.0,0.7746979388770433,37539.0,37282.0,31828.0
2025,38340,"Pittsfield, MA",state_metro,1150.0,0.8173418621179815,38327.0,38047.0,32301.0
2025,38540,"Pocatello, ID",state_metro,991.0,0.7043354655294953,36239.0,36020.0,31048.0
2025,38860,"Portland-South Portland, ME",metro,1608.0,1.1428571428571428,44340.0,43885.0,35910.0
2025,38900,"Portland-Vancouver-Hillsboro, OR-WA",metro,1739.0,1.2359630419331913,46060.0,45555.0,36942.0
2025,38940,"Port St. Lucie, FL",metro,1519.0,1.0796019900497513,43172.0,42751.0,35209.0
2025,39150,"Prescott Valley-Prescott, AZ",metro,1370.0,0.9737029140014215,41215.0,40851.0,34034.0
2025,39300,"Providence-Warwick, RI-MA",metro,1421.0,1.0099502487562189,41885.0,41501.0,34436.0
2025,39340,"Provo-Orem-Lehi, UT",metro,1300.0,0.923951670220327,40296.0,39959.0,33483.0
2025,39380,"Pueblo, CO",metro,1127.0,0.8009950248756219,38025.0,37754.0,32120.0
2025,39460,"Punta Gorda, FL",metro,1396.0,0.992181947405828,41557.0,41183.0,34239.0
2025,39540,"Racine-Mount Pleasant, WI",metro,1076.0,0.7647476901208244,37355.0,37104.0,31718.0
2025,39580,"Raleigh-Cary, NC",metro,1549.0,1.1009239516702203,43565.0,43133.0,35445.0
2025,39660,"Rapid City, SD",state_metro,1175.0,0.8351101634683724,38655.0,38366.0,32498.0
2025,39740,"Reading, PA",metro,1243.0,0.8834399431414357,39548.0,39233.0,33034.0
2025,39820,"Redding, CA",metro,1270.0,0.9026297085998578,39902.0,39577.0,33246.0
2025,39900,"Reno, NV",state_metro,1630.0,1.1584932480454868,44629.0,44165.0,36083.0
2025,40060,"Richmond, VA",metro,1438.0,1.0220326936744848,42108.0,41718.0,34570.0
2025,40140,"Riverside-San Bernardino-Ontario, CA",metro,1758.0,1.2494669509594882,46310.0,45797.0,37092.0
2025,40220,"Roanoke, VA",metro,993.0,0.7057569296375267,36265.0,36046.0,31064.0
2025,40340,"Rochester, MN",state_metro,1250.0,0.8884150675195451,39640.0,39322.0,33089.0
2025,40380,"Rochester, NY",metro,1224.0,0.8699360341151386,39298.0,38990.0,32884.0
2025,40420,"Rockford, IL",metro,1045.0,0.7427149964463398,36948.0,36709.0,31473.0
2025,40580,"Rocky Mount, NC",state_metro,861.0,0.6119402985074627,34532.0,34363.0,30023.0
2025,40660,"Rome, GA",state_metro,954.0,0.6780383795309168,35753.0,35549.0,30756.0
2025,40900,"Sacramento-Roseville-Folsom, CA",metro,1808.0,1.28500355366027,46966.0,46434.0,37486.0
2025,40980,"Saginaw, MI",metro,953.0,0.6773276474769012,35740.0,35536.0,30748.0
2025,41060,"St. Cloud, MN",state_metro,1110.0,0.7889125799573561,37801.0,37537.0,31986.0
2025,41100,"St. George, UT",metro,1409.0,1.0014214641080312,41727.0,41348.0,34342.0
2025,41140,"St. Joseph, MO-KS",state_metro,908.0,0.6453447050461976,35149.0,34963.0,30394.0
2025,41180,"St. Louis, MO-IL",metro,1137.0,0.8081023454157783,38156.0,37881.0,32198.0
2025,41420,"Salem, OR",metro,1394.0,0.9907604832977968,41530.0,41157.0,34224.0
2025,41500,"Salinas, CA",metro,2088.0,1.4840085287846483,50642.0,50003.0,39692.0
2025,41540,"Salisbury, MD",metro,1248.0,0.8869936034115139,39613.0,39296.0,33073.0
2025,41620,"Salt Lake City-Murray, UT",metro,1593.0,1.1321961620469083,44143.0,43694.0,35792.0
2025,41660,"San Angelo, TX",state_metro,1193.0,0.8479033404406539,38891.0,38595.0,32640.0
2025,41700,"San Antonio-New Braunfels, TX",metro,1389.0,0.9872068230277186,41465.0,41094.0,34184.0
2025,41740,"San Diego-Chula Vista-Carlsbad, CA",metro,2290.0,1.6275764036958067,53295.0,52578.0,41284.0
2025,41780,"Sandusky, OH",state_metro,935.0,0.6645344705046198,35504.0,35307.0,30607.0
2025,41860,"San Francisco-Oakland-Fremont, CA",metro,2680.0,1.9047619047619047,58415.0,57549.0,44357.0
2025,41940,"San Jose-Sunnyvale-Santa Clara, CA",metro,2926.0,2.0796019900497513,61645.0,60685.0,46296.0
2025,42020,"San Luis Obispo-Paso Robles, CA",metro,2052.0,1.4584221748400852,50170.0,49544.0,39409.0
2025,42100,"Santa Cruz-Watsonville, CA",metro,2376.0,1.6886993603411513,54424.0,53674.0,41962.0
2025,42140,"Santa Fe, NM",metro,1535.0,1.0909737029140014,43382.0,42955.0,35335.0
2025,42200,"Santa Maria-Santa Barbara, CA",metro,2150.0,1.5280739161336176,51456.0,50794.0,40181.0
2025,42220,"Santa Rosa-Petaluma, CA",metro,2207.0,1.568585643212509,52205.0,51520.0,40630.0
2025,42340,"Savannah, GA",metro,1408.0,1.0007107320540156,41714.0,41336.0,34334.0
2025,42540,"Scranton--Wilkes-Barre, PA",metro,999.0,0.7100213219616205,36344.0,36122.0,31111.0
2025,42660,"Seattle-Tacoma-Bellevue, WA",metro,2080.0,1.4783226723525231,50537.0,49901.0,39629.0
2025,42680,"Sebastian-Vero Beach-West Vero Corridor, FL",metro,1324.0,0.9410092395167022,40611.0,40265.0,33672.0
2025,42700,"Sebring, FL",state_metro,1047.0,0.744136460554371,36974.0,36734.0,31489.0
2025,43100,"Sheboygan, WI",state_metro,993.0,0.7057569296375267,36265.0,36046.0,31064.0
2025,43300,"Sherman-Denison, TX",metro,1247.0,0.8862828713574982,39600.0,39284.0,33065.0
2025,43340,"Shreveport-Bossier City, LA",metro,980.0,0.6965174129353234,36095.0,35880.0,30961.0
2025,43420,"Sierra Vista-Douglas, AZ",metro,927.0,0.6588486140724946,35399.0,35205.0,30544.0
2025,43580,"Sioux City, IA-NE-SD",state_metro,1039.0,0.738450604122246,36869.0,36632.0,31426.0
2025,43620,"Sioux Falls, SD-MN",metro,1038.0,0.7377398720682303,36856.0,36620.0,31418.0
2025,43640,"Slidell-Mandeville-Covington, LA",state_metro,1274.0,0.9054726368159204,39955.0,39628.0,33278.0
2025,43780,"South Bend-Mishawaka, IN-MI",metro,1074.0,0.7633262260127932,37329.0,37078.0,31702.0
2025,43900,"Spartanburg, SC",metro,1013.0,0.7199715707178393,36528.0,36301.0,31221.0
2025,44060,"Spokane-Spokane Valley, WA",metro,1280.0,0.9097370291400142,40034.0,39704.0,33325.0
2025,44100,"Springfield, IL",metro,991.0,0.7043354655294953,36239.0,36020.0,31048.0
2025,44140,"Springfield, MA",metro,1234.0,0.8770433546552949,39430.0,39118.0,32963.0
2025,44180,"Springfield, MO",metro,950.0,0.6751954513148543,35701.0,35498.0,30725.0
2025,44220,"Springfield, OH",metro,904.0,0.642501776830135,35097.0,34912.0,30362.0
2025,44300,"State College, PA",none,1237.0,0.8791755508173419,39469.0,39156.0,32986.0
2025,44420,"Staunton-Stuarts Draft, VA",state_metro,991.0,0.7043354655294953,36239.0,36020.0,31048.0
2025,44700,"Stockton-Lodi, CA",metro,1609.0,1.1435678749111584,44353.0,43898.0,35918.0
2025,44940,"Sumter, SC",metro,1030.0,0.7320540156361052,36751.0,36518.0,31355.0
2025,45060,"Syracuse, NY",metro,1132.0,0.8045486851457001,38090.0,37818.0,32159.0
2025,45220,"Tallahassee, FL",metro,1273.0,0.9047619047619048,39942.0,39615.0,33270.0
2025,45300,"Tampa-St. Petersburg-Clearwater, FL",metro,1621.0,1.152096659559346,44511.0,44051.0,36012.0
2025,45460,"Terre Haute, IN",metro,942.0,0.6695095948827292,35596.0,35396.0,30662.0
2025,45500,"Texarkana, TX-AR",state_metro,930.0,0.6609808102345416,35438.0,35243.0,30567.0
2025,45780,"Toledo, OH",metro,975.0,0.6929637526652452,36029.0,35817.0,30922.0
2025,45820,"Topeka, KS",metro,995.0,0.7071783937455579,36292.0,36071.0,31079.0
2025,45900,"Traverse City, MI",state_metro,1200.0,0.8528784648187633,38983.0,38684.0,32695.0
2025,45940,"Trenton-Princeton, NJ",metro,1734.0,1.232409381663113,45994.0,45491.0,36903.0
2025,46060,"Tucson, AZ",metro,1275.0,0.906183368869936,39968.0,39640.0,33286.0
2025,46140,"Tulsa, OK",metro,1085.0,0.7711442786069652,37473.0,37219.0,31789.0
2025,46220,"Tuscaloosa, AL",metro,1011.0,0.7185501066098081,36502.0,36275.0,31205.0
2025,46300,"Twin Falls, ID",state_metro,1026.0,0.7292110874200426,36699.0,36467.0,31324.0
2025,46340,"Tyler, TX",metro,1214.0,0.8628287135749823,39167.0,38863.0,32805.0
2025,46520,"Urban Honolulu, HI",metro,2086.0,1.4825870646766168,50616.0,49978.0,39677.0
2025,46540,"Utica-Rome, NY",metro,972.0,0.6908315565031983,35990.0,35778.0,30898.0
2025,46660,"Valdosta, GA",state_metro,944.0,0.6709310589907604,35622.0,35421.0,30678.0
2025,46700,"Vallejo, CA",metro,2093.0,1.4875621890547264,50708.0,50067.0,39732.0
2025,47020,"Victoria, TX",state_metro,1230.0,0.8742004264392325,39377.0,39067.0,32931.0
2025,47220,"Vineland, NJ",metro,1269.0,0.9019189765458422,39889.0,39564.0,33239.0
2025,47260,"Virginia Beach-Chesapeake-Norfolk, VA-NC",metro,1394.0,0.9907604832977968,41530.0,41157.0,34224.0
2025,47300,"Visalia, CA",metro,1166.0,0.8287135749822317,38537.0,38251.0,32427.0
2025,47380,"Waco, TX",metro,1151.0,0.8180525941719972,38340.0,38060.0,32309.0
2025,47460,"Walla Walla, WA",state_metro,1343.0,0.9545131485429993,40861.0,40507.0,33822.0
2025,47580,"Warner Robins, GA",metro,1103.0,0.7839374555792467,37710.0,37448.0,31930.0
2025,47900,"Washington-Arlington-Alexandria, DC-VA-MD-WV",metro,2054.0,1.4598436389481166,50196.0,49570.0,39424.0
2025,47930,"Waterbury-Shelton, CT",metro,1395.0,0.9914712153518124,41543.0,41170.0,34231.0
2025,47940,"Waterloo-Cedar Falls, IA",metro,973.0,0.6915422885572139,36003.0,35791.0,30906.0
2025,48060,"Watertown-Fort Drum, NY",metro,1210.0,0.8599857853589197,39114.0,38812.0,32774.0
2025,48140,"Wausau, WI",metro,1025.0,0.728500355366027,36685.0,36454.0,31316.0
2025,48260,"Weirton-Steubenville, WV-OH",state_metro,816.0,0.579957356076759,33941.0,33790.0,29669.0
2025,48300,"Wenatchee-East Wenatchee, WA",state_metro,1275.0,0.906183368869936,39968.0,39640.0,33286.0
2025,48540,"Wheeling, WV-OH",state_metro,846.0,0.6012793176972282,34335.0,34172.0,29905.0
2025,48620,"Wichita, KS",metro,998.0,0.7093105899076049,36331.0,36110.0,31103.0
2025,48660,"Wichita Falls, TX",metro,972.0,0.6908315565031983,35990.0,35778.0,30898.0
2025,48680,"Wildwood-The Villages, FL",metro,1271.0,0.9033404406538735,39915.0,39589.0,33254.0
2025,48700,"Williamsport, PA",metro,936.0,0.6652452025586354,35517.0,35319.0,30614.0
2025,48900,"Wilmington, NC",metro,1357.0,0.9644633972992182,41045.0,40686.0,33932.0
2025,49020,"Winchester, VA-WV",metro,1353.0,0.9616204690831557,40992.0,40635.0,33900.0
2025,49180,"Winston-Salem, NC",metro,959.0,0.681592039800995,35819.0,35613.0,30796.0
2025,49340,"Worcester, MA",metro,1483.0,1.0540156361051884,42699.0,42292.0,34925.0
2025,49420,"Yakima, WA",state_metro,1106.0,0.7860696517412935,37749.0,37486.0,31954.0
2025,49620,"York-Hanover, PA",metro,1220.0,0.8670931058990761,39246.0,38939.0,32852.0
2025,49660,"Youngstown-Warren, OH",metro,814.0,0.5785358919687278,33915.0,33764.0,29653.0
2025,49700,"Yuba City, CA",metro,1279.0,0.9090262970859986,40020.0,39691.0,33317.0
2025,49740,"Yuma, AZ",metro,999.0,0.7100213219616205,36344.0,36122.0,31111.0
