year,area,kind,how,spm_code,spm_name,own_mort,own_free,rent
2015,10180,metro,code,10180,"Abilene, TX MSA",24150,20588,23851
2015,10420,metro,code,10420,"Akron, OH MSA",24063,20529,23767
2015,10500,metro,code,10500,"Albany, GA MSA",22515,19469,22261
2015,10540,state_metro,state,41001,Oregon Metro,24309,20697,24006
2015,10580,metro,code,10580,"Albany-Schenectady-Troy, NY MSA",26610,22271,26245
2015,10740,metro,code,10740,"Albuquerque, NM MSA",24512,20836,24203
2015,10780,state_metro,state,22001,Louisiana Metro,23412,20083,23133
2015,10900,metro,code,10900,"Allentown-Bethlehem-Easton, PA-NJ MSA",26726,22351,26357
2015,11020,metro,code,11020,"Altoona, PA MSA",22718,19608,22458
2015,11100,metro,code,11100,"Amarillo, TX MSA",24063,20529,23767
2015,11180,state_metro,state,19001,Iowa Metro,23485,20132,23204
2015,11260,state_metro,state,2001,Alaska Metro,29142,24004,28708
2015,11460,metro,code,11460,"Ann Arbor, MI MSA",27001,22539,26625
2015,11500,metro,code,11500,"Anniston-Oxford-Jacksonville, AL MSA",21488,18766,21261
2015,11540,metro,code,11540,"Appleton, WI MSA",23427,20093,23148
2015,11700,metro,code,11700,"Asheville, NC MSA",24020,20499,23725
2015,12020,metro,code,12020,"Athens-Clarke County, GA MSA",23600,20212,23316
2015,12060,metro,code,12060,"Atlanta-Sandy Springs-Roswell, GA MSA",26219,22004,25865
2015,12100,metro,code,12100,"Atlantic City-Hammonton, NJ MSA",29142,24004,28708
2015,12220,metro,code,12220,"Auburn-Opelika, AL MSA",23485,20132,23204
2015,12260,metro,code,12260,"Augusta-Richmond County, GA-SC MSA",23224,19954,22950
2015,12420,metro,code,12420,"Austin-Round Rock, TX MSA",28071,23272,27667
2015,12540,metro,code,12540,"Bakersfield, CA MSA",24498,20826,24189
2015,12580,metro,code,12580,"Baltimore-Columbia-Towson, MD MSA",29793,24450,29342
2015,12940,metro,code,12940,"Baton Rouge, LA MSA",24411,20766,24105
2015,12980,metro,code,12980,"Battle Creek, MI MSA",23239,19964,22965
2015,13020,state_metro,state,26001,Michigan Metro,23137,19895,22866
2015,13140,metro,code,13140,"Beaumont-Port Arthur, TX MSA",23919,20429,23626
2015,13220,state_metro,state,54001,West Virginia Metro,21488,18766,21261
2015,13380,metro,code,13380,"Bellingham, WA MSA",25858,21756,25513
2015,13460,metro,code,13460,"Bend-Redmond, OR MSA",24628,20915,24316
2015,13740,metro,code,13740,"Billings, MT MSA",23644,20241,23359
2015,13780,metro,code,13780,"Binghamton, NY MSA",23080,19855,22810
2015,13820,metro,code,13820,"Birmingham-Hoover, AL MSA",24035,20509,23739
2015,13900,state_metro,state,38001,North Dakota Metro,23427,20093,23148
2015,13980,metro,code,13980,"Blacksburg-Christiansburg-Radford, VA MSA",22920,19746,22655
2015,14010,metro,code,14010,"Bloomington, IL MSA",24469,20806,24161
2015,14020,metro,code,14020,"Bloomington, IN MSA",24613,20905,24302
2015,14100,state_metro,state,42001,Pennsylvania Metro,24599,20895,24288
2015,14260,metro,code,14260,"Boise City, ID MSA",23600,20212,23316
2015,14500,metro,code,14500,"Boulder, CO MSA",29330,24133,28891
2015,14540,metro,code,14540,"Bowling Green, KY MSA",22154,19221,21909
2015,14740,metro,code,14740,"Bremerton-Silverdale, WA MSA",26986,22529,26611
2015,15180,metro,code,15180,"Brownsville-Harlingen, TX MSA",22226,19271,21979
2015,15260,state_metro,state,13001,Georgia Metro,22486,19449,22233
2015,15380,metro,code,15380,"Buffalo-Cheektowaga-Niagara Falls, NY MSA",23383,20063,23105
2015,15500,metro,code,15500,"Burlington, NC MSA",23239,19964,22965
2015,15680,metro,code,15680,"California-Lexington Park, MD MSA",29475,24232,29032
2015,15940,metro,code,15940,"Canton-Massillon, OH MSA",22617,19538,22359
2015,15980,metro,code,15980,"Cape Coral-Fort Myers, FL MSA",25467,21489,25133
2015,16020,state_metro,state,29001,Missouri Metro,22168,19231,21923
2015,16060,metro,code,16060,"Carbondale-Marion, IL MSA",22631,19548,22373
2015,16180,state_metro,state,32001,Nevada Metro,24584,20885,24274
2015,16220,state_metro,state,56001,Wyoming Metro,23948,20449,23654
2015,16300,metro,code,16300,"Cedar Rapids, IA MSA",23239,19964,22965
2015,16540,metro,code,16540,"Chambersburg-Waynesboro, PA MSA",24534,20850,24225
2015,16580,metro,code,16580,"Champaign-Urbana, IL MSA",24642,20925,24330
2015,16620,metro,code,16620,"Charleston, WV MSA",22993,19796,22725
2015,16700,metro,code,16700,"Charleston-North Charleston, SC MSA",26234,22014,25879
2015,16740,metro,code,16740,"Charlotte-Concord-Gastonia, NC-SC MSA",24498,20826,24189
2015,16820,metro,code,16820,"Charlottesville, VA MSA",27594,22945,27202
2015,16860,metro,code,16860,"Chattanooga, TN-GA MSA",23297,20004,23021
2015,16940,state_metro,state,56001,Wyoming Metro,23948,20449,23654
2015,16980,metro,code,16980,"Chicago-Naperville-Elgin, IL-IN-WI MSA",27247,22707,26864
2015,17020,metro,code,17020,"Chico, CA MSA",25626,21598,25287
2015,17140,metro,code,17140,"Cincinnati, OH-KY-IN MSA",24078,20538,23781
2015,17300,metro,code,17300,"Clarksville, TN-KY MSA",23608,20217,23324
2015,17420,metro,code,17420,"Cleveland, TN MSA",22834,19687,22570
2015,17460,metro,code,17460,"Cleveland-Elyria, OH MSA",23991,20479,23697
2015,17660,metro,code,17660,"Coeur d'Alene, ID MSA",23644,20241,23359
2015,17780,metro,code,17780,"College Station-Bryan, TX MSA",24830,21053,24513
2015,17820,metro,code,17820,"Colorado Springs, CO MSA",25308,21380,24978
2015,17860,metro,code,17860,"Columbia, MO MSA",23528,20162,23246
2015,17900,metro,code,17900,"Columbia, SC MSA",24324,20707,24020
2015,17980,metro,code,17980,"Columbus, GA-AL MSA",23716,20291,23429
2015,18020,state_metro,state,18001,Indiana Metro,22848,19697,22584
2015,18140,metro,code,18140,"Columbus, OH MSA",24830,21053,24513
2015,18580,metro,code,18580,"Corpus Christi, TX MSA",25597,21578,25259
2015,18700,state_metro,state,41001,Oregon Metro,24309,20697,24006
2015,18880,metro,code,18880,"Crestview-Fort Walton Beach-Destin, FL MSA",25916,21796,25569
2015,19060,state_metro,state,24001,Maryland Metro,21922,19063,21683
2015,19100,metro,code,19100,"Dallas-Fort Worth-Arlington, TX MSA",26436,22153,26076
2015,19140,state_metro,state,13001,Georgia Metro,22486,19449,22233
2015,19180,state_metro,state,17001,Illinois Metro,22211,19261,21965
2015,19300,metro,code,19300,"Daphne-Fairhope-Foley, AL MSA",24367,20736,24063
2015,19340,metro,code,19340,"Davenport-Moline-Rock Island, IA-IL MSA",23181,19924,22908
2015,19380,metro,code,19380,"Dayton, OH MSA",23615,20222,23331
2015,19460,metro,code,19460,"Decatur, AL MSA",21633,18865,21402
2015,19500,metro,code,19500,"Decatur, IL MSA",22761,19637,22500
2015,19660,metro,code,19660,"Deltona-Daytona Beach-Ormond Beach, FL MSA",25785,21707,25442
2015,19740,metro,code,19740,"Denver-Aurora-Lakewood, CO MSA",27551,22915,27160
2015,19780,metro,code,19780,"Des Moines-West Des Moines, IA MSA",24483,20816,24175
2015,19820,metro,code,19820,"Detroit-Warren-Dearborn, MI MSA",25366,21420,25034
2015,20020,state_metro,state,1001,Alabama Metro,21459,18746,21233
2015,20100,metro,code,20100,"Dover, DE MSA",25641,21608,25301
2015,20220,state_metro,state,19001,Iowa Metro,23485,20132,23204
2015,20260,metro,code,20260,"Duluth, MN-WI MSA",23557,20182,23274
2015,20500,metro,code,20500,"Durham-Chapel Hill, NC MSA",25409,21449,25076
2015,20700,metro,code,20700,"East Stroudsburg, PA MSA",26827,22420,26456
2015,20740,metro,code,20740,"Eau Claire, WI MSA",23441,20103,23162
2015,20940,metro,code,20940,"El Centro, CA MSA",23687,20271,23401
2015,21060,state_metro,state,21001,Kentucky Metro,22269,19301,22021
2015,21140,metro,code,21140,"Elkhart-Goshen, IN MSA",23499,20142,23218
2015,21300,state_metro,state,36001,New York Metro,25698,21648,25358
2015,21340,metro,code,21340,"El Paso, TX MSA",23297,20004,23021
2015,21500,metro,code,21500,"Erie, PA MSA",23036,19825,22767
2015,21660,metro,code,21660,"Eugene, OR MSA",24888,21093,24569
2015,21780,metro,code,21780,"Evansville, IN-KY MSA",23861,20390,23570
2015,21820,state_metro,state,2001,Alaska Metro,29142,24004,28708
2015,22020,metro,code,22020,"Fargo, ND-MN MSA",23109,19875,22838
2015,22140,metro,code,22140,"Farmington, NM MSA",23441,20103,23162
2015,22180,metro,code,22180,"Fayetteville, NC MSA",23977,20469,23683
2015,22220,metro,code,22220,"Fayetteville-Springdale-Rogers, AR-MO MSA",22834,19687,22570
2015,22380,state_metro,state,4001,Arizona Metro,24512,20836,24203
2015,22420,metro,code,22420,"Flint, MI MSA",23282,19994,23007
2015,22500,metro,code,22500,"Florence, SC MSA",22110,19192,21866
2015,22520,metro,code,22520,"Florence-Muscle Shoals, AL MSA",21473,18756,21247
2015,22540,state_metro,state,55001,Wisconsin Metro,22834,19687,22570
2015,22660,metro,code,22660,"Fort Collins, CO MSA",26089,21915,25738
2015,22900,metro,code,22900,"Fort Smith, AR-OK MSA",21821,18994,21585
2015,23060,metro,code,23060,"Fort Wayne, IN MSA",22689,19588,22430
2015,23420,metro,code,23420,"Fresno, CA MSA",25069,21217,24745
2015,23460,state_metro,state,1001,Alabama Metro,21459,18746,21233
2015,23540,metro,code,23540,"Gainesville, FL MSA",25380,21430,25048
2015,23580,metro,code,23580,"Gainesville, GA MSA",24295,20687,23992
2015,23900,state_metro,state,42001,Pennsylvania Metro,24599,20895,24288
2015,24020,metro,code,24020,"Glens Falls, NY MSA",25134,21261,24809
2015,24140,metro,code,24140,"Goldsboro, NC MSA",22240,19281,21993
2015,24220,state_metro,state,38001,North Dakota Metro,23427,20093,23148
2015,24260,state_metro,state,31001,Nebraska Metro,23239,19964,22965
2015,24300,state_metro,state,8001,Colorado Metro,23948,20449,23654
2015,24340,metro,code,24340,"Grand Rapids-Wyoming, MI MSA",23803,20350,23514
2015,24420,state_metro,state,41001,Oregon Metro,24309,20697,24006
2015,24500,state_metro,state,30001,Montana Metro,23354,20043,23077
2015,24540,metro,code,24540,"Greeley, CO MSA",23687,20271,23401
2015,24580,metro,code,24580,"Green Bay, WI MSA",23282,19994,23007
2015,24660,metro,code,24660,"Greensboro-High Point, NC MSA",23224,19954,22950
2015,24780,metro,code,24780,"Greenville, NC MSA",23398,20073,23119
2015,24860,metro,code,24860,"Greenville-Anderson-Mauldin, SC MSA",23036,19825,22767
2015,25060,metro,code,25060,"Gulfport-Biloxi-Pascagoula, MS MSA",23716,20291,23429
2015,25180,metro,code,25180,"Hagerstown-Martinsburg, MD-WV MSA",24787,21024,24471
2015,25220,state_metro,state,22001,Louisiana Metro,23412,20083,23133
2015,25260,metro,code,25260,"Hanford-Corcoran, CA MSA",23875,20400,23584
2015,25420,metro,code,25420,"Harrisburg-Carlisle, PA MSA",25424,21459,25090
2015,25500,metro,code,25500,"Harrisonburg, VA MSA",24136,20578,23837
2015,25620,state_metro,state,28001,Mississippi Metro,23137,19895,22866
2015,25860,metro,code,25860,"Hickory-Lenoir-Morganton, NC MSA",21792,18974,21557
2015,25940,metro,code,25940,"Hilton Head Island-Bluffton-Beaufort, SC MSA",26147,21955,25794
2015,25980,state_metro,state,13001,Georgia Metro,22486,19449,22233
2015,26140,state_metro,state,12001,Florida Metro,23354,20043,23077
2015,26300,state_metro,state,5001,Arkansas Metro,22240,19281,21993
2015,26380,state_metro,state,22001,Louisiana Metro,23412,20083,23133
2015,26420,metro,code,26420,"Houston-The Woodlands-Sugar Land, TX MSA",26060,21895,25710
2015,26580,metro,code,26580,"Huntington-Ashland, WV-KY-OH MSA",21922,19063,21683
2015,26620,metro,code,26620,"Huntsville, AL MSA",23036,19825,22767
2015,26820,metro,code,26820,"Idaho Falls, ID MSA",22400,19390,22148
2015,26900,metro,code,26900,"Indianapolis-Carmel-Anderson, IN MSA",24440,20786,24133
2015,26980,metro,code,26980,"Iowa City, IA MSA",25091,21232,24766
2015,27060,state_metro,state,36001,New York Metro,25698,21648,25358
2015,27100,metro,code,27100,"Jackson, MI MSA",23615,20222,23331
2015,27140,metro,code,27140,"Jackson, MS MSA",24223,20637,23922
2015,27180,state_metro,state,47001,Tennessee Metro,22038,19142,21796
2015,27260,metro,code,27260,"Jacksonville, FL MSA",26335,22083,25977
2015,27340,metro,code,27340,"Jacksonville, NC MSA",24266,20667,23964
2015,27500,metro,code,27500,"Janesville-Beloit, WI MSA",23716,20291,23429
2015,27620,state_metro,state,29001,Missouri Metro,22168,19231,21923
2015,27740,metro,code,27740,"Johnson City, TN MSA",22240,19281,21993
2015,27780,metro,code,27780,"Johnstown, PA MSA",21228,18588,21008
2015,27860,state_metro,state,5001,Arkansas Metro,22240,19281,21993
2015,27900,metro,code,27900,"Joplin, MO MSA",22240,19281,21993
2015,27980,metro,code,27980,"Kahului-Wailuku-Lahaina, HI MSA",31631,25708,31130
2015,28020,metro,code,28020,"Kalamazoo-Portage, MI MSA",23514,20152,23232
2015,28100,metro,code,28100,"Kankakee, IL MSA",24324,20707,24020
2015,28140,metro,code,28140,"Kansas City, MO-KS MSA",24975,21152,24654
2015,28420,metro,code,28420,"Kennewick-Richland, WA MSA",24309,20697,24006
2015,28660,metro,code,28660,"Killeen-Temple, TX MSA",23977,20469,23683
2015,28700,metro,code,28700,"Kingsport-Bristol-Bristol, TN-VA MSA",21517,18786,21289
2015,28740,metro,code,28740,"Kingston, NY MSA",28361,23470,27948
2015,28940,metro,code,28940,"Knoxville, TN MSA",23557,20182,23274
2015,29020,state_metro,state,18001,Indiana Metro,22848,19697,22584
2015,29100,metro,code,29100,"La Crosse-Onalaska, WI-MN MSA",23687,20271,23401
2015,29180,metro,code,29180,"Lafayette, LA MSA",23109,19875,22838
2015,29200,metro,code,29200,"Lafayette-West Lafayette, IN MSA",24194,20618,23894
2015,29340,metro,code,29340,"Lake Charles, LA MSA",23340,20033,23063
2015,29420,state_metro,state,4001,Arizona Metro,24512,20836,24203
2015,29460,metro,code,29460,"Lakeland-Winter Haven, FL MSA",24686,20954,24372
2015,29540,metro,code,29540,"Lancaster, PA MSA",25988,21846,25639
2015,29620,metro,code,29620,"Lansing-East Lansing, MI MSA",24483,20816,24175
2015,29700,metro,code,29700,"Laredo, TX MSA",23528,20162,23246
2015,29740,metro,code,29740,"Las Cruces, NM MSA",22240,19281,21993
2015,29820,metro,code,29820,"Las Vegas-Henderson-Paradise, NV MSA",26379,22113,26019
2015,29940,metro,code,29940,"Lawrence, KS MSA",24744,20994,24429
2015,30020,metro,code,30020,"Lawton, OK MSA",23354,20043,23077
2015,30140,state_metro,state,42001,Pennsylvania Metro,24599,20895,24288
2015,30300,state_metro,state,16001,Idaho Metro,22023,19132,21782
2015,30460,metro,code,30460,"Lexington-Fayette, KY MSA",23557,20182,23274
2015,30620,state_metro,state,39001,Ohio Metro,21763,18954,21529
2015,30700,state_metro,state,31001,Nebraska Metro,23239,19964,22965
2015,30780,metro,code,30780,"Little Rock-North Little Rock-Conway, AR MSA",23716,20291,23429
2015,30860,state_metro,state,49001,Utah Metro,22096,19182,21852
2015,30980,metro,code,30980,"Longview, TX MSA",23412,20083,23133
2015,31020,state_metro,state,53001,Washington Metro,23499,20142,23218
2015,31080,metro,code,31080,"Los Angeles-Long Beach-Anaheim, CA MSA",33034,26668,32495
2015,31140,metro,code,31140,"Louisville/Jefferson County, KY-IN MSA",23572,20192,23288
2015,31180,metro,code,31180,"Lubbock, TX MSA",24035,20509,23739
2015,31340,metro,code,31340,"Lynchburg, VA MSA",23137,19895,22866
2015,31420,metro,code,31420,"Macon, GA MSA",23210,19944,22936
2015,31460,metro,code,31460,"Madera, CA MSA",24584,20885,24274
2015,31540,metro,code,31540,"Madison, WI MSA",26046,21885,25696
2015,31740,state_metro,state,20001,Kansas Metro,24613,20905,24302
2015,31860,state_metro,state,27001,Minnesota Metro,24035,20509,23739
2015,31900,state_metro,state,39001,Ohio Metro,21763,18954,21529
2015,32580,metro,code,32580,"McAllen-Edinburg-Mission, TX MSA",22486,19449,22233
2015,32780,metro,code,32780,"Medford, OR MSA",24859,21073,24541
2015,32820,metro,code,32820,"Memphis, TN-MS-AR MSA",24512,20836,24203
2015,32900,metro,code,32900,"Merced, CA MSA",23658,20251,23373
2015,33100,metro,code,33100,"Miami-Fort Lauderdale-West Palm Beach, FL MSA",29547,24282,29102
2015,33140,metro,code,33140,"Michigan City-La Porte, IN MSA",23195,19934,22922
2015,33220,state_metro,state,26001,Michigan Metro,23137,19895,22866
2015,33260,metro,code,33260,"Midland, TX MSA",28448,23529,28033
2015,33340,metro,code,33340,"Milwaukee-Waukesha-West Allis, WI MSA",25076,21222,24752
2015,33460,metro,code,33460,"Minneapolis-St. Paul-Bloomington, MN-WI MSA",27088,22598,26709
2015,33540,state_metro,state,30001,Montana Metro,23354,20043,23077
2015,33660,metro,code,33660,"Mobile, AL MSA",23702,20281,23415
2015,33700,metro,code,33700,"Modesto, CA MSA",25930,21806,25583
2015,33740,metro,code,33740,"Monroe, LA MSA",22588,19518,22331
2015,33780,metro,code,33780,"Monroe, MI MSA",24469,20806,24161
2015,33860,metro,code,33860,"Montgomery, AL MSA",24056,20524,23760
2015,34060,metro,code,34060,"Morgantown, WV MSA",23427,20093,23148
2015,34100,state_metro,state,47001,Tennessee Metro,22038,19142,21796
2015,34580,metro,code,34580,"Mount Vernon-Anacortes, WA MSA",26190,21984,25836
2015,34620,state_metro,state,18001,Indiana Metro,22848,19697,22584
2015,34740,metro,code,34740,"Muskegon, MI MSA",22819,19677,22556
2015,34820,metro,code,34820,"Myrtle Beach-Conway-North Myrtle Beach, SC-NC MSA",24208,20628,23908
2015,34900,metro,code,34900,"Napa, CA MSA",32181,26084,31665
2015,34940,metro,code,34940,"Naples-Immokalee-Marco Island, FL MSA",27124,22623,26744
2015,34980,metro,code,34980,"Nashville-Davidson--Murfreesboro--Franklin, TN MSA",25047,21202,24724
2015,35100,state_metro,state,37001,North Carolina Metro,24338,20717,24034
2015,35380,metro,code,35380,"New Orleans-Metairie, LA MSA",26292,22054,25935
2015,35620,metro,code,35620,"New York-Newark-Jersey City, NY-NJ-PA MSA",31645,25718,31144
2015,35660,metro,code,35660,"Niles-Benton Harbor, MI MSA",22891,19726,22627
2015,35840,metro,code,35840,"North Port-Sarasota-Bradenton, FL MSA",26610,22271,26245
2015,36100,metro,code,36100,"Ocala, FL MSA",23861,20390,23570
2015,36140,state_metro,state,34001,New Jersey Metro,27825,23103,27427
2015,36220,metro,code,36220,"Odessa, TX MSA",25887,21776,25541
2015,36260,metro,code,36260,"Ogden-Clearfield, UT MSA",24020,20499,23725
2015,36420,metro,code,36420,"Oklahoma City, OK MSA",23803,20350,23514
2015,36500,metro,code,36500,"Olympia-Tumwater, WA MSA",27044,22569,26667
2015,36540,metro,code,36540,"Omaha-Council Bluffs, NE-IA MSA",24801,21034,24485
2015,36740,metro,code,36740,"Orlando-Kissimmee-Sanford, FL MSA",27044,22569,26667
2015,36780,metro,code,36780,"Oshkosh-Neenah, WI MSA",22602,19528,22345
2015,36980,state_metro,state,21001,Kentucky Metro,22269,19301,22021
2015,37100,metro,code,37100,"Oxnard-Thousand Oaks-Ventura, CA MSA",33859,27233,33298
2015,37340,metro,code,37340,"Palm Bay-Melbourne-Titusville, FL MSA",25235,21331,24907
2015,37460,metro,code,37460,"Panama City, FL MSA",25525,21529,25189
2015,37620,state_metro,state,54001,West Virginia Metro,21488,18766,21261
2015,37860,metro,code,37860,"Pensacola-Ferry Pass-Brent, FL MSA",24830,21053,24513
2015,37900,metro,code,37900,"Peoria, IL MSA",23326,20023,23049
2015,37980,metro,code,37980,"Philadelphia-Camden-Wilmington, PA-NJ-DE-MD MSA",28274,23410,27864
2015,38060,metro,code,38060,"Phoenix-Mesa-Scottsdale, AZ MSA",25742,21677,25400
2015,38220,metro,code,38220,"Pine Bluff, AR MSA",21965,19093,21726
2015,38300,metro,code,38300,"Pittsburgh, PA MSA",23861,20390,23570
2015,38540,state_metro,state,16001,Idaho Metro,22023,19132,21782
2015,38900,metro,code,38900,"Portland-Vancouver-Hillsboro, OR-WA MSA",26379,22113,26019
2015,38940,metro,code,38940,"Port St. Lucie, FL MSA",25887,21776,25541
2015,39140,metro,code,39140,"Prescott, AZ MSA",24425,20776,24119
2015,39340,metro,code,39340,"Provo-Orem, UT MSA",23912,20425,23619
2015,39380,metro,code,39380,"Pueblo, CO MSA",23123,19885,22852
2015,39460,metro,code,39460,"Punta Gorda, FL MSA",24830,21053,24513
2015,39540,metro,code,39540,"Racine, WI MSA",24121,20568,23823
2015,39580,metro,code,39580,"Raleigh, NC MSA",25829,21737,25484
2015,39660,state_metro,state,46001,South Dakota Metro,24121,20568,23823
2015,39740,metro,code,39740,"Reading, PA MSA",25713,21657,25372
2015,39820,metro,code,39820,"Redding, CA MSA",25351,21410,25020
2015,39900,metro,code,39900,"Reno, NV MSA",25901,21786,25555
2015,40060,metro,code,40060,"Richmond, VA MSA",26422,22143,26062
2015,40140,metro,code,40140,"Riverside-San Bernardino-Ontario, CA MSA",28043,23252,27638
2015,40220,metro,code,40220,"Roanoke, VA MSA",23731,20301,23443
2015,40340,state_metro,state,27001,Minnesota Metro,24035,20509,23739
2015,40380,metro,code,40380,"Rochester, NY MSA",25163,21281,24837
2015,40420,metro,code,40420,"Rockford, IL MSA",23803,20350,23514
2015,40580,state_metro,state,37001,North Carolina Metro,24338,20717,24034
2015,40660,state_metro,state,13001,Georgia Metro,22486,19449,22233
2015,40900,metro,code,40900,"Sacramento--Roseville--Arden-Arcade, CA MSA",27522,22895,27132
2015,40980,metro,code,40980,"Saginaw, MI MSA",22978,19786,22711
2015,41060,metro,code,41060,"St. Cloud, MN MSA",23195,19934,22922
2015,41100,metro,code,41100,"St. George, UT MSA",23933,20439,23640
2015,41140,state_metro,state,29001,Missouri Metro,22168,19231,21923
2015,41180,metro,code,41180,"St. Louis, MO-IL MSA",24845,21063,24527
2015,41420,metro,code,41420,"Salem, OR MSA",23904,20420,23612
2015,41500,metro,code,41500,"Salinas, CA MSA",30184,24717,29722
2015,41540,metro,code,41540,"Salisbury, MD-DE MSA",25539,21539,25203
2015,41620,metro,code,41620,"Salt Lake City, UT MSA",25829,21737,25484
2015,41660,state_metro,state,48001,Texas Metro,23629,20231,23345
2015,41700,metro,code,41700,"San Antonio-New Braunfels, TX MSA",25568,21558,25231
2015,41740,metro,code,41740,"San Diego-Carlsbad, CA MSA",32239,26124,31721
2015,41860,metro,code,41860,"San Francisco-Oakland-Hayward, CA MSA",34915,27956,34325
2015,41940,metro,code,41940,"San Jose-Sunnyvale-Santa Clara, CA MSA",36579,29095,35944
2015,42020,metro,code,42020,"San Luis Obispo-Paso Robles-Arroyo Grande, CA MSA",30141,24688,29680
2015,42100,metro,code,42100,"Santa Cruz-Watsonville, CA MSA",34597,27738,34016
2015,42140,metro,code,42140,"Santa Fe, NM MSA",26784,22390,26414
2015,42200,metro,code,42200,"Santa Maria-Santa Barbara, CA MSA",32542,26332,32017
2015,42220,metro,code,42220,"Santa Rosa, CA MSA",31573,25668,31073
2015,42340,metro,code,42340,"Savannah, GA MSA",25641,21608,25301
2015,42540,metro,code,42540,"Scranton--Wilkes-Barre--Hazleton, PA MSA",23022,19815,22753
2015,42660,metro,code,42660,"Seattle-Tacoma-Bellevue, WA MSA",29099,23975,28666
2015,42680,metro,code,42680,"Sebastian-Vero Beach, FL MSA",24657,20935,24344
2015,42700,state_metro,state,12001,Florida Metro,23354,20043,23077
2015,43100,state_metro,state,55001,Wisconsin Metro,22834,19687,22570
2015,43300,metro,code,43300,"Sherman-Denison, TX MSA",23991,20479,23697
2015,43340,metro,code,43340,"Shreveport-Bossier City, LA MSA",23716,20291,23429
2015,43420,state_metro,state,4001,Arizona Metro,24512,20836,24203
2015,43580,state_metro,state,19001,Iowa Metro,23485,20132,23204
2015,43620,metro,code,43620,"Sioux Falls, SD MSA",23333,20028,23056
2015,43780,metro,code,43780,"South Bend-Mishawaka, IN-MI MSA",23557,20182,23274
2015,43900,metro,code,43900,"Spartanburg, SC MSA",22472,19439,22218
2015,44060,metro,code,44060,"Spokane-Spokane Valley, WA MSA",24078,20538,23781
2015,44100,metro,code,44100,"Springfield, IL MSA",23702,20281,23415
2015,44180,metro,code,44180,"Springfield, MO MSA",22501,19459,22247
2015,44220,metro,code,44220,"Springfield, OH MSA",22544,19489,22289
2015,44300,state_metro,state,42001,Pennsylvania Metro,24599,20895,24288
2015,44420,state_metro,state,51001,Virginia Metro,23875,20400,23584
2015,44700,metro,code,44700,"Stockton-Lodi, CA MSA",26436,22153,26076
2015,44940,state_metro,state,45001,South Carolina Metro,22501,19459,22247
2015,45060,metro,code,45060,"Syracuse, NY MSA",24331,20712,24027
2015,45220,metro,code,45220,"Tallahassee, FL MSA",25583,21568,25245
2015,45300,metro,code,45300,"Tampa-St. Petersburg-Clearwater, FL MSA",26711,22341,26343
2015,45460,metro,code,45460,"Terre Haute, IN MSA",22819,19677,22556
2015,45500,state_metro,state,48001,Texas Metro,23629,20231,23345
2015,45540,state_metro,state,12001,Florida Metro,23354,20043,23077
2015,45780,metro,code,45780,"Toledo, OH MSA",22776,19647,22514
2015,45820,metro,code,45820,"Topeka, KS MSA",23340,20033,23063
2015,45940,metro,code,45940,"Trenton, NJ MSA",30198,24727,29736
2015,46060,metro,code,46060,"Tucson, AZ MSA",24874,21083,24555
2015,46140,metro,code,46140,"Tulsa, OK MSA",23789,20340,23499
2015,46220,metro,code,46220,"Tuscaloosa, AL MSA",23644,20241,23359
2015,46340,metro,code,46340,"Tyler, TX MSA",24946,21133,24626
2015,46520,metro,code,46520,"Urban Honolulu, HI MSA",35263,28193,34663
2015,46540,metro,code,46540,"Utica-Rome, NY MSA",23239,19964,22965
2015,46660,metro,code,46660,"Valdosta, GA MSA",22674,19578,22416
2015,46700,metro,code,46700,"Vallejo-Fairfield, CA MSA",29706,24391,29257
2015,47020,metro,code,47020,"Victoria, TX MSA",24396,20756,24091
2015,47220,metro,code,47220,"Vineland-Bridgeton, NJ MSA",27912,23163,27512
2015,47260,metro,code,47260,"Virginia Beach-Norfolk-Newport News, VA-NC MSA",27594,22945,27202
2015,47300,metro,code,47300,"Visalia-Porterville, CA MSA",23731,20301,23443
2015,47380,metro,code,47380,"Waco, TX MSA",23702,20281,23415
2015,47460,state_metro,state,53001,Washington Metro,23499,20142,23218
2015,47580,metro,code,47580,"Warner Robins, GA MSA",23760,20321,23471
2015,47900,metro,code,47900,"Washington-Arlington-Alexandria, DC-VA-MD-WV MSA",33946,27292,33382
2015,47940,metro,code,47940,"Waterloo-Cedar Falls, IA MSA",22805,19667,22542
2015,48060,metro,code,48060,"Watertown-Fort Drum, NY MSA",26986,22529,26611
2015,48140,metro,code,48140,"Wausau, WI MSA",23340,20033,23063
2015,48260,state_metro,state,54001,West Virginia Metro,21488,18766,21261
2015,48300,state_metro,state,53001,Washington Metro,23499,20142,23218
2015,48540,state_metro,state,54001,West Virginia Metro,21488,18766,21261
2015,48620,metro,code,48620,"Wichita, KS MSA",23441,20103,23162
2015,48660,metro,code,48660,"Wichita Falls, TX MSA",23152,19905,22880
2015,48700,metro,code,48700,"Williamsport, PA MSA",23326,20023,23049
2015,48900,state_metro,state,37001,North Carolina Metro,24338,20717,24034
2015,49020,metro,code,49020,"Winchester, VA-WV MSA",24888,21093,24569
2015,49180,metro,code,49180,"Winston-Salem, NC MSA",22573,19508,22317
2015,49420,metro,code,49420,"Yakima, WA MSA",23803,20350,23514
2015,49620,metro,code,49620,"York-Hanover, PA MSA",25250,21341,24921
2015,49660,metro,code,49660,"Youngstown-Warren-Boardman, OH-PA MSA",21980,19102,21740
2015,49700,state_metro,state,6001,California Metro,24700,20964,24386
2015,49740,metro,code,49740,"Yuma, AZ MSA",23875,20400,23584
2015,70750,metro,hand,12620,"Bangor, ME MSA",24570,20875,24260
2015,70900,metro,hand,12700,"Barnstable Town, MA MSA",30473,24916,30003
2015,71650,metro,hand,14460,"Boston-Cambridge-Newton, MA-NH MSA",31848,25856,31341
2015,71950,metro,hand,14860,"Bridgeport-Stamford-Norwalk, CT MSA",32702,26441,32171
2015,72400,metro,hand,15540,"Burlington-South Burlington, VT MSA",28346,23460,27934
2015,72850,none,,,,,,
2015,73050,none,,,,,,
2015,73450,metro,hand,25540,"Hartford-West Hartford-East Hartford, CT MSA",28317,23440,27906
2015,74500,state_metro,state,25001,Massachusetts Metro,24295,20687,23992
2015,74650,metro,hand,30340,"Lewiston-Auburn, ME MSA",23658,20251,23373
2015,74950,metro,hand,31700,"Manchester-Nashua, NH MSA",28997,23905,28567
2015,75550,state_metro,state,25001,Massachusetts Metro,24295,20687,23992
2015,75700,metro,hand,35300,"New Haven-Milford, CT MSA",28824,23787,28399
2015,76450,metro,hand,35980,"Norwich-New London, CT MSA",27927,23173,27526
2015,76600,state_metro,state,25001,Massachusetts Metro,24295,20687,23992
2015,76750,metro,hand,38860,"Portland-South Portland, ME MSA",27015,22549,26639
2015,76900,none,,,,,,
2015,77200,metro,hand,39300,"Providence-Warwick, RI-MA MSA",26292,22054,25935
2015,78100,metro,hand,44140,"Springfield, MA MSA",25858,21756,25513
2015,78700,none,,,,,,
2015,79600,metro,hand,49340,"Worcester, MA-CT MSA",26827,22420,26456
2015,5400001,state_nonmetro,state,54002,West Virginia Nonmetro,21155,18538,20937
2015,5400002,state_nonmetro,state,54002,West Virginia Nonmetro,21155,18538,20937
2015,5600001,state_nonmetro,state,56002,Wyoming Nonmetro,23398,20073,23119
2015,5600002,state_nonmetro,state,56002,Wyoming Nonmetro,23398,20073,23119
2015,5600003,state_nonmetro,state,56002,Wyoming Nonmetro,23398,20073,23119
2015,5600004,state_nonmetro,state,56002,Wyoming Nonmetro,23398,20073,23119
2015,0100001,state_nonmetro,state,1002,Alabama Nonmetro,20793,18290,20585
2015,0100002,state_nonmetro,state,1002,Alabama Nonmetro,20793,18290,20585
2015,0100003,state_nonmetro,state,1002,Alabama Nonmetro,20793,18290,20585
2015,0100004,state_nonmetro,state,1002,Alabama Nonmetro,20793,18290,20585
2015,0200001,state_nonmetro,state,2002,Alaska Nonmetro,28288,23420,27878
2015,0200002,state_nonmetro,state,2002,Alaska Nonmetro,28288,23420,27878
2015,0400001,state_nonmetro,state,4002,Arizona Nonmetro,22154,19221,21909
2015,0500001,state_nonmetro,state,5002,Arkansas Nonmetro,21010,18439,20797
2015,0500002,state_nonmetro,state,5002,Arkansas Nonmetro,21010,18439,20797
2015,0500003,state_nonmetro,state,5002,Arkansas Nonmetro,21010,18439,20797
2015,0500004,state_nonmetro,state,5002,Arkansas Nonmetro,21010,18439,20797
2015,0600001,state_nonmetro,state,6002,California Nonmetro,25742,21677,25400
2015,0600002,state_nonmetro,state,6002,California Nonmetro,25742,21677,25400
2015,0600003,state_nonmetro,state,6002,California Nonmetro,25742,21677,25400
2015,0600004,state_nonmetro,state,6002,California Nonmetro,25742,21677,25400
2015,0600005,state_nonmetro,state,6002,California Nonmetro,25742,21677,25400
2015,0800001,state_nonmetro,state,8002,Colorado Nonmetro,24454,20796,24147
2015,0800002,state_nonmetro,state,8002,Colorado Nonmetro,24454,20796,24147
2015,0800003,state_nonmetro,state,8002,Colorado Nonmetro,24454,20796,24147
2015,0900001,state_nonmetro,state,9002,Connecticut Nonmetro,27478,22866,27089
2015,1200001,state_nonmetro,state,12002,Florida Nonmetro,22602,19528,22345
2015,1200002,state_nonmetro,state,12002,Florida Nonmetro,22602,19528,22345
2015,1200003,state_nonmetro,state,12002,Florida Nonmetro,22602,19528,22345
2015,1300001,state_nonmetro,state,13002,Georgia Nonmetro,21416,18716,21191
2015,1300002,state_nonmetro,state,13002,Georgia Nonmetro,21416,18716,21191
2015,1300003,state_nonmetro,state,13002,Georgia Nonmetro,21416,18716,21191
2015,1300004,state_nonmetro,state,13002,Georgia Nonmetro,21416,18716,21191
2015,1500001,state_nonmetro,state,15002,Hawaii Nonmetro,28549,23598,28131
2015,1600001,state_nonmetro,state,16002,Idaho Nonmetro,22110,19192,21866
2015,1600002,state_nonmetro,state,16002,Idaho Nonmetro,22110,19192,21866
2015,1600003,state_nonmetro,state,16002,Idaho Nonmetro,22110,19192,21866
2015,1600004,state_nonmetro,state,16002,Idaho Nonmetro,22110,19192,21866
2015,1700001,state_nonmetro,state,17002,Illinois Nonmetro,21850,19013,21613
2015,1700002,state_nonmetro,state,17002,Illinois Nonmetro,21850,19013,21613
2015,1700003,state_nonmetro,state,17002,Illinois Nonmetro,21850,19013,21613
2015,1700004,state_nonmetro,state,17002,Illinois Nonmetro,21850,19013,21613
2015,1800001,state_nonmetro,state,18002,Indiana Nonmetro,22110,19192,21866
2015,1800002,state_nonmetro,state,18002,Indiana Nonmetro,22110,19192,21866
2015,1800003,state_nonmetro,state,18002,Indiana Nonmetro,22110,19192,21866
2015,1900001,state_nonmetro,state,19002,Iowa Nonmetro,21575,18825,21346
2015,1900002,state_nonmetro,state,19002,Iowa Nonmetro,21575,18825,21346
2015,1900003,state_nonmetro,state,19002,Iowa Nonmetro,21575,18825,21346
2015,1900004,state_nonmetro,state,19002,Iowa Nonmetro,21575,18825,21346
2015,2000001,state_nonmetro,state,20002,Kansas Nonmetro,22045,19147,21803
2015,2000002,state_nonmetro,state,20002,Kansas Nonmetro,22045,19147,21803
2015,2000003,state_nonmetro,state,20002,Kansas Nonmetro,22045,19147,21803
2015,2000004,state_nonmetro,state,20002,Kansas Nonmetro,22045,19147,21803
2015,2100001,state_nonmetro,state,21002,Kentucky Nonmetro,21039,18459,20825
2015,2100002,state_nonmetro,state,21002,Kentucky Nonmetro,21039,18459,20825
2015,2100003,state_nonmetro,state,21002,Kentucky Nonmetro,21039,18459,20825
2015,2100004,state_nonmetro,state,21002,Kentucky Nonmetro,21039,18459,20825
2015,2200001,state_nonmetro,state,22002,Louisiana Nonmetro,21039,18459,20825
2015,2200002,state_nonmetro,state,22002,Louisiana Nonmetro,21039,18459,20825
2015,2200003,state_nonmetro,state,22002,Louisiana Nonmetro,21039,18459,20825
2015,2200004,state_nonmetro,state,22002,Louisiana Nonmetro,21039,18459,20825
2015,2300001,state_nonmetro,state,23002,Maine Nonmetro,23051,19835,22782
2015,2300002,state_nonmetro,state,23002,Maine Nonmetro,23051,19835,22782
2015,2400001,state_nonmetro,state,24002,Maryland Nonmetro,25004,21172,24682
2015,2400002,state_nonmetro,state,24002,Maryland Nonmetro,25004,21172,24682
2015,2500001,state_nonmetro,state,25002,Massachusetts Nonmetro,27015,22549,26639
2015,2500002,state_nonmetro,state,25002,Massachusetts Nonmetro,27015,22549,26639
2015,2500003,state_nonmetro,state,25002,Massachusetts Nonmetro,27015,22549,26639
2015,2500004,state_nonmetro,state,25002,Massachusetts Nonmetro,27015,22549,26639
2015,2600001,state_nonmetro,state,26002,Michigan Nonmetro,22508,19464,22254
2015,2600002,state_nonmetro,state,26002,Michigan Nonmetro,22508,19464,22254
2015,2600003,state_nonmetro,state,26002,Michigan Nonmetro,22508,19464,22254
2015,2600004,state_nonmetro,state,26002,Michigan Nonmetro,22508,19464,22254
2015,2700001,state_nonmetro,state,27002,Minnesota Nonmetro,22588,19518,22331
2015,2700002,state_nonmetro,state,27002,Minnesota Nonmetro,22588,19518,22331
2015,2700003,state_nonmetro,state,27002,Minnesota Nonmetro,22588,19518,22331
2015,2700004,state_nonmetro,state,27002,Minnesota Nonmetro,22588,19518,22331
2015,2800001,state_nonmetro,state,28002,Mississippi Nonmetro,21445,18736,21219
2015,2800002,state_nonmetro,state,28002,Mississippi Nonmetro,21445,18736,21219
2015,2800003,state_nonmetro,state,28002,Mississippi Nonmetro,21445,18736,21219
2015,2800004,state_nonmetro,state,28002,Mississippi Nonmetro,21445,18736,21219
2015,2900001,state_nonmetro,state,29002,Missouri Nonmetro,21488,18766,21261
2015,2900002,state_nonmetro,state,29002,Missouri Nonmetro,21488,18766,21261
2015,2900003,state_nonmetro,state,29002,Missouri Nonmetro,21488,18766,21261
2015,2900004,state_nonmetro,state,29002,Missouri Nonmetro,21488,18766,21261
2015,3000001,state_nonmetro,state,30002,Montana Nonmetro,22559,19499,22303
2015,3000002,state_nonmetro,state,30002,Montana Nonmetro,22559,19499,22303
2015,3000003,state_nonmetro,state,30002,Montana Nonmetro,22559,19499,22303
2015,3000004,state_nonmetro,state,30002,Montana Nonmetro,22559,19499,22303
2015,3100001,state_nonmetro,state,31002,Nebraska Nonmetro,21835,19003,21599
2015,3100002,state_nonmetro,state,31002,Nebraska Nonmetro,21835,19003,21599
2015,3100003,state_nonmetro,state,31002,Nebraska Nonmetro,21835,19003,21599
2015,3100004,state_nonmetro,state,31002,Nebraska Nonmetro,21835,19003,21599
2015,3200001,state_nonmetro,state,32002,Nevada Nonmetro,24324,20707,24020
2015,3200002,state_nonmetro,state,32002,Nevada Nonmetro,24324,20707,24020
2015,3300001,state_nonmetro,state,33002,New Hampshire Nonmetro,26856,22440,26484
2015,3300002,state_nonmetro,state,33002,New Hampshire Nonmetro,26856,22440,26484
2015,3300003,state_nonmetro,state,33002,New Hampshire Nonmetro,26856,22440,26484
2015,3300004,state_nonmetro,state,33002,New Hampshire Nonmetro,26856,22440,26484
2015,3500001,state_nonmetro,state,35002,New Mexico Nonmetro,22342,19350,22092
2015,3500002,state_nonmetro,state,35002,New Mexico Nonmetro,22342,19350,22092
2015,3500003,state_nonmetro,state,35002,New Mexico Nonmetro,22342,19350,22092
2015,3500004,state_nonmetro,state,35002,New Mexico Nonmetro,22342,19350,22092
2015,3600001,state_nonmetro,state,36002,New York Nonmetro,22964,19776,22697
2015,3600002,state_nonmetro,state,36002,New York Nonmetro,22964,19776,22697
2015,3600003,state_nonmetro,state,36002,New York Nonmetro,22964,19776,22697
2015,3600004,state_nonmetro,state,36002,New York Nonmetro,22964,19776,22697
2015,3700001,state_nonmetro,state,37002,North Carolina Nonmetro,21748,18944,21515
2015,3700002,state_nonmetro,state,37002,North Carolina Nonmetro,21748,18944,21515
2015,3700003,state_nonmetro,state,37002,North Carolina Nonmetro,21748,18944,21515
2015,3700004,state_nonmetro,state,37002,North Carolina Nonmetro,21748,18944,21515
2015,3800001,state_nonmetro,state,38002,North Dakota Nonmetro,21857,19018,21620
2015,3800002,state_nonmetro,state,38002,North Dakota Nonmetro,21857,19018,21620
2015,3800003,state_nonmetro,state,38002,North Dakota Nonmetro,21857,19018,21620
2015,3800004,state_nonmetro,state,38002,North Dakota Nonmetro,21857,19018,21620
2015,3900001,state_nonmetro,state,39002,Ohio Nonmetro,22081,19172,21838
2015,3900002,state_nonmetro,state,39002,Ohio Nonmetro,22081,19172,21838
2015,3900003,state_nonmetro,state,39002,Ohio Nonmetro,22081,19172,21838
2015,3900004,state_nonmetro,state,39002,Ohio Nonmetro,22081,19172,21838
2015,4000001,state_nonmetro,state,40002,Oklahoma Nonmetro,21705,18914,21472
2015,4000002,state_nonmetro,state,40002,Oklahoma Nonmetro,21705,18914,21472
2015,4000003,state_nonmetro,state,40002,Oklahoma Nonmetro,21705,18914,21472
2015,4000004,state_nonmetro,state,40002,Oklahoma Nonmetro,21705,18914,21472
2015,4100001,state_nonmetro,state,41002,Oregon Nonmetro,23051,19835,22782
2015,4100002,state_nonmetro,state,41002,Oregon Nonmetro,23051,19835,22782
2015,4100003,state_nonmetro,state,41002,Oregon Nonmetro,23051,19835,22782
2015,4100004,state_nonmetro,state,41002,Oregon Nonmetro,23051,19835,22782
2015,4200001,state_nonmetro,state,42002,Pennsylvania Nonmetro,21893,19043,21655
2015,4200002,state_nonmetro,state,42002,Pennsylvania Nonmetro,21893,19043,21655
2015,4200003,state_nonmetro,state,42002,Pennsylvania Nonmetro,21893,19043,21655
2015,4400001,none,,,,,,
2015,4500001,state_nonmetro,state,45002,South Carolina Nonmetro,21488,18766,21261
2015,4500002,state_nonmetro,state,45002,South Carolina Nonmetro,21488,18766,21261
2015,4500003,state_nonmetro,state,45002,South Carolina Nonmetro,21488,18766,21261
2015,4500004,state_nonmetro,state,45002,South Carolina Nonmetro,21488,18766,21261
2015,4600002,state_nonmetro,state,46002,South Dakota Nonmetro,21445,18736,21219
2015,4600003,state_nonmetro,state,46002,South Dakota Nonmetro,21445,18736,21219
2015,4700001,state_nonmetro,state,47002,Tennessee Nonmetro,21112,18508,20895
2015,4700002,state_nonmetro,state,47002,Tennessee Nonmetro,21112,18508,20895
2015,4700003,state_nonmetro,state,47002,Tennessee Nonmetro,21112,18508,20895
2015,4700004,state_nonmetro,state,47002,Tennessee Nonmetro,21112,18508,20895
2015,4800001,state_nonmetro,state,48002,Texas Nonmetro,22313,19330,22064
2015,4800002,state_nonmetro,state,48002,Texas Nonmetro,22313,19330,22064
2015,4800003,state_nonmetro,state,48002,Texas Nonmetro,22313,19330,22064
2015,4800004,state_nonmetro,state,48002,Texas Nonmetro,22313,19330,22064
2015,4800005,state_nonmetro,state,48002,Texas Nonmetro,22313,19330,22064
2015,4800006,state_nonmetro,state,48002,Texas Nonmetro,22313,19330,22064
2015,4900001,state_nonmetro,state,49002,Utah Nonmetro,22819,19677,22556
2015,4900002,state_nonmetro,state,49002,Utah Nonmetro,22819,19677,22556
2015,4900003,state_nonmetro,state,49002,Utah Nonmetro,22819,19677,22556
2015,4900004,state_nonmetro,state,49002,Utah Nonmetro,22819,19677,22556
2015,5000001,state_nonmetro,state,50002,Vermont Nonmetro,25539,21539,25203
2015,5000002,state_nonmetro,state,50002,Vermont Nonmetro,25539,21539,25203
2015,5100001,state_nonmetro,state,51002,Virginia Nonmetro,21662,18885,21430
2015,5100002,state_nonmetro,state,51002,Virginia Nonmetro,21662,18885,21430
2015,5100003,state_nonmetro,state,51002,Virginia Nonmetro,21662,18885,21430
2015,5100004,state_nonmetro,state,51002,Virginia Nonmetro,21662,18885,21430
2015,5300001,state_nonmetro,state,53002,Washington Nonmetro,23875,20400,23584
2015,5300002,state_nonmetro,state,53002,Washington Nonmetro,23875,20400,23584
2015,5300003,state_nonmetro,state,53002,Washington Nonmetro,23875,20400,23584
2015,5300004,state_nonmetro,state,53002,Washington Nonmetro,23875,20400,23584
2015,5500001,state_nonmetro,state,55002,Wisconsin Nonmetro,22863,19707,22599
2015,5500002,state_nonmetro,state,55002,Wisconsin Nonmetro,22863,19707,22599
2015,5500003,state_nonmetro,state,55002,Wisconsin Nonmetro,22863,19707,22599
2015,5500004,state_nonmetro,state,55002,Wisconsin Nonmetro,22863,19707,22599
2016,31080,metro,code,31080,"Los Angeles-Long Beach-Anaheim, CA MSA",33523,27280,33157
2016,41860,metro,code,41860,"San Francisco-Oakland-Hayward, CA MSA",35905,28931,35494
2016,47900,metro,code,47900,"Washington-Arlington-Alexandria, DC-VA-MD-WV MSA",34692,28090,34304
2016,33100,metro,code,33100,"Miami-Fort Lauderdale-West Palm Beach, FL MSA",30047,24870,29745
2016,16980,metro,code,16980,"Chicago-Naperville-Elgin, IL-IN-WI MSA",27738,23270,27480
2016,71650,metro,hand,14460,"Boston-Cambridge-Newton, MA-NH MSA",32413,26511,32068
2016,19820,metro,code,19820,"Detroit-Warren-Dearborn, MI MSA",25825,21944,25602
2016,35620,metro,code,35620,"New York-Newark-Jersey City, NY-NJ-PA MSA",32238,26389,31896
2016,37980,metro,code,37980,"Philadelphia-Camden-Wilmington, PA-NJ-DE-MD MSA",28746,23969,28469
2016,19100,metro,code,19100,"Dallas-Fort Worth-Arlington, TX MSA",26979,22744,26735
2016,42660,metro,code,42660,"Seattle-Tacoma-Bellevue, WA MSA",29769,24678,29473
2016,11260,state_metro,state,2001,Alaska Metro,30003,24840,29702
2016,21820,state_metro,state,2001,Alaska Metro,30003,24840,29702
2016,11500,state_metro,state,1001,Alabama Metro,22450,19604,22291
2016,12220,metro,code,12220,"Auburn-Opelika, AL MSA",23911,20617,23724
2016,13820,metro,code,13820,"Birmingham-Hoover, AL MSA",24408,20961,24212
2016,19300,metro,code,19300,"Daphne-Fairhope-Foley, AL MSA",24861,21275,24656
2016,19460,state_metro,state,1001,Alabama Metro,22450,19604,22291
2016,20020,state_metro,state,1001,Alabama Metro,22450,19604,22291
2016,22520,metro,code,22520,"Florence-Muscle Shoals, AL MSA",21924,19240,21775
2016,23460,state_metro,state,1001,Alabama Metro,22450,19604,22291
2016,26620,metro,code,26620,"Huntsville, AL MSA",23327,20212,23151
2016,33660,metro,code,33660,"Mobile, AL MSA",24189,20809,23997
2016,33860,metro,code,33860,"Montgomery, AL MSA",24364,20931,24169
2016,46220,state_metro,state,1001,Alabama Metro,22450,19604,22291
2016,22220,metro,code,22220,"Fayetteville-Springdale-Rogers, AR-MO MSA",23283,20182,23108
2016,22900,metro,code,22900,"Fort Smith, AR-OK MSA",22114,19371,21961
2016,26300,state_metro,state,5001,Arkansas Metro,22801,19847,22635
2016,27860,state_metro,state,5001,Arkansas Metro,22801,19847,22635
2016,30780,metro,code,30780,"Little Rock-North Little Rock-Conway, AR MSA",24013,20688,23825
2016,38220,metro,code,38220,"Pine Bluff, AR MSA",22406,19574,22248
2016,22380,state_metro,state,4001,Arizona Metro,24671,21144,24470
2016,29420,state_metro,state,4001,Arizona Metro,24671,21144,24470
2016,38060,metro,code,38060,"Phoenix-Mesa-Scottsdale, AZ MSA",26219,22217,25989
2016,39140,metro,code,39140,"Prescott, AZ MSA",24890,21295,24685
2016,43420,state_metro,state,4001,Arizona Metro,24671,21144,24470
2016,46060,metro,code,46060,"Tucson, AZ MSA",25109,21447,24900
2016,49740,metro,code,49740,"Yuma, AZ MSA",23955,20647,23767
2016,12540,metro,code,12540,"Bakersfield, CA MSA",24934,21326,24728
2016,17020,metro,code,17020,"Chico, CA MSA",26058,22106,25832
2016,20940,state_metro,state,6001,California Metro,25109,21447,24900
2016,23420,metro,code,23420,"Fresno, CA MSA",25386,21640,25172
2016,25260,metro,code,25260,"Hanford-Corcoran, CA MSA",24554,21063,24355
2016,31460,state_metro,state,6001,California Metro,25109,21447,24900
2016,32900,state_metro,state,6001,California Metro,25109,21447,24900
2016,33700,metro,code,33700,"Modesto, CA MSA",26336,22298,26104
2016,34900,state_metro,state,6001,California Metro,25109,21447,24900
2016,37100,metro,code,37100,"Oxnard-Thousand Oaks-Ventura, CA MSA",34371,27868,33988
2016,39820,metro,code,39820,"Redding, CA MSA",25664,21832,25445
2016,40140,metro,code,40140,"Riverside-San Bernardino-Ontario, CA MSA",28410,23736,28140
2016,40900,metro,code,40900,"Sacramento--Roseville--Arden-Arcade, CA MSA",27885,23371,27624
2016,41500,metro,code,41500,"Salinas, CA MSA",30762,25366,30448
2016,41740,metro,code,41740,"San Diego-Carlsbad, CA MSA",32837,26804,32483
2016,41940,metro,code,41940,"San Jose-Sunnyvale-Santa Clara, CA MSA",37848,30278,37400
2016,42020,metro,code,42020,"San Luis Obispo-Paso Robles-Arroyo Grande, CA MSA",30689,25316,30376
2016,42100,metro,code,42100,"Santa Cruz-Watsonville, CA MSA",35437,28607,35035
2016,42200,metro,code,42200,"Santa Maria-Santa Barbara, CA MSA",33421,27209,33057
2016,42220,metro,code,42220,"Santa Rosa, CA MSA",32325,26450,31982
2016,44700,metro,code,44700,"Stockton-Lodi, CA MSA",26730,22571,26491
2016,46700,metro,code,46700,"Vallejo-Fairfield, CA MSA",29930,24789,29631
2016,47300,metro,code,47300,"Visalia-Porterville, CA MSA",24262,20860,24068
2016,49700,state_metro,state,6001,California Metro,25109,21447,24900
2016,14500,metro,code,14500,"Boulder, CO MSA",30499,25184,30190
2016,17820,metro,code,17820,"Colorado Springs, CO MSA",26058,22106,25832
2016,19740,metro,code,19740,"Denver-Aurora-Lakewood, CO MSA",28600,23868,28326
2016,22660,metro,code,22660,"Fort Collins, CO MSA",26862,22663,26620
2016,24300,state_metro,state,8001,Colorado Metro,24072,20728,23882
2016,24540,metro,code,24540,"Greeley, CO MSA",24378,20941,24183
2016,39380,state_metro,state,8001,Colorado Metro,24072,20728,23882
2016,71950,metro,hand,14860,"Bridgeport-Stamford-Norwalk, CT MSA",33421,27209,33057
2016,72850,none,,,,,,
2016,73450,metro,hand,25540,"Hartford-West Hartford-East Hartford, CT MSA",28746,23969,28469
2016,75700,metro,hand,35300,"New Haven-Milford, CT MSA",29228,24303,28942
2016,76450,metro,hand,35980,"Norwich-New London, CT MSA",28206,23594,27939
2016,78700,none,,,,,,
2016,20100,metro,code,20100,"Dover, DE MSA",26058,22106,25832
2016,15980,metro,code,15980,"Cape Coral-Fort Myers, FL MSA",26015,22075,25789
2016,18880,state_metro,state,12001,Florida Metro,25094,21437,24886
2016,19660,metro,code,19660,"Deltona-Daytona Beach-Ormond Beach, FL MSA",26139,22161,25910
2016,23540,metro,code,23540,"Gainesville, FL MSA",25606,21792,25387
2016,26140,state_metro,state,12001,Florida Metro,25094,21437,24886
2016,27260,metro,code,27260,"Jacksonville, FL MSA",26643,22511,26405
2016,29460,metro,code,29460,"Lakeland-Winter Haven, FL MSA",25138,21468,24928
2016,34940,metro,code,34940,"Naples-Immokalee-Marco Island, FL MSA",27855,23351,27595
2016,35840,metro,code,35840,"North Port-Sarasota-Bradenton, FL MSA",27198,22895,26950
2016,36100,metro,code,36100,"Ocala, FL MSA",24042,20708,23853
2016,36740,metro,code,36740,"Orlando-Kissimmee-Sanford, FL MSA",27475,23088,27222
2016,37340,metro,code,37340,"Palm Bay-Melbourne-Titusville, FL MSA",25693,21852,25473
2016,37460,metro,code,37460,"Panama City, FL MSA",25839,21954,25617
2016,37860,metro,code,37860,"Pensacola-Ferry Pass-Brent, FL MSA",25167,21488,24957
2016,38940,metro,code,38940,"Port St. Lucie, FL MSA",26161,22176,25932
2016,39460,state_metro,state,12001,Florida Metro,25094,21437,24886
2016,42680,state_metro,state,12001,Florida Metro,25094,21437,24886
2016,42700,state_metro,state,12001,Florida Metro,25094,21437,24886
2016,45220,metro,code,45220,"Tallahassee, FL MSA",25956,22035,25731
2016,45300,metro,code,45300,"Tampa-St. Petersburg-Clearwater, FL MSA",27096,22825,26849
2016,45540,state_metro,state,12001,Florida Metro,25094,21437,24886
2016,10500,state_metro,state,13001,Georgia Metro,22713,19787,22549
2016,12020,metro,code,12020,"Athens-Clarke County, GA MSA",24086,20738,23896
2016,12060,metro,code,12060,"Atlanta-Sandy Springs-Roswell, GA MSA",26643,22511,26405
2016,12260,metro,code,12260,"Augusta-Richmond County, GA-SC MSA",23502,20334,23323
2016,15260,state_metro,state,13001,Georgia Metro,22713,19787,22549
2016,17980,metro,code,17980,"Columbus, GA-AL MSA",24189,20809,23997
2016,19140,state_metro,state,13001,Georgia Metro,22713,19787,22549
2016,23580,metro,code,23580,"Gainesville, GA MSA",24583,21083,24384
2016,25980,state_metro,state,13001,Georgia Metro,22713,19787,22549
2016,31420,metro,code,31420,"Macon, GA MSA",23575,20384,23395
2016,40660,state_metro,state,13001,Georgia Metro,22713,19787,22549
2016,42340,metro,code,42340,"Savannah, GA MSA",26117,22146,25889
2016,46660,state_metro,state,13001,Georgia Metro,22713,19787,22549
2016,47580,metro,code,47580,"Warner Robins, GA MSA",24072,20728,23882
2016,27980,metro,code,27980,"Kahului-Wailuku-Lahaina, HI MSA",32209,26369,31867
2016,46520,metro,code,46520,"Urban Honolulu, HI MSA",35861,28900,35451
2016,11180,state_metro,state,19001,Iowa Metro,23926,20627,23739
2016,16300,metro,code,16300,"Cedar Rapids, IA MSA",23648,20435,23466
2016,19340,metro,code,19340,"Davenport-Moline-Rock Island, IA-IL MSA",23575,20384,23395
2016,19780,metro,code,19780,"Des Moines-West Des Moines, IA MSA",25065,21417,24857
2016,20220,state_metro,state,19001,Iowa Metro,23926,20627,23739
2016,26980,metro,code,26980,"Iowa City, IA MSA",25401,21650,25187
2016,43580,state_metro,state,19001,Iowa Metro,23926,20627,23739
2016,47940,metro,code,47940,"Waterloo-Cedar Falls, IA MSA",23341,20222,23165
2016,14260,metro,code,14260,"Boise City, ID MSA",24101,20749,23911
2016,17660,metro,code,17660,"Coeur d'Alene, ID MSA",24042,20708,23853
2016,26820,metro,code,26820,"Idaho Falls, ID MSA",22669,19756,22506
2016,30300,state_metro,state,16001,Idaho Metro,22406,19574,22248
2016,38540,state_metro,state,16001,Idaho Metro,22406,19574,22248
2016,14010,metro,code,14010,"Bloomington, IL MSA",25007,21377,24799
2016,16060,metro,code,16060,"Carbondale-Marion, IL MSA",23122,20070,22950
2016,16580,metro,code,16580,"Champaign-Urbana, IL MSA",24861,21275,24656
2016,19180,state_metro,state,17001,Illinois Metro,23663,20445,23481
2016,19500,state_metro,state,17001,Illinois Metro,23663,20445,23481
2016,28100,state_metro,state,17001,Illinois Metro,23663,20445,23481
2016,37900,metro,code,37900,"Peoria, IL MSA",23663,20445,23481
2016,40420,metro,code,40420,"Rockford, IL MSA",24086,20738,23896
2016,44100,metro,code,44100,"Springfield, IL MSA",24145,20779,23954
2016,14020,metro,code,14020,"Bloomington, IN MSA",25182,21498,24972
2016,18020,state_metro,state,18001,Indiana Metro,23341,20222,23165
2016,21140,metro,code,21140,"Elkhart-Goshen, IN MSA",23867,20587,23681
2016,21780,metro,code,21780,"Evansville, IN-KY MSA",23926,20627,23739
2016,23060,metro,code,23060,"Fort Wayne, IN MSA",23181,20111,23008
2016,26900,metro,code,26900,"Indianapolis-Carmel-Anderson, IN MSA",24919,21316,24713
2016,29020,state_metro,state,18001,Indiana Metro,23341,20222,23165
2016,29200,metro,code,29200,"Lafayette-West Lafayette, IN MSA",24583,21083,24384
2016,33140,state_metro,state,18001,Indiana Metro,23341,20222,23165
2016,34620,state_metro,state,18001,Indiana Metro,23341,20222,23165
2016,43780,metro,code,43780,"South Bend-Mishawaka, IN-MI MSA",23926,20627,23739
2016,45460,metro,code,45460,"Terre Haute, IN MSA",23370,20242,23194
2016,29940,state_metro,state,20001,Kansas Metro,25036,21397,24828
2016,31740,state_metro,state,20001,Kansas Metro,25036,21397,24828
2016,45820,metro,code,45820,"Topeka, KS MSA",23809,20546,23624
2016,48620,metro,code,48620,"Wichita, KS MSA",23852,20576,23667
2016,14540,metro,code,14540,"Bowling Green, KY MSA",22728,19797,22563
2016,21060,state_metro,state,21001,Kentucky Metro,22728,19797,22563
2016,30460,metro,code,30460,"Lexington-Fayette, KY MSA",24101,20749,23911
2016,31140,metro,code,31140,"Louisville/Jefferson County, KY-IN MSA",24057,20718,23868
2016,36980,state_metro,state,21001,Kentucky Metro,22728,19797,22563
2016,10780,state_metro,state,22001,Louisiana Metro,23867,20587,23681
2016,12940,metro,code,12940,"Baton Rouge, LA MSA",24861,21275,24656
2016,25220,state_metro,state,22001,Louisiana Metro,23867,20587,23681
2016,26380,state_metro,state,22001,Louisiana Metro,23867,20587,23681
2016,29180,metro,code,29180,"Lafayette, LA MSA",23604,20404,23423
2016,29340,metro,code,29340,"Lake Charles, LA MSA",23962,20652,23774
2016,33740,metro,code,33740,"Monroe, LA MSA",22801,19847,22635
2016,35380,metro,code,35380,"New Orleans-Metairie, LA MSA",26614,22490,26376
2016,43340,metro,code,43340,"Shreveport-Bossier City, LA MSA",24042,20708,23853
2016,70900,metro,hand,12700,"Barnstable Town, MA MSA",30967,25508,30648
2016,74500,state_metro,state,25001,Massachusetts Metro,25065,21417,24857
2016,75550,state_metro,state,25001,Massachusetts Metro,25065,21417,24857
2016,76600,state_metro,state,25001,Massachusetts Metro,25065,21417,24857
2016,78100,metro,hand,44140,"Springfield, MA MSA",26541,22440,26305
2016,79600,metro,hand,49340,"Worcester, MA-CT MSA",27417,23047,27165
2016,12580,metro,code,12580,"Baltimore-Columbia-Towson, MD MSA",30295,25042,29989
2016,15680,metro,code,15680,"California-Lexington Park, MD MSA",30251,25012,29946
2016,19060,state_metro,state,24001,Maryland Metro,22333,19523,22176
2016,25180,metro,code,25180,"Hagerstown-Martinsburg, MD-WV MSA",25474,21701,25258
2016,41540,metro,code,41540,"Salisbury, MD-DE MSA",26073,22116,25846
2016,70750,metro,hand,12620,"Bangor, ME MSA",25007,21377,24799
2016,74650,metro,hand,30340,"Lewiston-Auburn, ME MSA",24028,20698,23839
2016,76750,metro,hand,38860,"Portland-South Portland, ME MSA",27592,23169,27337
2016,11460,metro,code,11460,"Ann Arbor, MI MSA",27622,23189,27366
2016,12980,metro,code,12980,"Battle Creek, MI MSA",23444,20293,23266
2016,13020,state_metro,state,26001,Michigan Metro,23560,20374,23380
2016,22420,metro,code,22420,"Flint, MI MSA",23619,20415,23438
2016,24340,metro,code,24340,"Grand Rapids-Wyoming, MI MSA",24291,20880,24097
2016,27100,metro,code,27100,"Jackson, MI MSA",23882,20597,23696
2016,28020,metro,code,28020,"Kalamazoo-Portage, MI MSA",23867,20587,23681
2016,29620,metro,code,29620,"Lansing-East Lansing, MI MSA",24817,21245,24613
2016,33220,state_metro,state,26001,Michigan Metro,23560,20374,23380
2016,33780,metro,code,33780,"Monroe, MI MSA",24627,21113,24427
2016,34740,metro,code,34740,"Muskegon, MI MSA",23356,20232,23180
2016,35660,metro,code,35660,"Niles-Benton Harbor, MI MSA",23268,20171,23094
2016,40980,metro,code,40980,"Saginaw, MI MSA",23356,20232,23180
2016,20260,state_metro,state,27001,Minnesota Metro,24189,20809,23997
2016,31860,state_metro,state,27001,Minnesota Metro,24189,20809,23997
2016,33460,metro,code,33460,"Minneapolis-St. Paul-Bloomington, MN-WI MSA",27665,23219,27409
2016,40340,state_metro,state,27001,Minnesota Metro,24189,20809,23997
2016,41060,state_metro,state,27001,Minnesota Metro,24189,20809,23997
2016,16020,state_metro,state,29001,Missouri Metro,23064,20030,22893
2016,17860,state_metro,state,29001,Missouri Metro,23064,20030,22893
2016,27620,state_metro,state,29001,Missouri Metro,23064,20030,22893
2016,27900,state_metro,state,29001,Missouri Metro,23064,20030,22893
2016,28140,metro,code,28140,"Kansas City, MO-KS MSA",25401,21650,25187
2016,41140,state_metro,state,29001,Missouri Metro,23064,20030,22893
2016,41180,metro,code,41180,"St. Louis, MO-IL MSA",25313,21589,25100
2016,44180,metro,code,44180,"Springfield, MO MSA",22976,19969,22807
2016,25060,state_metro,state,28001,Mississippi Metro,23823,20556,23638
2016,25620,state_metro,state,28001,Mississippi Metro,23823,20556,23638
2016,27140,metro,code,27140,"Jackson, MS MSA",24422,20971,24226
2016,13740,metro,code,13740,"Billings, MT MSA",24320,20901,24126
2016,24500,state_metro,state,30001,Montana Metro,23955,20647,23767
2016,33540,state_metro,state,30001,Montana Metro,23955,20647,23767
2016,11700,metro,code,11700,"Asheville, NC MSA",24262,20860,24068
2016,15500,metro,code,15500,"Burlington, NC MSA",23575,20384,23395
2016,16740,metro,code,16740,"Charlotte-Concord-Gastonia, NC-SC MSA",25036,21397,24828
2016,20500,metro,code,20500,"Durham-Chapel Hill, NC MSA",25912,22004,25688
2016,22180,metro,code,22180,"Fayetteville, NC MSA",24364,20931,24169
2016,24140,metro,code,24140,"Goldsboro, NC MSA",22976,19969,22807
2016,24660,metro,code,24660,"Greensboro-High Point, NC MSA",23633,20425,23452
2016,24780,metro,code,24780,"Greenville, NC MSA",23736,20495,23552
2016,25860,metro,code,25860,"Hickory-Lenoir-Morganton, NC MSA",22026,19311,21875
2016,27340,metro,code,27340,"Jacksonville, NC MSA",24554,21063,24355
2016,35100,state_metro,state,37001,North Carolina Metro,24758,21204,24556
2016,39580,metro,code,39580,"Raleigh, NC MSA",26380,22328,26147
2016,40580,state_metro,state,37001,North Carolina Metro,24758,21204,24556
2016,48900,state_metro,state,37001,North Carolina Metro,24758,21204,24556
2016,49180,metro,code,49180,"Winston-Salem, NC MSA",22918,19928,22750
2016,13900,state_metro,state,38001,North Dakota Metro,24452,20992,24255
2016,22020,metro,code,22020,"Fargo, ND-MN MSA",23604,20404,23423
2016,24220,state_metro,state,38001,North Dakota Metro,24452,20992,24255
2016,24260,state_metro,state,31001,Nebraska Metro,23575,20384,23395
2016,30700,state_metro,state,31001,Nebraska Metro,23575,20384,23395
2016,36540,metro,code,36540,"Omaha-Council Bluffs, NE-IA MSA",25270,21559,25058
2016,73050,none,,,,,,
2016,74950,metro,hand,31700,"Manchester-Nashua, NH MSA",29338,24379,29050
2016,76900,none,,,,,,
2016,12100,metro,code,12100,"Atlantic City-Hammonton, NJ MSA",29521,24506,29229
2016,36140,state_metro,state,34001,New Jersey Metro,28031,23473,27767
2016,45940,metro,code,45940,"Trenton, NJ MSA",30894,25457,30577
2016,47220,metro,code,47220,"Vineland-Bridgeton, NJ MSA",28352,23695,28082
2016,10740,metro,code,10740,"Albuquerque, NM MSA",24963,21346,24756
2016,22140,metro,code,22140,"Farmington, NM MSA",23531,20354,23352
2016,29740,metro,code,29740,"Las Cruces, NM MSA",22625,19726,22463
2016,42140,metro,code,42140,"Santa Fe, NM MSA",27096,22825,26849
2016,16180,state_metro,state,32001,Nevada Metro,25912,22004,25688
2016,29820,metro,code,29820,"Las Vegas-Henderson-Paradise, NV MSA",26643,22511,26405
2016,39900,state_metro,state,32001,Nevada Metro,25912,22004,25688
2016,10580,metro,code,10580,"Albany-Schenectady-Troy, NY MSA",27066,22804,26821
2016,13780,metro,code,13780,"Binghamton, NY MSA",23122,20070,22950
2016,15380,metro,code,15380,"Buffalo-Cheektowaga-Niagara Falls, NY MSA",23794,20536,23610
2016,21300,state_metro,state,36001,New York Metro,25722,21873,25502
2016,24020,metro,code,24020,"Glens Falls, NY MSA",25620,21802,25402
2016,27060,state_metro,state,36001,New York Metro,25722,21873,25502
2016,28740,state_metro,state,36001,New York Metro,25722,21873,25502
2016,40380,metro,code,40380,"Rochester, NY MSA",25606,21792,25387
2016,45060,metro,code,45060,"Syracuse, NY MSA",24875,21285,24670
2016,46540,metro,code,46540,"Utica-Rome, NY MSA",23663,20445,23481
2016,48060,metro,code,48060,"Watertown-Fort Drum, NY MSA",27359,23007,27108
2016,10420,metro,code,10420,"Akron, OH MSA",24364,20931,24169
2016,15940,metro,code,15940,"Canton-Massillon, OH MSA",23108,20060,22936
2016,17140,metro,code,17140,"Cincinnati, OH-KY-IN MSA",24481,21012,24283
2016,17460,metro,code,17460,"Cleveland-Elyria, OH MSA",24320,20901,24126
2016,18140,metro,code,18140,"Columbus, OH MSA",25357,21620,25144
2016,19380,metro,code,19380,"Dayton, OH MSA",23896,20607,23710
2016,30620,state_metro,state,39001,Ohio Metro,22348,19533,22190
2016,31900,state_metro,state,39001,Ohio Metro,22348,19533,22190
2016,44220,state_metro,state,39001,Ohio Metro,22348,19533,22190
2016,45780,metro,code,45780,"Toledo, OH MSA",23078,20040,22907
2016,49660,metro,code,49660,"Youngstown-Warren-Boardman, OH-PA MSA",22348,19533,22190
2016,30020,state_metro,state,40001,Oklahoma Metro,23590,20394,23409
2016,36420,metro,code,36420,"Oklahoma City, OK MSA",24320,20901,24126
2016,46140,metro,code,46140,"Tulsa, OK MSA",24291,20880,24097
2016,10540,state_metro,state,41001,Oregon Metro,24802,21235,24599
2016,13460,metro,code,13460,"Bend-Redmond, OR MSA",25328,21599,25115
2016,18700,state_metro,state,41001,Oregon Metro,24802,21235,24599
2016,21660,metro,code,21660,"Eugene, OR MSA",25357,21620,25144
2016,24420,state_metro,state,41001,Oregon Metro,24802,21235,24599
2016,32780,metro,code,32780,"Medford, OR MSA",25284,21569,25072
2016,38900,metro,code,38900,"Portland-Vancouver-Hillsboro, OR-WA MSA",27096,22825,26849
2016,41420,metro,code,41420,"Salem, OR MSA",24349,20921,24154
2016,10900,metro,code,10900,"Allentown-Bethlehem-Easton, PA-NJ MSA",27359,23007,27108
2016,11020,state_metro,state,42001,Pennsylvania Metro,24700,21164,24498
2016,14100,state_metro,state,42001,Pennsylvania Metro,24700,21164,24498
2016,16540,metro,code,16540,"Chambersburg-Waynesboro, PA MSA",25189,21503,24979
2016,20700,metro,code,20700,"East Stroudsburg, PA MSA",26745,22582,26505
2016,21500,metro,code,21500,"Erie, PA MSA",23487,20323,23309
2016,23900,state_metro,state,42001,Pennsylvania Metro,24700,21164,24498
2016,25420,metro,code,25420,"Harrisburg-Carlisle, PA MSA",25920,22009,25695
2016,27780,metro,code,27780,"Johnstown, PA MSA",21574,18997,21431
2016,29540,metro,code,29540,"Lancaster, PA MSA",26526,22430,26290
2016,30140,state_metro,state,42001,Pennsylvania Metro,24700,21164,24498
2016,38300,metro,code,38300,"Pittsburgh, PA MSA",24349,20921,24154
2016,39740,metro,code,39740,"Reading, PA MSA",25956,22035,25731
2016,42540,metro,code,42540,"Scranton--Wilkes-Barre--Hazleton, PA MSA",23502,20334,23323
2016,44300,state_metro,state,42001,Pennsylvania Metro,24700,21164,24498
2016,48700,metro,code,48700,"Williamsport, PA MSA",23867,20587,23681
2016,49620,metro,code,49620,"York-Hanover, PA MSA",25854,21964,25631
2016,77200,metro,hand,39300,"Providence-Warwick, RI-MA MSA",26716,22561,26477
2016,16700,metro,code,16700,"Charleston-North Charleston, SC MSA",26716,22561,26477
2016,17900,metro,code,17900,"Columbia, SC MSA",24817,21245,24613
2016,22500,metro,code,22500,"Florence, SC MSA",22436,19594,22276
2016,24860,metro,code,24860,"Greenville-Anderson-Mauldin, SC MSA",23444,20293,23266
2016,25940,metro,code,25940,"Hilton Head Island-Bluffton-Beaufort, SC MSA",26760,22592,26520
2016,34820,metro,code,34820,"Myrtle Beach-Conway-North Myrtle Beach, SC-NC MSA",24758,21204,24556
2016,43900,metro,code,43900,"Spartanburg, SC MSA",22888,19908,22721
2016,44940,state_metro,state,45001,South Carolina Metro,22874,19898,22706
2016,39660,state_metro,state,46001,South Dakota Metro,24495,21022,24298
2016,43620,metro,code,43620,"Sioux Falls, SD MSA",23911,20617,23724
2016,16860,metro,code,16860,"Chattanooga, TN-GA MSA",23663,20445,23481
2016,17300,metro,code,17300,"Clarksville, TN-KY MSA",24115,20759,23925
2016,17420,metro,code,17420,"Cleveland, TN MSA",23312,20202,23137
2016,27180,state_metro,state,47001,Tennessee Metro,22421,19584,22262
2016,27740,metro,code,27740,"Johnson City, TN MSA",22625,19726,22463
2016,28700,metro,code,28700,"Kingsport-Bristol-Bristol, TN-VA MSA",21953,19260,21803
2016,28940,metro,code,28940,"Knoxville, TN MSA",24042,20708,23853
2016,32820,metro,code,32820,"Memphis, TN-MS-AR MSA",24817,21245,24613
2016,34100,state_metro,state,47001,Tennessee Metro,22421,19584,22262
2016,34980,metro,code,34980,"Nashville-Davidson--Murfreesboro--Franklin, TN MSA",25620,21802,25402
2016,10180,metro,code,10180,"Abilene, TX MSA",24393,20951,24197
2016,11100,metro,code,11100,"Amarillo, TX MSA",24495,21022,24298
2016,12420,metro,code,12420,"Austin-Round Rock, TX MSA",28849,24040,28570
2016,13140,metro,code,13140,"Beaumont-Port Arthur, TX MSA",24378,20941,24183
2016,15180,metro,code,15180,"Brownsville-Harlingen, TX MSA",22479,19625,22319
2016,17780,metro,code,17780,"College Station-Bryan, TX MSA",25255,21549,25043
2016,18580,metro,code,18580,"Corpus Christi, TX MSA",26117,22146,25889
2016,21340,metro,code,21340,"El Paso, TX MSA",23809,20546,23624
2016,26420,metro,code,26420,"Houston-The Woodlands-Sugar Land, TX MSA",26526,22430,26290
2016,28660,metro,code,28660,"Killeen-Temple, TX MSA",23911,20617,23724
2016,29700,metro,code,29700,"Laredo, TX MSA",24072,20728,23882
2016,30980,metro,code,30980,"Longview, TX MSA",23896,20607,23710
2016,31180,metro,code,31180,"Lubbock, TX MSA",24539,21052,24341
2016,32580,metro,code,32580,"McAllen-Edinburg-Mission, TX MSA",22903,19918,22735
2016,33260,state_metro,state,48001,Texas Metro,25518,21731,25301
2016,36220,metro,code,36220,"Odessa, TX MSA",27388,23027,27136
2016,41660,state_metro,state,48001,Texas Metro,25518,21731,25301
2016,41700,metro,code,41700,"San Antonio-New Braunfels, TX MSA",26131,22156,25903
2016,43300,metro,code,43300,"Sherman-Denison, TX MSA",24378,20941,24183
2016,45500,state_metro,state,48001,Texas Metro,25518,21731,25301
2016,46340,metro,code,46340,"Tyler, TX MSA",25343,21609,25129
2016,47020,state_metro,state,48001,Texas Metro,25518,21731,25301
2016,47380,metro,code,47380,"Waco, TX MSA",24115,20759,23925
2016,48660,metro,code,48660,"Wichita Falls, TX MSA",23706,20475,23524
2016,30860,state_metro,state,49001,Utah Metro,22655,19746,22491
2016,36260,metro,code,36260,"Ogden-Clearfield, UT MSA",24422,20971,24226
2016,39340,metro,code,39340,"Provo-Orem, UT MSA",24393,20951,24197
2016,41100,metro,code,41100,"St. George, UT MSA",24232,20840,24040
2016,41620,metro,code,41620,"Salt Lake City, UT MSA",26365,22318,26133
2016,13980,metro,code,13980,"Blacksburg-Christiansburg-Radford, VA MSA",23297,20192,23122
2016,16820,metro,code,16820,"Charlottesville, VA MSA",28074,23503,27810
2016,25500,state_metro,state,51001,Virginia Metro,23999,20678,23810
2016,31340,state_metro,state,51001,Virginia Metro,23999,20678,23810
2016,40060,metro,code,40060,"Richmond, VA MSA",26847,22652,26606
2016,40220,metro,code,40220,"Roanoke, VA MSA",24159,20789,23968
2016,44420,state_metro,state,51001,Virginia Metro,23999,20678,23810
2016,47260,metro,code,47260,"Virginia Beach-Norfolk-Newport News, VA-NC MSA",27914,23392,27652
2016,49020,metro,code,49020,"Winchester, VA-WV MSA",25649,21822,25430
2016,72400,metro,hand,15540,"Burlington-South Burlington, VT MSA",29360,24394,29071
2016,13380,state_metro,state,53001,Washington Metro,25766,21903,25545
2016,14740,state_metro,state,53001,Washington Metro,25766,21903,25545
2016,28420,metro,code,28420,"Kennewick-Richland, WA MSA",24919,21316,24713
2016,31020,state_metro,state,53001,Washington Metro,25766,21903,25545
2016,34580,metro,code,34580,"Mount Vernon-Anacortes, WA MSA",26570,22460,26333
2016,36500,state_metro,state,53001,Washington Metro,25766,21903,25545
2016,44060,metro,code,44060,"Spokane-Spokane Valley, WA MSA",24437,20982,24240
2016,47460,state_metro,state,53001,Washington Metro,25766,21903,25545
2016,48300,state_metro,state,53001,Washington Metro,25766,21903,25545
2016,49420,state_metro,state,53001,Washington Metro,25766,21903,25545
2016,11540,metro,code,11540,"Appleton, WI MSA",24115,20759,23925
2016,20740,state_metro,state,55001,Wisconsin Metro,23663,20445,23481
2016,22540,state_metro,state,55001,Wisconsin Metro,23663,20445,23481
2016,24580,metro,code,24580,"Green Bay, WI MSA",23838,20566,23653
2016,27500,metro,code,27500,"Janesville-Beloit, WI MSA",24021,20693,23832
2016,29100,state_metro,state,55001,Wisconsin Metro,23663,20445,23481
2016,31540,metro,code,31540,"Madison, WI MSA",26643,22511,26405
2016,33340,metro,code,33340,"Milwaukee-Waukesha-West Allis, WI MSA",25489,21711,25273
2016,36780,metro,code,36780,"Oshkosh-Neenah, WI MSA",23093,20050,22922
2016,39540,metro,code,39540,"Racine, WI MSA",24320,20901,24126
2016,43100,state_metro,state,55001,Wisconsin Metro,23663,20445,23481
2016,48140,metro,code,48140,"Wausau, WI MSA",23794,20536,23610
2016,13220,state_metro,state,54001,West Virginia Metro,21880,19209,21732
2016,16620,metro,code,16620,"Charleston, WV MSA",23414,20273,23237
2016,26580,metro,code,26580,"Huntington-Ashland, WV-KY-OH MSA",22509,19645,22348
2016,34060,metro,code,34060,"Morgantown, WV MSA",23882,20597,23696
2016,37620,state_metro,state,54001,West Virginia Metro,21880,19209,21732
2016,48260,state_metro,state,54001,West Virginia Metro,21880,19209,21732
2016,48540,state_metro,state,54001,West Virginia Metro,21880,19209,21732
2016,16220,state_metro,state,56001,Wyoming Metro,24364,20931,24169
2016,16940,state_metro,state,56001,Wyoming Metro,24364,20931,24169
2016,0200001,state_nonmetro,state,2002,Alaska Nonmetro,28907,24080,28627
2016,0200002,state_nonmetro,state,2002,Alaska Nonmetro,28907,24080,28627
2016,0100001,state_nonmetro,state,1002,Alabama Nonmetro,21033,18622,20900
2016,0100002,state_nonmetro,state,1002,Alabama Nonmetro,21033,18622,20900
2016,0100003,state_nonmetro,state,1002,Alabama Nonmetro,21033,18622,20900
2016,0100004,state_nonmetro,state,1002,Alabama Nonmetro,21033,18622,20900
2016,0500001,state_nonmetro,state,5002,Arkansas Nonmetro,21369,18855,21230
2016,0500002,state_nonmetro,state,5002,Arkansas Nonmetro,21369,18855,21230
2016,0500003,state_nonmetro,state,5002,Arkansas Nonmetro,21369,18855,21230
2016,0500004,state_nonmetro,state,5002,Arkansas Nonmetro,21369,18855,21230
2016,0400001,state_nonmetro,state,4002,Arizona Nonmetro,22509,19645,22348
2016,0600001,state_nonmetro,state,6002,California Nonmetro,26058,22106,25832
2016,0600002,state_nonmetro,state,6002,California Nonmetro,26058,22106,25832
2016,0600003,state_nonmetro,state,6002,California Nonmetro,26058,22106,25832
2016,0600004,state_nonmetro,state,6002,California Nonmetro,26058,22106,25832
2016,0600005,state_nonmetro,state,6002,California Nonmetro,26058,22106,25832
2016,0800001,state_nonmetro,state,8002,Colorado Nonmetro,24861,21275,24656
2016,0800002,state_nonmetro,state,8002,Colorado Nonmetro,24861,21275,24656
2016,0800003,state_nonmetro,state,8002,Colorado Nonmetro,24861,21275,24656
2016,0900001,state_nonmetro,state,9002,Connecticut Nonmetro,27811,23321,27552
2016,1200001,state_nonmetro,state,12002,Florida Nonmetro,22859,19888,22692
2016,1200002,state_nonmetro,state,12002,Florida Nonmetro,22859,19888,22692
2016,1200003,state_nonmetro,state,12002,Florida Nonmetro,22859,19888,22692
2016,1300001,state_nonmetro,state,13002,Georgia Nonmetro,21910,19230,21760
2016,1300002,state_nonmetro,state,13002,Georgia Nonmetro,21910,19230,21760
2016,1300003,state_nonmetro,state,13002,Georgia Nonmetro,21910,19230,21760
2016,1300004,state_nonmetro,state,13002,Georgia Nonmetro,21910,19230,21760
2016,1500001,state_nonmetro,state,15002,Hawaii Nonmetro,29170,24262,28885
2016,1900001,state_nonmetro,state,19002,Iowa Nonmetro,21924,19240,21775
2016,1900002,state_nonmetro,state,19002,Iowa Nonmetro,21924,19240,21775
2016,1900003,state_nonmetro,state,19002,Iowa Nonmetro,21924,19240,21775
2016,1900004,state_nonmetro,state,19002,Iowa Nonmetro,21924,19240,21775
2016,1600001,state_nonmetro,state,16002,Idaho Nonmetro,22538,19665,22377
2016,1600002,state_nonmetro,state,16002,Idaho Nonmetro,22538,19665,22377
2016,1600003,state_nonmetro,state,16002,Idaho Nonmetro,22538,19665,22377
2016,1600004,state_nonmetro,state,16002,Idaho Nonmetro,22538,19665,22377
2016,1700001,state_nonmetro,state,17002,Illinois Nonmetro,22187,19422,22033
2016,1700002,state_nonmetro,state,17002,Illinois Nonmetro,22187,19422,22033
2016,1700003,state_nonmetro,state,17002,Illinois Nonmetro,22187,19422,22033
2016,1700004,state_nonmetro,state,17002,Illinois Nonmetro,22187,19422,22033
2016,1800001,state_nonmetro,state,18002,Indiana Nonmetro,22538,19665,22377
2016,1800002,state_nonmetro,state,18002,Indiana Nonmetro,22538,19665,22377
2016,1800003,state_nonmetro,state,18002,Indiana Nonmetro,22538,19665,22377
2016,2000001,state_nonmetro,state,20002,Kansas Nonmetro,22538,19665,22377
2016,2000002,state_nonmetro,state,20002,Kansas Nonmetro,22538,19665,22377
2016,2000003,state_nonmetro,state,20002,Kansas Nonmetro,22538,19665,22377
2016,2000004,state_nonmetro,state,20002,Kansas Nonmetro,22538,19665,22377
2016,2100001,state_nonmetro,state,21002,Kentucky Nonmetro,21457,18916,21316
2016,2100002,state_nonmetro,state,21002,Kentucky Nonmetro,21457,18916,21316
2016,2100003,state_nonmetro,state,21002,Kentucky Nonmetro,21457,18916,21316
2016,2100004,state_nonmetro,state,21002,Kentucky Nonmetro,21457,18916,21316
2016,2200001,state_nonmetro,state,22002,Louisiana Nonmetro,21457,18916,21316
2016,2200002,state_nonmetro,state,22002,Louisiana Nonmetro,21457,18916,21316
2016,2200003,state_nonmetro,state,22002,Louisiana Nonmetro,21457,18916,21316
2016,2200004,state_nonmetro,state,22002,Louisiana Nonmetro,21457,18916,21316
2016,2500001,state_nonmetro,state,25002,Massachusetts Nonmetro,28060,23493,27796
2016,2500002,state_nonmetro,state,25002,Massachusetts Nonmetro,28060,23493,27796
2016,2500003,state_nonmetro,state,25002,Massachusetts Nonmetro,28060,23493,27796
2016,2500004,state_nonmetro,state,25002,Massachusetts Nonmetro,28060,23493,27796
2016,2400001,state_nonmetro,state,24002,Maryland Nonmetro,25211,21518,25000
2016,2400002,state_nonmetro,state,24002,Maryland Nonmetro,25211,21518,25000
2016,2300001,state_nonmetro,state,23002,Maine Nonmetro,23370,20242,23194
2016,2300002,state_nonmetro,state,23002,Maine Nonmetro,23370,20242,23194
2016,2600001,state_nonmetro,state,26002,Michigan Nonmetro,22918,19928,22750
2016,2600002,state_nonmetro,state,26002,Michigan Nonmetro,22918,19928,22750
2016,2600003,state_nonmetro,state,26002,Michigan Nonmetro,22918,19928,22750
2016,2600004,state_nonmetro,state,26002,Michigan Nonmetro,22918,19928,22750
2016,2700001,state_nonmetro,state,27002,Minnesota Nonmetro,22932,19939,22764
2016,2700002,state_nonmetro,state,27002,Minnesota Nonmetro,22932,19939,22764
2016,2700003,state_nonmetro,state,27002,Minnesota Nonmetro,22932,19939,22764
2016,2700004,state_nonmetro,state,27002,Minnesota Nonmetro,22932,19939,22764
2016,2900001,state_nonmetro,state,29002,Missouri Nonmetro,21910,19230,21760
2016,2900002,state_nonmetro,state,29002,Missouri Nonmetro,21910,19230,21760
2016,2900003,state_nonmetro,state,29002,Missouri Nonmetro,21910,19230,21760
2016,2900004,state_nonmetro,state,29002,Missouri Nonmetro,21910,19230,21760
2016,2800001,state_nonmetro,state,28002,Mississippi Nonmetro,21880,19209,21732
2016,2800002,state_nonmetro,state,28002,Mississippi Nonmetro,21880,19209,21732
2016,2800003,state_nonmetro,state,28002,Mississippi Nonmetro,21880,19209,21732
2016,2800004,state_nonmetro,state,28002,Mississippi Nonmetro,21880,19209,21732
2016,3000001,state_nonmetro,state,30002,Montana Nonmetro,23064,20030,22893
2016,3000002,state_nonmetro,state,30002,Montana Nonmetro,23064,20030,22893
2016,3000003,state_nonmetro,state,30002,Montana Nonmetro,23064,20030,22893
2016,3000004,state_nonmetro,state,30002,Montana Nonmetro,23064,20030,22893
2016,3700001,state_nonmetro,state,37002,North Carolina Nonmetro,22173,19412,22018
2016,3700002,state_nonmetro,state,37002,North Carolina Nonmetro,22173,19412,22018
2016,3700003,state_nonmetro,state,37002,North Carolina Nonmetro,22173,19412,22018
2016,3700004,state_nonmetro,state,37002,North Carolina Nonmetro,22173,19412,22018
2016,3800001,state_nonmetro,state,38002,North Dakota Nonmetro,22713,19787,22549
2016,3800002,state_nonmetro,state,38002,North Dakota Nonmetro,22713,19787,22549
2016,3800003,state_nonmetro,state,38002,North Dakota Nonmetro,22713,19787,22549
2016,3800004,state_nonmetro,state,38002,North Dakota Nonmetro,22713,19787,22549
2016,3100001,state_nonmetro,state,31002,Nebraska Nonmetro,22173,19412,22018
2016,3100002,state_nonmetro,state,31002,Nebraska Nonmetro,22173,19412,22018
2016,3100003,state_nonmetro,state,31002,Nebraska Nonmetro,22173,19412,22018
2016,3100004,state_nonmetro,state,31002,Nebraska Nonmetro,22173,19412,22018
2016,3300001,state_nonmetro,state,33002,New Hampshire Nonmetro,27139,22855,26892
2016,3300002,state_nonmetro,state,33002,New Hampshire Nonmetro,27139,22855,26892
2016,3300003,state_nonmetro,state,33002,New Hampshire Nonmetro,27139,22855,26892
2016,3300004,state_nonmetro,state,33002,New Hampshire Nonmetro,27139,22855,26892
2016,3500001,state_nonmetro,state,35002,New Mexico Nonmetro,22713,19787,22549
2016,3500002,state_nonmetro,state,35002,New Mexico Nonmetro,22713,19787,22549
2016,3500003,state_nonmetro,state,35002,New Mexico Nonmetro,22713,19787,22549
2016,3500004,state_nonmetro,state,35002,New Mexico Nonmetro,22713,19787,22549
2016,3200001,state_nonmetro,state,32002,Nevada Nonmetro,24568,21073,24369
2016,3200002,state_nonmetro,state,32002,Nevada Nonmetro,24568,21073,24369
2016,3600001,state_nonmetro,state,36002,New York Nonmetro,23370,20242,23194
2016,3600002,state_nonmetro,state,36002,New York Nonmetro,23370,20242,23194
2016,3600003,state_nonmetro,state,36002,New York Nonmetro,23370,20242,23194
2016,3600004,state_nonmetro,state,36002,New York Nonmetro,23370,20242,23194
2016,3900001,state_nonmetro,state,39002,Ohio Nonmetro,22509,19645,22348
2016,3900002,state_nonmetro,state,39002,Ohio Nonmetro,22509,19645,22348
2016,3900003,state_nonmetro,state,39002,Ohio Nonmetro,22509,19645,22348
2016,3900004,state_nonmetro,state,39002,Ohio Nonmetro,22509,19645,22348
2016,4000001,state_nonmetro,state,40002,Oklahoma Nonmetro,22202,19432,22047
2016,4000002,state_nonmetro,state,40002,Oklahoma Nonmetro,22202,19432,22047
2016,4000003,state_nonmetro,state,40002,Oklahoma Nonmetro,22202,19432,22047
2016,4000004,state_nonmetro,state,40002,Oklahoma Nonmetro,22202,19432,22047
2016,4100001,state_nonmetro,state,41002,Oregon Nonmetro,23370,20242,23194
2016,4100002,state_nonmetro,state,41002,Oregon Nonmetro,23370,20242,23194
2016,4100003,state_nonmetro,state,41002,Oregon Nonmetro,23370,20242,23194
2016,4100004,state_nonmetro,state,41002,Oregon Nonmetro,23370,20242,23194
2016,4200001,state_nonmetro,state,42002,Pennsylvania Nonmetro,22348,19533,22190
2016,4200002,state_nonmetro,state,42002,Pennsylvania Nonmetro,22348,19533,22190
2016,4200003,state_nonmetro,state,42002,Pennsylvania Nonmetro,22348,19533,22190
2016,4400001,none,,,,,,
2016,4500001,state_nonmetro,state,45002,South Carolina Nonmetro,21763,19128,21617
2016,4500002,state_nonmetro,state,45002,South Carolina Nonmetro,21763,19128,21617
2016,4500003,state_nonmetro,state,45002,South Carolina Nonmetro,21763,19128,21617
2016,4500004,state_nonmetro,state,45002,South Carolina Nonmetro,21763,19128,21617
2016,4600002,state_nonmetro,state,46002,South Dakota Nonmetro,21924,19240,21775
2016,4600003,state_nonmetro,state,46002,South Dakota Nonmetro,21924,19240,21775
2016,4700001,state_nonmetro,state,47002,Tennessee Nonmetro,21486,18936,21345
2016,4700002,state_nonmetro,state,47002,Tennessee Nonmetro,21486,18936,21345
2016,4700003,state_nonmetro,state,47002,Tennessee Nonmetro,21486,18936,21345
2016,4700004,state_nonmetro,state,47002,Tennessee Nonmetro,21486,18936,21345
2016,4800001,state_nonmetro,state,48002,Texas Nonmetro,22742,19807,22577
2016,4800002,state_nonmetro,state,48002,Texas Nonmetro,22742,19807,22577
2016,4800003,state_nonmetro,state,48002,Texas Nonmetro,22742,19807,22577
2016,4800004,state_nonmetro,state,48002,Texas Nonmetro,22742,19807,22577
2016,4800005,state_nonmetro,state,48002,Texas Nonmetro,22742,19807,22577
2016,4800006,state_nonmetro,state,48002,Texas Nonmetro,22742,19807,22577
2016,4900001,state_nonmetro,state,49002,Utah Nonmetro,23531,20354,23352
2016,4900002,state_nonmetro,state,49002,Utah Nonmetro,23531,20354,23352
2016,4900003,state_nonmetro,state,49002,Utah Nonmetro,23531,20354,23352
2016,4900004,state_nonmetro,state,49002,Utah Nonmetro,23531,20354,23352
2016,5100001,state_nonmetro,state,51002,Virginia Nonmetro,22114,19371,21961
2016,5100002,state_nonmetro,state,51002,Virginia Nonmetro,22114,19371,21961
2016,5100003,state_nonmetro,state,51002,Virginia Nonmetro,22114,19371,21961
2016,5100004,state_nonmetro,state,51002,Virginia Nonmetro,22114,19371,21961
2016,5000001,state_nonmetro,state,50002,Vermont Nonmetro,25898,21994,25674
2016,5000002,state_nonmetro,state,50002,Vermont Nonmetro,25898,21994,25674
2016,5300001,state_nonmetro,state,53002,Washington Nonmetro,24276,20870,24083
2016,5300002,state_nonmetro,state,53002,Washington Nonmetro,24276,20870,24083
2016,5300003,state_nonmetro,state,53002,Washington Nonmetro,24276,20870,24083
2016,5300004,state_nonmetro,state,53002,Washington Nonmetro,24276,20870,24083
2016,5500001,state_nonmetro,state,55002,Wisconsin Nonmetro,23210,20131,23036
2016,5500002,state_nonmetro,state,55002,Wisconsin Nonmetro,23210,20131,23036
2016,5500003,state_nonmetro,state,55002,Wisconsin Nonmetro,23210,20131,23036
2016,5500004,state_nonmetro,state,55002,Wisconsin Nonmetro,23210,20131,23036
2016,5400001,state_nonmetro,state,54002,West Virginia Nonmetro,21588,19007,21445
2016,5400002,state_nonmetro,state,54002,West Virginia Nonmetro,21588,19007,21445
2016,5600001,state_nonmetro,state,56002,Wyoming Nonmetro,23794,20536,23610
2016,5600002,state_nonmetro,state,56002,Wyoming Nonmetro,23794,20536,23610
2016,5600003,state_nonmetro,state,56002,Wyoming Nonmetro,23794,20536,23610
2016,5600004,state_nonmetro,state,56002,Wyoming Nonmetro,23794,20536,23610
2017,31080,metro,code,31080,"Los Angeles-Long Beach-Anaheim, CA MSA",34424,28532,34308
2017,41860,metro,code,41860,"San Francisco-Oakland-Hayward, CA MSA",37182,30513,37052
2017,47900,metro,code,47900,"Washington-Arlington-Alexandria, DC-VA-MD-WV MSA",35635,29402,35513
2017,33100,metro,code,33100,"Miami-Fort Lauderdale-West Palm Beach, FL MSA",30835,25954,30736
2017,16980,metro,code,16980,"Chicago-Naperville-Elgin, IL-IN-WI MSA",28384,24194,28297
2017,71650,metro,hand,14460,"Boston-Cambridge-Newton, MA-NH MSA",33257,27694,33146
2017,19820,metro,code,19820,"Detroit-Warren-Dearborn, MI MSA",26399,22768,26323
2017,35620,metro,code,35620,"New York-Newark-Jersey City, NY-NJ-PA MSA",33053,27547,32943
2017,37980,metro,code,37980,"Philadelphia-Camden-Wilmington, PA-NJ-DE-MD MSA",29405,24927,29314
2017,19100,metro,code,19100,"Dallas-Fort Worth-Arlington, TX MSA",27756,23743,27673
2017,42660,metro,code,42660,"Seattle-Tacoma-Bellevue, WA MSA",30908,26007,30809
2017,11260,state_metro,state,2001,Alaska Metro,30871,25981,30773
2017,21820,state_metro,state,2001,Alaska Metro,30871,25981,30773
2017,11500,none,,,,,,
2017,12220,metro,code,12220,"Auburn-Opelika, AL MSA",24750,21584,24682
2017,13820,metro,code,13820,"Birmingham-Hoover, AL MSA",24984,21752,24914
2017,19300,metro,code,19300,"Daphne-Fairhope-Foley, AL MSA",25487,22113,25415
2017,19460,none,,,,,,
2017,20020,none,,,,,,
2017,22520,metro,code,22520,"Florence-Muscle Shoals, AL MSA",22314,19834,22257
2017,23460,none,,,,,,
2017,26620,metro,code,26620,"Huntsville, AL MSA",24036,21071,23971
2017,33660,metro,code,33660,"Mobile, AL MSA",24882,21678,24813
2017,33860,metro,code,33860,"Montgomery, AL MSA",25013,21773,24943
2017,46220,none,,,,,,
2017,22220,metro,code,22220,"Fayetteville-Springdale-Rogers, AR-MO MSA",23963,21018,23898
2017,22900,metro,code,22900,"Fort Smith, AR-OK MSA",22839,20211,22780
2017,26300,state_metro,state,5001,Arkansas Metro,23802,20903,23738
2017,27860,state_metro,state,5001,Arkansas Metro,23802,20903,23738
2017,30780,metro,code,30780,"Little Rock-North Little Rock-Conway, AR MSA",24517,21417,24450
2017,38220,metro,code,38220,"Pine Bluff, AR MSA",23233,20494,23172
2017,22380,state_metro,state,4001,Arizona Metro,28909,24571,28820
2017,29420,state_metro,state,4001,Arizona Metro,28909,24571,28820
2017,38060,metro,code,38060,"Phoenix-Mesa-Scottsdale, AZ MSA",27027,23219,26947
2017,39140,metro,code,39140,"Prescott, AZ MSA",25699,22265,25626
2017,43420,state_metro,state,4001,Arizona Metro,28909,24571,28820
2017,46060,metro,code,46060,"Tucson, AZ MSA",25757,22307,25684
2017,49740,metro,code,49740,"Yuma, AZ MSA",24356,21301,24290
2017,12540,metro,code,12540,"Bakersfield, CA MSA",25509,22129,25437
2017,17020,metro,code,17020,"Chico, CA MSA",26808,23062,26729
2017,20940,none,,,,,,
2017,23420,metro,code,23420,"Fresno, CA MSA",25976,22465,25902
2017,25260,metro,code,25260,"Hanford-Corcoran, CA MSA",25115,21846,25045
2017,31460,none,,,,,,
2017,32900,none,,,,,,
2017,33700,metro,code,33700,"Modesto, CA MSA",26881,23114,26802
2017,34900,none,,,,,,
2017,37100,metro,code,37100,"Oxnard-Thousand Oaks-Ventura, CA MSA",35387,29224,35266
2017,39820,metro,code,39820,"Redding, CA MSA",26399,22768,26323
2017,40140,metro,code,40140,"Riverside-San Bernardino-Ontario, CA MSA",29128,24728,29038
2017,40900,metro,code,40900,"Sacramento--Roseville--Arden-Arcade, CA MSA",28588,24340,28500
2017,41500,metro,code,41500,"Salinas, CA MSA",31769,26625,31666
2017,41740,metro,code,41740,"San Diego-Carlsbad, CA MSA",33943,28187,33829
2017,41940,metro,code,41940,"San Jose-Sunnyvale-Santa Clara, CA MSA",39750,32358,39607
2017,42020,metro,code,42020,"San Luis Obispo-Paso Robles-Arroyo Grande, CA MSA",31637,26531,31535
2017,42100,metro,code,42100,"Santa Cruz-Watsonville, CA MSA",36409,29958,36283
2017,42200,metro,code,42200,"Santa Maria-Santa Barbara, CA MSA",34410,28522,34293
2017,42220,metro,code,42220,"Santa Rosa, CA MSA",33418,27809,33306
2017,44700,metro,code,44700,"Stockton-Lodi, CA MSA",27333,23439,27252
2017,46700,metro,code,46700,"Vallejo-Fairfield, CA MSA",30733,25881,30635
2017,47300,metro,code,47300,"Visalia-Porterville, CA MSA",24794,21616,24726
2017,49700,none,,,,,,
2017,14500,metro,code,14500,"Boulder, CO MSA",31754,26615,31651
2017,17820,metro,code,17820,"Colorado Springs, CO MSA",26866,23104,26787
2017,19740,metro,code,19740,"Denver-Aurora-Lakewood, CO MSA",29930,25305,29836
2017,22660,metro,code,22660,"Fort Collins, CO MSA",27815,23785,27731
2017,24300,none,,,,,,
2017,24540,metro,code,24540,"Greeley, CO MSA",25407,22056,25335
2017,39380,none,,,,,,
2017,71950,metro,hand,14860,"Bridgeport-Stamford-Norwalk, CT MSA",34118,28312,34003
2017,72850,none,,,,,,
2017,73450,metro,hand,25540,"Hartford-West Hartford-East Hartford, CT MSA",29390,24917,29299
2017,75700,metro,hand,35300,"New Haven-Milford, CT MSA",29828,25231,29735
2017,76450,metro,hand,35980,"Norwich-New London, CT MSA",28865,24540,28776
2017,78700,none,,,,,,
2017,20100,metro,code,20100,"Dover, DE MSA",27158,23313,27078
2017,15980,metro,code,15980,"Cape Coral-Fort Myers, FL MSA",26808,23062,26729
2017,18880,state_metro,state,12001,Florida Metro,25334,22003,25263
2017,19660,metro,code,19660,"Deltona-Daytona Beach-Ormond Beach, FL MSA",26720,22999,26642
2017,23540,metro,code,23540,"Gainesville, FL MSA",26297,22695,26221
2017,26140,state_metro,state,12001,Florida Metro,25334,22003,25263
2017,27260,metro,code,27260,"Jacksonville, FL MSA",27260,23387,27179
2017,29460,metro,code,29460,"Lakeland-Winter Haven, FL MSA",25568,22171,25495
2017,34940,metro,code,34940,"Naples-Immokalee-Marco Island, FL MSA",28894,24560,28805
2017,35840,metro,code,35840,"North Port-Sarasota-Bradenton, FL MSA",28106,23995,28021
2017,36100,metro,code,36100,"Ocala, FL MSA",24575,21458,24508
2017,36740,metro,code,36740,"Orlando-Kissimmee-Sanford, FL MSA",28209,24068,28123
2017,37340,metro,code,37340,"Palm Bay-Melbourne-Titusville, FL MSA",26370,22747,26294
2017,37460,metro,code,37460,"Panama City, FL MSA",26501,22842,26424
2017,37860,metro,code,37860,"Pensacola-Ferry Pass-Brent, FL MSA",25801,22339,25727
2017,38940,metro,code,38940,"Port St. Lucie, FL MSA",27041,23230,26961
2017,39460,state_metro,state,12001,Florida Metro,25334,22003,25263
2017,42680,state_metro,state,12001,Florida Metro,25334,22003,25263
2017,42700,state_metro,state,12001,Florida Metro,25334,22003,25263
2017,45220,metro,code,45220,"Tallahassee, FL MSA",26487,22831,26410
2017,45300,metro,code,45300,"Tampa-St. Petersburg-Clearwater, FL MSA",27712,23712,27629
2017,45540,state_metro,state,12001,Florida Metro,25334,22003,25263
2017,10500,state_metro,state,13001,Georgia Metro,22810,20190,22751
2017,12020,metro,code,12020,"Athens-Clarke County, GA MSA",24780,21605,24711
2017,12060,metro,code,12060,"Atlanta-Sandy Springs-Roswell, GA MSA",27421,23502,27339
2017,12260,metro,code,12260,"Augusta-Richmond County, GA-SC MSA",24021,21060,23956
2017,15260,state_metro,state,13001,Georgia Metro,22810,20190,22751
2017,17980,metro,code,17980,"Columbus, GA-AL MSA",25086,21825,25016
2017,19140,state_metro,state,13001,Georgia Metro,22810,20190,22751
2017,23580,metro,code,23580,"Gainesville, GA MSA",25057,21804,24987
2017,25980,state_metro,state,13001,Georgia Metro,22810,20190,22751
2017,31420,metro,code,31420,"Macon, GA MSA",24181,21175,24116
2017,40660,state_metro,state,13001,Georgia Metro,22810,20190,22751
2017,42340,metro,code,42340,"Savannah, GA MSA",26604,22915,26526
2017,46660,state_metro,state,13001,Georgia Metro,22810,20190,22751
2017,47580,metro,code,47580,"Warner Robins, GA MSA",24794,21616,24726
2017,27980,metro,code,27980,"Kahului-Wailuku-Lahaina, HI MSA",33009,27516,32900
2017,46520,metro,code,46520,"Urban Honolulu, HI MSA",36365,29926,36239
2017,11180,state_metro,state,19001,Iowa Metro,24911,21699,24842
2017,16300,metro,code,16300,"Cedar Rapids, IA MSA",24356,21301,24290
2017,19340,metro,code,19340,"Davenport-Moline-Rock Island, IA-IL MSA",24079,21102,24014
2017,19780,metro,code,19780,"Des Moines-West Des Moines, IA MSA",25757,22307,25684
2017,20220,state_metro,state,19001,Iowa Metro,24911,21699,24842
2017,26980,metro,code,26980,"Iowa City, IA MSA",26253,22664,26177
2017,43580,state_metro,state,19001,Iowa Metro,24911,21699,24842
2017,47940,metro,code,47940,"Waterloo-Cedar Falls, IA MSA",23933,20997,23869
2017,14260,metro,code,14260,"Boise City, ID MSA",24765,21595,24696
2017,17660,metro,code,17660,"Coeur d'Alene, ID MSA",24677,21532,24609
2017,26820,metro,code,26820,"Idaho Falls, ID MSA",22956,20295,22896
2017,30300,state_metro,state,16001,Idaho Metro,23131,20421,23070
2017,38540,state_metro,state,16001,Idaho Metro,23131,20421,23070
2017,14010,metro,code,14010,"Bloomington, IL MSA",25575,22176,25502
2017,16060,metro,code,16060,"Carbondale-Marion, IL MSA",23525,20704,23462
2017,16580,metro,code,16580,"Champaign-Urbana, IL MSA",25626,22213,25553
2017,19180,state_metro,state,17001,Illinois Metro,24488,21396,24421
2017,19500,state_metro,state,17001,Illinois Metro,24488,21396,24421
2017,28100,state_metro,state,17001,Illinois Metro,24488,21396,24421
2017,37900,metro,code,37900,"Peoria, IL MSA",24327,21280,24261
2017,40420,metro,code,40420,"Rockford, IL MSA",24459,21375,24392
2017,44100,metro,code,44100,"Springfield, IL MSA",24677,21532,24609
2017,14020,metro,code,14020,"Bloomington, IN MSA",25801,22339,25727
2017,18020,state_metro,state,18001,Indiana Metro,24079,21102,24014
2017,21140,metro,code,21140,"Elkhart-Goshen, IN MSA",24327,21280,24261
2017,21780,metro,code,21780,"Evansville, IN-KY MSA",24955,21731,24885
2017,23060,metro,code,23060,"Fort Wayne, IN MSA",23685,20819,23622
2017,26900,metro,code,26900,"Indianapolis-Carmel-Anderson, IN MSA",25568,22171,25495
2017,29020,state_metro,state,18001,Indiana Metro,24079,21102,24014
2017,29200,metro,code,29200,"Lafayette-West Lafayette, IN MSA",25137,21862,25067
2017,33140,state_metro,state,18001,Indiana Metro,24079,21102,24014
2017,34620,state_metro,state,18001,Indiana Metro,24079,21102,24014
2017,43780,metro,code,43780,"South Bend-Mishawaka, IN-MI MSA",24517,21417,24450
2017,45460,metro,code,45460,"Terre Haute, IN MSA",24006,21050,23942
2017,29940,state_metro,state,20001,Kansas Metro,25611,22203,25539
2017,31740,state_metro,state,20001,Kansas Metro,25611,22203,25539
2017,45820,metro,code,45820,"Topeka, KS MSA",24415,21343,24348
2017,48620,metro,code,48620,"Wichita, KS MSA",24386,21322,24319
2017,14540,metro,code,14540,"Bowling Green, KY MSA",23700,20830,23637
2017,21060,state_metro,state,21001,Kentucky Metro,23043,20358,22983
2017,30460,metro,code,30460,"Lexington-Fayette, KY MSA",24634,21500,24566
2017,31140,metro,code,31140,"Louisville/Jefferson County, KY-IN MSA",24721,21563,24653
2017,36980,state_metro,state,21001,Kentucky Metro,23043,20358,22983
2017,10780,state_metro,state,22001,Louisiana Metro,23933,20997,23869
2017,12940,metro,code,12940,"Baton Rouge, LA MSA",25553,22161,25481
2017,25220,state_metro,state,22001,Louisiana Metro,23933,20997,23869
2017,26380,state_metro,state,22001,Louisiana Metro,23933,20997,23869
2017,29180,metro,code,29180,"Lafayette, LA MSA",24109,21123,24043
2017,29340,metro,code,29340,"Lake Charles, LA MSA",24590,21469,24522
2017,33740,metro,code,33740,"Monroe, LA MSA",23496,20683,23433
2017,35380,metro,code,35380,"New Orleans-Metairie, LA MSA",27085,23261,27005
2017,43340,metro,code,43340,"Shreveport-Bossier City, LA MSA",24532,21427,24464
2017,70900,metro,hand,12700,"Barnstable Town, MA MSA",31813,26657,31709
2017,74500,state_metro,state,25001,Massachusetts Metro,25932,22433,25858
2017,75550,state_metro,state,25001,Massachusetts Metro,25932,22433,25858
2017,76600,state_metro,state,25001,Massachusetts Metro,25932,22433,25858
2017,78100,metro,hand,44140,"Springfield, MA MSA",27027,23219,26947
2017,79600,metro,hand,49340,"Worcester, MA-CT MSA",28077,23974,27992
2017,12580,metro,code,12580,"Baltimore-Columbia-Towson, MD MSA",31054,26112,30954
2017,15680,metro,code,15680,"California-Lexington Park, MD MSA",30383,25629,30286
2017,19060,none,,,,,,
2017,25180,metro,code,25180,"Hagerstown-Martinsburg, MD-WV MSA",26326,22716,26250
2017,41540,metro,code,41540,"Salisbury, MD-DE MSA",26501,22842,26424
2017,70750,metro,hand,12620,"Bangor, ME MSA",25538,22150,25466
2017,74650,metro,hand,30340,"Lewiston-Auburn, ME MSA",24590,21469,24522
2017,76750,metro,hand,38860,"Portland-South Portland, ME MSA",28311,24141,28225
2017,11460,metro,code,11460,"Ann Arbor, MI MSA",28544,24309,28457
2017,12980,metro,code,12980,"Battle Creek, MI MSA",24138,21144,24072
2017,13020,state_metro,state,26001,Michigan Metro,24109,21123,24043
2017,22420,metro,code,22420,"Flint, MI MSA",24138,21144,24072
2017,24340,metro,code,24340,"Grand Rapids-Wyoming, MI MSA",24940,21720,24871
2017,27100,metro,code,27100,"Jackson, MI MSA",24152,21155,24087
2017,28020,metro,code,28020,"Kalamazoo-Portage, MI MSA",24575,21458,24508
2017,29620,metro,code,29620,"Lansing-East Lansing, MI MSA",25538,22150,25466
2017,33220,state_metro,state,26001,Michigan Metro,24109,21123,24043
2017,33780,metro,code,33780,"Monroe, MI MSA",25101,21836,25030
2017,34740,metro,code,34740,"Muskegon, MI MSA",24021,21060,23956
2017,35660,metro,code,35660,"Niles-Benton Harbor, MI MSA",23744,20861,23680
2017,40980,metro,code,40980,"Saginaw, MI MSA",23758,20872,23695
2017,20260,state_metro,state,27001,Minnesota Metro,24181,21175,24116
2017,31860,state_metro,state,27001,Minnesota Metro,24181,21175,24116
2017,33460,metro,code,33460,"Minneapolis-St. Paul-Bloomington, MN-WI MSA",28500,24278,28413
2017,40340,state_metro,state,27001,Minnesota Metro,24181,21175,24116
2017,41060,state_metro,state,27001,Minnesota Metro,24181,21175,24116
2017,16020,state_metro,state,29001,Missouri Metro,22343,19855,22286
2017,17860,state_metro,state,29001,Missouri Metro,22343,19855,22286
2017,27620,state_metro,state,29001,Missouri Metro,22343,19855,22286
2017,27900,state_metro,state,29001,Missouri Metro,22343,19855,22286
2017,28140,metro,code,28140,"Kansas City, MO-KS MSA",25932,22433,25858
2017,41140,state_metro,state,29001,Missouri Metro,22343,19855,22286
2017,41180,metro,code,41180,"St. Louis, MO-IL MSA",25889,22402,25814
2017,44180,metro,code,44180,"Springfield, MO MSA",23350,20578,23288
2017,25060,state_metro,state,28001,Mississippi Metro,24160,21160,24094
2017,25620,state_metro,state,28001,Mississippi Metro,24160,21160,24094
2017,27140,metro,code,27140,"Jackson, MS MSA",25057,21804,24987
2017,13740,metro,code,13740,"Billings, MT MSA",25217,21920,25147
2017,24500,state_metro,state,30001,Montana Metro,24663,21521,24595
2017,33540,state_metro,state,30001,Montana Metro,24663,21521,24595
2017,11700,metro,code,11700,"Asheville, NC MSA",24896,21689,24827
2017,15500,metro,code,15500,"Burlington, NC MSA",24167,21165,24101
2017,16740,metro,code,16740,"Charlotte-Concord-Gastonia, NC-SC MSA",25786,22328,25713
2017,20500,metro,code,20500,"Durham-Chapel Hill, NC MSA",26735,23009,26657
2017,22180,metro,code,22180,"Fayetteville, NC MSA",24955,21731,24885
2017,24140,metro,code,24140,"Goldsboro, NC MSA",23160,20442,23099
2017,24660,metro,code,24660,"Greensboro-High Point, NC MSA",24138,21144,24072
2017,24780,metro,code,24780,"Greenville, NC MSA",24065,21092,24000
2017,25860,metro,code,25860,"Hickory-Lenoir-Morganton, NC MSA",22460,19939,22403
2017,27340,metro,code,27340,"Jacksonville, NC MSA",24911,21699,24842
2017,35100,state_metro,state,37001,North Carolina Metro,24532,21427,24464
2017,39580,metro,code,39580,"Raleigh, NC MSA",27289,23408,27208
2017,40580,state_metro,state,37001,North Carolina Metro,24532,21427,24464
2017,48900,state_metro,state,37001,North Carolina Metro,24532,21427,24464
2017,49180,metro,code,49180,"Winston-Salem, NC MSA",23481,20672,23419
2017,13900,state_metro,state,38001,North Dakota Metro,25144,21867,25074
2017,22020,metro,code,22020,"Fargo, ND-MN MSA",24386,21322,24319
2017,24220,state_metro,state,38001,North Dakota Metro,25144,21867,25074
2017,24260,state_metro,state,31001,Nebraska Metro,24298,21259,24232
2017,30700,state_metro,state,31001,Nebraska Metro,24298,21259,24232
2017,36540,metro,code,36540,"Omaha-Council Bluffs, NE-IA MSA",25947,22444,25873
2017,73050,none,,,,,,
2017,74950,metro,hand,31700,"Manchester-Nashua, NH MSA",30295,25567,30199
2017,76900,none,,,,,,
2017,12100,metro,code,12100,"Atlantic City-Hammonton, NJ MSA",29828,25231,29735
2017,36140,state_metro,state,34001,New Jersey Metro,29566,25043,29473
2017,45940,metro,code,45940,"Trenton, NJ MSA",31564,26478,31462
2017,47220,metro,code,47220,"Vineland-Bridgeton, NJ MSA",28923,24581,28834
2017,10740,metro,code,10740,"Albuquerque, NM MSA",25553,22161,25481
2017,22140,metro,code,22140,"Farmington, NM MSA",24167,21165,24101
2017,29740,metro,code,29740,"Las Cruces, NM MSA",23131,20421,23070
2017,42140,metro,code,42140,"Santa Fe, NM MSA",27639,23659,27557
2017,16180,state_metro,state,32001,Nevada Metro,26487,22831,26410
2017,29820,metro,code,29820,"Las Vegas-Henderson-Paradise, NV MSA",27085,23261,27005
2017,39900,state_metro,state,32001,Nevada Metro,26487,22831,26410
2017,10580,metro,code,10580,"Albany-Schenectady-Troy, NY MSA",27902,23848,27818
2017,13780,metro,code,13780,"Binghamton, NY MSA",23291,20536,23230
2017,15380,metro,code,15380,"Buffalo-Cheektowaga-Niagara Falls, NY MSA",24400,21333,24334
2017,21300,state_metro,state,36001,New York Metro,24181,21175,24116
2017,24020,metro,code,24020,"Glens Falls, NY MSA",26078,22538,26003
2017,27060,state_metro,state,36001,New York Metro,24181,21175,24116
2017,28740,state_metro,state,36001,New York Metro,24181,21175,24116
2017,40380,metro,code,40380,"Rochester, NY MSA",26209,22632,26134
2017,45060,metro,code,45060,"Syracuse, NY MSA",25407,22056,25335
2017,46540,metro,code,46540,"Utica-Rome, NY MSA",24167,21165,24101
2017,48060,metro,code,48060,"Watertown-Fort Drum, NY MSA",27639,23659,27557
2017,10420,metro,code,10420,"Akron, OH MSA",24882,21678,24813
2017,15940,metro,code,15940,"Canton-Massillon, OH MSA",23671,20809,23608
2017,17140,metro,code,17140,"Cincinnati, OH-KY-IN MSA",25115,21846,25045
2017,17460,metro,code,17460,"Cleveland-Elyria, OH MSA",24882,21678,24813
2017,18140,metro,code,18140,"Columbus, OH MSA",26049,22517,25974
2017,19380,metro,code,19380,"Dayton, OH MSA",24429,21354,24363
2017,30620,state_metro,state,39001,Ohio Metro,22897,20253,22838
2017,31900,state_metro,state,39001,Ohio Metro,22897,20253,22838
2017,44220,state_metro,state,39001,Ohio Metro,22897,20253,22838
2017,45780,metro,code,45780,"Toledo, OH MSA",23627,20777,23564
2017,49660,metro,code,49660,"Youngstown-Warren-Boardman, OH-PA MSA",23043,20358,22983
2017,21420,state_metro,state,40001,Oklahoma Metro,23262,20515,23201
2017,30020,state_metro,state,40001,Oklahoma Metro,23262,20515,23201
2017,36420,metro,code,36420,"Oklahoma City, OK MSA",24955,21731,24885
2017,46140,metro,code,46140,"Tulsa, OK MSA",24955,21731,24885
2017,10540,state_metro,state,41001,Oregon Metro,25816,22349,25742
2017,13460,metro,code,13460,"Bend-Redmond, OR MSA",26458,22810,26381
2017,18700,state_metro,state,41001,Oregon Metro,25816,22349,25742
2017,21660,metro,code,21660,"Eugene, OR MSA",25991,22475,25916
2017,24420,state_metro,state,41001,Oregon Metro,25816,22349,25742
2017,32780,metro,code,32780,"Medford, OR MSA",25932,22433,25858
2017,38900,metro,code,38900,"Portland-Vancouver-Hillsboro, OR-WA MSA",28106,23995,28021
2017,41420,metro,code,41420,"Salem, OR MSA",24999,21762,24929
2017,10900,metro,code,10900,"Allentown-Bethlehem-Easton, PA-NJ MSA",27858,23816,27775
2017,11020,state_metro,state,42001,Pennsylvania Metro,24794,21616,24726
2017,14100,state_metro,state,42001,Pennsylvania Metro,24794,21616,24726
2017,16540,metro,code,16540,"Chambersburg-Waynesboro, PA MSA",25363,22024,25292
2017,20700,metro,code,20700,"East Stroudsburg, PA MSA",27742,23733,27658
2017,21500,metro,code,21500,"Erie, PA MSA",24196,21186,24130
2017,23900,state_metro,state,42001,Pennsylvania Metro,24794,21616,24726
2017,25420,metro,code,25420,"Harrisburg-Carlisle, PA MSA",26618,22926,26540
2017,27780,metro,code,27780,"Johnstown, PA MSA",22285,19813,22228
2017,29540,metro,code,29540,"Lancaster, PA MSA",27246,23376,27165
2017,30140,state_metro,state,42001,Pennsylvania Metro,24794,21616,24726
2017,38300,metro,code,38300,"Pittsburgh, PA MSA",24896,21689,24827
2017,39740,metro,code,39740,"Reading, PA MSA",26589,22905,26511
2017,42540,metro,code,42540,"Scranton--Wilkes-Barre--Hazleton, PA MSA",24006,21050,23942
2017,44300,state_metro,state,42001,Pennsylvania Metro,24794,21616,24726
2017,48700,metro,code,48700,"Williamsport, PA MSA",24590,21469,24522
2017,49620,metro,code,49620,"York-Hanover, PA MSA",26531,22863,26453
2017,77200,metro,hand,39300,"Providence-Warwick, RI-MA MSA",27304,23418,27223
2017,16700,metro,code,16700,"Charleston-North Charleston, SC MSA",27391,23481,27310
2017,17900,metro,code,17900,"Columbia, SC MSA",25480,22108,25408
2017,22500,metro,code,22500,"Florence, SC MSA",23291,20536,23230
2017,24860,metro,code,24860,"Greenville-Anderson-Mauldin, SC MSA",24036,21071,23971
2017,25940,metro,code,25940,"Hilton Head Island-Bluffton-Beaufort, SC MSA",27479,23544,27397
2017,34820,metro,code,34820,"Myrtle Beach-Conway-North Myrtle Beach, SC-NC MSA",25436,22077,25364
2017,43900,metro,code,43900,"Spartanburg, SC MSA",23510,20693,23448
2017,44940,none,,,,,,
2017,39660,state_metro,state,46001,South Dakota Metro,25174,21888,25103
2017,43620,metro,code,43620,"Sioux Falls, SD MSA",24677,21532,24609
2017,16860,metro,code,16860,"Chattanooga, TN-GA MSA",24211,21196,24145
2017,17300,metro,code,17300,"Clarksville, TN-KY MSA",25071,21815,25001
2017,17420,metro,code,17420,"Cleveland, TN MSA",23787,20893,23724
2017,27180,none,,,,,,
2017,27740,metro,code,27740,"Johnson City, TN MSA",23189,20463,23128
2017,28700,metro,code,28700,"Kingsport-Bristol-Bristol, TN-VA MSA",22533,19991,22475
2017,28940,metro,code,28940,"Knoxville, TN MSA",24532,21427,24464
2017,32820,metro,code,32820,"Memphis, TN-MS-AR MSA",25451,22087,25379
2017,34100,none,,,,,,
2017,34980,metro,code,34980,"Nashville-Davidson--Murfreesboro--Franklin, TN MSA",26370,22747,26294
2017,10180,metro,code,10180,"Abilene, TX MSA",25261,21951,25190
2017,11100,metro,code,11100,"Amarillo, TX MSA",25115,21846,25045
2017,12420,metro,code,12420,"Austin-Round Rock, TX MSA",30047,25388,29952
2017,13140,metro,code,13140,"Beaumont-Port Arthur, TX MSA",24911,21699,24842
2017,15180,metro,code,15180,"Brownsville-Harlingen, TX MSA",23058,20369,22998
2017,17780,metro,code,17780,"College Station-Bryan, TX MSA",25816,22349,25742
2017,18580,metro,code,18580,"Corpus Christi, TX MSA",26939,23156,26860
2017,21340,metro,code,21340,"El Paso, TX MSA",24254,21228,24188
2017,26420,metro,code,26420,"Houston-The Woodlands-Sugar Land, TX MSA",27318,23429,27237
2017,28660,metro,code,28660,"Killeen-Temple, TX MSA",24371,21312,24305
2017,29700,metro,code,29700,"Laredo, TX MSA",24386,21322,24319
2017,30980,metro,code,30980,"Longview, TX MSA",24765,21595,24696
2017,31180,metro,code,31180,"Lubbock, TX MSA",25174,21888,25103
2017,32580,metro,code,32580,"McAllen-Edinburg-Mission, TX MSA",23496,20683,23433
2017,33260,state_metro,state,48001,Texas Metro,24926,21710,24856
2017,36220,metro,code,36220,"Odessa, TX MSA",28763,24466,28675
2017,41660,state_metro,state,48001,Texas Metro,24926,21710,24856
2017,41700,metro,code,41700,"San Antonio-New Braunfels, TX MSA",26910,23135,26831
2017,43300,metro,code,43300,"Sherman-Denison, TX MSA",24823,21637,24755
2017,45500,state_metro,state,48001,Texas Metro,24926,21710,24856
2017,46340,metro,code,46340,"Tyler, TX MSA",25801,22339,25727
2017,47020,state_metro,state,48001,Texas Metro,24926,21710,24856
2017,47380,metro,code,47380,"Waco, TX MSA",24838,21647,24769
2017,48660,metro,code,48660,"Wichita Falls, TX MSA",24138,21144,24072
2017,30860,state_metro,state,49001,Utah Metro,23233,20494,23172
2017,36260,metro,code,36260,"Ogden-Clearfield, UT MSA",25042,21794,24972
2017,39340,metro,code,39340,"Provo-Orem, UT MSA",25028,21783,24958
2017,41100,metro,code,41100,"St. George, UT MSA",24911,21699,24842
2017,41620,metro,code,41620,"Salt Lake City, UT MSA",27056,23240,26976
2017,13980,metro,code,13980,"Blacksburg-Christiansburg-Radford, VA MSA",24400,21333,24334
2017,16820,metro,code,16820,"Charlottesville, VA MSA",29055,24676,28965
2017,25500,state_metro,state,51001,Virginia Metro,24955,21731,24885
2017,31340,state_metro,state,51001,Virginia Metro,24955,21731,24885
2017,40060,metro,code,40060,"Richmond, VA MSA",27523,23575,27441
2017,40220,metro,code,40220,"Roanoke, VA MSA",24999,21762,24929
2017,44420,state_metro,state,51001,Virginia Metro,24955,21731,24885
2017,47260,metro,code,47260,"Virginia Beach-Norfolk-Newport News, VA-NC MSA",28442,24236,28355
2017,49020,metro,code,49020,"Winchester, VA-WV MSA",27216,23355,27136
2017,72400,metro,hand,15540,"Burlington-South Burlington, VT MSA",30383,25629,30286
2017,13380,state_metro,state,53001,Washington Metro,24677,21532,24609
2017,14740,state_metro,state,53001,Washington Metro,24677,21532,24609
2017,28420,metro,code,28420,"Kennewick-Richland, WA MSA",25538,22150,25466
2017,31020,state_metro,state,53001,Washington Metro,24677,21532,24609
2017,34580,metro,code,34580,"Mount Vernon-Anacortes, WA MSA",26983,23188,26903
2017,36500,state_metro,state,53001,Washington Metro,24677,21532,24609
2017,44060,metro,code,44060,"Spokane-Spokane Valley, WA MSA",25042,21794,24972
2017,47460,state_metro,state,53001,Washington Metro,24677,21532,24609
2017,48300,state_metro,state,53001,Washington Metro,24677,21532,24609
2017,49420,state_metro,state,53001,Washington Metro,24677,21532,24609
2017,11540,metro,code,11540,"Appleton, WI MSA",24590,21469,24522
2017,20740,none,,,,,,
2017,22540,none,,,,,,
2017,24580,metro,code,24580,"Green Bay, WI MSA",24473,21385,24406
2017,27500,metro,code,27500,"Janesville-Beloit, WI MSA",24488,21396,24421
2017,29100,none,,,,,,
2017,31540,metro,code,31540,"Madison, WI MSA",27391,23481,27310
2017,33340,metro,code,33340,"Milwaukee-Waukesha-West Allis, WI MSA",26005,22485,25931
2017,36780,metro,code,36780,"Oshkosh-Neenah, WI MSA",23860,20945,23796
2017,39540,metro,code,39540,"Racine, WI MSA",25217,21920,25147
2017,43100,none,,,,,,
2017,48140,metro,code,48140,"Wausau, WI MSA",24167,21165,24101
2017,13220,state_metro,state,54001,West Virginia Metro,22985,20316,22925
2017,16620,metro,code,16620,"Charleston, WV MSA",24050,21081,23985
2017,26580,metro,code,26580,"Huntington-Ashland, WV-KY-OH MSA",23569,20735,23506
2017,34060,metro,code,34060,"Morgantown, WV MSA",24473,21385,24406
2017,37620,state_metro,state,54001,West Virginia Metro,22985,20316,22925
2017,48260,state_metro,state,54001,West Virginia Metro,22985,20316,22925
2017,48540,state_metro,state,54001,West Virginia Metro,22985,20316,22925
2017,16220,state_metro,state,56001,Wyoming Metro,24940,21720,24871
2017,16940,state_metro,state,56001,Wyoming Metro,24940,21720,24871
2017,0200001,state_nonmetro,state,2002,Alaska Nonmetro,29580,25053,29488
2017,0200002,state_nonmetro,state,2002,Alaska Nonmetro,29580,25053,29488
2017,0100001,state_nonmetro,state,1002,Alabama Nonmetro,21964,19583,21909
2017,0100002,state_nonmetro,state,1002,Alabama Nonmetro,21964,19583,21909
2017,0100003,state_nonmetro,state,1002,Alabama Nonmetro,21964,19583,21909
2017,0100004,state_nonmetro,state,1002,Alabama Nonmetro,21964,19583,21909
2017,0500001,state_nonmetro,state,5002,Arkansas Nonmetro,22328,19845,22272
2017,0500002,state_nonmetro,state,5002,Arkansas Nonmetro,22328,19845,22272
2017,0500003,state_nonmetro,state,5002,Arkansas Nonmetro,22328,19845,22272
2017,0500004,state_nonmetro,state,5002,Arkansas Nonmetro,22328,19845,22272
2017,0400001,state_nonmetro,state,4002,Arizona Nonmetro,22693,20106,22635
2017,0600001,state_nonmetro,state,6002,California Nonmetro,26604,22915,26526
2017,0600002,state_nonmetro,state,6002,California Nonmetro,26604,22915,26526
2017,0600003,state_nonmetro,state,6002,California Nonmetro,26604,22915,26526
2017,0600004,state_nonmetro,state,6002,California Nonmetro,26604,22915,26526
2017,0600005,state_nonmetro,state,6002,California Nonmetro,26604,22915,26526
2017,0800001,state_nonmetro,state,8002,Colorado Nonmetro,26093,22548,26018
2017,0800002,state_nonmetro,state,8002,Colorado Nonmetro,26093,22548,26018
2017,0800003,state_nonmetro,state,8002,Colorado Nonmetro,26093,22548,26018
2017,0900001,state_nonmetro,state,9002,Connecticut Nonmetro,28471,24257,28384
2017,1200001,state_nonmetro,state,12002,Florida Nonmetro,22314,19834,22257
2017,1200002,state_nonmetro,state,12002,Florida Nonmetro,22314,19834,22257
2017,1200003,state_nonmetro,state,12002,Florida Nonmetro,22314,19834,22257
2017,1300001,state_nonmetro,state,13002,Georgia Nonmetro,22518,19981,22461
2017,1300002,state_nonmetro,state,13002,Georgia Nonmetro,22518,19981,22461
2017,1300003,state_nonmetro,state,13002,Georgia Nonmetro,22518,19981,22461
2017,1300004,state_nonmetro,state,13002,Georgia Nonmetro,22518,19981,22461
2017,1500001,state_nonmetro,state,15002,Hawaii Nonmetro,29843,25242,29749
2017,1900001,state_nonmetro,state,19002,Iowa Nonmetro,22357,19865,22301
2017,1900002,state_nonmetro,state,19002,Iowa Nonmetro,22357,19865,22301
2017,1900003,state_nonmetro,state,19002,Iowa Nonmetro,22357,19865,22301
2017,1900004,state_nonmetro,state,19002,Iowa Nonmetro,22357,19865,22301
2017,1600001,state_nonmetro,state,16002,Idaho Nonmetro,23072,20379,23012
2017,1600002,state_nonmetro,state,16002,Idaho Nonmetro,23072,20379,23012
2017,1600003,state_nonmetro,state,16002,Idaho Nonmetro,23072,20379,23012
2017,1600004,state_nonmetro,state,16002,Idaho Nonmetro,23072,20379,23012
2017,1700001,state_nonmetro,state,17002,Illinois Nonmetro,22897,20253,22838
2017,1700002,state_nonmetro,state,17002,Illinois Nonmetro,22897,20253,22838
2017,1700003,state_nonmetro,state,17002,Illinois Nonmetro,22897,20253,22838
2017,1700004,state_nonmetro,state,17002,Illinois Nonmetro,22897,20253,22838
2017,1800001,state_nonmetro,state,18002,Indiana Nonmetro,23131,20421,23070
2017,1800002,state_nonmetro,state,18002,Indiana Nonmetro,23131,20421,23070
2017,1800003,state_nonmetro,state,18002,Indiana Nonmetro,23131,20421,23070
2017,2000001,state_nonmetro,state,20002,Kansas Nonmetro,22781,20169,22722
2017,2000002,state_nonmetro,state,20002,Kansas Nonmetro,22781,20169,22722
2017,2000003,state_nonmetro,state,20002,Kansas Nonmetro,22781,20169,22722
2017,2000004,state_nonmetro,state,20002,Kansas Nonmetro,22781,20169,22722
2017,2100001,state_nonmetro,state,21002,Kentucky Nonmetro,22182,19740,22127
2017,2100002,state_nonmetro,state,21002,Kentucky Nonmetro,22182,19740,22127
2017,2100003,state_nonmetro,state,21002,Kentucky Nonmetro,22182,19740,22127
2017,2100004,state_nonmetro,state,21002,Kentucky Nonmetro,22182,19740,22127
2017,2200001,state_nonmetro,state,22002,Louisiana Nonmetro,22518,19981,22461
2017,2200002,state_nonmetro,state,22002,Louisiana Nonmetro,22518,19981,22461
2017,2200003,state_nonmetro,state,22002,Louisiana Nonmetro,22518,19981,22461
2017,2200004,state_nonmetro,state,22002,Louisiana Nonmetro,22518,19981,22461
2017,2500001,state_nonmetro,state,25002,Massachusetts Nonmetro,28347,24168,28261
2017,2500002,state_nonmetro,state,25002,Massachusetts Nonmetro,28347,24168,28261
2017,2500003,state_nonmetro,state,25002,Massachusetts Nonmetro,28347,24168,28261
2017,2500004,state_nonmetro,state,25002,Massachusetts Nonmetro,28347,24168,28261
2017,2400001,state_nonmetro,state,24002,Maryland Nonmetro,26545,22873,26468
2017,2400002,state_nonmetro,state,24002,Maryland Nonmetro,26545,22873,26468
2017,2300001,state_nonmetro,state,23002,Maine Nonmetro,23744,20861,23680
2017,2300002,state_nonmetro,state,23002,Maine Nonmetro,23744,20861,23680
2017,2600001,state_nonmetro,state,26002,Michigan Nonmetro,24284,21249,24217
2017,2600002,state_nonmetro,state,26002,Michigan Nonmetro,24284,21249,24217
2017,2600003,state_nonmetro,state,26002,Michigan Nonmetro,24284,21249,24217
2017,2600004,state_nonmetro,state,26002,Michigan Nonmetro,24284,21249,24217
2017,2700001,state_nonmetro,state,27002,Minnesota Nonmetro,23700,20830,23637
2017,2700002,state_nonmetro,state,27002,Minnesota Nonmetro,23700,20830,23637
2017,2700003,state_nonmetro,state,27002,Minnesota Nonmetro,23700,20830,23637
2017,2700004,state_nonmetro,state,27002,Minnesota Nonmetro,23700,20830,23637
2017,2900001,state_nonmetro,state,29002,Missouri Nonmetro,22752,20149,22693
2017,2900002,state_nonmetro,state,29002,Missouri Nonmetro,22752,20149,22693
2017,2900003,state_nonmetro,state,29002,Missouri Nonmetro,22752,20149,22693
2017,2900004,state_nonmetro,state,29002,Missouri Nonmetro,22752,20149,22693
2017,2800001,state_nonmetro,state,28002,Mississippi Nonmetro,22241,19782,22185
2017,2800002,state_nonmetro,state,28002,Mississippi Nonmetro,22241,19782,22185
2017,2800003,state_nonmetro,state,28002,Mississippi Nonmetro,22241,19782,22185
2017,2800004,state_nonmetro,state,28002,Mississippi Nonmetro,22241,19782,22185
2017,3000001,state_nonmetro,state,30002,Montana Nonmetro,24196,21186,24130
2017,3000002,state_nonmetro,state,30002,Montana Nonmetro,24196,21186,24130
2017,3000003,state_nonmetro,state,30002,Montana Nonmetro,24196,21186,24130
2017,3000004,state_nonmetro,state,30002,Montana Nonmetro,24196,21186,24130
2017,3700001,state_nonmetro,state,37002,North Carolina Nonmetro,22576,20023,22519
2017,3700002,state_nonmetro,state,37002,North Carolina Nonmetro,22576,20023,22519
2017,3700003,state_nonmetro,state,37002,North Carolina Nonmetro,22576,20023,22519
2017,3700004,state_nonmetro,state,37002,North Carolina Nonmetro,22576,20023,22519
2017,3800001,state_nonmetro,state,38002,North Dakota Nonmetro,25159,21878,25088
2017,3800002,state_nonmetro,state,38002,North Dakota Nonmetro,25159,21878,25088
2017,3800003,state_nonmetro,state,38002,North Dakota Nonmetro,25159,21878,25088
2017,3800004,state_nonmetro,state,38002,North Dakota Nonmetro,25159,21878,25088
2017,3100001,state_nonmetro,state,31002,Nebraska Nonmetro,23072,20379,23012
2017,3100002,state_nonmetro,state,31002,Nebraska Nonmetro,23072,20379,23012
2017,3100003,state_nonmetro,state,31002,Nebraska Nonmetro,23072,20379,23012
2017,3100004,state_nonmetro,state,31002,Nebraska Nonmetro,23072,20379,23012
2017,3300001,state_nonmetro,state,33002,New Hampshire Nonmetro,27698,23701,27615
2017,3300002,state_nonmetro,state,33002,New Hampshire Nonmetro,27698,23701,27615
2017,3300003,state_nonmetro,state,33002,New Hampshire Nonmetro,27698,23701,27615
2017,3300004,state_nonmetro,state,33002,New Hampshire Nonmetro,27698,23701,27615
2017,3500001,state_nonmetro,state,35002,New Mexico Nonmetro,23700,20830,23637
2017,3500002,state_nonmetro,state,35002,New Mexico Nonmetro,23700,20830,23637
2017,3500003,state_nonmetro,state,35002,New Mexico Nonmetro,23700,20830,23637
2017,3500004,state_nonmetro,state,35002,New Mexico Nonmetro,23700,20830,23637
2017,3200001,state_nonmetro,state,32002,Nevada Nonmetro,25334,22003,25263
2017,3200002,state_nonmetro,state,32002,Nevada Nonmetro,25334,22003,25263
2017,3600001,state_nonmetro,state,36002,New York Nonmetro,23904,20976,23840
2017,3600002,state_nonmetro,state,36002,New York Nonmetro,23904,20976,23840
2017,3600003,state_nonmetro,state,36002,New York Nonmetro,23904,20976,23840
2017,3600004,state_nonmetro,state,36002,New York Nonmetro,23904,20976,23840
2017,3900001,state_nonmetro,state,39002,Ohio Nonmetro,22897,20253,22838
2017,3900002,state_nonmetro,state,39002,Ohio Nonmetro,22897,20253,22838
2017,3900003,state_nonmetro,state,39002,Ohio Nonmetro,22897,20253,22838
2017,3900004,state_nonmetro,state,39002,Ohio Nonmetro,22897,20253,22838
2017,4000001,state_nonmetro,state,40002,Oklahoma Nonmetro,22679,20096,22620
2017,4000002,state_nonmetro,state,40002,Oklahoma Nonmetro,22679,20096,22620
2017,4000003,state_nonmetro,state,40002,Oklahoma Nonmetro,22679,20096,22620
2017,4000004,state_nonmetro,state,40002,Oklahoma Nonmetro,22679,20096,22620
2017,4100001,state_nonmetro,state,41002,Oregon Nonmetro,24502,21406,24435
2017,4100002,state_nonmetro,state,41002,Oregon Nonmetro,24502,21406,24435
2017,4100003,state_nonmetro,state,41002,Oregon Nonmetro,24502,21406,24435
2017,4100004,state_nonmetro,state,41002,Oregon Nonmetro,24502,21406,24435
2017,4200001,state_nonmetro,state,42002,Pennsylvania Nonmetro,23072,20379,23012
2017,4200002,state_nonmetro,state,42002,Pennsylvania Nonmetro,23072,20379,23012
2017,4200003,state_nonmetro,state,42002,Pennsylvania Nonmetro,23072,20379,23012
2017,4400001,none,,,,,,
2017,4500001,state_nonmetro,state,45002,South Carolina Nonmetro,22328,19845,22272
2017,4500002,state_nonmetro,state,45002,South Carolina Nonmetro,22328,19845,22272
2017,4500003,state_nonmetro,state,45002,South Carolina Nonmetro,22328,19845,22272
2017,4500004,state_nonmetro,state,45002,South Carolina Nonmetro,22328,19845,22272
2017,4600002,state_nonmetro,state,46002,South Dakota Nonmetro,22795,20180,22736
2017,4600003,state_nonmetro,state,46002,South Dakota Nonmetro,22795,20180,22736
2017,4700001,state_nonmetro,state,47002,Tennessee Nonmetro,22460,19939,22403
2017,4700002,state_nonmetro,state,47002,Tennessee Nonmetro,22460,19939,22403
2017,4700003,state_nonmetro,state,47002,Tennessee Nonmetro,22460,19939,22403
2017,4700004,state_nonmetro,state,47002,Tennessee Nonmetro,22460,19939,22403
2017,4800001,state_nonmetro,state,48002,Texas Nonmetro,24079,21102,24014
2017,4800002,state_nonmetro,state,48002,Texas Nonmetro,24079,21102,24014
2017,4800003,state_nonmetro,state,48002,Texas Nonmetro,24079,21102,24014
2017,4800004,state_nonmetro,state,48002,Texas Nonmetro,24079,21102,24014
2017,4800005,state_nonmetro,state,48002,Texas Nonmetro,24079,21102,24014
2017,4800006,state_nonmetro,state,48002,Texas Nonmetro,24079,21102,24014
2017,4900001,state_nonmetro,state,49002,Utah Nonmetro,23306,20547,23245
2017,4900002,state_nonmetro,state,49002,Utah Nonmetro,23306,20547,23245
2017,4900003,state_nonmetro,state,49002,Utah Nonmetro,23306,20547,23245
2017,4900004,state_nonmetro,state,49002,Utah Nonmetro,23306,20547,23245
2017,5100001,state_nonmetro,state,51002,Virginia Nonmetro,22693,20106,22635
2017,5100002,state_nonmetro,state,51002,Virginia Nonmetro,22693,20106,22635
2017,5100003,state_nonmetro,state,51002,Virginia Nonmetro,22693,20106,22635
2017,5100004,state_nonmetro,state,51002,Virginia Nonmetro,22693,20106,22635
2017,5000001,state_nonmetro,state,50002,Vermont Nonmetro,26501,22842,26424
2017,5000002,state_nonmetro,state,50002,Vermont Nonmetro,26501,22842,26424
2017,5300001,state_nonmetro,state,53002,Washington Nonmetro,22999,20327,22940
2017,5300002,state_nonmetro,state,53002,Washington Nonmetro,22999,20327,22940
2017,5300003,state_nonmetro,state,53002,Washington Nonmetro,22999,20327,22940
2017,5300004,state_nonmetro,state,53002,Washington Nonmetro,22999,20327,22940
2017,5500001,state_nonmetro,state,55002,Wisconsin Nonmetro,23510,20693,23448
2017,5500002,state_nonmetro,state,55002,Wisconsin Nonmetro,23510,20693,23448
2017,5500003,state_nonmetro,state,55002,Wisconsin Nonmetro,23510,20693,23448
2017,5500004,state_nonmetro,state,55002,Wisconsin Nonmetro,23510,20693,23448
2017,5400001,state_nonmetro,state,54002,West Virginia Nonmetro,22781,20169,22722
2017,5400002,state_nonmetro,state,54002,West Virginia Nonmetro,22781,20169,22722
2017,5600001,state_nonmetro,state,56002,Wyoming Nonmetro,24371,21312,24305
2017,5600002,state_nonmetro,state,56002,Wyoming Nonmetro,24371,21312,24305
2017,5600003,state_nonmetro,state,56002,Wyoming Nonmetro,24371,21312,24305
2017,5600004,state_nonmetro,state,56002,Wyoming Nonmetro,24371,21312,24305
2018,11260,state_metro,state,2001,Alaska Metro,32231,26919,32008
2018,21820,state_metro,state,2001,Alaska Metro,32231,26919,32008
2018,11500,none,,,,,,
2018,12220,metro,code,12220,"Auburn-Opelika, AL MSA",25764,22353,25620
2018,13820,metro,code,13820,"Birmingham-Hoover, AL MSA",26118,22602,25969
2018,19300,metro,code,19300,"Daphne-Fairhope-Foley, AL MSA",26442,22831,26289
2018,19460,none,,,,,,
2018,20020,none,,,,,,
2018,22520,metro,code,22520,"Florence-Muscle Shoals, AL MSA",23540,20782,23422
2018,23460,none,,,,,,
2018,26620,metro,code,26620,"Huntsville, AL MSA",25086,21874,24950
2018,33660,metro,code,33660,"Mobile, AL MSA",25956,22488,25809
2018,33860,metro,code,33860,"Montgomery, AL MSA",25823,22394,25678
2018,46220,none,,,,,,
2018,22220,metro,code,22220,"Fayetteville-Springdale-Rogers, AR-MO MSA",25013,21822,24877
2018,22900,metro,code,22900,"Fort Smith, AR-OK MSA",23717,20907,23597
2018,26300,state_metro,state,5001,Arkansas Metro,24703,21603,24572
2018,27860,state_metro,state,5001,Arkansas Metro,24703,21603,24572
2018,30780,metro,code,30780,"Little Rock-North Little Rock-Conway, AR MSA",25587,22228,25445
2018,38220,metro,code,38220,"Pine Bluff, AR MSA",24173,21229,24048
2018,22380,state_metro,state,4001,Arizona Metro,30213,25494,30014
2018,29420,state_metro,state,4001,Arizona Metro,30213,25494,30014
2018,38060,metro,code,38060,"Phoenix-Mesa-Scottsdale, AZ MSA",28342,24173,28166
2018,39140,metro,code,39140,"Prescott, AZ MSA",26943,23185,26784
2018,43420,state_metro,state,4001,Arizona Metro,30213,25494,30014
2018,46060,metro,code,46060,"Tucson, AZ MSA",26928,23174,26769
2018,49740,metro,code,49740,"Yuma, AZ MSA",25366,22072,25227
2018,12540,metro,code,12540,"Bakersfield, CA MSA",26663,22987,26507
2018,17020,metro,code,17020,"Chico, CA MSA",28195,24069,28020
2018,20940,none,,,,,,
2018,23420,metro,code,23420,"Fresno, CA MSA",27134,23320,26973
2018,25260,metro,code,25260,"Hanford-Corcoran, CA MSA",26456,22841,26303
2018,31080,metro,code,31080,"Los Angeles-Long Beach-Anaheim, CA MSA",36149,29687,35878
2018,31460,none,,,,,,
2018,32900,none,,,,,,
2018,33700,metro,code,33700,"Modesto, CA MSA",28106,24007,27933
2018,34900,none,,,,,,
2018,37100,metro,code,37100,"Oxnard-Thousand Oaks-Ventura, CA MSA",37077,30342,36795
2018,39820,metro,code,39820,"Redding, CA MSA",27355,23476,27191
2018,40140,metro,code,40140,"Riverside-San Bernardino-Ontario, CA MSA",30537,25723,30334
2018,40900,metro,code,40900,"Sacramento--Roseville--Arden-Arcade, CA MSA",30198,25484,30000
2018,41500,metro,code,41500,"Salinas, CA MSA",33174,27585,32939
2018,41740,metro,code,41740,"San Diego-Carlsbad, CA MSA",35987,29572,35718
2018,41860,metro,code,41860,"San Francisco-Oakland-Hayward, CA MSA",39670,32173,39356
2018,41940,metro,code,41940,"San Jose-Sunnyvale-Santa Clara, CA MSA",42896,34451,42543
2018,42020,metro,code,42020,"San Luis Obispo-Paso Robles-Arroyo Grande, CA MSA",33498,27814,33259
2018,42100,metro,code,42100,"Santa Cruz-Watsonville, CA MSA",37740,30810,37450
2018,42200,metro,code,42200,"Santa Maria-Santa Barbara, CA MSA",36400,29863,36126
2018,42220,metro,code,42220,"Santa Rosa, CA MSA",35516,29239,35253
2018,44700,metro,code,44700,"Stockton-Lodi, CA MSA",28504,24287,28326
2018,46700,metro,code,46700,"Vallejo-Fairfield, CA MSA",32143,26857,31920
2018,47300,metro,code,47300,"Visalia-Porterville, CA MSA",25985,22509,25838
2018,49700,none,,,,,,
2018,14500,metro,code,14500,"Boulder, CO MSA",33881,28084,33637
2018,17820,metro,code,17820,"Colorado Springs, CO MSA",28489,24277,28312
2018,19740,metro,code,19740,"Denver-Aurora-Lakewood, CO MSA",32157,26867,31935
2018,22660,metro,code,22660,"Fort Collins, CO MSA",29491,24984,29301
2018,24300,none,,,,,,
2018,24540,metro,code,24540,"Greeley, CO MSA",27149,23330,26987
2018,39380,none,,,,,,
2018,71950,metro,hand,14860,"Bridgeport-Stamford-Norwalk, CT MSA",35619,29312,35354
2018,72850,none,,,,,,
2018,73450,metro,hand,25540,"Hartford-West Hartford-East Hartford, CT MSA",30566,25744,30363
2018,75700,metro,hand,35300,"New Haven-Milford, CT MSA",31185,26181,30974
2018,76450,metro,hand,35980,"Norwich-New London, CT MSA",30183,25473,29985
2018,78700,none,,,,,,
2018,47900,metro,code,47900,"Washington-Arlington-Alexandria, DC-VA-MD-WV MSA",37313,30508,37028
2018,20100,metro,code,20100,"Dover, DE MSA",28092,23996,27919
2018,15980,metro,code,15980,"Cape Coral-Fort Myers, FL MSA",28283,24131,28108
2018,18880,state_metro,state,12001,Florida Metro,26324,22748,26172
2018,19660,metro,code,19660,"Deltona-Daytona Beach-Ormond Beach, FL MSA",27974,23913,27802
2018,23540,metro,code,23540,"Gainesville, FL MSA",27605,23653,27438
2018,26140,state_metro,state,12001,Florida Metro,26324,22748,26172
2018,27260,metro,code,27260,"Jacksonville, FL MSA",28548,24319,28370
2018,29460,metro,code,29460,"Lakeland-Winter Haven, FL MSA",26736,23039,26580
2018,33100,metro,code,33100,"Miami-Fort Lauderdale-West Palm Beach, FL MSA",32540,27138,32313
2018,34940,metro,code,34940,"Naples-Immokalee-Marco Island, FL MSA",30507,25702,30305
2018,35840,metro,code,35840,"North Port-Sarasota-Bradenton, FL MSA",29741,25161,29548
2018,36100,metro,code,36100,"Ocala, FL MSA",25808,22384,25663
2018,36740,metro,code,36740,"Orlando-Kissimmee-Sanford, FL MSA",29565,25036,29374
2018,37340,metro,code,37340,"Palm Bay-Melbourne-Titusville, FL MSA",27650,23684,27482
2018,37460,metro,code,37460,"Panama City, FL MSA",27679,23705,27511
2018,37860,metro,code,37860,"Pensacola-Ferry Pass-Brent, FL MSA",26913,23164,26755
2018,38940,metro,code,38940,"Port St. Lucie, FL MSA",28357,24183,28181
2018,39460,state_metro,state,12001,Florida Metro,26324,22748,26172
2018,42680,state_metro,state,12001,Florida Metro,26324,22748,26172
2018,42700,state_metro,state,12001,Florida Metro,26324,22748,26172
2018,45220,metro,code,45220,"Tallahassee, FL MSA",27532,23601,27366
2018,45300,metro,code,45300,"Tampa-St. Petersburg-Clearwater, FL MSA",29034,24662,28850
2018,45540,state_metro,state,12001,Florida Metro,26324,22748,26172
2018,10500,state_metro,state,13001,Georgia Metro,23746,20927,23626
2018,12020,metro,code,12020,"Athens-Clarke County, GA MSA",25720,22321,25576
2018,12060,metro,code,12060,"Atlanta-Sandy Springs-Roswell, GA MSA",28813,24506,28632
2018,12260,metro,code,12260,"Augusta-Richmond County, GA-SC MSA",25307,22030,25168
2018,15260,state_metro,state,13001,Georgia Metro,23746,20927,23626
2018,17980,metro,code,17980,"Columbus, GA-AL MSA",25897,22446,25750
2018,19140,state_metro,state,13001,Georgia Metro,23746,20927,23626
2018,23580,metro,code,23580,"Gainesville, GA MSA",26221,22675,26071
2018,25980,state_metro,state,13001,Georgia Metro,23746,20927,23626
2018,31420,metro,code,31420,"Macon, GA MSA",25293,22020,25154
2018,40660,state_metro,state,13001,Georgia Metro,23746,20927,23626
2018,42340,metro,code,42340,"Savannah, GA MSA",27871,23840,27700
2018,46660,state_metro,state,13001,Georgia Metro,23746,20927,23626
2018,47580,metro,code,47580,"Warner Robins, GA MSA",25823,22394,25678
2018,27980,metro,code,27980,"Kahului-Wailuku-Lahaina, HI MSA",34382,28438,34132
2018,46520,metro,code,46520,"Urban Honolulu, HI MSA",38109,31070,37814
2018,11180,state_metro,state,19001,Iowa Metro,26059,22561,25911
2018,16300,metro,code,16300,"Cedar Rapids, IA MSA",25396,22092,25256
2018,19340,metro,code,19340,"Davenport-Moline-Rock Island, IA-IL MSA",25101,21884,24965
2018,19780,metro,code,19780,"Des Moines-West Des Moines, IA MSA",26957,23195,26798
2018,20220,state_metro,state,19001,Iowa Metro,26059,22561,25911
2018,26980,metro,code,26980,"Iowa City, IA MSA",27650,23684,27482
2018,43580,state_metro,state,19001,Iowa Metro,26059,22561,25911
2018,47940,metro,code,47940,"Waterloo-Cedar Falls, IA MSA",25057,21853,24921
2018,14260,metro,code,14260,"Boise City, ID MSA",26132,22613,25983
2018,17660,metro,code,17660,"Coeur d'Alene, ID MSA",25735,22332,25590
2018,26820,metro,code,26820,"Idaho Falls, ID MSA",23923,21052,23801
2018,30300,state_metro,state,16001,Idaho Metro,24041,21135,23917
2018,38540,state_metro,state,16001,Idaho Metro,24041,21135,23917
2018,14010,metro,code,14010,"Bloomington, IL MSA",26442,22831,26289
2018,16060,metro,code,16060,"Carbondale-Marion, IL MSA",24468,21437,24339
2018,16580,metro,code,16580,"Champaign-Urbana, IL MSA",26736,23039,26580
2018,16980,metro,code,16980,"Chicago-Naperville-Elgin, IL-IN-WI MSA",29638,25088,29447
2018,19180,state_metro,state,17001,Illinois Metro,25470,22144,25329
2018,19500,state_metro,state,17001,Illinois Metro,25470,22144,25329
2018,28100,state_metro,state,17001,Illinois Metro,25470,22144,25329
2018,37900,metro,code,37900,"Peoria, IL MSA",25425,22113,25285
2018,40420,metro,code,40420,"Rockford, IL MSA",25587,22228,25445
2018,44100,metro,code,44100,"Springfield, IL MSA",25794,22373,25649
2018,14020,metro,code,14020,"Bloomington, IN MSA",26957,23195,26798
2018,18020,state_metro,state,18001,Indiana Metro,25145,21916,25008
2018,21140,metro,code,21140,"Elkhart-Goshen, IN MSA",25352,22061,25212
2018,21780,metro,code,21780,"Evansville, IN-KY MSA",26015,22529,25867
2018,23060,metro,code,23060,"Fort Wayne, IN MSA",24762,21645,24630
2018,26900,metro,code,26900,"Indianapolis-Carmel-Anderson, IN MSA",26810,23091,26653
2018,29020,state_metro,state,18001,Indiana Metro,25145,21916,25008
2018,29200,metro,code,29200,"Lafayette-West Lafayette, IN MSA",26515,22883,26362
2018,33140,state_metro,state,18001,Indiana Metro,25145,21916,25008
2018,34620,state_metro,state,18001,Indiana Metro,25145,21916,25008
2018,43780,metro,code,43780,"South Bend-Mishawaka, IN-MI MSA",25558,22207,25416
2018,45460,metro,code,45460,"Terre Haute, IN MSA",24998,21812,24863
2018,29940,state_metro,state,20001,Kansas Metro,26898,23154,26740
2018,31740,state_metro,state,20001,Kansas Metro,26898,23154,26740
2018,45820,metro,code,45820,"Topeka, KS MSA",25661,22280,25518
2018,48620,metro,code,48620,"Wichita, KS MSA",25484,22155,25343
2018,14540,metro,code,14540,"Bowling Green, KY MSA",24674,21583,24543
2018,21060,state_metro,state,21001,Kentucky Metro,24026,21125,23902
2018,30460,metro,code,30460,"Lexington-Fayette, KY MSA",25823,22394,25678
2018,31140,metro,code,31140,"Louisville/Jefferson County, KY-IN MSA",25897,22446,25750
2018,36980,state_metro,state,21001,Kentucky Metro,24026,21125,23902
2018,10780,state_metro,state,22001,Louisiana Metro,25175,21936,25037
2018,12940,metro,code,12940,"Baton Rouge, LA MSA",26810,23091,26653
2018,25220,state_metro,state,22001,Louisiana Metro,25175,21936,25037
2018,26380,state_metro,state,22001,Louisiana Metro,25175,21936,25037
2018,29180,metro,code,29180,"Lafayette, LA MSA",25278,22009,25139
2018,29340,metro,code,29340,"Lake Charles, LA MSA",25587,22228,25445
2018,33740,metro,code,33740,"Monroe, LA MSA",24689,21593,24557
2018,35380,metro,code,35380,"New Orleans-Metairie, LA MSA",28209,24079,28035
2018,43340,metro,code,43340,"Shreveport-Bossier City, LA MSA",25514,22176,25372
2018,70900,metro,hand,12700,"Barnstable Town, MA MSA",33262,27648,33026
2018,71650,metro,hand,14460,"Boston-Cambridge-Newton, MA-NH MSA",34927,28823,34671
2018,74500,state_metro,state,25001,Massachusetts Metro,27134,23320,26973
2018,75550,state_metro,state,25001,Massachusetts Metro,27134,23320,26973
2018,76600,state_metro,state,25001,Massachusetts Metro,27134,23320,26973
2018,78100,metro,hand,44140,"Springfield, MA MSA",28180,24059,28006
2018,79600,metro,hand,49340,"Worcester, MA-CT MSA",29314,24860,29126
2018,12580,metro,code,12580,"Baltimore-Columbia-Towson, MD MSA",32511,27117,32284
2018,15680,metro,code,15680,"California-Lexington Park, MD MSA",31421,26347,31207
2018,19060,none,,,,,,
2018,25180,metro,code,25180,"Hagerstown-Martinsburg, MD-WV MSA",27502,23580,27337
2018,41540,metro,code,41540,"Salisbury, MD-DE MSA",27885,23851,27715
2018,70750,metro,hand,12620,"Bangor, ME MSA",26589,22935,26434
2018,74650,metro,hand,30340,"Lewiston-Auburn, ME MSA",25558,22207,25416
2018,76750,metro,hand,38860,"Portland-South Portland, ME MSA",29462,24964,29272
2018,11460,metro,code,11460,"Ann Arbor, MI MSA",29756,25172,29563
2018,12980,metro,code,12980,"Battle Creek, MI MSA",25145,21916,25008
2018,13020,state_metro,state,26001,Michigan Metro,24866,21718,24732
2018,19820,metro,code,19820,"Detroit-Warren-Dearborn, MI MSA",27591,23642,27424
2018,22420,metro,code,22420,"Flint, MI MSA",25234,21978,25096
2018,24340,metro,code,24340,"Grand Rapids-Wyoming, MI MSA",26265,22706,26114
2018,27100,metro,code,27100,"Jackson, MI MSA",25145,21916,25008
2018,28020,metro,code,28020,"Kalamazoo-Portage, MI MSA",25690,22300,25547
2018,29620,metro,code,29620,"Lansing-East Lansing, MI MSA",26604,22945,26449
2018,33220,state_metro,state,26001,Michigan Metro,24866,21718,24732
2018,33780,metro,code,33780,"Monroe, MI MSA",25970,22498,25823
2018,34740,metro,code,34740,"Muskegon, MI MSA",24998,21812,24863
2018,35660,metro,code,35660,"Niles-Benton Harbor, MI MSA",24733,21624,24601
2018,40980,metro,code,40980,"Saginaw, MI MSA",24762,21645,24630
2018,20260,state_metro,state,27001,Minnesota Metro,25440,22124,25299
2018,31860,state_metro,state,27001,Minnesota Metro,25440,22124,25299
2018,33460,metro,code,33460,"Minneapolis-St. Paul-Bloomington, MN-WI MSA",29771,25182,29577
2018,40340,state_metro,state,27001,Minnesota Metro,25440,22124,25299
2018,41060,state_metro,state,27001,Minnesota Metro,25440,22124,25299
2018,16020,state_metro,state,29001,Missouri Metro,23525,20771,23408
2018,17860,state_metro,state,29001,Missouri Metro,23525,20771,23408
2018,27620,state_metro,state,29001,Missouri Metro,23525,20771,23408
2018,27900,state_metro,state,29001,Missouri Metro,23525,20771,23408
2018,28140,metro,code,28140,"Kansas City, MO-KS MSA",27149,23330,26987
2018,41140,state_metro,state,29001,Missouri Metro,23525,20771,23408
2018,41180,metro,code,41180,"St. Louis, MO-IL MSA",27016,23237,26856
2018,44180,metro,code,44180,"Springfield, MO MSA",24483,21447,24354
2018,25060,state_metro,state,28001,Mississippi Metro,25204,21957,25067
2018,25620,state_metro,state,28001,Mississippi Metro,25204,21957,25067
2018,27140,metro,code,27140,"Jackson, MS MSA",26280,22717,26129
2018,13740,metro,code,13740,"Billings, MT MSA",26471,22852,26318
2018,24500,state_metro,state,30001,Montana Metro,25808,22384,25663
2018,33540,state_metro,state,30001,Montana Metro,25808,22384,25663
2018,11700,metro,code,11700,"Asheville, NC MSA",26118,22602,25969
2018,15500,metro,code,15500,"Burlington, NC MSA",25293,22020,25154
2018,16740,metro,code,16740,"Charlotte-Concord-Gastonia, NC-SC MSA",27090,23289,26929
2018,20500,metro,code,20500,"Durham-Chapel Hill, NC MSA",28239,24100,28064
2018,22180,metro,code,22180,"Fayetteville, NC MSA",25970,22498,25823
2018,24140,metro,code,24140,"Goldsboro, NC MSA",24512,21468,24383
2018,24660,metro,code,24660,"Greensboro-High Point, NC MSA",25278,22009,25139
2018,24780,metro,code,24780,"Greenville, NC MSA",25160,21926,25023
2018,25860,metro,code,25860,"Hickory-Lenoir-Morganton, NC MSA",23481,20740,23364
2018,27340,metro,code,27340,"Jacksonville, NC MSA",25985,22509,25838
2018,35100,state_metro,state,37001,North Carolina Metro,25278,22009,25139
2018,39580,metro,code,39580,"Raleigh, NC MSA",28681,24412,28501
2018,40580,state_metro,state,37001,North Carolina Metro,25278,22009,25139
2018,48900,state_metro,state,37001,North Carolina Metro,25278,22009,25139
2018,49180,metro,code,49180,"Winston-Salem, NC MSA",24527,21479,24397
2018,13900,state_metro,state,38001,North Dakota Metro,26235,22685,26085
2018,22020,metro,code,22020,"Fargo, ND-MN MSA",25764,22353,25620
2018,24220,state_metro,state,38001,North Dakota Metro,26235,22685,26085
2018,24260,state_metro,state,31001,Nebraska Metro,25735,22332,25590
2018,30700,state_metro,state,31001,Nebraska Metro,25735,22332,25590
2018,36540,metro,code,36540,"Omaha-Council Bluffs, NE-IA MSA",27193,23362,27031
2018,73050,none,,,,,,
2018,74950,metro,hand,31700,"Manchester-Nashua, NH MSA",31627,26493,31411
2018,76900,none,,,,,,
2018,12100,metro,code,12100,"Atlantic City-Hammonton, NJ MSA",30699,25837,30494
2018,36140,state_metro,state,34001,New Jersey Metro,30876,25962,30669
2018,45940,metro,code,45940,"Trenton, NJ MSA",33350,27710,33113
2018,47220,metro,code,47220,"Vineland-Bridgeton, NJ MSA",30154,25453,29956
2018,10740,metro,code,10740,"Albuquerque, NM MSA",26574,22925,26420
2018,22140,metro,code,22140,"Farmington, NM MSA",24866,21718,24732
2018,29740,metro,code,29740,"Las Cruces, NM MSA",24085,21167,23961
2018,42140,metro,code,42140,"Santa Fe, NM MSA",28755,24464,28573
2018,16180,state_metro,state,32001,Nevada Metro,27753,23757,27584
2018,29820,metro,code,29820,"Las Vegas-Henderson-Paradise, NV MSA",28313,24152,28137
2018,39900,state_metro,state,32001,Nevada Metro,27753,23757,27584
2018,10580,metro,code,10580,"Albany-Schenectady-Troy, NY MSA",29152,24745,28966
2018,13780,metro,code,13780,"Binghamton, NY MSA",24630,21552,24499
2018,15380,metro,code,15380,"Buffalo-Cheektowaga-Niagara Falls, NY MSA",25455,22134,25314
2018,21300,state_metro,state,36001,New York Metro,25219,21968,25081
2018,24020,metro,code,24020,"Glens Falls, NY MSA",26957,23195,26798
2018,27060,state_metro,state,36001,New York Metro,25219,21968,25081
2018,28740,state_metro,state,36001,New York Metro,25219,21968,25081
2018,35620,metro,code,35620,"New York-Newark-Jersey City, NY-NJ-PA MSA",34485,28511,34234
2018,40380,metro,code,40380,"Rochester, NY MSA",27384,23497,27220
2018,45060,metro,code,45060,"Syracuse, NY MSA",26501,22873,26347
2018,46540,metro,code,46540,"Utica-Rome, NY MSA",25366,22072,25227
2018,48060,metro,code,48060,"Watertown-Fort Drum, NY MSA",28371,24194,28195
2018,10420,metro,code,10420,"Akron, OH MSA",25956,22488,25809
2018,15940,metro,code,15940,"Canton-Massillon, OH MSA",24703,21603,24572
2018,17140,metro,code,17140,"Cincinnati, OH-KY-IN MSA",26177,22644,26027
2018,17460,metro,code,17460,"Cleveland-Elyria, OH MSA",25941,22477,25794
2018,18140,metro,code,18140,"Columbus, OH MSA",27355,23476,27191
2018,19380,metro,code,19380,"Dayton, OH MSA",25396,22092,25256
2018,30620,state_metro,state,39001,Ohio Metro,24041,21135,23917
2018,31900,state_metro,state,39001,Ohio Metro,24041,21135,23917
2018,44220,state_metro,state,39001,Ohio Metro,24041,21135,23917
2018,45780,metro,code,45780,"Toledo, OH MSA",24733,21624,24601
2018,49660,metro,code,49660,"Youngstown-Warren-Boardman, OH-PA MSA",23923,21052,23801
2018,21420,state_metro,state,40001,Oklahoma Metro,24379,21375,24252
2018,30020,state_metro,state,40001,Oklahoma Metro,24379,21375,24252
2018,36420,metro,code,36420,"Oklahoma City, OK MSA",26103,22592,25954
2018,46140,metro,code,46140,"Tulsa, OK MSA",26118,22602,25969
2018,10540,state_metro,state,41001,Oregon Metro,27046,23258,26885
2018,13460,metro,code,13460,"Bend-Redmond, OR MSA",28033,23955,27860
2018,18700,state_metro,state,41001,Oregon Metro,27046,23258,26885
2018,21660,metro,code,21660,"Eugene, OR MSA",27296,23434,27133
2018,24420,state_metro,state,41001,Oregon Metro,27046,23258,26885
2018,32780,metro,code,32780,"Medford, OR MSA",27149,23330,26987
2018,38900,metro,code,38900,"Portland-Vancouver-Hillsboro, OR-WA MSA",29859,25245,29665
2018,41420,metro,code,41420,"Salem, OR MSA",26442,22831,26289
2018,10900,metro,code,10900,"Allentown-Bethlehem-Easton, PA-NJ MSA",29123,24724,28937
2018,11020,state_metro,state,42001,Pennsylvania Metro,25720,22321,25576
2018,14100,state_metro,state,42001,Pennsylvania Metro,25720,22321,25576
2018,16540,metro,code,16540,"Chambersburg-Waynesboro, PA MSA",26383,22789,26231
2018,20700,metro,code,20700,"East Stroudsburg, PA MSA",28828,24516,28646
2018,21500,metro,code,21500,"Erie, PA MSA",25278,22009,25139
2018,23900,state_metro,state,42001,Pennsylvania Metro,25720,22321,25576
2018,25420,metro,code,25420,"Harrisburg-Carlisle, PA MSA",27900,23861,27729
2018,27780,metro,code,27780,"Johnstown, PA MSA",23230,20563,23117
2018,29540,metro,code,29540,"Lancaster, PA MSA",28504,24287,28326
2018,30140,state_metro,state,42001,Pennsylvania Metro,25720,22321,25576
2018,37980,metro,code,37980,"Philadelphia-Camden-Wilmington, PA-NJ-DE-MD MSA",30714,25848,30509
2018,38300,metro,code,38300,"Pittsburgh, PA MSA",26015,22529,25867
2018,39740,metro,code,39740,"Reading, PA MSA",27664,23694,27497
2018,42540,metro,code,42540,"Scranton--Wilkes-Barre--Hazleton, PA MSA",25160,21926,25023
2018,44300,state_metro,state,42001,Pennsylvania Metro,25720,22321,25576
2018,48700,metro,code,48700,"Williamsport, PA MSA",25602,22238,25459
2018,49620,metro,code,49620,"York-Hanover, PA MSA",27812,23799,27642
2018,77200,metro,hand,39300,"Providence-Warwick, RI-MA MSA",28519,24298,28341
2018,16700,metro,code,16700,"Charleston-North Charleston, SC MSA",28843,24527,28661
2018,17900,metro,code,17900,"Columbia, SC MSA",26692,23008,26536
2018,22500,metro,code,22500,"Florence, SC MSA",24483,21447,24354
2018,24860,metro,code,24860,"Greenville-Anderson-Mauldin, SC MSA",25175,21936,25037
2018,25940,metro,code,25940,"Hilton Head Island-Bluffton-Beaufort, SC MSA",28533,24308,28355
2018,34820,metro,code,34820,"Myrtle Beach-Conway-North Myrtle Beach, SC-NC MSA",26677,22998,26522
2018,43900,metro,code,43900,"Spartanburg, SC MSA",24586,21520,24455
2018,44940,none,,,,,,
2018,39660,state_metro,state,46001,South Dakota Metro,26059,22561,25911
2018,43620,metro,code,43620,"Sioux Falls, SD MSA",25764,22353,25620
2018,16860,metro,code,16860,"Chattanooga, TN-GA MSA",25352,22061,25212
2018,17300,metro,code,17300,"Clarksville, TN-KY MSA",26206,22665,26056
2018,17420,metro,code,17420,"Cleveland, TN MSA",24645,21562,24514
2018,27180,none,,,,,,
2018,27740,metro,code,27740,"Johnson City, TN MSA",23879,21021,23757
2018,28700,metro,code,28700,"Kingsport-Bristol-Bristol, TN-VA MSA",23348,20646,23233
2018,28940,metro,code,28940,"Knoxville, TN MSA",25587,22228,25445
2018,32820,metro,code,32820,"Memphis, TN-MS-AR MSA",26515,22883,26362
2018,34100,none,,,,,,
2018,34980,metro,code,34980,"Nashville-Davidson--Murfreesboro--Franklin, TN MSA",27812,23799,27642
2018,10180,metro,code,10180,"Abilene, TX MSA",26280,22717,26129
2018,11100,metro,code,11100,"Amarillo, TX MSA",26309,22737,26158
2018,12420,metro,code,12420,"Austin-Round Rock, TX MSA",31730,26566,31513
2018,13140,metro,code,13140,"Beaumont-Port Arthur, TX MSA",26044,22550,25896
2018,15180,metro,code,15180,"Brownsville-Harlingen, TX MSA",24262,21291,24135
2018,17780,metro,code,17780,"College Station-Bryan, TX MSA",26898,23154,26740
2018,18580,metro,code,18580,"Corpus Christi, TX MSA",28371,24194,28195
2018,19100,metro,code,19100,"Dallas-Fort Worth-Arlington, TX MSA",29226,24797,29039
2018,21340,metro,code,21340,"El Paso, TX MSA",25366,22072,25227
2018,26420,metro,code,26420,"Houston-The Woodlands-Sugar Land, TX MSA",28740,24454,28559
2018,28660,metro,code,28660,"Killeen-Temple, TX MSA",25366,22072,25227
2018,29700,metro,code,29700,"Laredo, TX MSA",25499,22165,25358
2018,30980,metro,code,30980,"Longview, TX MSA",25749,22342,25605
2018,31180,metro,code,31180,"Lubbock, TX MSA",26604,22945,26449
2018,32580,metro,code,32580,"McAllen-Edinburg-Mission, TX MSA",24527,21479,24397
2018,33260,state_metro,state,48001,Texas Metro,26132,22613,25983
2018,36220,metro,code,36220,"Odessa, TX MSA",29565,25036,29374
2018,41660,state_metro,state,48001,Texas Metro,26132,22613,25983
2018,41700,metro,code,41700,"San Antonio-New Braunfels, TX MSA",28357,24183,28181
2018,43300,metro,code,43300,"Sherman-Denison, TX MSA",25956,22488,25809
2018,45500,state_metro,state,48001,Texas Metro,26132,22613,25983
2018,46340,metro,code,46340,"Tyler, TX MSA",26957,23195,26798
2018,47020,state_metro,state,48001,Texas Metro,26132,22613,25983
2018,47380,metro,code,47380,"Waco, TX MSA",26000,22519,25852
2018,48660,metro,code,48660,"Wichita Falls, TX MSA",25219,21968,25081
2018,30860,state_metro,state,49001,Utah Metro,24173,21229,24048
2018,36260,metro,code,36260,"Ogden-Clearfield, UT MSA",26368,22779,26216
2018,39340,metro,code,39340,"Provo-Orem, UT MSA",26324,22748,26172
2018,41100,metro,code,41100,"St. George, UT MSA",26235,22685,26085
2018,41620,metro,code,41620,"Salt Lake City, UT MSA",28475,24267,28297
2018,13980,metro,code,13980,"Blacksburg-Christiansburg-Radford, VA MSA",25808,22384,25663
2018,16820,metro,code,16820,"Charlottesville, VA MSA",30463,25671,30261
2018,25500,state_metro,state,51001,Virginia Metro,26015,22529,25867
2018,31340,state_metro,state,51001,Virginia Metro,26015,22529,25867
2018,40060,metro,code,40060,"Richmond, VA MSA",28755,24464,28573
2018,40220,metro,code,40220,"Roanoke, VA MSA",26059,22561,25911
2018,44420,state_metro,state,51001,Virginia Metro,26015,22529,25867
2018,47260,metro,code,47260,"Virginia Beach-Norfolk-Newport News, VA-NC MSA",29550,25026,29359
2018,49020,metro,code,49020,"Winchester, VA-WV MSA",28651,24391,28472
2018,72400,metro,hand,15540,"Burlington-South Burlington, VT MSA",32260,26940,32037
2018,13380,state_metro,state,53001,Washington Metro,25838,22404,25692
2018,14740,state_metro,state,53001,Washington Metro,25838,22404,25692
2018,28420,metro,code,28420,"Kennewick-Richland, WA MSA",26766,23060,26609
2018,31020,state_metro,state,53001,Washington Metro,25838,22404,25692
2018,34580,metro,code,34580,"Mount Vernon-Anacortes, WA MSA",28209,24079,28035
2018,36500,state_metro,state,53001,Washington Metro,25838,22404,25692
2018,42660,metro,code,42660,"Seattle-Tacoma-Bellevue, WA MSA",32967,27439,32735
2018,44060,metro,code,44060,"Spokane-Spokane Valley, WA MSA",26177,22644,26027
2018,47460,state_metro,state,53001,Washington Metro,25838,22404,25692
2018,48300,state_metro,state,53001,Washington Metro,25838,22404,25692
2018,49420,state_metro,state,53001,Washington Metro,25838,22404,25692
2018,11540,metro,code,11540,"Appleton, WI MSA",25617,22248,25474
2018,20740,none,,,,,,
2018,22540,none,,,,,,
2018,24580,metro,code,24580,"Green Bay, WI MSA",25514,22176,25372
2018,27500,metro,code,27500,"Janesville-Beloit, WI MSA",25646,22269,25503
2018,29100,none,,,,,,
2018,31540,metro,code,31540,"Madison, WI MSA",28710,24433,28530
2018,33340,metro,code,33340,"Milwaukee-Waukesha-West Allis, WI MSA",27060,23268,26900
2018,36780,metro,code,36780,"Oshkosh-Neenah, WI MSA",25116,21895,24979
2018,39540,metro,code,39540,"Racine, WI MSA",26368,22779,26216
2018,43100,none,,,,,,
2018,48140,metro,code,48140,"Wausau, WI MSA",25219,21968,25081
2018,13220,state_metro,state,54001,West Virginia Metro,23790,20958,23670
2018,16620,metro,code,16620,"Charleston, WV MSA",24969,21791,24834
2018,26580,metro,code,26580,"Huntington-Ashland, WV-KY-OH MSA",24541,21489,24412
2018,34060,metro,code,34060,"Morgantown, WV MSA",25602,22238,25459
2018,37620,state_metro,state,54001,West Virginia Metro,23790,20958,23670
2018,48260,state_metro,state,54001,West Virginia Metro,23790,20958,23670
2018,48540,state_metro,state,54001,West Virginia Metro,23790,20958,23670
2018,16220,state_metro,state,56001,Wyoming Metro,26206,22665,26056
2018,16940,state_metro,state,56001,Wyoming Metro,26206,22665,26056
2018,0200006,state_nonmetro,state,2002,Alaska Nonmetro,30964,26025,30756
2018,0100001,state_nonmetro,state,1002,Alabama Nonmetro,22789,20251,22680
2018,0100002,state_nonmetro,state,1002,Alabama Nonmetro,22789,20251,22680
2018,0100003,state_nonmetro,state,1002,Alabama Nonmetro,22789,20251,22680
2018,0100004,state_nonmetro,state,1002,Alabama Nonmetro,22789,20251,22680
2018,0500001,state_nonmetro,state,5002,Arkansas Nonmetro,23334,20636,23219
2018,0500002,state_nonmetro,state,5002,Arkansas Nonmetro,23334,20636,23219
2018,0500003,state_nonmetro,state,5002,Arkansas Nonmetro,23334,20636,23219
2018,0500004,state_nonmetro,state,5002,Arkansas Nonmetro,23334,20636,23219
2018,0400001,state_nonmetro,state,4002,Arizona Nonmetro,23378,20667,23262
2018,0600003,state_nonmetro,state,6002,California Nonmetro,28047,23965,27875
2018,0600006,state_nonmetro,state,6002,California Nonmetro,28047,23965,27875
2018,0600007,state_nonmetro,state,6002,California Nonmetro,28047,23965,27875
2018,0800001,state_nonmetro,state,8002,Colorado Nonmetro,28151,24038,27977
2018,0800002,state_nonmetro,state,8002,Colorado Nonmetro,28151,24038,27977
2018,0800003,state_nonmetro,state,8002,Colorado Nonmetro,28151,24038,27977
2018,0900001,state_nonmetro,state,9002,Connecticut Nonmetro,29874,25255,29679
2018,1200003,state_nonmetro,state,12002,Florida Nonmetro,23098,20470,22986
2018,1200006,state_nonmetro,state,12002,Florida Nonmetro,23098,20470,22986
2018,1300001,state_nonmetro,state,13002,Georgia Nonmetro,23717,20907,23597
2018,1300002,state_nonmetro,state,13002,Georgia Nonmetro,23717,20907,23597
2018,1300003,state_nonmetro,state,13002,Georgia Nonmetro,23717,20907,23597
2018,1300004,state_nonmetro,state,13002,Georgia Nonmetro,23717,20907,23597
2018,1500001,state_nonmetro,state,15002,Hawaii Nonmetro,30743,25869,30538
2018,1900001,state_nonmetro,state,19002,Iowa Nonmetro,23525,20771,23408
2018,1900002,state_nonmetro,state,19002,Iowa Nonmetro,23525,20771,23408
2018,1900003,state_nonmetro,state,19002,Iowa Nonmetro,23525,20771,23408
2018,1900004,state_nonmetro,state,19002,Iowa Nonmetro,23525,20771,23408
2018,1600006,state_nonmetro,state,16002,Idaho Nonmetro,24262,21291,24135
2018,1600007,state_nonmetro,state,16002,Idaho Nonmetro,24262,21291,24135
2018,1700001,state_nonmetro,state,17002,Illinois Nonmetro,23790,20958,23670
2018,1700002,state_nonmetro,state,17002,Illinois Nonmetro,23790,20958,23670
2018,1700003,state_nonmetro,state,17002,Illinois Nonmetro,23790,20958,23670
2018,1700004,state_nonmetro,state,17002,Illinois Nonmetro,23790,20958,23670
2018,1800001,state_nonmetro,state,18002,Indiana Nonmetro,24158,21219,24033
2018,1800002,state_nonmetro,state,18002,Indiana Nonmetro,24158,21219,24033
2018,1800003,state_nonmetro,state,18002,Indiana Nonmetro,24158,21219,24033
2018,2000006,state_nonmetro,state,20002,Kansas Nonmetro,23805,20969,23684
2018,2100001,state_nonmetro,state,21002,Kentucky Nonmetro,23186,20532,23073
2018,2100002,state_nonmetro,state,21002,Kentucky Nonmetro,23186,20532,23073
2018,2100003,state_nonmetro,state,21002,Kentucky Nonmetro,23186,20532,23073
2018,2100004,state_nonmetro,state,21002,Kentucky Nonmetro,23186,20532,23073
2018,2200002,state_nonmetro,state,22002,Louisiana Nonmetro,23599,20823,23480
2018,2200003,state_nonmetro,state,22002,Louisiana Nonmetro,23599,20823,23480
2018,2200006,state_nonmetro,state,22002,Louisiana Nonmetro,23599,20823,23480
2018,2500006,state_nonmetro,state,25002,Massachusetts Nonmetro,28902,24568,28719
2018,2400006,state_nonmetro,state,24002,Maryland Nonmetro,27502,23580,27337
2018,2300001,state_nonmetro,state,23002,Maine Nonmetro,24910,21749,24776
2018,2300002,state_nonmetro,state,23002,Maine Nonmetro,24910,21749,24776
2018,2600001,state_nonmetro,state,26002,Michigan Nonmetro,25204,21957,25067
2018,2600002,state_nonmetro,state,26002,Michigan Nonmetro,25204,21957,25067
2018,2600003,state_nonmetro,state,26002,Michigan Nonmetro,25204,21957,25067
2018,2600004,state_nonmetro,state,26002,Michigan Nonmetro,25204,21957,25067
2018,2700001,state_nonmetro,state,27002,Minnesota Nonmetro,24836,21697,24703
2018,2700002,state_nonmetro,state,27002,Minnesota Nonmetro,24836,21697,24703
2018,2700003,state_nonmetro,state,27002,Minnesota Nonmetro,24836,21697,24703
2018,2700004,state_nonmetro,state,27002,Minnesota Nonmetro,24836,21697,24703
2018,2900001,state_nonmetro,state,29002,Missouri Nonmetro,23834,20990,23713
2018,2900002,state_nonmetro,state,29002,Missouri Nonmetro,23834,20990,23713
2018,2900003,state_nonmetro,state,29002,Missouri Nonmetro,23834,20990,23713
2018,2900004,state_nonmetro,state,29002,Missouri Nonmetro,23834,20990,23713
2018,2800001,state_nonmetro,state,28002,Mississippi Nonmetro,23230,20563,23117
2018,2800002,state_nonmetro,state,28002,Mississippi Nonmetro,23230,20563,23117
2018,2800003,state_nonmetro,state,28002,Mississippi Nonmetro,23230,20563,23117
2018,2800004,state_nonmetro,state,28002,Mississippi Nonmetro,23230,20563,23117
2018,3000003,state_nonmetro,state,30002,Montana Nonmetro,25425,22113,25285
2018,3000004,state_nonmetro,state,30002,Montana Nonmetro,25425,22113,25285
2018,3000006,state_nonmetro,state,30002,Montana Nonmetro,25425,22113,25285
2018,3700001,state_nonmetro,state,37002,North Carolina Nonmetro,23628,20844,23510
2018,3700002,state_nonmetro,state,37002,North Carolina Nonmetro,23628,20844,23510
2018,3700003,state_nonmetro,state,37002,North Carolina Nonmetro,23628,20844,23510
2018,3700004,state_nonmetro,state,37002,North Carolina Nonmetro,23628,20844,23510
2018,3800006,state_nonmetro,state,38002,North Dakota Nonmetro,26398,22800,26245
2018,3800007,state_nonmetro,state,38002,North Dakota Nonmetro,26398,22800,26245
2018,3100001,state_nonmetro,state,31002,Nebraska Nonmetro,24188,21239,24062
2018,3100003,state_nonmetro,state,31002,Nebraska Nonmetro,24188,21239,24062
2018,3100006,state_nonmetro,state,31002,Nebraska Nonmetro,24188,21239,24062
2018,3300001,state_nonmetro,state,33002,New Hampshire Nonmetro,28828,24516,28646
2018,3300002,state_nonmetro,state,33002,New Hampshire Nonmetro,28828,24516,28646
2018,3300006,state_nonmetro,state,33002,New Hampshire Nonmetro,28828,24516,28646
2018,3500006,state_nonmetro,state,35002,New Mexico Nonmetro,24807,21676,24674
2018,3500007,state_nonmetro,state,35002,New Mexico Nonmetro,24807,21676,24674
2018,3200006,state_nonmetro,state,32002,Nevada Nonmetro,26427,22821,26274
2018,3600001,state_nonmetro,state,36002,New York Nonmetro,24851,21708,24717
2018,3600004,state_nonmetro,state,36002,New York Nonmetro,24851,21708,24717
2018,3600006,state_nonmetro,state,36002,New York Nonmetro,24851,21708,24717
2018,3900001,state_nonmetro,state,39002,Ohio Nonmetro,23849,21000,23728
2018,3900002,state_nonmetro,state,39002,Ohio Nonmetro,23849,21000,23728
2018,3900003,state_nonmetro,state,39002,Ohio Nonmetro,23849,21000,23728
2018,3900004,state_nonmetro,state,39002,Ohio Nonmetro,23849,21000,23728
2018,4000001,state_nonmetro,state,40002,Oklahoma Nonmetro,23628,20844,23510
2018,4000002,state_nonmetro,state,40002,Oklahoma Nonmetro,23628,20844,23510
2018,4000003,state_nonmetro,state,40002,Oklahoma Nonmetro,23628,20844,23510
2018,4000004,state_nonmetro,state,40002,Oklahoma Nonmetro,23628,20844,23510
2018,4100006,state_nonmetro,state,41002,Oregon Nonmetro,25514,22176,25372
2018,4100007,state_nonmetro,state,41002,Oregon Nonmetro,25514,22176,25372
2018,4100008,state_nonmetro,state,41002,Oregon Nonmetro,25514,22176,25372
2018,4200001,state_nonmetro,state,42002,Pennsylvania Nonmetro,24144,21208,24019
2018,4200002,state_nonmetro,state,42002,Pennsylvania Nonmetro,24144,21208,24019
2018,4200003,state_nonmetro,state,42002,Pennsylvania Nonmetro,24144,21208,24019
2018,4500002,state_nonmetro,state,45002,South Carolina Nonmetro,23260,20584,23146
2018,4500004,state_nonmetro,state,45002,South Carolina Nonmetro,23260,20584,23146
2018,4500006,state_nonmetro,state,45002,South Carolina Nonmetro,23260,20584,23146
2018,4600002,state_nonmetro,state,46002,South Dakota Nonmetro,23717,20907,23597
2018,4600003,state_nonmetro,state,46002,South Dakota Nonmetro,23717,20907,23597
2018,4700001,state_nonmetro,state,47002,Tennessee Nonmetro,23466,20730,23350
2018,4700002,state_nonmetro,state,47002,Tennessee Nonmetro,23466,20730,23350
2018,4700003,state_nonmetro,state,47002,Tennessee Nonmetro,23466,20730,23350
2018,4700004,state_nonmetro,state,47002,Tennessee Nonmetro,23466,20730,23350
2018,4800001,state_nonmetro,state,48002,Texas Nonmetro,25219,21968,25081
2018,4800002,state_nonmetro,state,48002,Texas Nonmetro,25219,21968,25081
2018,4800003,state_nonmetro,state,48002,Texas Nonmetro,25219,21968,25081
2018,4800004,state_nonmetro,state,48002,Texas Nonmetro,25219,21968,25081
2018,4800005,state_nonmetro,state,48002,Texas Nonmetro,25219,21968,25081
2018,4800006,state_nonmetro,state,48002,Texas Nonmetro,25219,21968,25081
2018,4900006,state_nonmetro,state,49002,Utah Nonmetro,24217,21260,24092
2018,4900007,state_nonmetro,state,49002,Utah Nonmetro,24217,21260,24092
2018,5100001,state_nonmetro,state,51002,Virginia Nonmetro,23643,20854,23524
2018,5100002,state_nonmetro,state,51002,Virginia Nonmetro,23643,20854,23524
2018,5100003,state_nonmetro,state,51002,Virginia Nonmetro,23643,20854,23524
2018,5100004,state_nonmetro,state,51002,Virginia Nonmetro,23643,20854,23524
2018,5000001,state_nonmetro,state,50002,Vermont Nonmetro,27753,23757,27584
2018,5000002,state_nonmetro,state,50002,Vermont Nonmetro,27753,23757,27584
2018,5300006,state_nonmetro,state,53002,Washington Nonmetro,24247,21281,24121
2018,5300007,state_nonmetro,state,53002,Washington Nonmetro,24247,21281,24121
2018,5500001,state_nonmetro,state,55002,Wisconsin Nonmetro,24571,21510,24441
2018,5500002,state_nonmetro,state,55002,Wisconsin Nonmetro,24571,21510,24441
2018,5500003,state_nonmetro,state,55002,Wisconsin Nonmetro,24571,21510,24441
2018,5500004,state_nonmetro,state,55002,Wisconsin Nonmetro,24571,21510,24441
2018,5400001,state_nonmetro,state,54002,West Virginia Nonmetro,23746,20927,23626
2018,5400002,state_nonmetro,state,54002,West Virginia Nonmetro,23746,20927,23626
2018,5600006,state_nonmetro,state,56002,Wyoming Nonmetro,25322,22040,25183
2018,5600007,state_nonmetro,state,56002,Wyoming Nonmetro,25322,22040,25183
2019,0100001,state_nonmetro,state,1002,Alabama Nonmetro,23390,20847,23177
2019,0100002,state_nonmetro,state,1002,Alabama Nonmetro,23390,20847,23177
2019,0100003,state_nonmetro,state,1002,Alabama Nonmetro,23390,20847,23177
2019,0100004,state_nonmetro,state,1002,Alabama Nonmetro,23390,20847,23177
2019,10180,metro,code,10180,"Abilene, TX MSA",27238,23568,26932
2019,10420,metro,code,10420,"Akron, OH MSA",26596,23115,26306
2019,10500,state_metro,state,13001,Georgia Metro,24541,21661,24301
2019,10540,state_metro,state,41001,Oregon Metro,27995,24104,27672
2019,10580,metro,code,10580,"Albany-Schenectady-Troy, NY MSA",29890,25444,29521
2019,10740,metro,code,10740,"Albuquerque, NM MSA",27194,23537,26890
2019,10780,state_metro,state,22001,Louisiana Metro,25838,22579,25567
2019,10900,metro,code,10900,"Allentown-Bethlehem-Easton, PA-NJ MSA",30021,25537,29649
2019,11020,state_metro,state,42001,Pennsylvania Metro,26538,23073,26249
2019,11100,metro,code,11100,"Amarillo, TX MSA",27033,23424,26733
2019,11180,state_metro,state,19001,Iowa Metro,26815,23269,26520
2019,11260,state_metro,state,2001,Alaska Metro,32673,27412,32238
2019,11460,metro,code,11460,"Ann Arbor, MI MSA",30954,26196,30559
2019,11500,none,,,,,,
2019,11540,metro,code,11540,"Appleton, WI MSA",26246,22867,25965
2019,11700,metro,code,11700,"Asheville, NC MSA",26975,23382,26676
2019,1200003,state_nonmetro,state,12002,Florida Nonmetro,24221,21435,23988
2019,1200006,state_nonmetro,state,12002,Florida Nonmetro,24221,21435,23988
2019,12020,metro,code,12020,"Athens-Clarke County, GA MSA",26349,22939,26065
2019,12060,metro,code,12060,"Atlanta-Sandy Springs-Roswell, GA MSA",29817,25392,29450
2019,12100,metro,code,12100,"Atlantic City-Hammonton, NJ MSA",31274,26423,30872
2019,12220,metro,code,12220,"Auburn-Opelika, AL MSA",26392,22970,26107
2019,12260,metro,code,12260,"Augusta-Richmond County, GA-SC MSA",25970,22671,25695
2019,12420,metro,code,12420,"Austin-Round Rock, TX MSA",33096,27711,32650
2019,12540,metro,code,12540,"Bakersfield, CA MSA",27412,23692,27103
2019,12580,metro,code,12580,"Baltimore-Columbia-Towson, MD MSA",33314,27866,32864
2019,12940,metro,code,12940,"Baton Rouge, LA MSA",27485,23743,27174
2019,12980,metro,code,12980,"Battle Creek, MI MSA",25868,22599,25595
2019,1300001,state_nonmetro,state,13002,Georgia Nonmetro,24163,21393,23931
2019,1300002,state_nonmetro,state,13002,Georgia Nonmetro,24163,21393,23931
2019,1300003,state_nonmetro,state,13002,Georgia Nonmetro,24163,21393,23931
2019,1300004,state_nonmetro,state,13002,Georgia Nonmetro,24163,21393,23931
2019,13020,state_metro,state,26001,Michigan Metro,25321,22213,25062
2019,13140,metro,code,13140,"Beaumont-Port Arthur, TX MSA",26829,23279,26534
2019,13220,state_metro,state,54001,West Virginia Metro,24643,21733,24400
2019,13380,state_metro,state,53001,Washington Metro,26494,23042,26207
2019,13460,metro,code,13460,"Bend-Redmond, OR MSA",29394,25093,29037
2019,13740,metro,code,13740,"Billings, MT MSA",27281,23599,26975
2019,13780,metro,code,13780,"Binghamton, NY MSA",25474,22321,25211
2019,13820,metro,code,13820,"Birmingham-Hoover, AL MSA",26873,23310,26577
2019,13900,state_metro,state,38001,North Dakota Metro,26844,23290,26548
2019,13980,metro,code,13980,"Blacksburg-Christiansburg-Radford, VA MSA",26363,22950,26079
2019,14010,metro,code,14010,"Bloomington, IL MSA",26961,23372,26662
2019,14020,metro,code,14020,"Bloomington, IN MSA",27544,23784,27231
2019,14100,state_metro,state,42001,Pennsylvania Metro,26538,23073,26249
2019,14260,metro,code,14260,"Boise City, ID MSA",27004,23403,26705
2019,14500,metro,code,14500,"Boulder, CO MSA",35282,29257,34784
2019,14540,metro,code,14540,"Bowling Green, KY MSA",25299,22197,25040
2019,14740,state_metro,state,53001,Washington Metro,26494,23042,26207
2019,1500001,state_nonmetro,state,15002,Hawaii Nonmetro,31872,26845,31456
2019,15180,metro,code,15180,"Brownsville-Harlingen, TX MSA",24964,21960,24713
2019,15260,state_metro,state,13001,Georgia Metro,24541,21661,24301
2019,15380,metro,code,15380,"Buffalo-Cheektowaga-Niagara Falls, NY MSA",26232,22857,25951
2019,15500,metro,code,15500,"Burlington, NC MSA",26013,22702,25737
2019,15680,metro,code,15680,"California-Lexington Park, MD MSA",32659,27402,32224
2019,15940,metro,code,15940,"Canton-Massillon, OH MSA",25299,22197,25040
2019,15980,metro,code,15980,"Cape Coral-Fort Myers, FL MSA",29278,25011,28924
2019,1600006,state_nonmetro,state,16002,Idaho Nonmetro,24935,21940,24685
2019,1600007,state_nonmetro,state,16002,Idaho Nonmetro,24935,21940,24685
2019,16020,state_metro,state,29001,Missouri Metro,24060,21321,23831
2019,16060,metro,code,16060,"Carbondale-Marion, IL MSA",25124,22074,24870
2019,16180,state_metro,state,32001,Nevada Metro,28884,24733,28540
2019,16220,state_metro,state,56001,Wyoming Metro,26939,23357,26641
2019,16300,metro,code,16300,"Cedar Rapids, IA MSA",26013,22702,25737
2019,16540,metro,code,16540,"Chambersburg-Waynesboro, PA MSA",26997,23398,26698
2019,16580,metro,code,16580,"Champaign-Urbana, IL MSA",27514,23764,27203
2019,16620,metro,code,16620,"Charleston, WV MSA",25591,22403,25325
2019,16700,metro,code,16700,"Charleston-North Charleston, SC MSA",29977,25506,29606
2019,16740,metro,code,16740,"Charlotte-Concord-Gastonia, NC-SC MSA",28141,24207,27814
2019,16820,metro,code,16820,"Charlottesville, VA MSA",31114,26310,30716
2019,16860,metro,code,16860,"Chattanooga, TN-GA MSA",25999,22692,25723
2019,16940,state_metro,state,56001,Wyoming Metro,26939,23357,26641
2019,16980,metro,code,16980,"Chicago-Naperville-Elgin, IL-IN-WI MSA",30429,25825,30047
2019,1700001,state_nonmetro,state,17002,Illinois Nonmetro,24600,21703,24358
2019,1700002,state_nonmetro,state,17002,Illinois Nonmetro,24600,21703,24358
2019,1700003,state_nonmetro,state,17002,Illinois Nonmetro,24600,21703,24358
2019,1700004,state_nonmetro,state,17002,Illinois Nonmetro,24600,21703,24358
2019,17020,metro,code,17020,"Chico, CA MSA",29074,24867,28725
2019,17140,metro,code,17140,"Cincinnati, OH-KY-IN MSA",26975,23382,26676
2019,17300,metro,code,17300,"Clarksville, TN-KY MSA",26917,23341,26619
2019,17420,metro,code,17420,"Cleveland, TN MSA",25255,22166,24998
2019,17460,metro,code,17460,"Cleveland-Elyria, OH MSA",26582,23104,26292
2019,17660,metro,code,17660,"Coeur d'Alene, ID MSA",26655,23156,26363
2019,17780,metro,code,17780,"College Station-Bryan, TX MSA",27616,23836,27302
2019,17820,metro,code,17820,"Colorado Springs, CO MSA",29642,25269,29279
2019,17860,state_metro,state,29001,Missouri Metro,24060,21321,23831
2019,17900,metro,code,17900,"Columbia, SC MSA",27514,23764,27203
2019,17980,metro,code,17980,"Columbus, GA-AL MSA",26465,23022,26178
2019,1800001,state_nonmetro,state,18002,Indiana Nonmetro,24847,21878,24600
2019,1800002,state_nonmetro,state,18002,Indiana Nonmetro,24847,21878,24600
2019,1800003,state_nonmetro,state,18002,Indiana Nonmetro,24847,21878,24600
2019,18020,state_metro,state,18001,Indiana Metro,25474,22321,25211
2019,18140,metro,code,18140,"Columbus, OH MSA",28272,24300,27942
2019,18580,metro,code,18580,"Corpus Christi, TX MSA",29176,24939,28824
2019,18700,state_metro,state,41001,Oregon Metro,27995,24104,27672
2019,18880,state_metro,state,12001,Florida Metro,27238,23568,26932
2019,1900001,state_nonmetro,state,19002,Iowa Nonmetro,24148,21383,23917
2019,1900002,state_nonmetro,state,19002,Iowa Nonmetro,24148,21383,23917
2019,1900003,state_nonmetro,state,19002,Iowa Nonmetro,24148,21383,23917
2019,1900004,state_nonmetro,state,19002,Iowa Nonmetro,24148,21383,23917
2019,19060,none,,,,,,
2019,19100,metro,code,19100,"Dallas-Fort Worth-Arlington, TX MSA",30385,25794,30005
2019,19140,state_metro,state,13001,Georgia Metro,24541,21661,24301
2019,19180,state_metro,state,17001,Illinois Metro,26276,22888,25993
2019,19300,metro,code,19300,"Daphne-Fairhope-Foley, AL MSA",27748,23929,27430
2019,19340,metro,code,19340,"Davenport-Moline-Rock Island, IA-IL MSA",25853,22589,25581
2019,19380,metro,code,19380,"Dayton, OH MSA",26028,22713,25752
2019,19460,none,,,,,,
2019,19500,state_metro,state,17001,Illinois Metro,26276,22888,25993
2019,19660,metro,code,19660,"Deltona-Daytona Beach-Ormond Beach, FL MSA",28957,24784,28611
2019,19740,metro,code,19740,"Denver-Aurora-Lakewood, CO MSA",34014,28360,33546
2019,19780,metro,code,19780,"Des Moines-West Des Moines, IA MSA",27587,23815,27274
2019,19820,metro,code,19820,"Detroit-Warren-Dearborn, MI MSA",28374,24372,28042
2019,2000006,state_nonmetro,state,20002,Kansas Nonmetro,24410,21569,24173
2019,0200006,state_nonmetro,state,2002,Alaska Nonmetro,31784,26784,31370
2019,20020,none,,,,,,
2019,20100,metro,code,20100,"Dover, DE MSA",28564,24506,28227
2019,20220,state_metro,state,19001,Iowa Metro,26815,23269,26520
2019,20260,state_metro,state,27001,Minnesota Metro,26290,22898,26008
2019,20500,metro,code,20500,"Durham-Chapel Hill, NC MSA",29219,24970,28867
2019,20700,metro,code,20700,"East Stroudsburg, PA MSA",29336,25052,28981
2019,20740,none,,,,,,
2019,20940,none,,,,,,
2019,2100001,state_nonmetro,state,21002,Kentucky Nonmetro,23813,21146,23590
2019,2100002,state_nonmetro,state,21002,Kentucky Nonmetro,23813,21146,23590
2019,2100003,state_nonmetro,state,21002,Kentucky Nonmetro,23813,21146,23590
2019,2100004,state_nonmetro,state,21002,Kentucky Nonmetro,23813,21146,23590
2019,21060,state_metro,state,21001,Kentucky Metro,24556,21672,24315
2019,21140,metro,code,21140,"Elkhart-Goshen, IN MSA",26072,22744,25794
2019,21300,state_metro,state,36001,New York Metro,26072,22744,25794
2019,21340,metro,code,21340,"El Paso, TX MSA",26013,22702,25737
2019,21420,state_metro,state,40001,Oklahoma Metro,25110,22063,24856
2019,21500,metro,code,21500,"Erie, PA MSA",25941,22651,25666
2019,21660,metro,code,21660,"Eugene, OR MSA",28199,24248,27871
2019,21780,metro,code,21780,"Evansville, IN-KY MSA",26538,23073,26249
2019,21820,state_metro,state,2001,Alaska Metro,32673,27412,32238
2019,2200002,state_nonmetro,state,22002,Louisiana Nonmetro,24571,21682,24329
2019,2200003,state_nonmetro,state,22002,Louisiana Nonmetro,24571,21682,24329
2019,2200006,state_nonmetro,state,22002,Louisiana Nonmetro,24571,21682,24329
2019,22020,metro,code,22020,"Fargo, ND-MN MSA",26480,23032,26193
2019,22140,metro,code,22140,"Farmington, NM MSA",25474,22321,25211
2019,22180,metro,code,22180,"Fayetteville, NC MSA",26625,23135,26335
2019,22220,metro,code,22220,"Fayetteville-Springdale-Rogers, AR-MO MSA",25649,22445,25382
2019,22380,state_metro,state,4001,Arizona Metro,31274,26423,30872
2019,22420,metro,code,22420,"Flint, MI MSA",25868,22599,25595
2019,22500,metro,code,22500,"Florence, SC MSA",25168,22105,24912
2019,22520,metro,code,22520,"Florence-Muscle Shoals, AL MSA",24425,21579,24187
2019,22540,none,,,,,,
2019,22660,metro,code,22660,"Fort Collins, CO MSA",30954,26196,30559
2019,22900,metro,code,22900,"Fort Smith, AR-OK MSA",24483,21620,24244
2019,2300001,state_nonmetro,state,23002,Maine Nonmetro,25722,22496,25453
2019,2300002,state_nonmetro,state,23002,Maine Nonmetro,25722,22496,25453
2019,23060,metro,code,23060,"Fort Wayne, IN MSA",25532,22362,25268
2019,23420,metro,code,23420,"Fresno, CA MSA",28054,24145,27729
2019,23460,none,,,,,,
2019,23540,metro,code,23540,"Gainesville, FL MSA",28505,24465,28170
2019,23580,metro,code,23580,"Gainesville, GA MSA",27194,23537,26890
2019,23900,state_metro,state,42001,Pennsylvania Metro,26538,23073,26249
2019,2400006,state_nonmetro,state,24002,Maryland Nonmetro,28141,24207,27814
2019,24020,metro,code,24020,"Glens Falls, NY MSA",27762,23939,27444
2019,24140,metro,code,24140,"Goldsboro, NC MSA",25008,21991,24756
2019,24220,state_metro,state,38001,North Dakota Metro,26844,23290,26548
2019,24260,state_metro,state,31001,Nebraska Metro,26523,23063,26235
2019,24300,none,,,,,,
2019,24340,metro,code,24340,"Grand Rapids-Wyoming, MI MSA",27223,23558,26918
2019,24420,state_metro,state,41001,Oregon Metro,27995,24104,27672
2019,24500,state_metro,state,30001,Montana Metro,26596,23115,26306
2019,24540,metro,code,24540,"Greeley, CO MSA",28316,24331,27985
2019,24580,metro,code,24580,"Green Bay, WI MSA",26217,22847,25937
2019,24660,metro,code,24660,"Greensboro-High Point, NC MSA",26072,22744,25794
2019,24780,metro,code,24780,"Greenville, NC MSA",25941,22651,25666
2019,24860,metro,code,24860,"Greenville-Anderson-Mauldin, SC MSA",26115,22774,25837
2019,2500006,state_nonmetro,state,25002,Massachusetts Nonmetro,30560,25918,30175
2019,25060,state_metro,state,28001,Mississippi Metro,25838,22579,25567
2019,25180,metro,code,25180,"Hagerstown-Martinsburg, MD-WV MSA",27849,24001,27530
2019,25220,state_metro,state,22001,Louisiana Metro,25838,22579,25567
2019,25260,metro,code,25260,"Hanford-Corcoran, CA MSA",27194,23537,26890
2019,25420,metro,code,25420,"Harrisburg-Carlisle, PA MSA",28680,24588,28341
2019,25500,state_metro,state,51001,Virginia Metro,26640,23145,26349
2019,25620,state_metro,state,28001,Mississippi Metro,25838,22579,25567
2019,25860,metro,code,25860,"Hickory-Lenoir-Morganton, NC MSA",24060,21321,23831
2019,25940,metro,code,25940,"Hilton Head Island-Bluffton-Beaufort, SC MSA",29977,25506,29606
2019,25980,state_metro,state,13001,Georgia Metro,24541,21661,24301
2019,2600001,state_nonmetro,state,26002,Michigan Nonmetro,25831,22573,25560
2019,2600002,state_nonmetro,state,26002,Michigan Nonmetro,25831,22573,25560
2019,2600003,state_nonmetro,state,26002,Michigan Nonmetro,25831,22573,25560
2019,2600004,state_nonmetro,state,26002,Michigan Nonmetro,25831,22573,25560
2019,26140,state_metro,state,12001,Florida Metro,27238,23568,26932
2019,26300,state_metro,state,5001,Arkansas Metro,25532,22362,25268
2019,26380,state_metro,state,22001,Louisiana Metro,25838,22579,25567
2019,26420,metro,code,26420,"Houston-The Woodlands-Sugar Land, TX MSA",29759,25351,29393
2019,26580,metro,code,26580,"Huntington-Ashland, WV-KY-OH MSA",25460,22311,25197
2019,26620,metro,code,26620,"Huntsville, AL MSA",25911,22630,25638
2019,26820,metro,code,26820,"Idaho Falls, ID MSA",24891,21909,24642
2019,26900,metro,code,26900,"Indianapolis-Carmel-Anderson, IN MSA",27602,23826,27288
2019,26980,metro,code,26980,"Iowa City, IA MSA",28651,24568,28312
2019,2700001,state_nonmetro,state,27002,Minnesota Nonmetro,25430,22290,25168
2019,2700002,state_nonmetro,state,27002,Minnesota Nonmetro,25430,22290,25168
2019,2700003,state_nonmetro,state,27002,Minnesota Nonmetro,25430,22290,25168
2019,2700004,state_nonmetro,state,27002,Minnesota Nonmetro,25430,22290,25168
2019,27060,state_metro,state,36001,New York Metro,26072,22744,25794
2019,27100,metro,code,27100,"Jackson, MI MSA",25766,22527,25496
2019,27140,metro,code,27140,"Jackson, MS MSA",27092,23465,26790
2019,27180,none,,,,,,
2019,27260,metro,code,27260,"Jacksonville, FL MSA",29278,25011,28924
2019,27340,metro,code,27340,"Jacksonville, NC MSA",26888,23321,26591
2019,27500,metro,code,27500,"Janesville-Beloit, WI MSA",26305,22908,26022
2019,27620,state_metro,state,29001,Missouri Metro,24060,21321,23831
2019,27740,metro,code,27740,"Johnson City, TN MSA",24629,21723,24386
2019,27780,metro,code,27780,"Johnstown, PA MSA",23827,21156,23604
2019,27860,state_metro,state,5001,Arkansas Metro,25532,22362,25268
2019,27900,state_metro,state,29001,Missouri Metro,24060,21321,23831
2019,27980,metro,code,27980,"Kahului-Wailuku-Lahaina, HI MSA",35602,29484,35097
2019,2800001,state_nonmetro,state,28002,Mississippi Nonmetro,23973,21259,23746
2019,2800002,state_nonmetro,state,28002,Mississippi Nonmetro,23973,21259,23746
2019,2800003,state_nonmetro,state,28002,Mississippi Nonmetro,23973,21259,23746
2019,2800004,state_nonmetro,state,28002,Mississippi Nonmetro,23973,21259,23746
2019,28020,metro,code,28020,"Kalamazoo-Portage, MI MSA",26451,23011,26164
2019,28100,state_metro,state,17001,Illinois Metro,26276,22888,25993
2019,28140,metro,code,28140,"Kansas City, MO-KS MSA",28068,24155,27743
2019,28420,metro,code,28420,"Kennewick-Richland, WA MSA",27718,23908,27402
2019,28660,metro,code,28660,"Killeen-Temple, TX MSA",26072,22744,25794
2019,28700,metro,code,28700,"Kingsport-Bristol-Bristol, TN-VA MSA",23857,21177,23632
2019,28740,state_metro,state,36001,New York Metro,26072,22744,25794
2019,28940,metro,code,28940,"Knoxville, TN MSA",26144,22795,25865
2019,2900001,state_nonmetro,state,29002,Missouri Nonmetro,24512,21641,24272
2019,2900002,state_nonmetro,state,29002,Missouri Nonmetro,24512,21641,24272
2019,2900003,state_nonmetro,state,29002,Missouri Nonmetro,24512,21641,24272
2019,2900004,state_nonmetro,state,29002,Missouri Nonmetro,24512,21641,24272
2019,29020,state_metro,state,18001,Indiana Metro,25474,22321,25211
2019,29100,none,,,,,,
2019,29180,metro,code,29180,"Lafayette, LA MSA",26013,22702,25737
2019,29200,metro,code,29200,"Lafayette-West Lafayette, IN MSA",27252,23578,26947
2019,29340,metro,code,29340,"Lake Charles, LA MSA",26305,22908,26022
2019,29420,state_metro,state,4001,Arizona Metro,31274,26423,30872
2019,29460,metro,code,29460,"Lakeland-Winter Haven, FL MSA",27412,23692,27103
2019,29540,metro,code,29540,"Lancaster, PA MSA",29205,24959,28853
2019,29620,metro,code,29620,"Lansing-East Lansing, MI MSA",27267,23589,26961
2019,29700,metro,code,29700,"Laredo, TX MSA",26349,22939,26065
2019,29740,metro,code,29740,"Las Cruces, NM MSA",24702,21775,24457
2019,29820,metro,code,29820,"Las Vegas-Henderson-Paradise, NV MSA",29190,24949,28838
2019,29940,state_metro,state,20001,Kansas Metro,27602,23826,27288
2019,3000003,state_nonmetro,state,30002,Montana Nonmetro,26232,22857,25951
2019,3000004,state_nonmetro,state,30002,Montana Nonmetro,26232,22857,25951
2019,3000006,state_nonmetro,state,30002,Montana Nonmetro,26232,22857,25951
2019,30020,state_metro,state,40001,Oklahoma Metro,25110,22063,24856
2019,30140,state_metro,state,42001,Pennsylvania Metro,26538,23073,26249
2019,30300,state_metro,state,16001,Idaho Metro,24949,21950,24699
2019,30460,metro,code,30460,"Lexington-Fayette, KY MSA",26596,23115,26306
2019,30620,state_metro,state,39001,Ohio Metro,24702,21775,24457
2019,30700,state_metro,state,31001,Nebraska Metro,26523,23063,26235
2019,30780,metro,code,30780,"Little Rock-North Little Rock-Conway, AR MSA",26232,22857,25951
2019,30860,state_metro,state,49001,Utah Metro,24804,21847,24557
2019,30980,metro,code,30980,"Longview, TX MSA",26480,23032,26193
2019,3100001,state_nonmetro,state,31002,Nebraska Nonmetro,24804,21847,24557
2019,3100003,state_nonmetro,state,31002,Nebraska Nonmetro,24804,21847,24557
2019,3100006,state_nonmetro,state,31002,Nebraska Nonmetro,24804,21847,24557
2019,31020,state_metro,state,53001,Washington Metro,26494,23042,26207
2019,31080,metro,code,31080,"Los Angeles-Long Beach-Anaheim, CA MSA",37468,30803,36918
2019,31140,metro,code,31140,"Louisville/Jefferson County, KY-IN MSA",26625,23135,26335
2019,31180,metro,code,31180,"Lubbock, TX MSA",27471,23733,27160
2019,31340,state_metro,state,51001,Virginia Metro,26640,23145,26349
2019,31420,metro,code,31420,"Macon, GA MSA",26013,22702,25737
2019,31460,none,,,,,,
2019,31540,metro,code,31540,"Madison, WI MSA",29715,25320,29350
2019,31740,state_metro,state,20001,Kansas Metro,27602,23826,27288
2019,31860,state_metro,state,27001,Minnesota Metro,26290,22898,26008
2019,31900,state_metro,state,39001,Ohio Metro,24702,21775,24457
2019,3200006,state_nonmetro,state,32002,Nevada Nonmetro,27150,23506,26847
2019,32580,metro,code,32580,"McAllen-Edinburg-Mission, TX MSA",25110,22063,24856
2019,32780,metro,code,32780,"Medford, OR MSA",28024,24125,27700
2019,32820,metro,code,32820,"Memphis, TN-MS-AR MSA",27281,23599,26975
2019,32900,none,,,,,,
2019,3300001,state_nonmetro,state,33002,New Hampshire Nonmetro,29496,25165,29137
2019,3300002,state_nonmetro,state,33002,New Hampshire Nonmetro,29496,25165,29137
2019,3300006,state_nonmetro,state,33002,New Hampshire Nonmetro,29496,25165,29137
2019,33100,metro,code,33100,"Miami-Fort Lauderdale-West Palm Beach, FL MSA",33883,28268,33418
2019,33140,state_metro,state,18001,Indiana Metro,25474,22321,25211
2019,33220,state_metro,state,26001,Michigan Metro,25321,22213,25062
2019,33260,state_metro,state,48001,Texas Metro,26961,23372,26662
2019,33340,metro,code,33340,"Milwaukee-Waukesha-West Allis, WI MSA",27806,23970,27487
2019,33460,metro,code,33460,"Minneapolis-St. Paul-Bloomington, MN-WI MSA",30852,26124,30460
2019,33540,state_metro,state,30001,Montana Metro,26596,23115,26306
2019,33660,metro,code,33660,"Mobile, AL MSA",26538,23073,26249
2019,33700,metro,code,33700,"Modesto, CA MSA",29117,24898,28767
2019,33740,metro,code,33740,"Monroe, LA MSA",25343,22228,25083
2019,33780,metro,code,33780,"Monroe, MI MSA",26757,23228,26463
2019,33860,metro,code,33860,"Montgomery, AL MSA",26727,23207,26434
2019,34060,metro,code,34060,"Morgantown, WV MSA",26596,23115,26306
2019,34100,none,,,,,,
2019,34580,metro,code,34580,"Mount Vernon-Anacortes, WA MSA",29103,24887,28753
2019,34620,state_metro,state,18001,Indiana Metro,25474,22321,25211
2019,34740,metro,code,34740,"Muskegon, MI MSA",25707,22486,25439
2019,34820,metro,code,34820,"Myrtle Beach-Conway-North Myrtle Beach, SC-NC MSA",27383,23671,27075
2019,34900,none,,,,,,
2019,34940,metro,code,34940,"Naples-Immokalee-Marco Island, FL MSA",31799,26794,31384
2019,34980,metro,code,34980,"Nashville-Davidson--Murfreesboro--Franklin, TN MSA",29074,24867,28725
2019,3500006,state_nonmetro,state,35002,New Mexico Nonmetro,25503,22342,25240
2019,3500007,state_nonmetro,state,35002,New Mexico Nonmetro,25503,22342,25240
2019,35100,state_metro,state,37001,North Carolina Metro,26072,22744,25794
2019,35380,metro,code,35380,"New Orleans-Metairie, LA MSA",28884,24733,28540
2019,35620,metro,code,35620,"New York-Newark-Jersey City, NY-NJ-PA MSA",35530,29432,35026
2019,35660,metro,code,35660,"Niles-Benton Harbor, MI MSA",25314,22208,25055
2019,35840,metro,code,35840,"North Port-Sarasota-Bradenton, FL MSA",30808,26093,30417
2019,3600001,state_nonmetro,state,36002,New York Nonmetro,25547,22372,25282
2019,3600004,state_nonmetro,state,36002,New York Nonmetro,25547,22372,25282
2019,3600006,state_nonmetro,state,36002,New York Nonmetro,25547,22372,25282
2019,36100,metro,code,36100,"Ocala, FL MSA",26436,23001,26150
2019,36140,state_metro,state,34001,New Jersey Metro,31813,26804,31399
2019,36220,metro,code,36220,"Odessa, TX MSA",30677,26000,30289
2019,36260,metro,code,36260,"Ogden-Clearfield, UT MSA",27019,23413,26719
2019,36420,metro,code,36420,"Oklahoma City, OK MSA",26888,23321,26591
2019,36500,state_metro,state,53001,Washington Metro,26494,23042,26207
2019,36540,metro,code,36540,"Omaha-Council Bluffs, NE-IA MSA",28083,24166,27757
2019,36740,metro,code,36740,"Orlando-Kissimmee-Sanford, FL MSA",30662,25990,30275
2019,36780,metro,code,36780,"Oshkosh-Neenah, WI MSA",25853,22589,25581
2019,36980,state_metro,state,21001,Kentucky Metro,24556,21672,24315
2019,3700001,state_nonmetro,state,37002,North Carolina Nonmetro,24235,21445,24002
2019,3700002,state_nonmetro,state,37002,North Carolina Nonmetro,24235,21445,24002
2019,3700003,state_nonmetro,state,37002,North Carolina Nonmetro,24235,21445,24002
2019,3700004,state_nonmetro,state,37002,North Carolina Nonmetro,24235,21445,24002
2019,37100,metro,code,37100,"Oxnard-Thousand Oaks-Ventura, CA MSA",38182,31308,37615
2019,37340,metro,code,37340,"Palm Bay-Melbourne-Titusville, FL MSA",28535,24485,28198
2019,37460,metro,code,37460,"Panama City, FL MSA",28651,24568,28312
2019,37620,state_metro,state,54001,West Virginia Metro,24643,21733,24400
2019,37860,metro,code,37860,"Pensacola-Ferry Pass-Brent, FL MSA",27718,23908,27402
2019,37900,metro,code,37900,"Peoria, IL MSA",26144,22795,25865
2019,37980,metro,code,37980,"Philadelphia-Camden-Wilmington, PA-NJ-DE-MD MSA",31624,26670,31214
2019,3800006,state_nonmetro,state,38002,North Dakota Nonmetro,26815,23269,26520
2019,3800007,state_nonmetro,state,38002,North Dakota Nonmetro,26815,23269,26520
2019,38060,metro,code,38060,"Phoenix-Mesa-Scottsdale, AZ MSA",29365,25073,29009
2019,38220,metro,code,38220,"Pine Bluff, AR MSA",24804,21847,24557
2019,38300,metro,code,38300,"Pittsburgh, PA MSA",26815,23269,26520
2019,38540,state_metro,state,16001,Idaho Metro,24949,21950,24699
2019,38900,metro,code,38900,"Portland-Vancouver-Hillsboro, OR-WA MSA",31435,26536,31029
2019,38940,metro,code,38940,"Port St. Lucie, FL MSA",29963,25495,29592
2019,3900001,state_nonmetro,state,39002,Ohio Nonmetro,24483,21620,24244
2019,3900002,state_nonmetro,state,39002,Ohio Nonmetro,24483,21620,24244
2019,3900003,state_nonmetro,state,39002,Ohio Nonmetro,24483,21620,24244
2019,3900004,state_nonmetro,state,39002,Ohio Nonmetro,24483,21620,24244
2019,39140,metro,code,39140,"Prescott, AZ MSA",27602,23826,27288
2019,39340,metro,code,39340,"Provo-Orem, UT MSA",27106,23475,26804
2019,39380,none,,,,,,
2019,39460,state_metro,state,12001,Florida Metro,27238,23568,26932
2019,39540,metro,code,39540,"Racine, WI MSA",26990,23393,26690
2019,39580,metro,code,39580,"Raleigh, NC MSA",29759,25351,29393
2019,39660,state_metro,state,46001,South Dakota Metro,26727,23207,26434
2019,39740,metro,code,39740,"Reading, PA MSA",28360,24362,28028
2019,39820,metro,code,39820,"Redding, CA MSA",28374,24372,28042
2019,39900,state_metro,state,32001,Nevada Metro,28884,24733,28540
2019,4000001,state_nonmetro,state,40002,Oklahoma Nonmetro,24206,21424,23974
2019,4000002,state_nonmetro,state,40002,Oklahoma Nonmetro,24206,21424,23974
2019,4000003,state_nonmetro,state,40002,Oklahoma Nonmetro,24206,21424,23974
2019,4000004,state_nonmetro,state,40002,Oklahoma Nonmetro,24206,21424,23974
2019,0400001,state_nonmetro,state,4002,Arizona Nonmetro,23915,21218,23689
2019,40060,metro,code,40060,"Richmond, VA MSA",29613,25248,29251
2019,40140,metro,code,40140,"Riverside-San Bernardino-Ontario, CA MSA",31609,26660,31200
2019,40220,metro,code,40220,"Roanoke, VA MSA",26727,23207,26434
2019,40340,state_metro,state,27001,Minnesota Metro,26290,22898,26008
2019,40380,metro,code,40380,"Rochester, NY MSA",28185,24238,27857
2019,40420,metro,code,40420,"Rockford, IL MSA",26246,22867,25965
2019,40580,state_metro,state,37001,North Carolina Metro,26072,22744,25794
2019,40660,state_metro,state,13001,Georgia Metro,24541,21661,24301
2019,40900,metro,code,40900,"Sacramento--Roseville--Arden-Arcade, CA MSA",31420,26526,31015
2019,40980,metro,code,40980,"Saginaw, MI MSA",25634,22434,25368
2019,4100006,state_nonmetro,state,41002,Oregon Nonmetro,26407,22981,26121
2019,4100007,state_nonmetro,state,41002,Oregon Nonmetro,26407,22981,26121
2019,4100008,state_nonmetro,state,41002,Oregon Nonmetro,26407,22981,26121
2019,41060,state_metro,state,27001,Minnesota Metro,26290,22898,26008
2019,41100,metro,code,41100,"St. George, UT MSA",27165,23516,26861
2019,41140,state_metro,state,29001,Missouri Metro,24060,21321,23831
2019,41180,metro,code,41180,"St. Louis, MO-IL MSA",27748,23929,27430
2019,41420,metro,code,41420,"Salem, OR MSA",27631,23846,27316
2019,41500,metro,code,41500,"Salinas, CA MSA",34466,28680,33987
2019,41540,metro,code,41540,"Salisbury, MD-DE MSA",28549,24496,28213
2019,41620,metro,code,41620,"Salt Lake City, UT MSA",29511,25176,29151
2019,41660,state_metro,state,48001,Texas Metro,26961,23372,26662
2019,41700,metro,code,41700,"San Antonio-New Braunfels, TX MSA",29321,25042,28966
2019,41740,metro,code,41740,"San Diego-Carlsbad, CA MSA",37570,30875,37017
2019,41860,metro,code,41860,"San Francisco-Oakland-Hayward, CA MSA",41796,33864,41142
2019,41940,metro,code,41940,"San Jose-Sunnyvale-Santa Clara, CA MSA",45789,36688,45040
2019,4200001,state_nonmetro,state,42002,Pennsylvania Nonmetro,24702,21775,24457
2019,4200002,state_nonmetro,state,42002,Pennsylvania Nonmetro,24702,21775,24457
2019,4200003,state_nonmetro,state,42002,Pennsylvania Nonmetro,24702,21775,24457
2019,42020,metro,code,42020,"San Luis Obispo-Paso Robles-Arroyo Grande, CA MSA",34947,29020,34457
2019,42100,metro,code,42100,"Santa Cruz-Watsonville, CA MSA",39494,32236,38895
2019,42140,metro,code,42140,"Santa Fe, NM MSA",29423,25114,29066
2019,42200,metro,code,42200,"Santa Maria-Santa Barbara, CA MSA",37788,31030,37231
2019,42220,metro,code,42220,"Santa Rosa, CA MSA",37162,30587,36619
2019,42340,metro,code,42340,"Savannah, GA MSA",28753,24640,28412
2019,42540,metro,code,42540,"Scranton--Wilkes-Barre--Hazleton, PA MSA",25941,22651,25666
2019,42660,metro,code,42660,"Seattle-Tacoma-Bellevue, WA MSA",34852,28953,34364
2019,42680,state_metro,state,12001,Florida Metro,27238,23568,26932
2019,42700,state_metro,state,12001,Florida Metro,27238,23568,26932
2019,43100,none,,,,,,
2019,43300,metro,code,43300,"Sherman-Denison, TX MSA",26771,23238,26477
2019,43340,metro,code,43340,"Shreveport-Bossier City, LA MSA",26217,22847,25937
2019,43420,state_metro,state,4001,Arizona Metro,31274,26423,30872
2019,43580,state_metro,state,19001,Iowa Metro,26815,23269,26520
2019,43620,metro,code,43620,"Sioux Falls, SD MSA",26378,22960,26093
2019,43780,metro,code,43780,"South Bend-Mishawaka, IN-MI MSA",26159,22805,25880
2019,43900,metro,code,43900,"Spartanburg, SC MSA",25299,22197,25040
2019,44060,metro,code,44060,"Spokane-Spokane Valley, WA MSA",27019,23413,26719
2019,44100,metro,code,44100,"Springfield, IL MSA",26509,23053,26221
2019,44180,metro,code,44180,"Springfield, MO MSA",25168,22105,24912
2019,44220,state_metro,state,39001,Ohio Metro,24702,21775,24457
2019,44300,state_metro,state,42001,Pennsylvania Metro,26538,23073,26249
2019,44420,state_metro,state,51001,Virginia Metro,26640,23145,26349
2019,44700,metro,code,44700,"Stockton-Lodi, CA MSA",29409,25104,29052
2019,44940,none,,,,,,
2019,4500002,state_nonmetro,state,45002,South Carolina Nonmetro,23900,21208,23675
2019,4500004,state_nonmetro,state,45002,South Carolina Nonmetro,23900,21208,23675
2019,4500006,state_nonmetro,state,45002,South Carolina Nonmetro,23900,21208,23675
2019,45060,metro,code,45060,"Syracuse, NY MSA",27238,23568,26932
2019,45220,metro,code,45220,"Tallahassee, FL MSA",28272,24300,27942
2019,45300,metro,code,45300,"Tampa-St. Petersburg-Clearwater, FL MSA",30079,25578,29706
2019,45460,metro,code,45460,"Terre Haute, IN MSA",25693,22476,25425
2019,45500,state_metro,state,48001,Texas Metro,26961,23372,26662
2019,45540,state_metro,state,12001,Florida Metro,27238,23568,26932
2019,45780,metro,code,45780,"Toledo, OH MSA",25401,22269,25140
2019,45820,metro,code,45820,"Topeka, KS MSA",26465,23022,26178
2019,45940,metro,code,45940,"Trenton, NJ MSA",34655,28814,34172
2019,4600002,state_nonmetro,state,46002,South Dakota Nonmetro,24571,21682,24329
2019,4600003,state_nonmetro,state,46002,South Dakota Nonmetro,24571,21682,24329
2019,46060,metro,code,46060,"Tucson, AZ MSA",27602,23826,27288
2019,46140,metro,code,46140,"Tulsa, OK MSA",26902,23331,26605
2019,46220,none,,,,,,
2019,46300,state_metro,state,16001,Idaho Metro,24949,21950,24699
2019,46340,metro,code,46340,"Tyler, TX MSA",27937,24063,27615
2019,46520,metro,code,46520,"Urban Honolulu, HI MSA",38983,31875,38397
2019,46540,metro,code,46540,"Utica-Rome, NY MSA",25970,22671,25695
2019,46660,state_metro,state,13001,Georgia Metro,24541,21661,24301
2019,46700,metro,code,46700,"Vallejo-Fairfield, CA MSA",33766,28185,33305
2019,4700001,state_nonmetro,state,47002,Tennessee Nonmetro,24221,21435,23988
2019,4700002,state_nonmetro,state,47002,Tennessee Nonmetro,24221,21435,23988
2019,4700003,state_nonmetro,state,47002,Tennessee Nonmetro,24221,21435,23988
2019,4700004,state_nonmetro,state,47002,Tennessee Nonmetro,24221,21435,23988
2019,47020,state_metro,state,48001,Texas Metro,26961,23372,26662
2019,47220,metro,code,47220,"Vineland-Bridgeton, NJ MSA",30531,25897,30147
2019,47260,metro,code,47260,"Virginia Beach-Norfolk-Newport News, VA-NC MSA",30283,25722,29905
2019,47300,metro,code,47300,"Visalia-Porterville, CA MSA",26859,23300,26562
2019,47380,metro,code,47380,"Waco, TX MSA",26990,23393,26690
2019,47460,state_metro,state,53001,Washington Metro,26494,23042,26207
2019,47580,metro,code,47580,"Warner Robins, GA MSA",25999,22692,25723
2019,47900,metro,code,47900,"Washington-Arlington-Alexandria, DC-VA-MD-WV MSA",38328,31411,37757
2019,47940,metro,code,47940,"Waterloo-Cedar Falls, IA MSA",25620,22424,25353
2019,4800001,state_nonmetro,state,48002,Texas Nonmetro,26028,22713,25752
2019,4800002,state_nonmetro,state,48002,Texas Nonmetro,26028,22713,25752
2019,4800003,state_nonmetro,state,48002,Texas Nonmetro,26028,22713,25752
2019,4800004,state_nonmetro,state,48002,Texas Nonmetro,26028,22713,25752
2019,4800005,state_nonmetro,state,48002,Texas Nonmetro,26028,22713,25752
2019,4800006,state_nonmetro,state,48002,Texas Nonmetro,26028,22713,25752
2019,48060,metro,code,48060,"Watertown-Fort Drum, NY MSA",29030,24836,28682
2019,48140,metro,code,48140,"Wausau, WI MSA",25722,22496,25453
2019,48260,state_metro,state,54001,West Virginia Metro,24643,21733,24400
2019,48300,state_metro,state,53001,Washington Metro,26494,23042,26207
2019,48540,state_metro,state,54001,West Virginia Metro,24643,21733,24400
2019,48620,metro,code,48620,"Wichita, KS MSA",26232,22857,25951
2019,48660,metro,code,48660,"Wichita Falls, TX MSA",25838,22579,25567
2019,48700,metro,code,48700,"Williamsport, PA MSA",26232,22857,25951
2019,48900,state_metro,state,37001,North Carolina Metro,26072,22744,25794
2019,4900006,state_nonmetro,state,49002,Utah Nonmetro,24847,21878,24600
2019,4900007,state_nonmetro,state,49002,Utah Nonmetro,24847,21878,24600
2019,49020,metro,code,49020,"Winchester, VA-WV MSA",29496,25165,29137
2019,49180,metro,code,49180,"Winston-Salem, NC MSA",25241,22156,24984
2019,49420,state_metro,state,53001,Washington Metro,26494,23042,26207
2019,49620,metro,code,49620,"York-Hanover, PA MSA",28389,24382,28056
2019,49660,metro,code,49660,"Youngstown-Warren-Boardman, OH-PA MSA",24425,21579,24187
2019,49700,none,,,,,,
2019,49740,metro,code,49740,"Yuma, AZ MSA",26013,22702,25737
2019,5000001,state_nonmetro,state,50002,Vermont Nonmetro,28447,24423,28113
2019,5000002,state_nonmetro,state,50002,Vermont Nonmetro,28447,24423,28113
2019,0500001,state_nonmetro,state,5002,Arkansas Nonmetro,23842,21167,23618
2019,0500002,state_nonmetro,state,5002,Arkansas Nonmetro,23842,21167,23618
2019,0500003,state_nonmetro,state,5002,Arkansas Nonmetro,23842,21167,23618
2019,0500004,state_nonmetro,state,5002,Arkansas Nonmetro,23842,21167,23618
2019,5100001,state_nonmetro,state,51002,Virginia Nonmetro,24323,21507,24088
2019,5100002,state_nonmetro,state,51002,Virginia Nonmetro,24323,21507,24088
2019,5100003,state_nonmetro,state,51002,Virginia Nonmetro,24323,21507,24088
2019,5100004,state_nonmetro,state,51002,Virginia Nonmetro,24323,21507,24088
2019,5300006,state_nonmetro,state,53002,Washington Nonmetro,24906,21919,24656
2019,5300007,state_nonmetro,state,53002,Washington Nonmetro,24906,21919,24656
2019,5400001,state_nonmetro,state,54002,West Virginia Nonmetro,24396,21558,24159
2019,5400002,state_nonmetro,state,54002,West Virginia Nonmetro,24396,21558,24159
2019,5500001,state_nonmetro,state,55002,Wisconsin Nonmetro,25197,22125,24941
2019,5500002,state_nonmetro,state,55002,Wisconsin Nonmetro,25197,22125,24941
2019,5500003,state_nonmetro,state,55002,Wisconsin Nonmetro,25197,22125,24941
2019,5500004,state_nonmetro,state,55002,Wisconsin Nonmetro,25197,22125,24941
2019,5600006,state_nonmetro,state,56002,Wyoming Nonmetro,25955,22661,25681
2019,5600007,state_nonmetro,state,56002,Wyoming Nonmetro,25955,22661,25681
2019,0600003,state_nonmetro,state,6002,California Nonmetro,28855,24712,28511
2019,0600006,state_nonmetro,state,6002,California Nonmetro,28855,24712,28511
2019,0600007,state_nonmetro,state,6002,California Nonmetro,28855,24712,28511
2019,70750,metro,hand,12620,"Bangor, ME MSA",27420,23697,27110
2019,70900,metro,hand,12700,"Barnstable Town, MA MSA",34786,28907,34300
2019,71650,metro,hand,14460,"Boston-Cambridge-Newton, MA-NH MSA",36200,29906,35680
2019,71950,metro,hand,14860,"Bridgeport-Stamford-Norwalk, CT MSA",36411,30056,35886
2019,72400,metro,hand,15540,"Burlington-South Burlington, VT MSA",33285,27845,32835
2019,72850,none,,,,,,
2019,73050,none,,,,,,
2019,73450,metro,hand,25540,"Hartford-West Hartford-East Hartford, CT MSA",31478,26567,31072
2019,74500,state_metro,state,25001,Massachusetts Metro,27995,24104,27672
2019,74650,metro,hand,30340,"Lewiston-Auburn, ME MSA",26290,22898,26008
2019,74950,metro,hand,31700,"Manchester-Nashua, NH MSA",32513,27299,32081
2019,75550,state_metro,state,25001,Massachusetts Metro,27995,24104,27672
2019,75700,metro,hand,35300,"New Haven-Milford, CT MSA",31988,26928,31569
2019,76450,metro,hand,35980,"Norwich-New London, CT MSA",30648,25980,30261
2019,76600,state_metro,state,25001,Massachusetts Metro,27995,24104,27672
2019,76750,metro,hand,38860,"Portland-South Portland, ME MSA",30429,25825,30047
2019,76900,none,,,,,,
2019,77200,metro,hand,39300,"Providence-Warwick, RI-MA MSA",29147,24918,28796
2019,78100,metro,hand,44140,"Springfield, MA MSA",29015,24825,28668
2019,78700,none,,,,,,
2019,79600,metro,hand,49340,"Worcester, MA-CT MSA",30152,25629,29777
2019,0800001,state_nonmetro,state,8002,Colorado Nonmetro,28811,24681,28469
2019,0800002,state_nonmetro,state,8002,Colorado Nonmetro,28811,24681,28469
2019,0800003,state_nonmetro,state,8002,Colorado Nonmetro,28811,24681,28469
2019,0900001,state_nonmetro,state,9002,Connecticut Nonmetro,30706,26021,30318
2020,10180,metro,code,10180,"Abilene, TX MSA",27942,23929,28106
2020,10420,metro,code,10420,"Akron, OH MSA",27283,23507,27439
2020,10500,state_metro,state,13001,Georgia Metro,25675,22476,25809
2020,10540,state_metro,state,41001,Oregon Metro,29102,24673,29282
2020,10580,metro,code,10580,"Albany-Schenectady-Troy, NY MSA",30447,25535,30644
2020,10740,metro,code,10740,"Albuquerque, NM MSA",27969,23946,28133
2020,10780,state_metro,state,22001,Louisiana Metro,26690,23127,26838
2020,10900,metro,code,10900,"Allentown-Bethlehem-Easton, PA-NJ MSA",30552,25602,30751
2020,11020,state_metro,state,42001,Pennsylvania Metro,27454,23617,27612
2020,11100,metro,code,11100,"Amarillo, TX MSA",27705,23777,27866
2020,11180,state_metro,state,19001,Iowa Metro,27718,23786,27879
2020,11260,state_metro,state,2001,Alaska Metro,32688,26971,32915
2020,11460,metro,code,11460,"Ann Arbor, MI MSA",31528,26227,31739
2020,11500,none,,,,,,
2020,11540,metro,code,11540,"Appleton, WI MSA",27151,23422,27305
2020,11700,metro,code,11700,"Asheville, NC MSA",27969,23946,28133
2020,12020,metro,code,12020,"Athens-Clarke County, GA MSA",27217,23465,27372
2020,12060,metro,code,12060,"Atlanta-Sandy Springs-Roswell, GA MSA",30658,25670,30858
2020,12100,metro,code,12100,"Atlantic City-Hammonton, NJ MSA",31541,26236,31753
2020,12220,metro,code,12220,"Auburn-Opelika, AL MSA",27402,23583,27559
2020,12260,metro,code,12260,"Augusta-Richmond County, GA-SC MSA",27059,23363,27212
2020,12420,metro,code,12420,"Austin-Round Rock, TX MSA",33637,27579,33876
2020,12540,metro,code,12540,"Bakersfield, CA MSA",28259,24132,28427
2020,12580,metro,code,12580,"Baltimore-Columbia-Towson, MD MSA",33571,27537,33810
2020,12940,metro,code,12940,"Baton Rouge, LA MSA",28232,24115,28400
2020,12980,metro,code,12980,"Battle Creek, MI MSA",26637,23093,26784
2020,13020,state_metro,state,26001,Michigan Metro,26519,23017,26664
2020,13140,metro,code,13140,"Beaumont-Port Arthur, TX MSA",27586,23701,27746
2020,13220,state_metro,state,54001,West Virginia Metro,25517,22375,25649
2020,13380,state_metro,state,53001,Washington Metro,27771,23819,27933
2020,13460,metro,code,13460,"Bend-Redmond, OR MSA",30552,25602,30751
2020,13740,metro,code,13740,"Billings, MT MSA",28048,23997,28213
2020,13780,metro,code,13780,"Binghamton, NY MSA",26756,23169,26904
2020,13820,metro,code,13820,"Birmingham-Hoover, AL MSA",27758,23811,27919
2020,13900,state_metro,state,38001,North Dakota Metro,27626,23726,27786
2020,13980,metro,code,13980,"Blacksburg-Christiansburg-Radford, VA MSA",27138,23414,27292
2020,14010,metro,code,14010,"Bloomington, IL MSA",27837,23862,28000
2020,14020,metro,code,14020,"Bloomington, IN MSA",28232,24115,28400
2020,14100,state_metro,state,42001,Pennsylvania Metro,27454,23617,27612
2020,14260,metro,code,14260,"Boise City, ID MSA",28166,24073,28334
2020,14500,metro,code,14500,"Boulder, CO MSA",36168,29202,36441
2020,14540,metro,code,14540,"Bowling Green, KY MSA",26466,22983,26611
2020,14740,state_metro,state,53001,Washington Metro,27771,23819,27933
2020,15180,metro,code,15180,"Brownsville-Harlingen, TX MSA",25965,22662,26103
2020,15260,state_metro,state,13001,Georgia Metro,25675,22476,25809
2020,15380,metro,code,15380,"Buffalo-Cheektowaga-Niagara Falls, NY MSA",27138,23414,27292
2020,15500,metro,code,15500,"Burlington, NC MSA",26690,23127,26838
2020,15680,metro,code,15680,"California-Lexington Park, MD MSA",32912,27115,33142
2020,15940,metro,code,15940,"Canton-Massillon, OH MSA",26215,22822,26357
2020,15980,metro,code,15980,"Cape Coral-Fort Myers, FL MSA",30262,25416,30457
2020,16020,state_metro,state,29001,Missouri Metro,25345,22265,25475
2020,16060,metro,code,16060,"Carbondale-Marion, IL MSA",26070,22729,26210
2020,16180,state_metro,state,32001,Nevada Metro,29801,25121,29990
2020,16220,state_metro,state,56001,Wyoming Metro,27323,23532,27479
2020,16300,metro,code,16300,"Cedar Rapids, IA MSA",26874,23245,27025
2020,16540,metro,code,16540,"Chambersburg-Waynesboro, PA MSA",27889,23895,28053
2020,16580,metro,code,16580,"Champaign-Urbana, IL MSA",28259,24132,28427
2020,16620,metro,code,16620,"Charleston, WV MSA",26584,23059,26731
2020,16700,metro,code,16700,"Charleston-North Charleston, SC MSA",30763,25737,30965
2020,16740,metro,code,16740,"Charlotte-Concord-Gastonia, NC-SC MSA",29076,24656,29255
2020,16820,metro,code,16820,"Charlottesville, VA MSA",31897,26464,32113
2020,16860,metro,code,16860,"Chattanooga, TN-GA MSA",26888,23253,27038
2020,16940,state_metro,state,56001,Wyoming Metro,27323,23532,27479
2020,16980,metro,code,16980,"Chicago-Naperville-Elgin, IL-IN-WI MSA",30869,25805,31072
2020,17020,metro,code,17020,"Chico, CA MSA",29801,25121,29990
2020,17140,metro,code,17140,"Cincinnati, OH-KY-IN MSA",27863,23879,28026
2020,17300,metro,code,17300,"Clarksville, TN-KY MSA",27744,23803,27906
2020,17420,metro,code,17420,"Cleveland, TN MSA",26110,22755,26250
2020,17460,metro,code,17460,"Cleveland-Elyria, OH MSA",27389,23574,27545
2020,17660,metro,code,17660,"Coeur d'Alene, ID MSA",27955,23938,28120
2020,17780,metro,code,17780,"College Station-Bryan, TX MSA",28298,24157,28467
2020,17820,metro,code,17820,"Colorado Springs, CO MSA",30618,25644,30818
2020,17860,state_metro,state,29001,Missouri Metro,25345,22265,25475
2020,17900,metro,code,17900,"Columbia, SC MSA",28166,24073,28334
2020,17980,metro,code,17980,"Columbus, GA-AL MSA",27415,23591,27572
2020,18020,state_metro,state,18001,Indiana Metro,26242,22839,26383
2020,18140,metro,code,18140,"Columbus, OH MSA",29115,24681,29295
2020,18580,metro,code,18580,"Corpus Christi, TX MSA",29801,25121,29990
2020,18700,state_metro,state,41001,Oregon Metro,29102,24673,29282
2020,18880,state_metro,state,12001,Florida Metro,26664,23110,26811
2020,19060,none,,,,,,
2020,19100,metro,code,19100,"Dallas-Fort Worth-Arlington, TX MSA",31211,26025,31419
2020,19140,state_metro,state,13001,Georgia Metro,25675,22476,25809
2020,19180,state_metro,state,17001,Illinois Metro,27099,23388,27252
2020,19300,metro,code,19300,"Daphne-Fairhope-Foley, AL MSA",29326,24816,29509
2020,19340,metro,code,19340,"Davenport-Moline-Rock Island, IA-IL MSA",26782,23186,26931
2020,19380,metro,code,19380,"Dayton, OH MSA",26888,23253,27038
2020,19460,none,,,,,,
2020,19500,state_metro,state,17001,Illinois Metro,27099,23388,27252
2020,19660,metro,code,19660,"Deltona-Daytona Beach-Ormond Beach, FL MSA",29840,25146,30030
2020,19740,metro,code,19740,"Denver-Aurora-Lakewood, CO MSA",34902,28391,35159
2020,19780,metro,code,19780,"Des Moines-West Des Moines, IA MSA",28364,24200,28534
2020,19820,metro,code,19820,"Detroit-Warren-Dearborn, MI MSA",29089,24664,29268
2020,20020,none,,,,,,
2020,20100,metro,code,20100,"Dover, DE MSA",28944,24571,29122
2020,20220,state_metro,state,19001,Iowa Metro,27718,23786,27879
2020,20260,state_metro,state,27001,Minnesota Metro,27270,23498,27425
2020,20500,metro,code,20500,"Durham-Chapel Hill, NC MSA",29959,25222,30150
2020,20700,metro,code,20700,"East Stroudsburg, PA MSA",29959,25222,30150
2020,20740,none,,,,,,
2020,20940,none,,,,,,
2020,21060,state_metro,state,21001,Kentucky Metro,25622,22442,25756
2020,21140,metro,code,21140,"Elkhart-Goshen, IN MSA",27046,23355,27198
2020,21300,none,,,,,,
2020,21340,metro,code,21340,"El Paso, TX MSA",26848,23228,26998
2020,21420,state_metro,state,40001,Oklahoma Metro,26202,22814,26343
2020,21500,metro,code,21500,"Erie, PA MSA",26888,23253,27038
2020,21660,metro,code,21660,"Eugene, OR MSA",29234,24757,29415
2020,21780,metro,code,21780,"Evansville, IN-KY MSA",27415,23591,27572
2020,21820,state_metro,state,2001,Alaska Metro,32688,26971,32915
2020,22020,metro,code,22020,"Fargo, ND-MN MSA",27494,23642,27652
2020,22140,metro,code,22140,"Farmington, NM MSA",26360,22915,26504
2020,22180,metro,code,22180,"Fayetteville, NC MSA",27520,23659,27679
2020,22220,metro,code,22220,"Fayetteville-Springdale-Rogers, AR-MO MSA",26664,23110,26811
2020,22380,state_metro,state,4001,Arizona Metro,32543,26878,32768
2020,22420,metro,code,22420,"Flint, MI MSA",26677,23118,26824
2020,22500,metro,code,22500,"Florence, SC MSA",26031,22704,26170
2020,22520,metro,code,22520,"Florence-Muscle Shoals, AL MSA",25266,22214,25395
2020,22540,none,,,,,,
2020,22660,metro,code,22660,"Fort Collins, CO MSA",31976,26515,32194
2020,22900,metro,code,22900,"Fort Smith, AR-OK MSA",25490,22358,25622
2020,23060,metro,code,23060,"Fort Wayne, IN MSA",26624,23084,26771
2020,23420,metro,code,23420,"Fresno, CA MSA",28839,24504,29015
2020,23460,none,,,,,,
2020,23540,metro,code,23540,"Gainesville, FL MSA",29194,24732,29375
2020,23580,metro,code,23580,"Gainesville, GA MSA",28100,24031,28267
2020,23900,state_metro,state,42001,Pennsylvania Metro,27454,23617,27612
2020,24020,metro,code,24020,"Glens Falls, NY MSA",28575,24335,28748
2020,24140,metro,code,24140,"Goldsboro, NC MSA",26044,22713,26183
2020,24220,state_metro,state,38001,North Dakota Metro,27626,23726,27786
2020,24260,state_metro,state,31001,Nebraska Metro,27428,23600,27586
2020,24300,none,,,,,,
2020,24340,metro,code,24340,"Grand Rapids-Wyoming, MI MSA",28114,24039,28280
2020,24420,state_metro,state,41001,Oregon Metro,29102,24673,29282
2020,24500,state_metro,state,30001,Montana Metro,27639,23735,27799
2020,24540,metro,code,24540,"Greeley, CO MSA",29445,24892,29629
2020,24580,metro,code,24580,"Green Bay, WI MSA",27204,23456,27359
2020,24660,metro,code,24660,"Greensboro-High Point, NC MSA",27059,23363,27212
2020,24780,metro,code,24780,"Greenville, NC MSA",26650,23101,26798
2020,24860,metro,code,24860,"Greenville-Anderson-Mauldin, SC MSA",27204,23456,27359
2020,25060,state_metro,state,28001,Mississippi Metro,26901,23262,27051
2020,25180,metro,code,25180,"Hagerstown-Martinsburg, MD-WV MSA",28522,24301,28694
2020,25220,state_metro,state,22001,Louisiana Metro,26690,23127,26838
2020,25260,metro,code,25260,"Hanford-Corcoran, CA MSA",27942,23929,28106
2020,25420,metro,code,25420,"Harrisburg-Carlisle, PA MSA",29260,24774,29442
2020,25500,state_metro,state,51001,Virginia Metro,27507,23650,27666
2020,25620,state_metro,state,28001,Mississippi Metro,26901,23262,27051
2020,25860,metro,code,25860,"Hickory-Lenoir-Morganton, NC MSA",25121,22121,25248
2020,25940,metro,code,25940,"Hilton Head Island-Bluffton-Beaufort, SC MSA",30499,25568,30698
2020,25980,state_metro,state,13001,Georgia Metro,25675,22476,25809
2020,26140,state_metro,state,12001,Florida Metro,26664,23110,26811
2020,26300,state_metro,state,5001,Arkansas Metro,26255,22848,26397
2020,26380,state_metro,state,22001,Louisiana Metro,26690,23127,26838
2020,26420,metro,code,26420,"Houston-The Woodlands-Sugar Land, TX MSA",30499,25568,30698
2020,26580,metro,code,26580,"Huntington-Ashland, WV-KY-OH MSA",26294,22873,26437
2020,26620,metro,code,26620,"Huntsville, AL MSA",27033,23346,27185
2020,26820,metro,code,26820,"Idaho Falls, ID MSA",26242,22839,26383
2020,26900,metro,code,26900,"Indianapolis-Carmel-Anderson, IN MSA",28351,24191,28521
2020,26980,metro,code,26980,"Iowa City, IA MSA",28904,24546,29081
2020,27060,none,,,,,,
2020,27100,metro,code,27100,"Jackson, MI MSA",26716,23143,26864
2020,27140,metro,code,27140,"Jackson, MS MSA",27810,23845,27973
2020,27180,none,,,,,,
2020,27260,metro,code,27260,"Jacksonville, FL MSA",29999,25247,30190
2020,27340,metro,code,27340,"Jacksonville, NC MSA",27639,23735,27799
2020,27500,metro,code,27500,"Janesville-Beloit, WI MSA",27468,23625,27626
2020,27620,state_metro,state,29001,Missouri Metro,25345,22265,25475
2020,27740,metro,code,27740,"Johnson City, TN MSA",25846,22586,25983
2020,27780,metro,code,27780,"Johnstown, PA MSA",24950,22011,25075
2020,27860,state_metro,state,5001,Arkansas Metro,26255,22848,26397
2020,27900,state_metro,state,29001,Missouri Metro,25345,22265,25475
2020,27980,metro,code,27980,"Kahului-Wailuku-Lahaina, HI MSA",35983,29083,36254
2020,28020,metro,code,28020,"Kalamazoo-Portage, MI MSA",27257,23490,27412
2020,28100,state_metro,state,17001,Illinois Metro,27099,23388,27252
2020,28140,metro,code,28140,"Kansas City, MO-KS MSA",28852,24512,29028
2020,28420,metro,code,28420,"Kennewick-Richland, WA MSA",28773,24462,28948
2020,28660,metro,code,28660,"Killeen-Temple, TX MSA",26980,23312,27131
2020,28700,metro,code,28700,"Kingsport-Bristol-Bristol, TN-VA MSA",25042,22070,25168
2020,28740,none,,,,,,
2020,28940,metro,code,28940,"Knoxville, TN MSA",27204,23456,27359
2020,29020,state_metro,state,18001,Indiana Metro,26242,22839,26383
2020,29100,none,,,,,,
2020,29180,metro,code,29180,"Lafayette, LA MSA",26782,23186,26931
2020,29200,metro,code,29200,"Lafayette-West Lafayette, IN MSA",28087,24022,28253
2020,29340,metro,code,29340,"Lake Charles, LA MSA",27283,23507,27439
2020,29420,state_metro,state,4001,Arizona Metro,32543,26878,32768
2020,29460,metro,code,29460,"Lakeland-Winter Haven, FL MSA",28324,24174,28494
2020,29540,metro,code,29540,"Lancaster, PA MSA",29919,25197,30110
2020,29620,metro,code,29620,"Lansing-East Lansing, MI MSA",28074,24014,28240
2020,29700,metro,code,29700,"Laredo, TX MSA",27309,23524,27465
2020,29740,metro,code,29740,"Las Cruces, NM MSA",25714,22501,25849
2020,29820,metro,code,29820,"Las Vegas-Henderson-Paradise, NV MSA",30064,25290,30257
2020,29940,state_metro,state,20001,Kansas Metro,28219,24107,28387
2020,30020,state_metro,state,40001,Oklahoma Metro,26202,22814,26343
2020,30140,state_metro,state,42001,Pennsylvania Metro,27454,23617,27612
2020,30300,state_metro,state,16001,Idaho Metro,25925,22636,26063
2020,30460,metro,code,30460,"Lexington-Fayette, KY MSA",27692,23769,27853
2020,30620,state_metro,state,39001,Ohio Metro,25873,22603,26010
2020,30700,state_metro,state,31001,Nebraska Metro,27428,23600,27586
2020,30780,metro,code,30780,"Little Rock-North Little Rock-Conway, AR MSA",27085,23380,27238
2020,30860,state_metro,state,49001,Utah Metro,26202,22814,26343
2020,30980,metro,code,30980,"Longview, TX MSA",27204,23456,27359
2020,31020,state_metro,state,53001,Washington Metro,27771,23819,27933
2020,31080,metro,code,31080,"Los Angeles-Long Beach-Anaheim, CA MSA",37657,30156,37950
2020,31140,metro,code,31140,"Louisville/Jefferson County, KY-IN MSA",27665,23752,27826
2020,31180,metro,code,31180,"Lubbock, TX MSA",28298,24157,28467
2020,31340,state_metro,state,51001,Virginia Metro,27507,23650,27666
2020,31420,metro,code,31420,"Macon, GA MSA",26822,23211,26971
2020,31460,none,,,,,,
2020,31540,metro,code,31540,"Madison, WI MSA",30368,25484,30564
2020,31740,state_metro,state,20001,Kansas Metro,28219,24107,28387
2020,31860,state_metro,state,27001,Minnesota Metro,27270,23498,27425
2020,31900,state_metro,state,39001,Ohio Metro,25873,22603,26010
2020,32580,metro,code,32580,"McAllen-Edinburg-Mission, TX MSA",26057,22721,26196
2020,32780,metro,code,32780,"Medford, OR MSA",29168,24715,29349
2020,32820,metro,code,32820,"Memphis, TN-MS-AR MSA",27982,23955,28147
2020,32900,none,,,,,,
2020,33100,metro,code,33100,"Miami-Fort Lauderdale-West Palm Beach, FL MSA",34335,28027,34584
2020,33140,state_metro,state,18001,Indiana Metro,26242,22839,26383
2020,33220,state_metro,state,26001,Michigan Metro,26519,23017,26664
2020,33260,state_metro,state,48001,Texas Metro,27599,23710,27759
2020,33340,metro,code,33340,"Milwaukee-Waukesha-West Allis, WI MSA",28549,24318,28721
2020,33460,metro,code,33460,"Minneapolis-St. Paul-Bloomington, MN-WI MSA",31514,26219,31726
2020,33540,state_metro,state,30001,Montana Metro,27639,23735,27799
2020,33660,metro,code,33660,"Mobile, AL MSA",27349,23549,27505
2020,33700,metro,code,33700,"Modesto, CA MSA",30078,25298,30270
2020,33740,metro,code,33740,"Monroe, LA MSA",26439,22966,26584
2020,33780,metro,code,33780,"Monroe, MI MSA",27771,23819,27933
2020,33860,metro,code,33860,"Montgomery, AL MSA",27705,23777,27866
2020,34060,metro,code,34060,"Morgantown, WV MSA",27402,23583,27559
2020,34100,none,,,,,,
2020,34580,metro,code,34580,"Mount Vernon-Anacortes, WA MSA",29959,25222,30150
2020,34620,state_metro,state,18001,Indiana Metro,26242,22839,26383
2020,34740,metro,code,34740,"Muskegon, MI MSA",26664,23110,26811
2020,34820,metro,code,34820,"Myrtle Beach-Conway-North Myrtle Beach, SC-NC MSA",28298,24157,28467
2020,34900,none,,,,,,
2020,34940,metro,code,34940,"Naples-Immokalee-Marco Island, FL MSA",32819,27056,33048
2020,34980,metro,code,34980,"Nashville-Davidson--Murfreesboro--Franklin, TN MSA",30091,25306,30284
2020,35100,state_metro,state,37001,North Carolina Metro,26927,23279,27078
2020,35380,metro,code,35380,"New Orleans-Metairie, LA MSA",29458,24901,29642
2020,35620,metro,code,35620,"New York-Newark-Jersey City, NY-NJ-PA MSA",35548,28805,35813
2020,35660,metro,code,35660,"Niles-Benton Harbor, MI MSA",26584,23059,26731
2020,35840,metro,code,35840,"North Port-Sarasota-Bradenton, FL MSA",31409,26151,31619
2020,36100,metro,code,36100,"Ocala, FL MSA",27586,23701,27746
2020,36140,state_metro,state,34001,New Jersey Metro,32543,26878,32768
2020,36220,metro,code,36220,"Odessa, TX MSA",30618,25644,30818
2020,36260,metro,code,36260,"Ogden-Clearfield, UT MSA",28140,24056,28307
2020,36420,metro,code,36420,"Oklahoma City, OK MSA",27718,23786,27879
2020,36500,state_metro,state,53001,Washington Metro,27771,23819,27933
2020,36540,metro,code,36540,"Omaha-Council Bluffs, NE-IA MSA",28759,24453,28935
2020,36740,metro,code,36740,"Orlando-Kissimmee-Sanford, FL MSA",31528,26227,31739
2020,36780,metro,code,36780,"Oshkosh-Neenah, WI MSA",26888,23253,27038
2020,36980,state_metro,state,21001,Kentucky Metro,25622,22442,25756
2020,37100,metro,code,37100,"Oxnard-Thousand Oaks-Ventura, CA MSA",38119,30452,38418
2020,37340,metro,code,37340,"Palm Bay-Melbourne-Titusville, FL MSA",29471,24909,29656
2020,37460,metro,code,37460,"Panama City, FL MSA",29392,24859,29576
2020,37620,state_metro,state,54001,West Virginia Metro,25517,22375,25649
2020,37860,metro,code,37860,"Pensacola-Ferry Pass-Brent, FL MSA",28377,24208,28547
2020,37900,metro,code,37900,"Peoria, IL MSA",26927,23279,27078
2020,37980,metro,code,37980,"Philadelphia-Camden-Wilmington, PA-NJ-DE-MD MSA",32029,26549,32247
2020,38060,metro,code,38060,"Phoenix-Mesa-Scottsdale, AZ MSA",30341,25467,30537
2020,38220,metro,code,38220,"Pine Bluff, AR MSA",26057,22721,26196
2020,38300,metro,code,38300,"Pittsburgh, PA MSA",27744,23803,27906
2020,38540,state_metro,state,16001,Idaho Metro,25925,22636,26063
2020,38900,metro,code,38900,"Portland-Vancouver-Hillsboro, OR-WA MSA",32622,26929,32848
2020,38940,metro,code,38940,"Port St. Lucie, FL MSA",30618,25644,30818
2020,39140,metro,code,39140,"Prescott, AZ MSA",28311,24166,28480
2020,39340,metro,code,39340,"Provo-Orem, UT MSA",28390,24217,28561
2020,39380,none,,,,,,
2020,39460,state_metro,state,12001,Florida Metro,26664,23110,26811
2020,39540,metro,code,39540,"Racine, WI MSA",27626,23726,27786
2020,39580,metro,code,39580,"Raleigh, NC MSA",30539,25594,30738
2020,39660,state_metro,state,46001,South Dakota Metro,27771,23819,27933
2020,39740,metro,code,39740,"Reading, PA MSA",28984,24597,29162
2020,39820,metro,code,39820,"Redding, CA MSA",29089,24664,29268
2020,39900,state_metro,state,32001,Nevada Metro,29801,25121,29990
2020,40060,metro,code,40060,"Richmond, VA MSA",30368,25484,30564
2020,40140,metro,code,40140,"Riverside-San Bernardino-Ontario, CA MSA",32279,26709,32501
2020,40220,metro,code,40220,"Roanoke, VA MSA",27336,23541,27492
2020,40340,state_metro,state,27001,Minnesota Metro,27270,23498,27425
2020,40380,metro,code,40380,"Rochester, NY MSA",29023,24622,29202
2020,40420,metro,code,40420,"Rockford, IL MSA",27085,23380,27238
2020,40580,state_metro,state,37001,North Carolina Metro,26927,23279,27078
2020,40660,state_metro,state,13001,Georgia Metro,25675,22476,25809
2020,40900,metro,code,40900,"Sacramento--Roseville--Arden-Arcade, CA MSA",32477,26836,32701
2020,40980,metro,code,40980,"Saginaw, MI MSA",26374,22924,26517
2020,41060,state_metro,state,27001,Minnesota Metro,27270,23498,27425
2020,41100,metro,code,41100,"St. George, UT MSA",28140,24056,28307
2020,41140,state_metro,state,29001,Missouri Metro,25345,22265,25475
2020,41180,metro,code,41180,"St. Louis, MO-IL MSA",28456,24259,28627
2020,41420,metro,code,41420,"Salem, OR MSA",28759,24453,28935
2020,41500,metro,code,41500,"Salinas, CA MSA",35087,28509,35346
2020,41540,metro,code,41540,"Salisbury, MD-DE MSA",29300,24800,29482
2020,41620,metro,code,41620,"Salt Lake City, UT MSA",30513,25577,30711
2020,41660,state_metro,state,48001,Texas Metro,27599,23710,27759
2020,41700,metro,code,41700,"San Antonio-New Braunfels, TX MSA",29999,25247,30190
2020,41740,metro,code,41740,"San Diego-Carlsbad, CA MSA",37881,30300,38177
2020,41860,metro,code,41860,"San Francisco-Oakland-Hayward, CA MSA",42165,33046,42518
2020,41940,metro,code,41940,"San Jose-Sunnyvale-Santa Clara, CA MSA",46133,35589,46538
2020,42020,metro,code,42020,"San Luis Obispo-Paso Robles-Arroyo Grande, CA MSA",35785,28957,36054
2020,42100,metro,code,42100,"Santa Cruz-Watsonville, CA MSA",39555,31373,39873
2020,42140,metro,code,42140,"Santa Fe, NM MSA",30051,25281,30243
2020,42200,metro,code,42200,"Santa Maria-Santa Barbara, CA MSA",37802,30249,38097
2020,42220,metro,code,42220,"Santa Rosa, CA MSA",37618,30131,37910
2020,42340,metro,code,42340,"Savannah, GA MSA",29498,24926,29683
2020,42540,metro,code,42540,"Scranton--Wilkes-Barre--Hazleton, PA MSA",26729,23152,26878
2020,42660,metro,code,42660,"Seattle-Tacoma-Bellevue, WA MSA",35614,28847,35880
2020,42680,state_metro,state,12001,Florida Metro,26664,23110,26811
2020,42700,state_metro,state,12001,Florida Metro,26664,23110,26811
2020,43100,none,,,,,,
2020,43300,metro,code,43300,"Sherman-Denison, TX MSA",27705,23777,27866
2020,43340,metro,code,43340,"Shreveport-Bossier City, LA MSA",27006,23329,27158
2020,43420,state_metro,state,4001,Arizona Metro,32543,26878,32768
2020,43580,state_metro,state,19001,Iowa Metro,27718,23786,27879
2020,43620,metro,code,43620,"Sioux Falls, SD MSA",27323,23532,27479
2020,43780,metro,code,43780,"South Bend-Mishawaka, IN-MI MSA",27283,23507,27439
2020,43900,metro,code,43900,"Spartanburg, SC MSA",26374,22924,26517
2020,44060,metro,code,44060,"Spokane-Spokane Valley, WA MSA",28179,24081,28347
2020,44100,metro,code,44100,"Springfield, IL MSA",27138,23414,27292
2020,44180,metro,code,44180,"Springfield, MO MSA",26176,22797,26317
2020,44220,state_metro,state,39001,Ohio Metro,25873,22603,26010
2020,44300,state_metro,state,42001,Pennsylvania Metro,27454,23617,27612
2020,44420,state_metro,state,51001,Virginia Metro,27507,23650,27666
2020,44700,metro,code,44700,"Stockton-Lodi, CA MSA",30289,25433,30484
2020,44940,state_metro,state,45001,South Carolina Metro,23763,21251,23872
2020,45060,metro,code,45060,"Syracuse, NY MSA",28008,23971,28173
2020,45220,metro,code,45220,"Tallahassee, FL MSA",29076,24656,29255
2020,45300,metro,code,45300,"Tampa-St. Petersburg-Clearwater, FL MSA",30789,25754,30991
2020,45460,metro,code,45460,"Terre Haute, IN MSA",26571,23051,26717
2020,45500,state_metro,state,48001,Texas Metro,27599,23710,27759
2020,45540,state_metro,state,12001,Florida Metro,26664,23110,26811
2020,45780,metro,code,45780,"Toledo, OH MSA",26387,22932,26530
2020,45820,metro,code,45820,"Topeka, KS MSA",27428,23600,27586
2020,45940,metro,code,45940,"Trenton, NJ MSA",34770,28306,35025
2020,46060,metro,code,46060,"Tucson, AZ MSA",28430,24242,28601
2020,46140,metro,code,46140,"Tulsa, OK MSA",27652,23743,27813
2020,46220,none,,,,,,
2020,46300,state_metro,state,16001,Idaho Metro,25925,22636,26063
2020,46340,metro,code,46340,"Tyler, TX MSA",28469,24267,28641
2020,46520,metro,code,46520,"Urban Honolulu, HI MSA",38382,30621,38685
2020,46540,metro,code,46540,"Utica-Rome, NY MSA",26782,23186,26931
2020,46660,state_metro,state,13001,Georgia Metro,25675,22476,25809
2020,46700,metro,code,46700,"Vallejo-Fairfield, CA MSA",34929,28407,35185
2020,47020,state_metro,state,48001,Texas Metro,27599,23710,27759
2020,47220,metro,code,47220,"Vineland-Bridgeton, NJ MSA",30961,25864,31165
2020,47260,metro,code,47260,"Virginia Beach-Norfolk-Newport News, VA-NC MSA",30763,25737,30965
2020,47300,metro,code,47300,"Visalia-Porterville, CA MSA",27692,23769,27853
2020,47380,metro,code,47380,"Waco, TX MSA",27863,23879,28026
2020,47460,state_metro,state,53001,Washington Metro,27771,23819,27933
2020,47580,metro,code,47580,"Warner Robins, GA MSA",26954,23296,27105
2020,47900,metro,code,47900,"Washington-Arlington-Alexandria, DC-VA-MD-WV MSA",37868,30292,38164
2020,47940,metro,code,47940,"Waterloo-Cedar Falls, IA MSA",26782,23186,26931
2020,48060,metro,code,48060,"Watertown-Fort Drum, NY MSA",29115,24681,29295
2020,48140,metro,code,48140,"Wausau, WI MSA",26611,23076,26757
2020,48260,state_metro,state,54001,West Virginia Metro,25517,22375,25649
2020,48300,state_metro,state,53001,Washington Metro,27771,23819,27933
2020,48540,state_metro,state,54001,West Virginia Metro,25517,22375,25649
2020,48620,metro,code,48620,"Wichita, KS MSA",27072,23372,27225
2020,48660,metro,code,48660,"Wichita Falls, TX MSA",26650,23101,26798
2020,48700,metro,code,48700,"Williamsport, PA MSA",26809,23203,26958
2020,48900,state_metro,state,37001,North Carolina Metro,26927,23279,27078
2020,49020,metro,code,49020,"Winchester, VA-WV MSA",30012,25256,30203
2020,49180,metro,code,49180,"Winston-Salem, NC MSA",26268,22856,26410
2020,49420,state_metro,state,53001,Washington Metro,27771,23819,27933
2020,49620,metro,code,49620,"York-Hanover, PA MSA",28878,24529,29055
2020,49660,metro,code,49660,"Youngstown-Warren-Boardman, OH-PA MSA",25464,22341,25595
2020,49700,none,,,,,,
2020,49740,metro,code,49740,"Yuma, AZ MSA",26756,23169,26904
2020,70750,metro,hand,12620,"Bangor, ME MSA",28127,24048,28293
2020,70900,metro,hand,12700,"Barnstable Town, MA MSA",35153,28551,35412
2020,71650,metro,hand,14460,"Boston-Cambridge-Newton, MA-NH MSA",36484,29404,36761
2020,71950,metro,hand,14860,"Bridgeport-Stamford-Norwalk, CT MSA",36352,29320,36628
2020,72400,metro,hand,15540,"Burlington-South Burlington, VT MSA",33505,27495,33743
2020,72850,none,,,,,,
2020,73050,none,,,,,,
2020,73450,metro,hand,25540,"Hartford-West Hartford-East Hartford, CT MSA",31818,26413,32033
2020,74500,state_metro,state,25001,Massachusetts Metro,29194,24732,29375
2020,74650,metro,hand,30340,"Lewiston-Auburn, ME MSA",27072,23372,27225
2020,74950,metro,hand,31700,"Manchester-Nashua, NH MSA",32912,27115,33142
2020,75550,state_metro,state,25001,Massachusetts Metro,29194,24732,29375
2020,75700,metro,hand,35300,"New Haven-Milford, CT MSA",32081,26582,32300
2020,76450,metro,hand,35980,"Norwich-New London, CT MSA",31224,26033,31432
2020,76600,state_metro,state,25001,Massachusetts Metro,29194,24732,29375
2020,76750,metro,hand,38860,"Portland-South Portland, ME MSA",31185,26008,31392
2020,76900,none,,,,,,
2020,77200,metro,hand,39300,"Providence-Warwick, RI-MA MSA",29656,25028,29843
2020,78100,metro,hand,44140,"Springfield, MA MSA",29524,24943,29709
2020,78700,none,,,,,,
2020,79600,metro,hand,49340,"Worcester, MA-CT MSA",30763,25737,30965
2020,0100001,state_nonmetro,state,1002,Alabama Nonmetro,24462,21699,24580
2020,0100002,state_nonmetro,state,1002,Alabama Nonmetro,24462,21699,24580
2020,0100003,state_nonmetro,state,1002,Alabama Nonmetro,24462,21699,24580
2020,0100004,state_nonmetro,state,1002,Alabama Nonmetro,24462,21699,24580
2020,1200003,state_nonmetro,state,12002,Florida Nonmetro,25279,22222,25408
2020,1200006,state_nonmetro,state,12002,Florida Nonmetro,25279,22222,25408
2020,1300001,state_nonmetro,state,13002,Georgia Nonmetro,25187,22163,25315
2020,1300002,state_nonmetro,state,13002,Georgia Nonmetro,25187,22163,25315
2020,1300003,state_nonmetro,state,13002,Georgia Nonmetro,25187,22163,25315
2020,1300004,state_nonmetro,state,13002,Georgia Nonmetro,25187,22163,25315
2020,1500001,state_nonmetro,state,15002,Hawaii Nonmetro,32266,26701,32487
2020,1600006,state_nonmetro,state,16002,Idaho Nonmetro,25978,22670,26116
2020,1600007,state_nonmetro,state,16002,Idaho Nonmetro,25978,22670,26116
2020,1700001,state_nonmetro,state,17002,Illinois Nonmetro,25780,22544,25916
2020,1700002,state_nonmetro,state,17002,Illinois Nonmetro,25780,22544,25916
2020,1700003,state_nonmetro,state,17002,Illinois Nonmetro,25780,22544,25916
2020,1700004,state_nonmetro,state,17002,Illinois Nonmetro,25780,22544,25916
2020,1800001,state_nonmetro,state,18002,Indiana Nonmetro,25767,22535,25903
2020,1800002,state_nonmetro,state,18002,Indiana Nonmetro,25767,22535,25903
2020,1800003,state_nonmetro,state,18002,Indiana Nonmetro,25767,22535,25903
2020,1900001,state_nonmetro,state,19002,Iowa Nonmetro,25187,22163,25315
2020,1900002,state_nonmetro,state,19002,Iowa Nonmetro,25187,22163,25315
2020,1900003,state_nonmetro,state,19002,Iowa Nonmetro,25187,22163,25315
2020,1900004,state_nonmetro,state,19002,Iowa Nonmetro,25187,22163,25315
2020,2000006,state_nonmetro,state,20002,Kansas Nonmetro,25490,22358,25622
2020,0200006,state_nonmetro,state,2002,Alaska Nonmetro,32279,26709,32501
2020,2100001,state_nonmetro,state,21002,Kentucky Nonmetro,25016,22053,25141
2020,2100002,state_nonmetro,state,21002,Kentucky Nonmetro,25016,22053,25141
2020,2100003,state_nonmetro,state,21002,Kentucky Nonmetro,25016,22053,25141
2020,2100004,state_nonmetro,state,21002,Kentucky Nonmetro,25016,22053,25141
2020,2200002,state_nonmetro,state,22002,Louisiana Nonmetro,25609,22434,25742
2020,2200003,state_nonmetro,state,22002,Louisiana Nonmetro,25609,22434,25742
2020,2200006,state_nonmetro,state,22002,Louisiana Nonmetro,25609,22434,25742
2020,2300001,state_nonmetro,state,23002,Maine Nonmetro,26624,23084,26771
2020,2300002,state_nonmetro,state,23002,Maine Nonmetro,26624,23084,26771
2020,2400006,state_nonmetro,state,24002,Maryland Nonmetro,28483,24276,28654
2020,2500006,state_nonmetro,state,25002,Massachusetts Nonmetro,37156,29835,37443
2020,2600001,state_nonmetro,state,26002,Michigan Nonmetro,26664,23110,26811
2020,2600002,state_nonmetro,state,26002,Michigan Nonmetro,26664,23110,26811
2020,2600003,state_nonmetro,state,26002,Michigan Nonmetro,26664,23110,26811
2020,2600004,state_nonmetro,state,26002,Michigan Nonmetro,26664,23110,26811
2020,2700001,state_nonmetro,state,27002,Minnesota Nonmetro,26347,22907,26490
2020,2700002,state_nonmetro,state,27002,Minnesota Nonmetro,26347,22907,26490
2020,2700003,state_nonmetro,state,27002,Minnesota Nonmetro,26347,22907,26490
2020,2700004,state_nonmetro,state,27002,Minnesota Nonmetro,26347,22907,26490
2020,2800001,state_nonmetro,state,28002,Mississippi Nonmetro,25003,22045,25128
2020,2800002,state_nonmetro,state,28002,Mississippi Nonmetro,25003,22045,25128
2020,2800003,state_nonmetro,state,28002,Mississippi Nonmetro,25003,22045,25128
2020,2800004,state_nonmetro,state,28002,Mississippi Nonmetro,25003,22045,25128
2020,2900001,state_nonmetro,state,29002,Missouri Nonmetro,25372,22282,25502
2020,2900002,state_nonmetro,state,29002,Missouri Nonmetro,25372,22282,25502
2020,2900003,state_nonmetro,state,29002,Missouri Nonmetro,25372,22282,25502
2020,2900004,state_nonmetro,state,29002,Missouri Nonmetro,25372,22282,25502
2020,3000003,state_nonmetro,state,30002,Montana Nonmetro,27375,23566,27532
2020,3000004,state_nonmetro,state,30002,Montana Nonmetro,27375,23566,27532
2020,3000006,state_nonmetro,state,30002,Montana Nonmetro,27375,23566,27532
2020,3100001,state_nonmetro,state,31002,Nebraska Nonmetro,25886,22611,26023
2020,3100003,state_nonmetro,state,31002,Nebraska Nonmetro,25886,22611,26023
2020,3100006,state_nonmetro,state,31002,Nebraska Nonmetro,25886,22611,26023
2020,3200006,state_nonmetro,state,32002,Nevada Nonmetro,28034,23988,28200
2020,3300001,state_nonmetro,state,33002,New Hampshire Nonmetro,30144,25340,30337
2020,3300002,state_nonmetro,state,33002,New Hampshire Nonmetro,30144,25340,30337
2020,3300006,state_nonmetro,state,33002,New Hampshire Nonmetro,30144,25340,30337
2020,3500006,state_nonmetro,state,35002,New Mexico Nonmetro,26242,22839,26383
2020,3500007,state_nonmetro,state,35002,New Mexico Nonmetro,26242,22839,26383
2020,3600001,state_nonmetro,state,36002,New York Nonmetro,26374,22924,26517
2020,3600004,state_nonmetro,state,36002,New York Nonmetro,26374,22924,26517
2020,3600006,state_nonmetro,state,36002,New York Nonmetro,26374,22924,26517
2020,3700001,state_nonmetro,state,37002,North Carolina Nonmetro,25424,22315,25555
2020,3700002,state_nonmetro,state,37002,North Carolina Nonmetro,25424,22315,25555
2020,3700003,state_nonmetro,state,37002,North Carolina Nonmetro,25424,22315,25555
2020,3700004,state_nonmetro,state,37002,North Carolina Nonmetro,25424,22315,25555
2020,3800006,state_nonmetro,state,38002,North Dakota Nonmetro,27428,23600,27586
2020,3800007,state_nonmetro,state,38002,North Dakota Nonmetro,27428,23600,27586
2020,3900001,state_nonmetro,state,39002,Ohio Nonmetro,25503,22366,25636
2020,3900002,state_nonmetro,state,39002,Ohio Nonmetro,25503,22366,25636
2020,3900003,state_nonmetro,state,39002,Ohio Nonmetro,25503,22366,25636
2020,3900004,state_nonmetro,state,39002,Ohio Nonmetro,25503,22366,25636
2020,4000001,state_nonmetro,state,40002,Oklahoma Nonmetro,25213,22180,25342
2020,4000002,state_nonmetro,state,40002,Oklahoma Nonmetro,25213,22180,25342
2020,4000003,state_nonmetro,state,40002,Oklahoma Nonmetro,25213,22180,25342
2020,4000004,state_nonmetro,state,40002,Oklahoma Nonmetro,25213,22180,25342
2020,0400001,state_nonmetro,state,4002,Arizona Nonmetro,25187,22163,25315
2020,4100006,state_nonmetro,state,41002,Oregon Nonmetro,27375,23566,27532
2020,4100007,state_nonmetro,state,41002,Oregon Nonmetro,27375,23566,27532
2020,4100008,state_nonmetro,state,41002,Oregon Nonmetro,27375,23566,27532
2020,4200001,state_nonmetro,state,42002,Pennsylvania Nonmetro,25569,22408,25702
2020,4200002,state_nonmetro,state,42002,Pennsylvania Nonmetro,25569,22408,25702
2020,4200003,state_nonmetro,state,42002,Pennsylvania Nonmetro,25569,22408,25702
2020,4500002,state_nonmetro,state,45002,South Carolina Nonmetro,25424,22315,25555
2020,4500004,state_nonmetro,state,45002,South Carolina Nonmetro,25424,22315,25555
2020,4500006,state_nonmetro,state,45002,South Carolina Nonmetro,25424,22315,25555
2020,4600002,state_nonmetro,state,46002,South Dakota Nonmetro,25451,22332,25582
2020,4600003,state_nonmetro,state,46002,South Dakota Nonmetro,25451,22332,25582
2020,4700001,state_nonmetro,state,47002,Tennessee Nonmetro,25583,22417,25716
2020,4700002,state_nonmetro,state,47002,Tennessee Nonmetro,25583,22417,25716
2020,4700003,state_nonmetro,state,47002,Tennessee Nonmetro,25583,22417,25716
2020,4700004,state_nonmetro,state,47002,Tennessee Nonmetro,25583,22417,25716
2020,4800001,state_nonmetro,state,48002,Texas Nonmetro,26967,23304,27118
2020,4800002,state_nonmetro,state,48002,Texas Nonmetro,26967,23304,27118
2020,4800003,state_nonmetro,state,48002,Texas Nonmetro,26967,23304,27118
2020,4800004,state_nonmetro,state,48002,Texas Nonmetro,26967,23304,27118
2020,4800005,state_nonmetro,state,48002,Texas Nonmetro,26967,23304,27118
2020,4800006,state_nonmetro,state,48002,Texas Nonmetro,26967,23304,27118
2020,4900006,state_nonmetro,state,49002,Utah Nonmetro,25952,22653,26090
2020,4900007,state_nonmetro,state,49002,Utah Nonmetro,25952,22653,26090
2020,5000001,state_nonmetro,state,50002,Vermont Nonmetro,28970,24588,29148
2020,5000002,state_nonmetro,state,50002,Vermont Nonmetro,28970,24588,29148
2020,0500001,state_nonmetro,state,5002,Arkansas Nonmetro,24923,21994,25048
2020,0500002,state_nonmetro,state,5002,Arkansas Nonmetro,24923,21994,25048
2020,0500003,state_nonmetro,state,5002,Arkansas Nonmetro,24923,21994,25048
2020,0500004,state_nonmetro,state,5002,Arkansas Nonmetro,24923,21994,25048
2020,5100001,state_nonmetro,state,51002,Virginia Nonmetro,25569,22408,25702
2020,5100002,state_nonmetro,state,51002,Virginia Nonmetro,25569,22408,25702
2020,5100003,state_nonmetro,state,51002,Virginia Nonmetro,25569,22408,25702
2020,5100004,state_nonmetro,state,51002,Virginia Nonmetro,25569,22408,25702
2020,5300006,state_nonmetro,state,53002,Washington Nonmetro,25833,22577,25969
2020,5300007,state_nonmetro,state,53002,Washington Nonmetro,25833,22577,25969
2020,5400001,state_nonmetro,state,54002,West Virginia Nonmetro,25503,22366,25636
2020,5400002,state_nonmetro,state,54002,West Virginia Nonmetro,25503,22366,25636
2020,5500001,state_nonmetro,state,55002,Wisconsin Nonmetro,26163,22789,26303
2020,5500002,state_nonmetro,state,55002,Wisconsin Nonmetro,26163,22789,26303
2020,5500003,state_nonmetro,state,55002,Wisconsin Nonmetro,26163,22789,26303
2020,5500004,state_nonmetro,state,55002,Wisconsin Nonmetro,26163,22789,26303
2020,5600006,state_nonmetro,state,56002,Wyoming Nonmetro,26756,23169,26904
2020,5600007,state_nonmetro,state,56002,Wyoming Nonmetro,26756,23169,26904
2020,0600003,state_nonmetro,state,6002,California Nonmetro,29643,25019,29829
2020,0600006,state_nonmetro,state,6002,California Nonmetro,29643,25019,29829
2020,0600007,state_nonmetro,state,6002,California Nonmetro,29643,25019,29829
2020,0800001,state_nonmetro,state,8002,Colorado Nonmetro,29353,24833,29536
2020,0800002,state_nonmetro,state,8002,Colorado Nonmetro,29353,24833,29536
2020,0800003,state_nonmetro,state,8002,Colorado Nonmetro,29353,24833,29536
2020,0900001,state_nonmetro,state,9002,Connecticut Nonmetro,30855,25797,31058
2021,11500,none,,,,,,
2021,12220,metro,code,12220,"Auburn-Opelika, AL MSA",28288,24447,28564
2021,13820,metro,code,13820,"Birmingham-Hoover, AL MSA",28880,24832,29170
2021,19300,metro,code,19300,"Daphne-Fairhope-Foley, AL MSA",30832,26100,31171
2021,19460,none,,,,,,
2021,20020,none,,,,,,
2021,22520,metro,code,22520,"Florence-Muscle Shoals, AL MSA",26226,23107,26451
2021,23460,none,,,,,,
2021,26620,metro,code,26620,"Huntsville, AL MSA",28220,24403,28494
2021,33660,metro,code,33660,"Mobile, AL MSA",28220,24403,28494
2021,33860,metro,code,33860,"Montgomery, AL MSA",28385,24510,28663
2021,46220,none,,,,,,
2021,11260,state_metro,state,2001,Alaska Metro,33513,27843,33919
2021,21820,state_metro,state,2001,Alaska Metro,33513,27843,33919
2021,22380,state_metro,state,4001,Arizona Metro,32894,27441,33285
2021,29420,state_metro,state,4001,Arizona Metro,32894,27441,33285
2021,38060,metro,code,38060,"Phoenix-Mesa-Scottsdale, AZ MSA",31891,26788,32256
2021,39140,metro,code,39140,"Prescott, AZ MSA",29966,25537,30283
2021,43420,state_metro,state,4001,Arizona Metro,32894,27441,33285
2021,46060,metro,code,46060,"Tucson, AZ MSA",29581,25287,29889
2021,49740,metro,code,49740,"Yuma, AZ MSA",27697,24063,27958
2021,12540,metro,code,12540,"Bakersfield, CA MSA",29168,25019,29466
2021,17020,metro,code,17020,"Chico, CA MSA",30791,26073,31129
2021,20940,none,,,,,,
2021,23420,metro,code,23420,"Fresno, CA MSA",29980,25546,30298
2021,25260,metro,code,25260,"Hanford-Corcoran, CA MSA",29003,24912,29297
2021,31080,metro,code,31080,"Los Angeles-Long Beach-Anaheim, CA MSA",39508,31738,40063
2021,31460,none,,,,,,
2021,32900,none,,,,,,
2021,33700,metro,code,33700,"Modesto, CA MSA",31409,26476,31763
2021,34900,none,,,,,,
2021,37100,metro,code,37100,"Oxnard-Thousand Oaks-Ventura, CA MSA",39893,31988,40457
2021,39820,metro,code,39820,"Redding, CA MSA",30255,25725,30579
2021,40140,metro,code,40140,"Riverside-San Bernardino-Ontario, CA MSA",33953,28129,34370
2021,40900,metro,code,40900,"Sacramento--Roseville--Arden-Arcade, CA MSA",34297,28352,34722
2021,41500,metro,code,41500,"Salinas, CA MSA",37047,30139,37540
2021,41740,metro,code,41740,"San Diego-Carlsbad, CA MSA",39865,31971,40429
2021,41860,metro,code,41860,"San Francisco-Oakland-Hayward, CA MSA",44513,34990,45192
2021,41940,metro,code,41940,"San Jose-Sunnyvale-Santa Clara, CA MSA",48582,37635,49363
2021,42020,metro,code,42020,"San Luis Obispo-Paso Robles-Arroyo Grande, CA MSA",37322,30318,37822
2021,42100,metro,code,42100,"Santa Cruz-Watsonville, CA MSA",42794,33874,43430
2021,42200,metro,code,42200,"Santa Maria-Santa Barbara, CA MSA",39577,31783,40133
2021,42220,metro,code,42220,"Santa Rosa, CA MSA",40374,32301,40950
2021,44700,metro,code,44700,"Stockton-Lodi, CA MSA",31891,26788,32256
2021,46700,metro,code,46700,"Vallejo-Fairfield, CA MSA",37652,30532,38160
2021,47300,metro,code,47300,"Visalia-Porterville, CA MSA",28811,24787,29100
2021,49700,none,,,,,,
2021,14500,metro,code,14500,"Boulder, CO MSA",37762,30603,38273
2021,17820,metro,code,17820,"Colorado Springs, CO MSA",32124,26940,32496
2021,19740,metro,code,19740,"Denver-Aurora-Lakewood, CO MSA",36675,29898,37160
2021,22660,metro,code,22660,"Fort Collins, CO MSA",33541,27860,33947
2021,24300,none,,,,,,
2021,24540,metro,code,24540,"Greeley, CO MSA",30736,26038,31073
2021,39380,none,,,,,,
2021,15980,metro,code,15980,"Cape Coral-Fort Myers, FL MSA",32014,26869,32383
2021,18880,state_metro,state,12001,Florida Metro,27450,23902,27705
2021,19660,metro,code,19660,"Deltona-Daytona Beach-Ormond Beach, FL MSA",31148,26306,31495
2021,23540,metro,code,23540,"Gainesville, FL MSA",30406,25823,30734
2021,26140,state_metro,state,12001,Florida Metro,27450,23902,27705
2021,27260,metro,code,27260,"Jacksonville, FL MSA",31107,26279,31453
2021,29460,metro,code,29460,"Lakeland-Winter Haven, FL MSA",29320,25117,29621
2021,33100,metro,code,33100,"Miami-Fort Lauderdale-West Palm Beach, FL MSA",35782,29317,36244
2021,34940,metro,code,34940,"Naples-Immokalee-Marco Island, FL MSA",34421,28432,34849
2021,35840,metro,code,35840,"North Port-Sarasota-Bradenton, FL MSA",32922,27458,33313
2021,36100,metro,code,36100,"Ocala, FL MSA",28797,24778,29086
2021,36740,metro,code,36740,"Orlando-Kissimmee-Sanford, FL MSA",33073,27557,33468
2021,37340,metro,code,37340,"Palm Bay-Melbourne-Titusville, FL MSA",30708,26020,31044
2021,37460,metro,code,37460,"Panama City, FL MSA",30543,25913,30875
2021,37860,metro,code,37860,"Pensacola-Ferry Pass-Brent, FL MSA",29457,25207,29762
2021,38940,metro,code,38940,"Port St. Lucie, FL MSA",31657,26636,32017
2021,39460,state_metro,state,12001,Florida Metro,27450,23902,27705
2021,42680,state_metro,state,12001,Florida Metro,27450,23902,27705
2021,42700,state_metro,state,12001,Florida Metro,27450,23902,27705
2021,45220,metro,code,45220,"Tallahassee, FL MSA",29773,25412,30086
2021,45300,metro,code,45300,"Tampa-St. Petersburg-Clearwater, FL MSA",32138,26949,32510
2021,45540,state_metro,state,12001,Florida Metro,27450,23902,27705
2021,27980,metro,code,27980,"Kahului-Wailuku-Lahaina, HI MSA",37060,30148,37554
2021,46520,metro,code,46520,"Urban Honolulu, HI MSA",40113,32131,40683
2021,29940,state_metro,state,20001,Kansas Metro,29058,24948,29353
2021,31740,state_metro,state,20001,Kansas Metro,29058,24948,29353
2021,45820,metro,code,45820,"Topeka, KS MSA",28275,24438,28550
2021,48620,metro,code,48620,"Wichita, KS MSA",28068,24304,28339
2021,14540,metro,code,14540,"Bowling Green, KY MSA",27642,24027,27902
2021,21060,state_metro,state,21001,Kentucky Metro,26570,23330,26803
2021,30460,metro,code,30460,"Lexington-Fayette, KY MSA",28536,24608,28818
2021,36980,state_metro,state,21001,Kentucky Metro,26570,23330,26803
2021,10780,state_metro,state,22001,Louisiana Metro,27656,24036,27916
2021,12940,metro,code,12940,"Baton Rouge, LA MSA",29100,24975,29396
2021,25220,state_metro,state,22001,Louisiana Metro,27656,24036,27916
2021,26380,state_metro,state,22001,Louisiana Metro,27656,24036,27916
2021,29180,metro,code,29180,"Lafayette, LA MSA",27766,24108,28029
2021,29340,metro,code,29340,"Lake Charles, LA MSA",28220,24403,28494
2021,33740,metro,code,33740,"Monroe, LA MSA",27257,23777,27508
2021,35380,metro,code,35380,"New Orleans-Metairie, LA MSA",30543,25913,30875
2021,43340,metro,code,43340,"Shreveport-Bossier City, LA MSA",27876,24179,28142
2021,12580,metro,code,12580,"Baltimore-Columbia-Towson, MD MSA",34847,28709,35286
2021,15680,metro,code,15680,"California-Lexington Park, MD MSA",34407,28423,34835
2021,70900,metro,hand,12700,"Barnstable Town, MA MSA",35809,29335,36272
2021,74500,state_metro,state,25001,Massachusetts Metro,30103,25627,30424
2021,75550,state_metro,state,25001,Massachusetts Metro,30103,25627,30424
2021,76600,state_metro,state,25001,Massachusetts Metro,30103,25627,30424
2021,11460,metro,code,11460,"Ann Arbor, MI MSA",32881,27432,33271
2021,12980,metro,code,12980,"Battle Creek, MI MSA",27725,24081,27987
2021,13020,state_metro,state,26001,Michigan Metro,27546,23965,27803
2021,19820,metro,code,19820,"Detroit-Warren-Dearborn, MI MSA",30103,25627,30424
2021,22420,metro,code,22420,"Flint, MI MSA",27491,23929,27747
2021,24340,metro,code,24340,"Grand Rapids-Wyoming, MI MSA",29306,25109,29607
2021,27100,metro,code,27100,"Jackson, MI MSA",27546,23965,27803
2021,28020,metro,code,28020,"Kalamazoo-Portage, MI MSA",28385,24510,28663
2021,29620,metro,code,29620,"Lansing-East Lansing, MI MSA",29155,25010,29452
2021,33220,state_metro,state,26001,Michigan Metro,27546,23965,27803
2021,33780,metro,code,33780,"Monroe, MI MSA",28907,24849,29198
2021,34740,metro,code,34740,"Muskegon, MI MSA",27766,24108,28029
2021,35660,metro,code,35660,"Niles-Benton Harbor, MI MSA",27642,24027,27902
2021,40980,metro,code,40980,"Saginaw, MI MSA",27216,23750,27465
2021,25060,state_metro,state,28001,Mississippi Metro,27821,24144,28085
2021,25620,state_metro,state,28001,Mississippi Metro,27821,24144,28085
2021,27140,metro,code,27140,"Jackson, MS MSA",28783,24769,29072
2021,13740,metro,code,13740,"Billings, MT MSA",28825,24796,29114
2021,24500,state_metro,state,30001,Montana Metro,28715,24724,29001
2021,33540,state_metro,state,30001,Montana Metro,28715,24724,29001
2021,16180,state_metro,state,32001,Nevada Metro,31506,26538,31862
2021,29820,metro,code,29820,"Las Vegas-Henderson-Paradise, NV MSA",31437,26493,31791
2021,39900,state_metro,state,32001,Nevada Metro,31506,26538,31862
2021,10740,metro,code,10740,"Albuquerque, NM MSA",28962,24885,29255
2021,22140,metro,code,22140,"Farmington, NM MSA",26955,23581,27198
2021,29740,metro,code,29740,"Las Cruces, NM MSA",26528,23304,26761
2021,42140,metro,code,42140,"Santa Fe, NM MSA",31808,26735,32172
2021,10580,metro,code,10580,"Albany-Schenectady-Troy, NY MSA",31423,26485,31777
2021,13780,metro,code,13780,"Binghamton, NY MSA",27752,24099,28015
2021,15380,metro,code,15380,"Buffalo-Cheektowaga-Niagara Falls, NY MSA",28082,24313,28353
2021,21300,none,,,,,,
2021,24020,metro,code,24020,"Glens Falls, NY MSA",29416,25180,29720
2021,27060,none,,,,,,
2021,28740,none,,,,,,
2021,40380,metro,code,40380,"Rochester, NY MSA",29897,25493,30213
2021,45060,metro,code,45060,"Syracuse, NY MSA",28935,24867,29227
2021,46540,metro,code,46540,"Utica-Rome, NY MSA",27642,24027,27902
2021,48060,metro,code,48060,"Watertown-Fort Drum, NY MSA",29966,25537,30283
2021,13900,state_metro,state,38001,North Dakota Metro,28220,24403,28494
2021,21420,state_metro,state,40001,Oklahoma Metro,26762,23456,27000
2021,30020,state_metro,state,40001,Oklahoma Metro,26762,23456,27000
2021,36420,metro,code,36420,"Oklahoma City, OK MSA",28687,24706,28973
2021,46140,metro,code,46140,"Tulsa, OK MSA",28481,24572,28762
2021,39660,state_metro,state,46001,South Dakota Metro,28660,24689,28945
2021,43620,metro,code,43620,"Sioux Falls, SD MSA",28137,24349,28409
2021,10180,metro,code,10180,"Abilene, TX MSA",29320,25117,29621
2021,11100,metro,code,11100,"Amarillo, TX MSA",28618,24662,28903
2021,12420,metro,code,12420,"Austin-Round Rock, TX MSA",34998,28808,35441
2021,13140,metro,code,13140,"Beaumont-Port Arthur, TX MSA",28330,24474,28607
2021,15180,metro,code,15180,"Brownsville-Harlingen, TX MSA",26790,23473,27028
2021,17780,metro,code,17780,"College Station-Bryan, TX MSA",29058,24948,29353
2021,18580,metro,code,18580,"Corpus Christi, TX MSA",30956,26181,31298
2021,19100,metro,code,19100,"Dallas-Fort Worth-Arlington, TX MSA",32757,27351,33144
2021,21340,metro,code,21340,"El Paso, TX MSA",27683,24054,27944
2021,26420,metro,code,26420,"Houston-The Woodlands-Sugar Land, TX MSA",31808,26735,32172
2021,28660,metro,code,28660,"Killeen-Temple, TX MSA",28041,24287,28311
2021,29700,metro,code,29700,"Laredo, TX MSA",28082,24313,28353
2021,30980,metro,code,30980,"Longview, TX MSA",28110,24331,28381
2021,31180,metro,code,31180,"Lubbock, TX MSA",29127,24992,29424
2021,32580,metro,code,32580,"McAllen-Edinburg-Mission, TX MSA",26996,23607,27240
2021,33260,state_metro,state,48001,Texas Metro,28495,24581,28776
2021,36220,metro,code,36220,"Odessa, TX MSA",31698,26663,32059
2021,41660,state_metro,state,48001,Texas Metro,28495,24581,28776
2021,41700,metro,code,41700,"San Antonio-New Braunfels, TX MSA",31286,26395,31636
2021,43300,metro,code,43300,"Sherman-Denison, TX MSA",28522,24599,28804
2021,46340,metro,code,46340,"Tyler, TX MSA",29485,25225,29790
2021,47020,state_metro,state,48001,Texas Metro,28495,24581,28776
2021,47380,metro,code,47380,"Waco, TX MSA",28756,24751,29043
2021,48660,metro,code,48660,"Wichita Falls, TX MSA",27463,23911,27719
2021,36260,metro,code,36260,"Ogden-Clearfield, UT MSA",29581,25287,29889
2021,39340,metro,code,39340,"Provo-Orem, UT MSA",29498,25234,29804
2021,41100,metro,code,41100,"St. George, UT MSA",29512,25243,29818
2021,41620,metro,code,41620,"Salt Lake City, UT MSA",32014,26869,32383
2021,72400,metro,hand,15540,"Burlington-South Burlington, VT MSA",34599,28548,35032
2021,13380,state_metro,state,53001,Washington Metro,28976,24894,29269
2021,14740,state_metro,state,53001,Washington Metro,28976,24894,29269
2021,28420,metro,code,28420,"Kennewick-Richland, WA MSA",30241,25716,30565
2021,31020,state_metro,state,53001,Washington Metro,28976,24894,29269
2021,34580,metro,code,34580,"Mount Vernon-Anacortes, WA MSA",31451,26502,31805
2021,36500,state_metro,state,53001,Washington Metro,28976,24894,29269
2021,42660,metro,code,42660,"Seattle-Tacoma-Bellevue, WA MSA",37720,30577,38231
2021,44060,metro,code,44060,"Spokane-Spokane Valley, WA MSA",29402,25171,29706
2021,47460,state_metro,state,53001,Washington Metro,28976,24894,29269
2021,48300,state_metro,state,53001,Washington Metro,28976,24894,29269
2021,49420,state_metro,state,53001,Washington Metro,28976,24894,29269
2021,11540,metro,code,11540,"Appleton, WI MSA",28027,24278,28297
2021,20740,none,,,,,,
2021,22540,none,,,,,,
2021,24580,metro,code,24580,"Green Bay, WI MSA",28165,24367,28438
2021,27500,metro,code,27500,"Janesville-Beloit, WI MSA",28288,24447,28564
2021,31540,metro,code,31540,"Madison, WI MSA",31506,26538,31862
2021,33340,metro,code,33340,"Milwaukee-Waukesha-West Allis, WI MSA",29402,25171,29706
2021,36780,metro,code,36780,"Oshkosh-Neenah, WI MSA",27697,24063,27958
2021,39540,metro,code,39540,"Racine, WI MSA",28522,24599,28804
2021,43100,none,,,,,,
2021,48140,metro,code,48140,"Wausau, WI MSA",27766,24108,28029
2021,16220,state_metro,state,56001,Wyoming Metro,28178,24376,28452
2021,16940,state_metro,state,56001,Wyoming Metro,28178,24376,28452
2021,26300,state_metro,state,5001,Arkansas Metro,26927,23563,27169
2021,27860,state_metro,state,5001,Arkansas Metro,26927,23563,27169
2021,30780,metro,code,30780,"Little Rock-North Little Rock-Conway, AR MSA",27986,24251,28254
2021,38220,metro,code,38220,"Pine Bluff, AR MSA",26872,23527,27113
2021,22900,metro,code,22900,"Fort Smith, AR-OK MSA",26308,23161,26535
2021,45500,state_metro,state,48001,Texas Metro,28495,24581,28776
2021,71950,metro,hand,14860,"Bridgeport-Stamford-Norwalk, CT MSA",37542,30461,38048
2021,72850,none,,,,,,
2021,73450,metro,hand,25540,"Hartford-West Hartford-East Hartford, CT MSA",33004,27512,33398
2021,75700,metro,hand,35300,"New Haven-Milford, CT MSA",33059,27548,33454
2021,78700,none,,,,,,
2021,78100,metro,hand,44140,"Springfield, MA MSA",30557,25922,30889
2021,79600,metro,hand,49340,"Worcester, MA-CT MSA",31671,26645,32031
2021,20100,metro,code,20100,"Dover, DE MSA",30516,25895,30847
2021,41540,metro,code,41540,"Salisbury, MD-DE MSA",30213,25698,30537
2021,10500,state_metro,state,13001,Georgia Metro,26501,23286,26733
2021,12020,metro,code,12020,"Athens-Clarke County, GA MSA",28027,24278,28297
2021,12060,metro,code,12060,"Atlanta-Sandy Springs-Roswell, GA MSA",32069,26904,32439
2021,15260,state_metro,state,13001,Georgia Metro,26501,23286,26733
2021,19140,state_metro,state,13001,Georgia Metro,26501,23286,26733
2021,23580,metro,code,23580,"Gainesville, GA MSA",29746,25394,30058
2021,25980,state_metro,state,13001,Georgia Metro,26501,23286,26733
2021,31420,metro,code,31420,"Macon, GA MSA",28096,24322,28367
2021,40660,state_metro,state,13001,Georgia Metro,26501,23286,26733
2021,42340,metro,code,42340,"Savannah, GA MSA",30763,26056,31101
2021,46660,state_metro,state,13001,Georgia Metro,26501,23286,26733
2021,47580,metro,code,47580,"Warner Robins, GA MSA",27945,24224,28212
2021,17980,metro,code,17980,"Columbus, GA-AL MSA",28605,24653,28888
2021,14260,metro,code,14260,"Boise City, ID MSA",29471,25216,29776
2021,17660,metro,code,17660,"Coeur d'Alene, ID MSA",29017,24921,29311
2021,26820,metro,code,26820,"Idaho Falls, ID MSA",27065,23652,27310
2021,38540,state_metro,state,16001,Idaho Metro,26803,23482,27043
2021,46300,state_metro,state,16001,Idaho Metro,26803,23482,27043
2021,30860,state_metro,state,49001,Utah Metro,26941,23572,27183
2021,30300,state_metro,state,16001,Idaho Metro,26803,23482,27043
2021,14010,metro,code,14010,"Bloomington, IL MSA",28618,24662,28903
2021,16060,metro,code,16060,"Carbondale-Marion, IL MSA",26721,23429,26958
2021,16580,metro,code,16580,"Champaign-Urbana, IL MSA",28742,24742,29029
2021,19180,state_metro,state,17001,Illinois Metro,27835,24153,28099
2021,19500,state_metro,state,17001,Illinois Metro,27835,24153,28099
2021,28100,state_metro,state,17001,Illinois Metro,27835,24153,28099
2021,37900,metro,code,37900,"Peoria, IL MSA",27821,24144,28085
2021,40420,metro,code,40420,"Rockford, IL MSA",28055,24295,28325
2021,44100,metro,code,44100,"Springfield, IL MSA",27931,24215,28198
2021,70750,metro,hand,12620,"Bangor, ME MSA",28990,24903,29283
2021,74650,metro,hand,30340,"Lewiston-Auburn, ME MSA",27835,24153,28099
2021,76750,metro,hand,38860,"Portland-South Portland, ME MSA",32606,27253,32989
2021,31860,state_metro,state,27001,Minnesota Metro,28288,24447,28564
2021,40340,state_metro,state,27001,Minnesota Metro,28288,24447,28564
2021,41060,state_metro,state,27001,Minnesota Metro,28288,24447,28564
2021,22020,metro,code,22020,"Fargo, ND-MN MSA",28220,24403,28494
2021,24220,state_metro,state,38001,North Dakota Metro,28220,24403,28494
2021,20260,state_metro,state,27001,Minnesota Metro,28288,24447,28564
2021,29100,none,,,,,,
2021,33460,metro,code,33460,"Minneapolis-St. Paul-Bloomington, MN-WI MSA",32894,27441,33285
2021,24260,state_metro,state,31001,Nebraska Metro,28495,24581,28776
2021,30700,state_metro,state,31001,Nebraska Metro,28495,24581,28776
2021,11700,metro,code,11700,"Asheville, NC MSA",29155,25010,29452
2021,15500,metro,code,15500,"Burlington, NC MSA",27642,24027,27902
2021,20500,metro,code,20500,"Durham-Chapel Hill, NC MSA",31203,26342,31552
2021,22180,metro,code,22180,"Fayetteville, NC MSA",28288,24447,28564
2021,24140,metro,code,24140,"Goldsboro, NC MSA",26515,23295,26747
2021,24660,metro,code,24660,"Greensboro-High Point, NC MSA",28013,24269,28283
2021,24780,metro,code,24780,"Greenville, NC MSA",27285,23795,27536
2021,25860,metro,code,25860,"Hickory-Lenoir-Morganton, NC MSA",26075,23009,26296
2021,27340,metro,code,27340,"Jacksonville, NC MSA",28481,24572,28762
2021,35100,state_metro,state,37001,North Carolina Metro,27147,23706,27395
2021,39580,metro,code,39580,"Raleigh, NC MSA",31959,26833,32327
2021,40580,state_metro,state,37001,North Carolina Metro,27147,23706,27395
2021,48900,state_metro,state,37001,North Carolina Metro,27147,23706,27395
2021,49180,metro,code,49180,"Winston-Salem, NC MSA",27216,23750,27465
2021,10540,state_metro,state,41001,Oregon Metro,30873,26127,31213
2021,13460,metro,code,13460,"Bend-Redmond, OR MSA",32633,27271,33017
2021,18700,state_metro,state,41001,Oregon Metro,30873,26127,31213
2021,21660,metro,code,21660,"Eugene, OR MSA",30502,25886,30833
2021,24420,state_metro,state,41001,Oregon Metro,30873,26127,31213
2021,32780,metro,code,32780,"Medford, OR MSA",30530,25904,30861
2021,41420,metro,code,41420,"Salem, OR MSA",30488,25877,30819
2021,38900,metro,code,38900,"Portland-Vancouver-Hillsboro, OR-WA MSA",34531,28504,34962
2021,11180,state_metro,state,19001,Iowa Metro,28495,24581,28776
2021,16300,metro,code,16300,"Cedar Rapids, IA MSA",27725,24081,27987
2021,19780,metro,code,19780,"Des Moines-West Des Moines, IA MSA",29540,25260,29847
2021,20220,state_metro,state,19001,Iowa Metro,28495,24581,28776
2021,26980,metro,code,26980,"Iowa City, IA MSA",29980,25546,30298
2021,47940,metro,code,47940,"Waterloo-Cedar Falls, IA MSA",27711,24072,27973
2021,19340,metro,code,19340,"Davenport-Moline-Rock Island, IA-IL MSA",27697,24063,27958
2021,36540,metro,code,36540,"Omaha-Council Bluffs, NE-IA MSA",29746,25394,30058
2021,43580,state_metro,state,19001,Iowa Metro,28495,24581,28776
2021,17860,state_metro,state,29001,Missouri Metro,26212,23098,26437
2021,27620,state_metro,state,29001,Missouri Metro,26212,23098,26437
2021,27900,state_metro,state,29001,Missouri Metro,26212,23098,26437
2021,44180,metro,code,44180,"Springfield, MO MSA",26941,23572,27183
2021,28140,metro,code,28140,"Kansas City, MO-KS MSA",29952,25528,30269
2021,41140,state_metro,state,29001,Missouri Metro,26212,23098,26437
2021,22220,metro,code,22220,"Fayetteville-Springdale-Rogers, AR-MO MSA",27670,24045,27930
2021,16020,state_metro,state,29001,Missouri Metro,26212,23098,26437
2021,41180,metro,code,41180,"St. Louis, MO-IL MSA",29278,25091,29579
2021,12100,metro,code,12100,"Atlantic City-Hammonton, NJ MSA",32234,27012,32608
2021,36140,state_metro,state,34001,New Jersey Metro,33169,27619,33567
2021,45940,metro,code,45940,"Trenton, NJ MSA",35672,29245,36131
2021,47220,metro,code,47220,"Vineland-Bridgeton, NJ MSA",31684,26654,32045
2021,10420,metro,code,10420,"Akron, OH MSA",28357,24492,28635
2021,15940,metro,code,15940,"Canton-Massillon, OH MSA",27010,23616,27254
2021,17460,metro,code,17460,"Cleveland-Elyria, OH MSA",28385,24510,28663
2021,18140,metro,code,18140,"Columbus, OH MSA",30227,25707,30551
2021,19380,metro,code,19380,"Dayton, OH MSA",27958,24233,28226
2021,30620,state_metro,state,39001,Ohio Metro,26790,23473,27028
2021,31900,state_metro,state,39001,Ohio Metro,26790,23473,27028
2021,44220,state_metro,state,39001,Ohio Metro,26790,23473,27028
2021,45780,metro,code,45780,"Toledo, OH MSA",27395,23867,27648
2021,77200,metro,hand,39300,"Providence-Warwick, RI-MA MSA",30681,26002,31016
2021,76450,metro,hand,35980,"Norwich-New London, CT MSA",32262,27030,32637
2021,16700,metro,code,16700,"Charleston-North Charleston, SC MSA",32166,26967,32538
2021,17900,metro,code,17900,"Columbia, SC MSA",29072,24957,29368
2021,22500,metro,code,22500,"Florence, SC MSA",26968,23590,27212
2021,24860,metro,code,24860,"Greenville-Anderson-Mauldin, SC MSA",28275,24438,28550
2021,25940,metro,code,25940,"Hilton Head Island-Bluffton-Beaufort, SC MSA",32289,27047,32665
2021,43900,metro,code,43900,"Spartanburg, SC MSA",27573,23983,27832
2021,44940,state_metro,state,45001,South Carolina Metro,24521,21999,24703
2021,12260,metro,code,12260,"Augusta-Richmond County, GA-SC MSA",28027,24278,28297
2021,16740,metro,code,16740,"Charlotte-Concord-Gastonia, NC-SC MSA",30420,25832,30748
2021,34820,metro,code,34820,"Myrtle Beach-Conway-North Myrtle Beach, SC-NC MSA",29237,25064,29537
2021,13980,metro,code,13980,"Blacksburg-Christiansburg-Radford, VA MSA",28426,24537,28705
2021,16820,metro,code,16820,"Charlottesville, VA MSA",32881,27432,33271
2021,25500,state_metro,state,51001,Virginia Metro,28330,24474,28607
2021,31340,state_metro,state,51001,Virginia Metro,28330,24474,28607
2021,40060,metro,code,40060,"Richmond, VA MSA",31409,26476,31763
2021,40220,metro,code,40220,"Roanoke, VA MSA",27903,24197,28170
2021,44420,state_metro,state,51001,Virginia Metro,28330,24474,28607
2021,47260,metro,code,47260,"Virginia Beach-Norfolk-Newport News, VA-NC MSA",31643,26627,32003
2021,14020,metro,code,14020,"Bloomington, IN MSA",29402,25171,29706
2021,18020,state_metro,state,18001,Indiana Metro,27271,23786,27522
2021,21140,metro,code,21140,"Elkhart-Goshen, IN MSA",28027,24278,28297
2021,23060,metro,code,23060,"Fort Wayne, IN MSA",27408,23876,27663
2021,26900,metro,code,26900,"Indianapolis-Carmel-Anderson, IN MSA",29210,25046,29508
2021,29020,state_metro,state,18001,Indiana Metro,27271,23786,27522
2021,29200,metro,code,29200,"Lafayette-West Lafayette, IN MSA",29127,24992,29424
2021,33140,state_metro,state,18001,Indiana Metro,27271,23786,27522
2021,34620,state_metro,state,18001,Indiana Metro,27271,23786,27522
2021,45460,metro,code,45460,"Terre Haute, IN MSA",27532,23956,27789
2021,21780,metro,code,21780,"Evansville, IN-KY MSA",28426,24537,28705
2021,31140,metro,code,31140,"Louisville/Jefferson County, KY-IN MSA",28742,24742,29029
2021,43780,metro,code,43780,"South Bend-Mishawaka, IN-MI MSA",28206,24394,28480
2021,16980,metro,code,16980,"Chicago-Naperville-Elgin, IL-IN-WI MSA",32014,26869,32383
2021,17140,metro,code,17140,"Cincinnati, OH-KY-IN MSA",28825,24796,29114
2021,74950,metro,hand,31700,"Manchester-Nashua, NH MSA",34118,28236,34539
2021,71650,metro,hand,14460,"Boston-Cambridge-Newton, MA-NH MSA",38422,31032,38949
2021,73050,none,,,,,,
2021,76900,none,,,,,,
2021,11020,state_metro,state,42001,Pennsylvania Metro,28275,24438,28550
2021,14100,state_metro,state,42001,Pennsylvania Metro,28275,24438,28550
2021,16540,metro,code,16540,"Chambersburg-Waynesboro, PA MSA",28605,24653,28888
2021,20700,metro,code,20700,"East Stroudsburg, PA MSA",31011,26216,31354
2021,21500,metro,code,21500,"Erie, PA MSA",27615,24010,27874
2021,23900,state_metro,state,42001,Pennsylvania Metro,28275,24438,28550
2021,25420,metro,code,25420,"Harrisburg-Carlisle, PA MSA",30131,25645,30453
2021,27780,metro,code,27780,"Johnstown, PA MSA",25745,22794,25958
2021,29540,metro,code,29540,"Lancaster, PA MSA",31107,26279,31453
2021,30140,state_metro,state,42001,Pennsylvania Metro,28275,24438,28550
2021,38300,metro,code,38300,"Pittsburgh, PA MSA",28646,24680,28931
2021,39740,metro,code,39740,"Reading, PA MSA",29938,25520,30255
2021,42540,metro,code,42540,"Scranton--Wilkes-Barre--Hazleton, PA MSA",27463,23911,27719
2021,44300,state_metro,state,42001,Pennsylvania Metro,28275,24438,28550
2021,48700,metro,code,48700,"Williamsport, PA MSA",27628,24018,27888
2021,49620,metro,code,49620,"York-Hanover, PA MSA",29677,25350,29988
2021,35620,metro,code,35620,"New York-Newark-Jersey City, NY-NJ-PA MSA",36895,30041,37385
2021,10900,metro,code,10900,"Allentown-Bethlehem-Easton, PA-NJ MSA",31753,26699,32115
2021,37980,metro,code,37980,"Philadelphia-Camden-Wilmington, PA-NJ-DE-MD MSA",33238,27664,33637
2021,49660,metro,code,49660,"Youngstown-Warren-Boardman, OH-PA MSA",26157,23062,26380
2021,17420,metro,code,17420,"Cleveland, TN MSA",27010,23616,27254
2021,27180,none,,,,,,
2021,27740,metro,code,27740,"Johnson City, TN MSA",26831,23500,27071
2021,28940,metro,code,28940,"Knoxville, TN MSA",28220,24403,28494
2021,34100,none,,,,,,
2021,34980,metro,code,34980,"Nashville-Davidson--Murfreesboro--Franklin, TN MSA",31712,26672,32073
2021,17300,metro,code,17300,"Clarksville, TN-KY MSA",28426,24537,28705
2021,32820,metro,code,32820,"Memphis, TN-MS-AR MSA",29003,24912,29297
2021,16860,metro,code,16860,"Chattanooga, TN-GA MSA",28027,24278,28297
2021,28700,metro,code,28700,"Kingsport-Bristol-Bristol, TN-VA MSA",25745,22794,25958
2021,13220,state_metro,state,54001,West Virginia Metro,26185,23080,26408
2021,16620,metro,code,16620,"Charleston, WV MSA",27422,23884,27677
2021,34060,metro,code,34060,"Morgantown, WV MSA",28481,24572,28762
2021,37620,state_metro,state,54001,West Virginia Metro,26185,23080,26408
2021,19060,none,,,,,,
2021,25180,metro,code,25180,"Hagerstown-Martinsburg, MD-WV MSA",29223,25055,29523
2021,48260,state_metro,state,54001,West Virginia Metro,26185,23080,26408
2021,48540,state_metro,state,54001,West Virginia Metro,26185,23080,26408
2021,26580,metro,code,26580,"Huntington-Ashland, WV-KY-OH MSA",27161,23715,27409
2021,49020,metro,code,49020,"Winchester, VA-WV MSA",31066,26252,31411
2021,47900,metro,code,47900,"Washington-Arlington-Alexandria, DC-VA-MD-WV MSA",39095,31470,39640
2021,0100001,state_nonmetro,state,1002,Alabama Nonmetro,25264,22482,25464
2021,0100002,state_nonmetro,state,1002,Alabama Nonmetro,25264,22482,25464
2021,0100003,state_nonmetro,state,1002,Alabama Nonmetro,25264,22482,25464
2021,0100004,state_nonmetro,state,1002,Alabama Nonmetro,25264,22482,25464
2021,0200006,state_nonmetro,state,2002,Alaska Nonmetro,33183,27628,33581
2021,0400001,state_nonmetro,state,4002,Arizona Nonmetro,26102,23027,26324
2021,0600003,state_nonmetro,state,6002,California Nonmetro,30942,26172,31284
2021,0600006,state_nonmetro,state,6002,California Nonmetro,30942,26172,31284
2021,0600007,state_nonmetro,state,6002,California Nonmetro,30942,26172,31284
2021,0800001,state_nonmetro,state,8002,Colorado Nonmetro,29952,25528,30269
2021,0800002,state_nonmetro,state,8002,Colorado Nonmetro,29952,25528,30269
2021,0800003,state_nonmetro,state,8002,Colorado Nonmetro,29952,25528,30269
2021,1200003,state_nonmetro,state,12002,Florida Nonmetro,26185,23080,26408
2021,1200006,state_nonmetro,state,12002,Florida Nonmetro,26185,23080,26408
2021,1500001,state_nonmetro,state,15002,Hawaii Nonmetro,33609,27905,34018
2021,2000006,state_nonmetro,state,20002,Kansas Nonmetro,26295,23152,26521
2021,2100001,state_nonmetro,state,21002,Kentucky Nonmetro,25992,22955,26211
2021,2100002,state_nonmetro,state,21002,Kentucky Nonmetro,25992,22955,26211
2021,2100003,state_nonmetro,state,21002,Kentucky Nonmetro,25992,22955,26211
2021,2100004,state_nonmetro,state,21002,Kentucky Nonmetro,25992,22955,26211
2021,2200002,state_nonmetro,state,22002,Louisiana Nonmetro,26034,22982,26253
2021,2200003,state_nonmetro,state,22002,Louisiana Nonmetro,26034,22982,26253
2021,2200006,state_nonmetro,state,22002,Louisiana Nonmetro,26034,22982,26253
2021,2400006,state_nonmetro,state,24002,Maryland Nonmetro,28962,24885,29255
2021,2500006,state_nonmetro,state,25002,Massachusetts Nonmetro,38477,31068,39006
2021,2600001,state_nonmetro,state,26002,Michigan Nonmetro,27463,23911,27719
2021,2600002,state_nonmetro,state,26002,Michigan Nonmetro,27463,23911,27719
2021,2600003,state_nonmetro,state,26002,Michigan Nonmetro,27463,23911,27719
2021,2600004,state_nonmetro,state,26002,Michigan Nonmetro,27463,23911,27719
2021,2800001,state_nonmetro,state,28002,Mississippi Nonmetro,25979,22946,26197
2021,2800002,state_nonmetro,state,28002,Mississippi Nonmetro,25979,22946,26197
2021,2800003,state_nonmetro,state,28002,Mississippi Nonmetro,25979,22946,26197
2021,2800004,state_nonmetro,state,28002,Mississippi Nonmetro,25979,22946,26197
2021,3000003,state_nonmetro,state,30002,Montana Nonmetro,28591,24644,28874
2021,3000004,state_nonmetro,state,30002,Montana Nonmetro,28591,24644,28874
2021,3000006,state_nonmetro,state,30002,Montana Nonmetro,28591,24644,28874
2021,3200006,state_nonmetro,state,32002,Nevada Nonmetro,28605,24653,28888
2021,3500006,state_nonmetro,state,35002,New Mexico Nonmetro,27010,23616,27254
2021,3500007,state_nonmetro,state,35002,New Mexico Nonmetro,27010,23616,27254
2021,3600001,state_nonmetro,state,36002,New York Nonmetro,27175,23724,27423
2021,3600004,state_nonmetro,state,36002,New York Nonmetro,27175,23724,27423
2021,3600006,state_nonmetro,state,36002,New York Nonmetro,27175,23724,27423
2021,3800006,state_nonmetro,state,38002,North Dakota Nonmetro,28013,24269,28283
2021,3800007,state_nonmetro,state,38002,North Dakota Nonmetro,28013,24269,28283
2021,4000001,state_nonmetro,state,40002,Oklahoma Nonmetro,26102,23027,26324
2021,4000002,state_nonmetro,state,40002,Oklahoma Nonmetro,26102,23027,26324
2021,4000003,state_nonmetro,state,40002,Oklahoma Nonmetro,26102,23027,26324
2021,4000004,state_nonmetro,state,40002,Oklahoma Nonmetro,26102,23027,26324
2021,4600002,state_nonmetro,state,46002,South Dakota Nonmetro,26322,23170,26549
2021,4600003,state_nonmetro,state,46002,South Dakota Nonmetro,26322,23170,26549
2021,4800001,state_nonmetro,state,48002,Texas Nonmetro,27903,24197,28170
2021,4800002,state_nonmetro,state,48002,Texas Nonmetro,27903,24197,28170
2021,4800003,state_nonmetro,state,48002,Texas Nonmetro,27903,24197,28170
2021,4800004,state_nonmetro,state,48002,Texas Nonmetro,27903,24197,28170
2021,4800005,state_nonmetro,state,48002,Texas Nonmetro,27903,24197,28170
2021,4800006,state_nonmetro,state,48002,Texas Nonmetro,27903,24197,28170
2021,4900006,state_nonmetro,state,49002,Utah Nonmetro,26226,23107,26451
2021,4900007,state_nonmetro,state,49002,Utah Nonmetro,26226,23107,26451
2021,5000001,state_nonmetro,state,50002,Vermont Nonmetro,29856,25466,30171
2021,5000002,state_nonmetro,state,50002,Vermont Nonmetro,29856,25466,30171
2021,5300006,state_nonmetro,state,53002,Washington Nonmetro,27023,23625,27268
2021,5300007,state_nonmetro,state,53002,Washington Nonmetro,27023,23625,27268
2021,5500001,state_nonmetro,state,55002,Wisconsin Nonmetro,26955,23581,27198
2021,5500002,state_nonmetro,state,55002,Wisconsin Nonmetro,26955,23581,27198
2021,5500003,state_nonmetro,state,55002,Wisconsin Nonmetro,26955,23581,27198
2021,5500004,state_nonmetro,state,55002,Wisconsin Nonmetro,26955,23581,27198
2021,5600006,state_nonmetro,state,56002,Wyoming Nonmetro,27642,24027,27902
2021,5600007,state_nonmetro,state,56002,Wyoming Nonmetro,27642,24027,27902
2021,0500001,state_nonmetro,state,5002,Arkansas Nonmetro,25841,22857,26056
2021,0500002,state_nonmetro,state,5002,Arkansas Nonmetro,25841,22857,26056
2021,0500003,state_nonmetro,state,5002,Arkansas Nonmetro,25841,22857,26056
2021,0500004,state_nonmetro,state,5002,Arkansas Nonmetro,25841,22857,26056
2021,0900001,state_nonmetro,state,9002,Connecticut Nonmetro,31794,26726,32158
2021,1300001,state_nonmetro,state,13002,Georgia Nonmetro,25827,22848,26042
2021,1300002,state_nonmetro,state,13002,Georgia Nonmetro,25827,22848,26042
2021,1300003,state_nonmetro,state,13002,Georgia Nonmetro,25827,22848,26042
2021,1300004,state_nonmetro,state,13002,Georgia Nonmetro,25827,22848,26042
2021,1600006,state_nonmetro,state,16002,Idaho Nonmetro,26927,23563,27169
2021,1600007,state_nonmetro,state,16002,Idaho Nonmetro,26927,23563,27169
2021,1700001,state_nonmetro,state,17002,Illinois Nonmetro,26267,23134,26493
2021,1700002,state_nonmetro,state,17002,Illinois Nonmetro,26267,23134,26493
2021,1700003,state_nonmetro,state,17002,Illinois Nonmetro,26267,23134,26493
2021,1700004,state_nonmetro,state,17002,Illinois Nonmetro,26267,23134,26493
2021,2300001,state_nonmetro,state,23002,Maine Nonmetro,27450,23902,27705
2021,2300002,state_nonmetro,state,23002,Maine Nonmetro,27450,23902,27705
2021,2700001,state_nonmetro,state,27002,Minnesota Nonmetro,27628,24018,27888
2021,2700002,state_nonmetro,state,27002,Minnesota Nonmetro,27628,24018,27888
2021,2700003,state_nonmetro,state,27002,Minnesota Nonmetro,27628,24018,27888
2021,2700004,state_nonmetro,state,27002,Minnesota Nonmetro,27628,24018,27888
2021,3100001,state_nonmetro,state,31002,Nebraska Nonmetro,26872,23527,27113
2021,3100003,state_nonmetro,state,31002,Nebraska Nonmetro,26872,23527,27113
2021,3100006,state_nonmetro,state,31002,Nebraska Nonmetro,26872,23527,27113
2021,3700001,state_nonmetro,state,37002,North Carolina Nonmetro,26226,23107,26451
2021,3700002,state_nonmetro,state,37002,North Carolina Nonmetro,26226,23107,26451
2021,3700003,state_nonmetro,state,37002,North Carolina Nonmetro,26226,23107,26451
2021,3700004,state_nonmetro,state,37002,North Carolina Nonmetro,26226,23107,26451
2021,4100006,state_nonmetro,state,41002,Oregon Nonmetro,28591,24644,28874
2021,4100007,state_nonmetro,state,41002,Oregon Nonmetro,28591,24644,28874
2021,4100008,state_nonmetro,state,41002,Oregon Nonmetro,28591,24644,28874
2021,1900001,state_nonmetro,state,19002,Iowa Nonmetro,26034,22982,26253
2021,1900002,state_nonmetro,state,19002,Iowa Nonmetro,26034,22982,26253
2021,1900003,state_nonmetro,state,19002,Iowa Nonmetro,26034,22982,26253
2021,1900004,state_nonmetro,state,19002,Iowa Nonmetro,26034,22982,26253
2021,2900001,state_nonmetro,state,29002,Missouri Nonmetro,26185,23080,26408
2021,2900002,state_nonmetro,state,29002,Missouri Nonmetro,26185,23080,26408
2021,2900003,state_nonmetro,state,29002,Missouri Nonmetro,26185,23080,26408
2021,2900004,state_nonmetro,state,29002,Missouri Nonmetro,26185,23080,26408
2021,3900001,state_nonmetro,state,39002,Ohio Nonmetro,26240,23116,26465
2021,3900002,state_nonmetro,state,39002,Ohio Nonmetro,26240,23116,26465
2021,3900003,state_nonmetro,state,39002,Ohio Nonmetro,26240,23116,26465
2021,3900004,state_nonmetro,state,39002,Ohio Nonmetro,26240,23116,26465
2021,4500002,state_nonmetro,state,45002,South Carolina Nonmetro,26295,23152,26521
2021,4500004,state_nonmetro,state,45002,South Carolina Nonmetro,26295,23152,26521
2021,4500006,state_nonmetro,state,45002,South Carolina Nonmetro,26295,23152,26521
2021,5100001,state_nonmetro,state,51002,Virginia Nonmetro,26240,23116,26465
2021,5100002,state_nonmetro,state,51002,Virginia Nonmetro,26240,23116,26465
2021,5100003,state_nonmetro,state,51002,Virginia Nonmetro,26240,23116,26465
2021,5100004,state_nonmetro,state,51002,Virginia Nonmetro,26240,23116,26465
2021,1800001,state_nonmetro,state,18002,Indiana Nonmetro,26515,23295,26747
2021,1800002,state_nonmetro,state,18002,Indiana Nonmetro,26515,23295,26747
2021,1800003,state_nonmetro,state,18002,Indiana Nonmetro,26515,23295,26747
2021,3300001,state_nonmetro,state,33002,New Hampshire Nonmetro,31107,26279,31453
2021,3300002,state_nonmetro,state,33002,New Hampshire Nonmetro,31107,26279,31453
2021,3300006,state_nonmetro,state,33002,New Hampshire Nonmetro,31107,26279,31453
2021,4200001,state_nonmetro,state,42002,Pennsylvania Nonmetro,26212,23098,26437
2021,4200002,state_nonmetro,state,42002,Pennsylvania Nonmetro,26212,23098,26437
2021,4200003,state_nonmetro,state,42002,Pennsylvania Nonmetro,26212,23098,26437
2021,4700001,state_nonmetro,state,47002,Tennessee Nonmetro,26405,23223,26634
2021,4700002,state_nonmetro,state,47002,Tennessee Nonmetro,26405,23223,26634
2021,4700003,state_nonmetro,state,47002,Tennessee Nonmetro,26405,23223,26634
2021,4700004,state_nonmetro,state,47002,Tennessee Nonmetro,26405,23223,26634
2021,5400001,state_nonmetro,state,54002,West Virginia Nonmetro,26295,23152,26521
2021,5400002,state_nonmetro,state,54002,West Virginia Nonmetro,26295,23152,26521
2022,10180,metro,code,10180,"Abilene, TX MSA",31686,27268,31918
2022,10420,metro,code,10420,"Akron, OH MSA",31011,26833,31230
2022,10500,state_metro,state,13001,Georgia Metro,29167,25645,29349
2022,10540,state_metro,state,41001,Oregon Metro,33740,28590,34013
2022,10580,metro,code,10580,"Albany-Schenectady-Troy, NY MSA",34415,29025,34701
2022,10740,metro,code,10740,"Albuquerque, NM MSA",31716,27287,31949
2022,10780,state_metro,state,22001,Louisiana Metro,30021,26196,30221
2022,10900,metro,code,10900,"Allentown-Bethlehem-Easton, PA-NJ MSA",34670,29189,34961
2022,11020,state_metro,state,42001,Pennsylvania Metro,30921,26775,31139
2022,11100,metro,code,11100,"Amarillo, TX MSA",31401,27084,31628
2022,11180,state_metro,state,19001,Iowa Metro,31041,26852,31261
2022,11260,state_metro,state,2001,Alaska Metro,36109,30116,36429
2022,11460,metro,code,11460,"Ann Arbor, MI MSA",36184,30164,36506
2022,11500,none,,,,,,
2022,11540,metro,code,11540,"Appleton, WI MSA",30861,26736,31077
2022,11700,metro,code,11700,"Asheville, NC MSA",32481,27779,32729
2022,12020,metro,code,12020,"Athens-Clarke County, GA MSA",30981,26814,31200
2022,12060,metro,code,12060,"Atlanta-Sandy Springs-Roswell, GA MSA",35405,29662,35711
2022,12100,metro,code,12100,"Atlantic City-Hammonton, NJ MSA",35135,29488,35435
2022,12220,metro,code,12220,"Auburn-Opelika, AL MSA",30816,26708,31032
2022,12260,metro,code,12260,"Augusta-Richmond County, GA-SC MSA",30741,26659,30955
2022,12420,metro,code,12420,"Austin-Round Rock, TX MSA",38359,31564,38723
2022,12540,metro,code,12540,"Bakersfield, CA MSA",32001,27470,32240
2022,12580,metro,code,12580,"Baltimore-Columbia-Towson, MD MSA",38044,31362,38402
2022,12940,metro,code,12940,"Baton Rouge, LA MSA",31926,27422,32163
2022,12980,metro,code,12980,"Battle Creek, MI MSA",30591,26563,30802
2022,13020,state_metro,state,26001,Michigan Metro,29991,26176,30191
2022,13140,metro,code,13140,"Beaumont-Port Arthur, TX MSA",31206,26959,31429
2022,13220,state_metro,state,54001,West Virginia Metro,28822,25423,28998
2022,13380,state_metro,state,53001,Washington Metro,32001,27470,32240
2022,13460,metro,code,13460,"Bend-Redmond, OR MSA",36049,30077,36368
2022,13740,metro,code,13740,"Billings, MT MSA",31671,27258,31903
2022,13780,metro,code,13780,"Binghamton, NY MSA",30276,26360,30481
2022,13820,metro,code,13820,"Birmingham-Hoover, AL MSA",31716,27287,31949
2022,13900,state_metro,state,38001,North Dakota Metro,30636,26592,30848
2022,13980,metro,code,13980,"Blacksburg-Christiansburg-Radford, VA MSA",31296,27017,31521
2022,14010,metro,code,14010,"Bloomington, IL MSA",31221,26968,31444
2022,14020,metro,code,14020,"Bloomington, IN MSA",32196,27596,32438
2022,14100,state_metro,state,42001,Pennsylvania Metro,30921,26775,31139
2022,14260,metro,code,14260,"Boise City, ID MSA",32661,27895,32912
2022,14500,metro,code,14500,"Boulder, CO MSA",41598,33650,42026
2022,14540,metro,code,14540,"Bowling Green, KY MSA",30321,26389,30527
2022,14740,state_metro,state,53001,Washington Metro,32001,27470,32240
2022,15180,metro,code,15180,"Brownsville-Harlingen, TX MSA",29152,25636,29334
2022,15260,state_metro,state,13001,Georgia Metro,29167,25645,29349
2022,15380,metro,code,15380,"Buffalo-Cheektowaga-Niagara Falls, NY MSA",30771,26679,30986
2022,15500,metro,code,15500,"Burlington, NC MSA",30216,26321,30420
2022,15680,metro,code,15680,"California-Lexington Park, MD MSA",37954,31304,38310
2022,15940,metro,code,15940,"Canton-Massillon, OH MSA",29572,25906,29762
2022,15980,metro,code,15980,"Cape Coral-Fort Myers, FL MSA",35360,29633,35665
2022,16020,state_metro,state,29001,Missouri Metro,28702,25346,28875
2022,16060,metro,code,16060,"Carbondale-Marion, IL MSA",29212,25674,29395
2022,16180,state_metro,state,32001,Nevada Metro,35240,29556,35543
2022,16220,state_metro,state,56001,Wyoming Metro,30966,26804,31184
2022,16300,metro,code,16300,"Cedar Rapids, IA MSA",30786,26688,31001
2022,16540,metro,code,16540,"Chambersburg-Waynesboro, PA MSA",31521,27161,31750
2022,16580,metro,code,16580,"Champaign-Urbana, IL MSA",31431,27103,31658
2022,16620,metro,code,16620,"Charleston, WV MSA",30111,26254,30313
2022,16700,metro,code,16700,"Charleston-North Charleston, SC MSA",35285,29585,35588
2022,16740,metro,code,16740,"Charlotte-Concord-Gastonia, NC-SC MSA",33665,28542,33937
2022,16820,metro,code,16820,"Charlottesville, VA MSA",36379,30290,36705
2022,16860,metro,code,16860,"Chattanooga, TN-GA MSA",30951,26794,31169
2022,16940,state_metro,state,56001,Wyoming Metro,30966,26804,31184
2022,16980,metro,code,16980,"Chicago-Naperville-Elgin, IL-IN-WI MSA",35060,29440,35359
2022,17020,metro,code,17020,"Chico, CA MSA",33875,28677,34151
2022,17140,metro,code,17140,"Cincinnati, OH-KY-IN MSA",31506,27152,31735
2022,17300,metro,code,17300,"Clarksville, TN-KY MSA",31101,26891,31322
2022,17420,metro,code,17420,"Cleveland, TN MSA",29692,25983,29885
2022,17460,metro,code,17460,"Cleveland-Elyria, OH MSA",31071,26872,31291
2022,17660,metro,code,17660,"Coeur d'Alene, ID MSA",31926,27422,32163
2022,17780,metro,code,17780,"College Station-Bryan, TX MSA",31791,27335,32025
2022,17820,metro,code,17820,"Colorado Springs, CO MSA",35480,29710,35787
2022,17860,state_metro,state,29001,Missouri Metro,28702,25346,28875
2022,17900,metro,code,17900,"Columbia, SC MSA",31791,27335,32025
2022,17980,metro,code,17980,"Columbus, GA-AL MSA",31071,26872,31291
2022,18020,state_metro,state,18001,Indiana Metro,29886,26109,30083
2022,18140,metro,code,18140,"Columbus, OH MSA",33275,28291,33539
2022,18580,metro,code,18580,"Corpus Christi, TX MSA",33710,28571,33983
2022,18700,state_metro,state,41001,Oregon Metro,33740,28590,34013
2022,18880,state_metro,state,12001,Florida Metro,30021,26196,30221
2022,19060,none,,,,,,
2022,19100,metro,code,19100,"Dallas-Fort Worth-Arlington, TX MSA",36229,30193,36552
2022,19140,state_metro,state,13001,Georgia Metro,29167,25645,29349
2022,19180,state_metro,state,17001,Illinois Metro,30471,26485,30680
2022,19300,metro,code,19300,"Daphne-Fairhope-Foley, AL MSA",33650,28532,33922
2022,19340,metro,code,19340,"Davenport-Moline-Rock Island, IA-IL MSA",30246,26341,30450
2022,19380,metro,code,19380,"Dayton, OH MSA",30546,26534,30756
2022,19460,none,,,,,,
2022,19500,state_metro,state,17001,Illinois Metro,30471,26485,30680
2022,19660,metro,code,19660,"Deltona-Daytona Beach-Ormond Beach, FL MSA",34100,28822,34380
2022,19740,metro,code,19740,"Denver-Aurora-Lakewood, CO MSA",40323,32829,40726
2022,19780,metro,code,19780,"Des Moines-West Des Moines, IA MSA",32226,27615,32469
2022,19820,metro,code,19820,"Detroit-Warren-Dearborn, MI MSA",33050,28146,33310
2022,20020,none,,,,,,
2022,20100,metro,code,20100,"Dover, DE MSA",33275,28291,33539
2022,20220,state_metro,state,19001,Iowa Metro,31041,26852,31261
2022,20260,state_metro,state,27001,Minnesota Metro,31131,26910,31353
2022,20500,metro,code,20500,"Durham-Chapel Hill, NC MSA",34430,29035,34717
2022,20700,metro,code,20700,"East Stroudsburg, PA MSA",34280,28938,34564
2022,20740,none,,,,,,
2022,20940,none,,,,,,
2022,21060,state_metro,state,21001,Kentucky Metro,28882,25462,29059
2022,21140,metro,code,21140,"Elkhart-Goshen, IN MSA",30591,26563,30802
2022,21300,none,,,,,,
2022,21340,metro,code,21340,"El Paso, TX MSA",30426,26456,30634
2022,21420,state_metro,state,40001,Oklahoma Metro,29242,25694,29426
2022,21500,metro,code,21500,"Erie, PA MSA",30006,26186,30206
2022,21660,metro,code,21660,"Eugene, OR MSA",33545,28465,33815
2022,21780,metro,code,21780,"Evansville, IN-KY MSA",31041,26852,31261
2022,21820,state_metro,state,2001,Alaska Metro,36109,30116,36429
2022,22020,metro,code,22020,"Fargo, ND-MN MSA",30666,26611,30879
2022,22140,metro,code,22140,"Farmington, NM MSA",29512,25867,29701
2022,22180,metro,code,22180,"Fayetteville, NC MSA",31026,26843,31246
2022,22220,metro,code,22220,"Fayetteville-Springdale-Rogers, AR-MO MSA",30561,26543,30772
2022,22380,state_metro,state,4001,Arizona Metro,36379,30290,36705
2022,22420,metro,code,22420,"Flint, MI MSA",30186,26302,30389
2022,22500,metro,code,22500,"Florence, SC MSA",29242,25694,29426
2022,22520,metro,code,22520,"Florence-Muscle Shoals, AL MSA",28747,25375,28921
2022,22540,none,,,,,,
2022,22660,metro,code,22660,"Fort Collins, CO MSA",36859,30599,37194
2022,22900,metro,code,22900,"Fort Smith, AR-OK MSA",28822,25423,28998
2022,23060,metro,code,23060,"Fort Wayne, IN MSA",30141,26273,30343
2022,23420,metro,code,23420,"Fresno, CA MSA",32990,28108,33249
2022,23460,none,,,,,,
2022,23540,metro,code,23540,"Gainesville, FL MSA",33545,28465,33815
2022,23580,metro,code,23580,"Gainesville, GA MSA",32691,27914,32943
2022,23900,state_metro,state,42001,Pennsylvania Metro,30921,26775,31139
2022,24020,metro,code,24020,"Glens Falls, NY MSA",31926,27422,32163
2022,24140,metro,code,24140,"Goldsboro, NC MSA",29677,25974,29869
2022,24220,state_metro,state,38001,North Dakota Metro,30636,26592,30848
2022,24260,state_metro,state,31001,Nebraska Metro,31281,27007,31506
2022,24300,none,,,,,,
2022,24340,metro,code,24340,"Grand Rapids-Wyoming, MI MSA",32316,27673,32561
2022,24420,state_metro,state,41001,Oregon Metro,33740,28590,34013
2022,24500,state_metro,state,30001,Montana Metro,31386,27074,31613
2022,24540,metro,code,24540,"Greeley, CO MSA",34010,28764,34289
2022,24580,metro,code,24580,"Green Bay, WI MSA",31011,26833,31230
2022,24660,metro,code,24660,"Greensboro-High Point, NC MSA",30711,26640,30925
2022,24780,metro,code,24780,"Greenville, NC MSA",30066,26225,30267
2022,24860,metro,code,24860,"Greenville-Anderson-Mauldin, SC MSA",31221,26968,31444
2022,25060,state_metro,state,28001,Mississippi Metro,30441,26466,30649
2022,25180,metro,code,25180,"Hagerstown-Martinsburg, MD-WV MSA",32256,27634,32500
2022,25220,state_metro,state,22001,Louisiana Metro,30021,26196,30221
2022,25260,metro,code,25260,"Hanford-Corcoran, CA MSA",31791,27335,32025
2022,25420,metro,code,25420,"Harrisburg-Carlisle, PA MSA",33005,28117,33264
2022,25500,state_metro,state,51001,Virginia Metro,30936,26785,31154
2022,25620,state_metro,state,28001,Mississippi Metro,30441,26466,30649
2022,25860,metro,code,25860,"Hickory-Lenoir-Morganton, NC MSA",28597,25278,28768
2022,25940,metro,code,25940,"Hilton Head Island-Bluffton-Beaufort, SC MSA",35315,29604,35619
2022,25980,state_metro,state,13001,Georgia Metro,29167,25645,29349
2022,26140,state_metro,state,12001,Florida Metro,30021,26196,30221
2022,26300,state_metro,state,5001,Arkansas Metro,29482,25848,29671
2022,26380,state_metro,state,22001,Louisiana Metro,30021,26196,30221
2022,26420,metro,code,26420,"Houston-The Woodlands-Sugar Land, TX MSA",34775,29257,35068
2022,26580,metro,code,26580,"Huntington-Ashland, WV-KY-OH MSA",29497,25858,29686
2022,26620,metro,code,26620,"Huntsville, AL MSA",30861,26736,31077
2022,26820,metro,code,26820,"Idaho Falls, ID MSA",30141,26273,30343
2022,26900,metro,code,26900,"Indianapolis-Carmel-Anderson, IN MSA",32181,27586,32423
2022,26980,metro,code,26980,"Iowa City, IA MSA",32466,27770,32714
2022,27060,none,,,,,,
2022,27100,metro,code,27100,"Jackson, MI MSA",30456,26476,30665
2022,27140,metro,code,27140,"Jackson, MS MSA",31551,27181,31781
2022,27180,none,,,,,,
2022,27260,metro,code,27260,"Jacksonville, FL MSA",34295,28948,34579
2022,27340,metro,code,27340,"Jacksonville, NC MSA",31131,26910,31353
2022,27500,metro,code,27500,"Janesville-Beloit, WI MSA",31146,26920,31368
2022,27620,state_metro,state,29001,Missouri Metro,28702,25346,28875
2022,27740,metro,code,27740,"Johnson City, TN MSA",29392,25790,29579
2022,27780,metro,code,27780,"Johnstown, PA MSA",28012,24902,28172
2022,27860,state_metro,state,5001,Arkansas Metro,29482,25848,29671
2022,27900,state_metro,state,29001,Missouri Metro,28702,25346,28875
2022,27980,metro,code,27980,"Kahului-Wailuku-Lahaina, HI MSA",41583,33640,42011
2022,28020,metro,code,28020,"Kalamazoo-Portage, MI MSA",31071,26872,31291
2022,28100,state_metro,state,17001,Illinois Metro,30471,26485,30680
2022,28140,metro,code,28140,"Kansas City, MO-KS MSA",32900,28050,33157
2022,28420,metro,code,28420,"Kennewick-Richland, WA MSA",33095,28175,33356
2022,28660,metro,code,28660,"Killeen-Temple, TX MSA",30861,26736,31077
2022,28700,metro,code,28700,"Kingsport-Bristol-Bristol, TN-VA MSA",28387,25143,28554
2022,28740,none,,,,,,
2022,28940,metro,code,28940,"Knoxville, TN MSA",31086,26881,31307
2022,29020,state_metro,state,18001,Indiana Metro,29886,26109,30083
2022,29100,none,,,,,,
2022,29180,metro,code,29180,"Lafayette, LA MSA",30291,26370,30496
2022,29200,metro,code,29200,"Lafayette-West Lafayette, IN MSA",31836,27364,32071
2022,29340,metro,code,29340,"Lake Charles, LA MSA",31536,27171,31766
2022,29420,state_metro,state,4001,Arizona Metro,36379,30290,36705
2022,29460,metro,code,29460,"Lakeland-Winter Haven, FL MSA",32466,27770,32714
2022,29540,metro,code,29540,"Lancaster, PA MSA",33965,28735,34243
2022,29620,metro,code,29620,"Lansing-East Lansing, MI MSA",31836,27364,32071
2022,29700,metro,code,29700,"Laredo, TX MSA",30801,26698,31016
2022,29740,metro,code,29740,"Las Cruces, NM MSA",29002,25539,29181
2022,29820,metro,code,29820,"Las Vegas-Henderson-Paradise, NV MSA",34730,29228,35023
2022,29940,state_metro,state,20001,Kansas Metro,31746,27306,31980
2022,30020,state_metro,state,40001,Oklahoma Metro,29242,25694,29426
2022,30140,state_metro,state,42001,Pennsylvania Metro,30921,26775,31139
2022,30300,state_metro,state,16001,Idaho Metro,29272,25713,29457
2022,30460,metro,code,30460,"Lexington-Fayette, KY MSA",31356,27055,31582
2022,30620,state_metro,state,39001,Ohio Metro,29437,25819,29625
2022,30700,state_metro,state,31001,Nebraska Metro,31281,27007,31506
2022,30780,metro,code,30780,"Little Rock-North Little Rock-Conway, AR MSA",30606,26572,30817
2022,30860,state_metro,state,49001,Utah Metro,29901,26119,30099
2022,30980,metro,code,30980,"Longview, TX MSA",30756,26669,30970
2022,31020,state_metro,state,53001,Washington Metro,32001,27470,32240
2022,31080,metro,code,31080,"Los Angeles-Long Beach-Anaheim, CA MSA",43517,34886,43983
2022,31140,metro,code,31140,"Louisville/Jefferson County, KY-IN MSA",31611,27219,31842
2022,31180,metro,code,31180,"Lubbock, TX MSA",31821,27354,32056
2022,31340,state_metro,state,51001,Virginia Metro,30936,26785,31154
2022,31420,metro,code,31420,"Macon, GA MSA",30786,26688,31001
2022,31460,none,,,,,,
2022,31540,metro,code,31540,"Madison, WI MSA",34535,29102,34824
2022,31740,state_metro,state,20001,Kansas Metro,31746,27306,31980
2022,31860,state_metro,state,27001,Minnesota Metro,31131,26910,31353
2022,31900,state_metro,state,39001,Ohio Metro,29437,25819,29625
2022,32580,metro,code,32580,"McAllen-Edinburg-Mission, TX MSA",29632,25945,29824
2022,32780,metro,code,32780,"Medford, OR MSA",33380,28359,33646
2022,32820,metro,code,32820,"Memphis, TN-MS-AR MSA",31791,27335,32025
2022,32900,none,,,,,,
2022,33100,metro,code,33100,"Miami-Fort Lauderdale-West Palm Beach, FL MSA",39198,32105,39579
2022,33140,state_metro,state,18001,Indiana Metro,29886,26109,30083
2022,33220,state_metro,state,26001,Michigan Metro,29991,26176,30191
2022,33260,state_metro,state,48001,Texas Metro,31146,26920,31368
2022,33340,metro,code,33340,"Milwaukee-Waukesha-West Allis, WI MSA",32241,27625,32484
2022,33460,metro,code,33460,"Minneapolis-St. Paul-Bloomington, MN-WI MSA",36244,30203,36567
2022,33540,state_metro,state,30001,Montana Metro,31386,27074,31613
2022,33660,metro,code,33660,"Mobile, AL MSA",30936,26785,31154
2022,33700,metro,code,33700,"Modesto, CA MSA",34820,29286,35114
2022,33740,metro,code,33740,"Monroe, LA MSA",29811,26061,30007
2022,33780,metro,code,33780,"Monroe, MI MSA",31866,27383,32102
2022,33860,metro,code,33860,"Montgomery, AL MSA",31011,26833,31230
2022,34060,metro,code,34060,"Morgantown, WV MSA",31071,26872,31291
2022,34100,none,,,,,,
2022,34580,metro,code,34580,"Mount Vernon-Anacortes, WA MSA",34925,29353,35221
2022,34620,state_metro,state,18001,Indiana Metro,29886,26109,30083
2022,34740,metro,code,34740,"Muskegon, MI MSA",30621,26582,30833
2022,34820,metro,code,34820,"Myrtle Beach-Conway-North Myrtle Beach, SC-NC MSA",32151,27567,32392
2022,34900,none,,,,,,
2022,34940,metro,code,34940,"Naples-Immokalee-Marco Island, FL MSA",37504,31014,37852
2022,34980,metro,code,34980,"Nashville-Davidson--Murfreesboro--Franklin, TN MSA",34850,29305,35145
2022,35100,state_metro,state,37001,North Carolina Metro,30546,26534,30756
2022,35380,metro,code,35380,"New Orleans-Metairie, LA MSA",33290,28301,33555
2022,35620,metro,code,35620,"New York-Newark-Jersey City, NY-NJ-PA MSA",40293,32810,40696
2022,35660,metro,code,35660,"Niles-Benton Harbor, MI MSA",30471,26485,30680
2022,35840,metro,code,35840,"North Port-Sarasota-Bradenton, FL MSA",36214,30184,36536
2022,36100,metro,code,36100,"Ocala, FL MSA",31611,27219,31842
2022,36140,state_metro,state,34001,New Jersey Metro,36109,30116,36429
2022,36220,metro,code,36220,"Odessa, TX MSA",34850,29305,35145
2022,36260,metro,code,36260,"Ogden-Clearfield, UT MSA",32676,27905,32928
2022,36420,metro,code,36420,"Oklahoma City, OK MSA",31401,27084,31628
2022,36500,state_metro,state,53001,Washington Metro,32001,27470,32240
2022,36540,metro,code,36540,"Omaha-Council Bluffs, NE-IA MSA",32646,27886,32897
2022,36740,metro,code,36740,"Orlando-Kissimmee-Sanford, FL MSA",36694,30493,37026
2022,36780,metro,code,36780,"Oshkosh-Neenah, WI MSA",30321,26389,30527
2022,36980,state_metro,state,21001,Kentucky Metro,28882,25462,29059
2022,37100,metro,code,37100,"Oxnard-Thousand Oaks-Ventura, CA MSA",44027,35214,44503
2022,37340,metro,code,37340,"Palm Bay-Melbourne-Titusville, FL MSA",33920,28706,34197
2022,37460,metro,code,37460,"Panama City, FL MSA",34340,28977,34625
2022,37620,state_metro,state,54001,West Virginia Metro,28822,25423,28998
2022,37860,metro,code,37860,"Pensacola-Ferry Pass-Brent, FL MSA",32511,27799,32759
2022,37900,metro,code,37900,"Peoria, IL MSA",30441,26466,30649
2022,37980,metro,code,37980,"Philadelphia-Camden-Wilmington, PA-NJ-DE-MD MSA",36274,30222,36598
2022,38060,metro,code,38060,"Phoenix-Mesa-Scottsdale, AZ MSA",35525,29739,35833
2022,38220,metro,code,38220,"Pine Bluff, AR MSA",29107,25607,29288
2022,38300,metro,code,38300,"Pittsburgh, PA MSA",31386,27074,31613
2022,38540,state_metro,state,16001,Idaho Metro,29272,25713,29457
2022,38900,metro,code,38900,"Portland-Vancouver-Hillsboro, OR-WA MSA",37999,31333,38356
2022,38940,metro,code,38940,"Port St. Lucie, FL MSA",34760,29247,35053
2022,39140,metro,code,39140,"Prescott, AZ MSA",32825,28001,33081
2022,39340,metro,code,39340,"Provo-Orem, UT MSA",32631,27876,32882
2022,39380,none,,,,,,
2022,39460,state_metro,state,12001,Florida Metro,30021,26196,30221
2022,39540,metro,code,39540,"Racine, WI MSA",31011,26833,31230
2022,39580,metro,code,39580,"Raleigh, NC MSA",35120,29479,35420
2022,39660,state_metro,state,46001,South Dakota Metro,31701,27277,31934
2022,39740,metro,code,39740,"Reading, PA MSA",32646,27886,32897
2022,39820,metro,code,39820,"Redding, CA MSA",33050,28146,33310
2022,39900,state_metro,state,32001,Nevada Metro,35240,29556,35543
2022,40060,metro,code,40060,"Richmond, VA MSA",34640,29170,34931
2022,40140,metro,code,40140,"Riverside-San Bernardino-Ontario, CA MSA",37414,30956,37760
2022,40220,metro,code,40220,"Roanoke, VA MSA",30411,26447,30619
2022,40340,state_metro,state,27001,Minnesota Metro,31131,26910,31353
2022,40380,metro,code,40380,"Rochester, NY MSA",32721,27934,32974
2022,40420,metro,code,40420,"Rockford, IL MSA",30756,26669,30970
2022,40580,state_metro,state,37001,North Carolina Metro,30546,26534,30756
2022,40660,state_metro,state,13001,Georgia Metro,29167,25645,29349
2022,40900,metro,code,40900,"Sacramento--Roseville--Arden-Arcade, CA MSA",38059,31371,38417
2022,40980,metro,code,40980,"Saginaw, MI MSA",29886,26109,30083
2022,41060,state_metro,state,27001,Minnesota Metro,31131,26910,31353
2022,41100,metro,code,41100,"St. George, UT MSA",32945,28079,33203
2022,41140,state_metro,state,29001,Missouri Metro,28702,25346,28875
2022,41180,metro,code,41180,"St. Louis, MO-IL MSA",31941,27432,32178
2022,41420,metro,code,41420,"Salem, OR MSA",33770,28610,34044
2022,41500,metro,code,41500,"Salinas, CA MSA",41268,33437,41690
2022,41540,metro,code,41540,"Salisbury, MD-DE MSA",32795,27982,33050
2022,41620,metro,code,41620,"Salt Lake City, UT MSA",35465,29701,35772
2022,41660,state_metro,state,48001,Texas Metro,31146,26920,31368
2022,41700,metro,code,41700,"San Antonio-New Braunfels, TX MSA",34235,28909,34518
2022,41740,metro,code,41740,"San Diego-Carlsbad, CA MSA",43907,35137,44381
2022,41860,metro,code,41860,"San Francisco-Oakland-Hayward, CA MSA",48900,38352,49473
2022,41940,metro,code,41940,"San Jose-Sunnyvale-Santa Clara, CA MSA",53144,41085,53801
2022,42020,metro,code,42020,"San Luis Obispo-Paso Robles-Arroyo Grande, CA MSA",41148,33360,41567
2022,42100,metro,code,42100,"Santa Cruz-Watsonville, CA MSA",46276,36662,46797
2022,42140,metro,code,42140,"Santa Fe, NM MSA",35090,29459,35390
2022,42200,metro,code,42200,"Santa Maria-Santa Barbara, CA MSA",43337,34770,43800
2022,42220,metro,code,42220,"Santa Rosa, CA MSA",44671,35629,45161
2022,42340,metro,code,42340,"Savannah, GA MSA",33455,28407,33723
2022,42540,metro,code,42540,"Scranton--Wilkes-Barre--Hazleton, PA MSA",30111,26254,30313
2022,42660,metro,code,42660,"Seattle-Tacoma-Bellevue, WA MSA",41672,33698,42103
2022,42680,state_metro,state,12001,Florida Metro,30021,26196,30221
2022,42700,state_metro,state,12001,Florida Metro,30021,26196,30221
2022,43100,none,,,,,,
2022,43300,metro,code,43300,"Sherman-Denison, TX MSA",32151,27567,32392
2022,43340,metro,code,43340,"Shreveport-Bossier City, LA MSA",30396,26437,30603
2022,43420,state_metro,state,4001,Arizona Metro,36379,30290,36705
2022,43580,state_metro,state,19001,Iowa Metro,31041,26852,31261
2022,43620,metro,code,43620,"Sioux Falls, SD MSA",30786,26688,31001
2022,43780,metro,code,43780,"South Bend-Mishawaka, IN-MI MSA",31296,27017,31521
2022,43900,metro,code,43900,"Spartanburg, SC MSA",30351,26408,30558
2022,44060,metro,code,44060,"Spokane-Spokane Valley, WA MSA",32436,27750,32683
2022,44100,metro,code,44100,"Springfield, IL MSA",30591,26563,30802
2022,44180,metro,code,44180,"Springfield, MO MSA",29692,25983,29885
2022,44220,state_metro,state,39001,Ohio Metro,29437,25819,29625
2022,44300,state_metro,state,42001,Pennsylvania Metro,30921,26775,31139
2022,44420,state_metro,state,51001,Virginia Metro,30936,26785,31154
2022,44700,metro,code,44700,"Stockton-Lodi, CA MSA",35450,29691,35757
2022,44940,state_metro,state,45001,South Carolina Metro,26573,23975,26704
2022,45060,metro,code,45060,"Syracuse, NY MSA",31626,27229,31857
2022,45220,metro,code,45220,"Tallahassee, FL MSA",32825,28001,33081
2022,45300,metro,code,45300,"Tampa-St. Petersburg-Clearwater, FL MSA",35360,29633,35665
2022,45460,metro,code,45460,"Terre Haute, IN MSA",30036,26205,30236
2022,45500,state_metro,state,48001,Texas Metro,31146,26920,31368
2022,45540,state_metro,state,12001,Florida Metro,30021,26196,30221
2022,45780,metro,code,45780,"Toledo, OH MSA",30171,26292,30374
2022,45820,metro,code,45820,"Topeka, KS MSA",30966,26804,31184
2022,45940,metro,code,45940,"Trenton, NJ MSA",38673,31767,39044
2022,46060,metro,code,46060,"Tucson, AZ MSA",32391,27721,32637
2022,46140,metro,code,46140,"Tulsa, OK MSA",31176,26939,31399
2022,46220,none,,,,,,
2022,46300,state_metro,state,16001,Idaho Metro,29272,25713,29457
2022,46340,metro,code,46340,"Tyler, TX MSA",32421,27741,32668
2022,46520,metro,code,46520,"Urban Honolulu, HI MSA",43487,34867,43953
2022,46540,metro,code,46540,"Utica-Rome, NY MSA",30141,26273,30343
2022,46660,state_metro,state,13001,Georgia Metro,29167,25645,29349
2022,46700,metro,code,46700,"Vallejo-Fairfield, CA MSA",41987,33901,42424
2022,47020,state_metro,state,48001,Texas Metro,31146,26920,31368
2022,47220,metro,code,47220,"Vineland-Bridgeton, NJ MSA",34355,28986,34640
2022,47260,metro,code,47260,"Virginia Beach-Norfolk-Newport News, VA-NC MSA",34445,29044,34732
2022,47300,metro,code,47300,"Visalia-Porterville, CA MSA",31746,27306,31980
2022,47380,metro,code,47380,"Waco, TX MSA",31821,27354,32056
2022,47460,state_metro,state,53001,Washington Metro,32001,27470,32240
2022,47580,metro,code,47580,"Warner Robins, GA MSA",30561,26543,30772
2022,47900,metro,code,47900,"Washington-Arlington-Alexandria, DC-VA-MD-WV MSA",42557,34268,43005
2022,47940,metro,code,47940,"Waterloo-Cedar Falls, IA MSA",30396,26437,30603
2022,48060,metro,code,48060,"Watertown-Fort Drum, NY MSA",32900,28050,33157
2022,48140,metro,code,48140,"Wausau, WI MSA",30381,26428,30588
2022,48260,state_metro,state,54001,West Virginia Metro,28822,25423,28998
2022,48300,state_metro,state,53001,Washington Metro,32001,27470,32240
2022,48540,state_metro,state,54001,West Virginia Metro,28822,25423,28998
2022,48620,metro,code,48620,"Wichita, KS MSA",30756,26669,30970
2022,48660,metro,code,48660,"Wichita Falls, TX MSA",30336,26399,30542
2022,48700,metro,code,48700,"Williamsport, PA MSA",30111,26254,30313
2022,48900,state_metro,state,37001,North Carolina Metro,30546,26534,30756
2022,49020,metro,code,49020,"Winchester, VA-WV MSA",33935,28716,34212
2022,49180,metro,code,49180,"Winston-Salem, NC MSA",29901,26119,30099
2022,49420,state_metro,state,53001,Washington Metro,32001,27470,32240
2022,49620,metro,code,49620,"York-Hanover, PA MSA",32496,27789,32744
2022,49660,metro,code,49660,"Youngstown-Warren-Boardman, OH-PA MSA",28537,25240,28707
2022,49700,none,,,,,,
2022,49740,metro,code,49740,"Yuma, AZ MSA",30981,26814,31200
2022,70750,metro,hand,12620,"Bangor, ME MSA",31926,27422,32163
2022,70900,metro,hand,12700,"Barnstable Town, MA MSA",39678,32414,40069
2022,71650,metro,hand,14460,"Boston-Cambridge-Newton, MA-NH MSA",42317,34113,42760
2022,71950,metro,hand,14860,"Bridgeport-Stamford-Norwalk, CT MSA",41028,33283,41445
2022,72400,metro,hand,15540,"Burlington-South Burlington, VT MSA",37939,31294,38295
2022,72850,none,,,,,,
2022,73050,none,,,,,,
2022,73450,metro,hand,25540,"Hartford-West Hartford-East Hartford, CT MSA",36139,30135,36460
2022,74500,state_metro,state,25001,Massachusetts Metro,33170,28223,33432
2022,74650,metro,hand,30340,"Lewiston-Auburn, ME MSA",30651,26601,30863
2022,74950,metro,hand,31700,"Manchester-Nashua, NH MSA",37489,31004,37836
2022,75550,state_metro,state,25001,Massachusetts Metro,33170,28223,33432
2022,75700,metro,hand,35300,"New Haven-Milford, CT MSA",36034,30068,36353
2022,76450,metro,hand,35980,"Norwich-New London, CT MSA",35210,29537,35512
2022,76600,state_metro,state,25001,Massachusetts Metro,33170,28223,33432
2022,76750,metro,hand,38860,"Portland-South Portland, ME MSA",35899,29981,36215
2022,76900,none,,,,,,
2022,77200,metro,hand,39300,"Providence-Warwick, RI-MA MSA",33755,28600,34029
2022,78100,metro,hand,44140,"Springfield, MA MSA",33560,28474,33830
2022,78700,none,,,,,,
2022,79600,metro,hand,49340,"Worcester, MA-CT MSA",34790,29266,35084
2022,0100001,state_nonmetro,state,1002,Alabama Nonmetro,27847,24796,28004
2022,0100002,state_nonmetro,state,1002,Alabama Nonmetro,27847,24796,28004
2022,0100003,state_nonmetro,state,1002,Alabama Nonmetro,27847,24796,28004
2022,0100004,state_nonmetro,state,1002,Alabama Nonmetro,27847,24796,28004
2022,0200006,state_nonmetro,state,2002,Alaska Nonmetro,36529,30386,36858
2022,0400001,state_nonmetro,state,4002,Arizona Nonmetro,28102,24960,28264
2022,0500001,state_nonmetro,state,5002,Arkansas Nonmetro,28327,25105,28493
2022,0500002,state_nonmetro,state,5002,Arkansas Nonmetro,28327,25105,28493
2022,0500003,state_nonmetro,state,5002,Arkansas Nonmetro,28327,25105,28493
2022,0500004,state_nonmetro,state,5002,Arkansas Nonmetro,28327,25105,28493
2022,0600003,state_nonmetro,state,6002,California Nonmetro,34055,28793,34335
2022,0600006,state_nonmetro,state,6002,California Nonmetro,34055,28793,34335
2022,0600007,state_nonmetro,state,6002,California Nonmetro,34055,28793,34335
2022,0800001,state_nonmetro,state,8002,Colorado Nonmetro,33050,28146,33310
2022,0800002,state_nonmetro,state,8002,Colorado Nonmetro,33050,28146,33310
2022,0800003,state_nonmetro,state,8002,Colorado Nonmetro,33050,28146,33310
2022,0900001,state_nonmetro,state,9002,Connecticut Nonmetro,34760,29247,35053
2022,1200003,state_nonmetro,state,12002,Florida Nonmetro,28522,25230,28692
2022,1200006,state_nonmetro,state,12002,Florida Nonmetro,28522,25230,28692
2022,1300001,state_nonmetro,state,13002,Georgia Nonmetro,28477,25201,28646
2022,1300002,state_nonmetro,state,13002,Georgia Nonmetro,28477,25201,28646
2022,1300003,state_nonmetro,state,13002,Georgia Nonmetro,28477,25201,28646
2022,1300004,state_nonmetro,state,13002,Georgia Nonmetro,28477,25201,28646
2022,1500001,state_nonmetro,state,15002,Hawaii Nonmetro,36529,30386,36858
2022,1600006,state_nonmetro,state,16002,Idaho Nonmetro,29677,25974,29869
2022,1600007,state_nonmetro,state,16002,Idaho Nonmetro,29677,25974,29869
2022,1700001,state_nonmetro,state,17002,Illinois Nonmetro,28747,25375,28921
2022,1700002,state_nonmetro,state,17002,Illinois Nonmetro,28747,25375,28921
2022,1700003,state_nonmetro,state,17002,Illinois Nonmetro,28747,25375,28921
2022,1700004,state_nonmetro,state,17002,Illinois Nonmetro,28747,25375,28921
2022,1800001,state_nonmetro,state,18002,Indiana Nonmetro,29032,25559,29212
2022,1800002,state_nonmetro,state,18002,Indiana Nonmetro,29032,25559,29212
2022,1800003,state_nonmetro,state,18002,Indiana Nonmetro,29032,25559,29212
2022,1900001,state_nonmetro,state,19002,Iowa Nonmetro,28612,25288,28784
2022,1900002,state_nonmetro,state,19002,Iowa Nonmetro,28612,25288,28784
2022,1900003,state_nonmetro,state,19002,Iowa Nonmetro,28612,25288,28784
2022,1900004,state_nonmetro,state,19002,Iowa Nonmetro,28612,25288,28784
2022,2000006,state_nonmetro,state,20002,Kansas Nonmetro,28717,25356,28891
2022,2100001,state_nonmetro,state,21002,Kentucky Nonmetro,28327,25105,28493
2022,2100002,state_nonmetro,state,21002,Kentucky Nonmetro,28327,25105,28493
2022,2100003,state_nonmetro,state,21002,Kentucky Nonmetro,28327,25105,28493
2022,2100004,state_nonmetro,state,21002,Kentucky Nonmetro,28327,25105,28493
2022,2200002,state_nonmetro,state,22002,Louisiana Nonmetro,28522,25230,28692
2022,2200003,state_nonmetro,state,22002,Louisiana Nonmetro,28522,25230,28692
2022,2200006,state_nonmetro,state,22002,Louisiana Nonmetro,28522,25230,28692
2022,2300001,state_nonmetro,state,23002,Maine Nonmetro,30036,26205,30236
2022,2300002,state_nonmetro,state,23002,Maine Nonmetro,30036,26205,30236
2022,2400006,state_nonmetro,state,24002,Maryland Nonmetro,31656,27248,31888
2022,2500006,state_nonmetro,state,25002,Massachusetts Nonmetro,42497,34229,42944
2022,2600001,state_nonmetro,state,26002,Michigan Nonmetro,30246,26341,30450
2022,2600002,state_nonmetro,state,26002,Michigan Nonmetro,30246,26341,30450
2022,2600003,state_nonmetro,state,26002,Michigan Nonmetro,30246,26341,30450
2022,2600004,state_nonmetro,state,26002,Michigan Nonmetro,30246,26341,30450
2022,2700001,state_nonmetro,state,27002,Minnesota Nonmetro,30246,26341,30450
2022,2700002,state_nonmetro,state,27002,Minnesota Nonmetro,30246,26341,30450
2022,2700003,state_nonmetro,state,27002,Minnesota Nonmetro,30246,26341,30450
2022,2700004,state_nonmetro,state,27002,Minnesota Nonmetro,30246,26341,30450
2022,2800001,state_nonmetro,state,28002,Mississippi Nonmetro,28462,25192,28631
2022,2800002,state_nonmetro,state,28002,Mississippi Nonmetro,28462,25192,28631
2022,2800003,state_nonmetro,state,28002,Mississippi Nonmetro,28462,25192,28631
2022,2800004,state_nonmetro,state,28002,Mississippi Nonmetro,28462,25192,28631
2022,2900001,state_nonmetro,state,29002,Missouri Nonmetro,28792,25404,28967
2022,2900002,state_nonmetro,state,29002,Missouri Nonmetro,28792,25404,28967
2022,2900003,state_nonmetro,state,29002,Missouri Nonmetro,28792,25404,28967
2022,2900004,state_nonmetro,state,29002,Missouri Nonmetro,28792,25404,28967
2022,3000003,state_nonmetro,state,30002,Montana Nonmetro,31266,26997,31490
2022,3000004,state_nonmetro,state,30002,Montana Nonmetro,31266,26997,31490
2022,3000006,state_nonmetro,state,30002,Montana Nonmetro,31266,26997,31490
2022,3100001,state_nonmetro,state,31002,Nebraska Nonmetro,29497,25858,29686
2022,3100003,state_nonmetro,state,31002,Nebraska Nonmetro,29497,25858,29686
2022,3100006,state_nonmetro,state,31002,Nebraska Nonmetro,29497,25858,29686
2022,3200006,state_nonmetro,state,32002,Nevada Nonmetro,32151,27567,32392
2022,3300001,state_nonmetro,state,33002,New Hampshire Nonmetro,34070,28803,34350
2022,3300002,state_nonmetro,state,33002,New Hampshire Nonmetro,34070,28803,34350
2022,3300006,state_nonmetro,state,33002,New Hampshire Nonmetro,34070,28803,34350
2022,3500006,state_nonmetro,state,35002,New Mexico Nonmetro,29467,25839,29655
2022,3500007,state_nonmetro,state,35002,New Mexico Nonmetro,29467,25839,29655
2022,3600001,state_nonmetro,state,36002,New York Nonmetro,29901,26119,30099
2022,3600004,state_nonmetro,state,36002,New York Nonmetro,29901,26119,30099
2022,3600006,state_nonmetro,state,36002,New York Nonmetro,29901,26119,30099
2022,3700001,state_nonmetro,state,37002,North Carolina Nonmetro,28732,25365,28906
2022,3700002,state_nonmetro,state,37002,North Carolina Nonmetro,28732,25365,28906
2022,3700003,state_nonmetro,state,37002,North Carolina Nonmetro,28732,25365,28906
2022,3700004,state_nonmetro,state,37002,North Carolina Nonmetro,28732,25365,28906
2022,3800006,state_nonmetro,state,38002,North Dakota Nonmetro,30291,26370,30496
2022,3800007,state_nonmetro,state,38002,North Dakota Nonmetro,30291,26370,30496
2022,3900001,state_nonmetro,state,39002,Ohio Nonmetro,28747,25375,28921
2022,3900002,state_nonmetro,state,39002,Ohio Nonmetro,28747,25375,28921
2022,3900003,state_nonmetro,state,39002,Ohio Nonmetro,28747,25375,28921
2022,3900004,state_nonmetro,state,39002,Ohio Nonmetro,28747,25375,28921
2022,4000001,state_nonmetro,state,40002,Oklahoma Nonmetro,28507,25221,28677
2022,4000002,state_nonmetro,state,40002,Oklahoma Nonmetro,28507,25221,28677
2022,4000003,state_nonmetro,state,40002,Oklahoma Nonmetro,28507,25221,28677
2022,4000004,state_nonmetro,state,40002,Oklahoma Nonmetro,28507,25221,28677
2022,4100006,state_nonmetro,state,41002,Oregon Nonmetro,31296,27017,31521
2022,4100007,state_nonmetro,state,41002,Oregon Nonmetro,31296,27017,31521
2022,4100008,state_nonmetro,state,41002,Oregon Nonmetro,31296,27017,31521
2022,4200001,state_nonmetro,state,42002,Pennsylvania Nonmetro,28687,25336,28860
2022,4200002,state_nonmetro,state,42002,Pennsylvania Nonmetro,28687,25336,28860
2022,4200003,state_nonmetro,state,42002,Pennsylvania Nonmetro,28687,25336,28860
2022,4500002,state_nonmetro,state,45002,South Carolina Nonmetro,29017,25549,29197
2022,4500004,state_nonmetro,state,45002,South Carolina Nonmetro,29017,25549,29197
2022,4500006,state_nonmetro,state,45002,South Carolina Nonmetro,29017,25549,29197
2022,4600002,state_nonmetro,state,46002,South Dakota Nonmetro,29242,25694,29426
2022,4600003,state_nonmetro,state,46002,South Dakota Nonmetro,29242,25694,29426
2022,4700001,state_nonmetro,state,47002,Tennessee Nonmetro,28717,25356,28891
2022,4700002,state_nonmetro,state,47002,Tennessee Nonmetro,28717,25356,28891
2022,4700003,state_nonmetro,state,47002,Tennessee Nonmetro,28717,25356,28891
2022,4700004,state_nonmetro,state,47002,Tennessee Nonmetro,28717,25356,28891
2022,4800001,state_nonmetro,state,48002,Texas Nonmetro,30816,26708,31032
2022,4800002,state_nonmetro,state,48002,Texas Nonmetro,30816,26708,31032
2022,4800003,state_nonmetro,state,48002,Texas Nonmetro,30816,26708,31032
2022,4800004,state_nonmetro,state,48002,Texas Nonmetro,30816,26708,31032
2022,4800005,state_nonmetro,state,48002,Texas Nonmetro,30816,26708,31032
2022,4800006,state_nonmetro,state,48002,Texas Nonmetro,30816,26708,31032
2022,4900006,state_nonmetro,state,49002,Utah Nonmetro,29167,25645,29349
2022,4900007,state_nonmetro,state,49002,Utah Nonmetro,29167,25645,29349
2022,5000001,state_nonmetro,state,50002,Vermont Nonmetro,32601,27857,32851
2022,5000002,state_nonmetro,state,50002,Vermont Nonmetro,32601,27857,32851
2022,5100001,state_nonmetro,state,51002,Virginia Nonmetro,28747,25375,28921
2022,5100002,state_nonmetro,state,51002,Virginia Nonmetro,28747,25375,28921
2022,5100003,state_nonmetro,state,51002,Virginia Nonmetro,28747,25375,28921
2022,5100004,state_nonmetro,state,51002,Virginia Nonmetro,28747,25375,28921
2022,5300006,state_nonmetro,state,53002,Washington Nonmetro,30171,26292,30374
2022,5300007,state_nonmetro,state,53002,Washington Nonmetro,30171,26292,30374
2022,5400001,state_nonmetro,state,54002,West Virginia Nonmetro,29317,25742,29502
2022,5400002,state_nonmetro,state,54002,West Virginia Nonmetro,29317,25742,29502
2022,5500001,state_nonmetro,state,55002,Wisconsin Nonmetro,29467,25839,29655
2022,5500002,state_nonmetro,state,55002,Wisconsin Nonmetro,29467,25839,29655
2022,5500003,state_nonmetro,state,55002,Wisconsin Nonmetro,29467,25839,29655
2022,5500004,state_nonmetro,state,55002,Wisconsin Nonmetro,29467,25839,29655
2022,5600006,state_nonmetro,state,56002,Wyoming Nonmetro,30021,26196,30221
2022,5600007,state_nonmetro,state,56002,Wyoming Nonmetro,30021,26196,30221
2023,11500,none,,,,,,
2023,12220,metro,code,12220,"Auburn-Opelika, AL MSA",32910,28377,33331
2023,13820,metro,code,13820,"Birmingham-Hoover, AL MSA",34015,29065,34477
2023,19300,metro,code,19300,"Daphne-Fairhope-Foley, AL MSA",35281,29853,35788
2023,19460,none,,,,,,
2023,20020,none,,,,,,
2023,22520,metro,code,22520,"Florence-Muscle Shoals, AL MSA",31115,27260,31471
2023,23460,none,,,,,,
2023,26620,metro,code,26620,"Huntsville, AL MSA",33358,28656,33796
2023,33660,metro,code,33660,"Mobile, AL MSA",32926,28387,33347
2023,33860,metro,code,33860,"Montgomery, AL MSA",33246,28587,33680
2023,46220,none,,,,,,
2023,11260,state_metro,state,2001,Alaska Metro,38277,31718,38893
2023,21820,state_metro,state,2001,Alaska Metro,38277,31718,38893
2023,22380,state_metro,state,4001,Arizona Metro,38341,31757,38960
2023,29420,state_metro,state,4001,Arizona Metro,38341,31757,38960
2023,38060,metro,code,38060,"Phoenix-Mesa-Scottsdale, AZ MSA",38822,32057,39458
2023,39140,metro,code,39140,"Prescott, AZ MSA",35441,29953,35954
2023,43420,state_metro,state,4001,Arizona Metro,38341,31757,38960
2023,46060,metro,code,46060,"Tucson, AZ MSA",35041,29703,35539
2023,49740,metro,code,49740,"Yuma, AZ MSA",32846,28337,33264
2023,12540,metro,code,12540,"Bakersfield, CA MSA",34400,29305,34875
2023,17020,metro,code,17020,"Chico, CA MSA",37043,30950,37615
2023,20940,none,,,,,,
2023,23420,metro,code,23420,"Fresno, CA MSA",35713,30122,36237
2023,25260,metro,code,25260,"Hanford-Corcoran, CA MSA",34432,29324,34908
2023,31080,metro,code,31080,"Los Angeles-Long Beach-Anaheim, CA MSA",46720,36972,47644
2023,31460,none,,,,,,
2023,32900,none,,,,,,
2023,33700,metro,code,33700,"Modesto, CA MSA",37700,31359,38296
2023,34900,none,,,,,,
2023,37100,metro,code,37100,"Oxnard-Thousand Oaks-Ventura, CA MSA",47297,37331,48242
2023,39820,metro,code,39820,"Redding, CA MSA",35810,30182,36336
2023,40140,metro,code,40140,"Riverside-San Bernardino-Ontario, CA MSA",40536,33123,41235
2023,40900,metro,code,40900,"Sacramento--Roseville--Arden-Arcade, CA MSA",41369,33642,42098
2023,41500,metro,code,41500,"Salinas, CA MSA",44765,35756,45618
2023,41740,metro,code,41740,"San Diego-Carlsbad, CA MSA",47088,37202,48026
2023,41860,metro,code,41860,"San Francisco-Oakland-Hayward, CA MSA",52552,40602,53688
2023,41940,metro,code,41940,"San Jose-Sunnyvale-Santa Clara, CA MSA",56397,42995,57673
2023,42020,metro,code,42020,"San Luis Obispo-Paso Robles-Arroyo Grande, CA MSA",44573,35636,45419
2023,42100,metro,code,42100,"Santa Cruz-Watsonville, CA MSA",49636,38787,50666
2023,42200,metro,code,42200,"Santa Maria-Santa Barbara, CA MSA",46287,36703,47196
2023,42220,metro,code,42220,"Santa Rosa, CA MSA",47377,37381,48325
2023,44700,metro,code,44700,"Stockton-Lodi, CA MSA",38629,31937,39259
2023,46700,metro,code,46700,"Vallejo-Fairfield, CA MSA",45246,36055,46116
2023,47300,metro,code,47300,"Visalia-Porterville, CA MSA",34191,29175,34659
2023,49700,none,,,,,,
2023,14500,metro,code,14500,"Boulder, CO MSA",44445,35556,45286
2023,17820,metro,code,17820,"Colorado Springs, CO MSA",38437,31817,39059
2023,19740,metro,code,19740,"Denver-Aurora-Lakewood, CO MSA",43500,34968,44306
2023,22660,metro,code,22660,"Fort Collins, CO MSA",39847,32695,40521
2023,24300,none,,,,,,
2023,24540,metro,code,24540,"Greeley, CO MSA",36627,30691,37183
2023,39380,none,,,,,,
2023,15980,metro,code,15980,"Cape Coral-Fort Myers, FL MSA",38501,31857,39126
2023,18880,state_metro,state,12001,Florida Metro,32589,28178,32999
2023,19660,metro,code,19660,"Deltona-Daytona Beach-Ormond Beach, FL MSA",36883,30850,37449
2023,23540,metro,code,23540,"Gainesville, FL MSA",36611,30681,37167
2023,26140,state_metro,state,12001,Florida Metro,32589,28178,32999
2023,27260,metro,code,27260,"Jacksonville, FL MSA",37219,31059,37797
2023,29460,metro,code,29460,"Lakeland-Winter Haven, FL MSA",35089,29733,35589
2023,33100,metro,code,33100,"Miami-Fort Lauderdale-West Palm Beach, FL MSA",42186,34150,42945
2023,34940,metro,code,34940,"Naples-Immokalee-Marco Island, FL MSA",40231,32934,40919
2023,35840,metro,code,35840,"North Port-Sarasota-Bradenton, FL MSA",39558,32515,40222
2023,36100,metro,code,36100,"Ocala, FL MSA",34320,29255,34792
2023,36740,metro,code,36740,"Orlando-Kissimmee-Sanford, FL MSA",40007,32794,40687
2023,37340,metro,code,37340,"Palm Bay-Melbourne-Titusville, FL MSA",36851,30830,37416
2023,37460,metro,code,37460,"Panama City, FL MSA",37364,31149,37947
2023,37860,metro,code,37860,"Pensacola-Ferry Pass-Brent, FL MSA",35057,29713,35556
2023,38940,metro,code,38940,"Port St. Lucie, FL MSA",37412,31179,37997
2023,39460,state_metro,state,12001,Florida Metro,32589,28178,32999
2023,42680,state_metro,state,12001,Florida Metro,32589,28178,32999
2023,42700,state_metro,state,12001,Florida Metro,32589,28178,32999
2023,45220,metro,code,45220,"Tallahassee, FL MSA",35361,29903,35871
2023,45300,metro,code,45300,"Tampa-St. Petersburg-Clearwater, FL MSA",38405,31797,39026
2023,45540,state_metro,state,12001,Florida Metro,32589,28178,32999
2023,27980,metro,code,27980,"Kahului-Wailuku-Lahaina, HI MSA",44365,35507,45203
2023,46520,metro,code,46520,"Urban Honolulu, HI MSA",46287,36703,47196
2023,29940,state_metro,state,20001,Kansas Metro,33470,28726,33912
2023,31740,state_metro,state,20001,Kansas Metro,33470,28726,33912
2023,45820,metro,code,45820,"Topeka, KS MSA",33182,28547,33613
2023,48620,metro,code,48620,"Wichita, KS MSA",32894,28367,33314
2023,14540,metro,code,14540,"Bowling Green, KY MSA",32637,28208,33049
2023,21060,state_metro,state,21001,Kentucky Metro,31404,27440,31770
2023,30460,metro,code,30460,"Lexington-Fayette, KY MSA",33903,28995,34360
2023,36980,state_metro,state,21001,Kentucky Metro,31404,27440,31770
2023,10780,state_metro,state,22001,Louisiana Metro,32253,27968,32650
2023,12940,metro,code,12940,"Baton Rouge, LA MSA",34239,29205,34709
2023,25220,state_metro,state,22001,Louisiana Metro,32253,27968,32650
2023,26380,state_metro,state,22001,Louisiana Metro,32253,27968,32650
2023,29180,metro,code,29180,"Lafayette, LA MSA",32397,28058,32800
2023,29340,metro,code,29340,"Lake Charles, LA MSA",33983,29045,34443
2023,33740,metro,code,33740,"Monroe, LA MSA",31980,27799,32368
2023,35380,metro,code,35380,"New Orleans-Metairie, LA MSA",35601,30052,36120
2023,43340,metro,code,43340,"Shreveport-Bossier City, LA MSA",32429,28078,32833
2023,12580,metro,code,12580,"Baltimore-Columbia-Towson, MD MSA",40552,33133,41251
2023,15680,metro,code,15680,"California-Lexington Park, MD MSA",40295,32974,40986
2023,70900,metro,hand,12700,"Barnstable Town, MA MSA",43147,34749,43941
2023,74500,state_metro,state,25001,Massachusetts Metro,34656,29464,35141
2023,75550,state_metro,state,25001,Massachusetts Metro,34656,29464,35141
2023,76600,state_metro,state,25001,Massachusetts Metro,34656,29464,35141
2023,11460,metro,code,11460,"Ann Arbor, MI MSA",38838,32067,39475
2023,12980,metro,code,12980,"Battle Creek, MI MSA",33070,28477,33497
2023,13020,state_metro,state,26001,Michigan Metro,32461,28098,32866
2023,19820,metro,code,19820,"Detroit-Warren-Dearborn, MI MSA",35521,30003,36037
2023,22420,metro,code,22420,"Flint, MI MSA",32477,28108,32883
2023,24340,metro,code,24340,"Grand Rapids-Wyoming, MI MSA",34944,29644,35440
2023,27100,metro,code,27100,"Jackson, MI MSA",32525,28138,32932
2023,28020,metro,code,28020,"Kalamazoo-Portage, MI MSA",33727,28886,34178
2023,29620,metro,code,29620,"Lansing-East Lansing, MI MSA",34416,29315,34892
2023,33220,state_metro,state,26001,Michigan Metro,32461,28098,32866
2023,33780,metro,code,33780,"Monroe, MI MSA",34416,29315,34892
2023,34740,metro,code,34740,"Muskegon, MI MSA",33230,28577,33663
2023,35660,metro,code,35660,"Niles-Benton Harbor, MI MSA",32701,28248,33115
2023,40980,metro,code,40980,"Saginaw, MI MSA",32077,27859,32467
2023,25060,state_metro,state,28001,Mississippi Metro,32830,28327,33248
2023,25620,state_metro,state,28001,Mississippi Metro,32830,28327,33248
2023,27140,metro,code,27140,"Jackson, MS MSA",33935,29015,34394
2023,13740,metro,code,13740,"Billings, MT MSA",33775,28916,34228
2023,24500,state_metro,state,30001,Montana Metro,33855,28966,34311
2023,33540,state_metro,state,30001,Montana Metro,33855,28966,34311
2023,16180,state_metro,state,32001,Nevada Metro,38709,31987,39342
2023,29820,metro,code,29820,"Las Vegas-Henderson-Paradise, NV MSA",37764,31398,38362
2023,39900,state_metro,state,32001,Nevada Metro,38709,31987,39342
2023,10740,metro,code,10740,"Albuquerque, NM MSA",34207,29185,34676
2023,22140,metro,code,22140,"Farmington, NM MSA",31644,27590,32019
2023,29740,metro,code,29740,"Las Cruces, NM MSA",31131,27270,31488
2023,42140,metro,code,42140,"Santa Fe, NM MSA",37524,31249,38113
2023,10580,metro,code,10580,"Albany-Schenectady-Troy, NY MSA",36883,30850,37449
2023,13780,metro,code,13780,"Binghamton, NY MSA",32637,28208,33049
2023,15380,metro,code,15380,"Buffalo-Cheektowaga-Niagara Falls, NY MSA",33182,28547,33613
2023,21300,none,,,,,,
2023,24020,metro,code,24020,"Glens Falls, NY MSA",34111,29125,34576
2023,27060,none,,,,,,
2023,28740,none,,,,,,
2023,40380,metro,code,40380,"Rochester, NY MSA",35057,29713,35556
2023,45060,metro,code,45060,"Syracuse, NY MSA",33983,29045,34443
2023,46540,metro,code,46540,"Utica-Rome, NY MSA",32413,28068,32816
2023,48060,metro,code,48060,"Watertown-Fort Drum, NY MSA",35377,29913,35888
2023,13900,state_metro,state,38001,North Dakota Metro,32637,28208,33049
2023,21420,state_metro,state,40001,Oklahoma Metro,29385,26184,29678
2023,30020,state_metro,state,40001,Oklahoma Metro,29385,26184,29678
2023,36420,metro,code,36420,"Oklahoma City, OK MSA",33679,28856,34128
2023,46140,metro,code,46140,"Tulsa, OK MSA",33422,28696,33862
2023,39660,state_metro,state,46001,South Dakota Metro,34015,29065,34477
2023,43620,metro,code,43620,"Sioux Falls, SD MSA",33150,28527,33580
2023,10180,metro,code,10180,"Abilene, TX MSA",34432,29324,34908
2023,11100,metro,code,11100,"Amarillo, TX MSA",33583,28796,34028
2023,12420,metro,code,12420,"Austin-Round Rock, TX MSA",41465,33702,42198
2023,13140,metro,code,13140,"Beaumont-Port Arthur, TX MSA",33535,28766,33978
2023,15180,metro,code,15180,"Brownsville-Harlingen, TX MSA",31308,27380,31670
2023,17780,metro,code,17780,"College Station-Bryan, TX MSA",33919,29005,34377
2023,18580,metro,code,18580,"Corpus Christi, TX MSA",36194,30421,36735
2023,19100,metro,code,19100,"Dallas-Fort Worth-Arlington, TX MSA",39350,32386,40006
2023,21340,metro,code,21340,"El Paso, TX MSA",32701,28248,33115
2023,26420,metro,code,26420,"Houston-The Woodlands-Sugar Land, TX MSA",37412,31179,37997
2023,28660,metro,code,28660,"Killeen-Temple, TX MSA",33230,28577,33663
2023,29700,metro,code,29700,"Laredo, TX MSA",32990,28427,33414
2023,30980,metro,code,30980,"Longview, TX MSA",33294,28617,33729
2023,31180,metro,code,31180,"Lubbock, TX MSA",34111,29125,34576
2023,32580,metro,code,32580,"McAllen-Edinburg-Mission, TX MSA",32013,27819,32401
2023,33260,state_metro,state,48001,Texas Metro,34416,29315,34892
2023,36220,metro,code,36220,"Odessa, TX MSA",37155,31020,37731
2023,41660,state_metro,state,48001,Texas Metro,34416,29315,34892
2023,41700,metro,code,41700,"San Antonio-New Braunfels, TX MSA",36883,30850,37449
2023,43300,metro,code,43300,"Sherman-Denison, TX MSA",34864,29594,35357
2023,46340,metro,code,46340,"Tyler, TX MSA",34784,29544,35274
2023,47020,state_metro,state,48001,Texas Metro,34416,29315,34892
2023,47380,metro,code,47380,"Waco, TX MSA",34400,29305,34875
2023,48660,metro,code,48660,"Wichita Falls, TX MSA",32461,28098,32866
2023,36260,metro,code,36260,"Ogden-Clearfield, UT MSA",35649,30082,36170
2023,39340,metro,code,39340,"Provo-Orem, UT MSA",35121,29753,35622
2023,41100,metro,code,41100,"St. George, UT MSA",36194,30421,36735
2023,41620,metro,code,41620,"Salt Lake City, UT MSA",38405,31797,39026
2023,72400,metro,hand,15540,"Burlington-South Burlington, VT MSA",40680,33213,41384
2023,13380,state_metro,state,53001,Washington Metro,34608,29434,35091
2023,14740,state_metro,state,53001,Washington Metro,34608,29434,35091
2023,28420,metro,code,28420,"Kennewick-Richland, WA MSA",35633,30072,36154
2023,31020,state_metro,state,53001,Washington Metro,34608,29434,35091
2023,34580,metro,code,34580,"Mount Vernon-Anacortes, WA MSA",37460,31209,38047
2023,36500,state_metro,state,53001,Washington Metro,34608,29434,35091
2023,42660,metro,code,42660,"Seattle-Tacoma-Bellevue, WA MSA",44829,35796,45685
2023,44060,metro,code,44060,"Spokane-Spokane Valley, WA MSA",35137,29763,35639
2023,47460,state_metro,state,53001,Washington Metro,34608,29434,35091
2023,48300,state_metro,state,53001,Washington Metro,34608,29434,35091
2023,49420,state_metro,state,53001,Washington Metro,34608,29434,35091
2023,11540,metro,code,11540,"Appleton, WI MSA",33230,28577,33663
2023,20740,none,,,,,,
2023,22540,none,,,,,,
2023,24580,metro,code,24580,"Green Bay, WI MSA",33230,28577,33663
2023,27500,metro,code,27500,"Janesville-Beloit, WI MSA",33470,28726,33912
2023,31540,metro,code,31540,"Madison, WI MSA",37075,30970,37648
2023,33340,metro,code,33340,"Milwaukee-Waukesha-West Allis, WI MSA",34592,29424,35074
2023,36780,metro,code,36780,"Oshkosh-Neenah, WI MSA",32445,28088,32849
2023,39540,metro,code,39540,"Racine, WI MSA",33470,28726,33912
2023,43100,none,,,,,,
2023,48140,metro,code,48140,"Wausau, WI MSA",32541,28148,32949
2023,16220,state_metro,state,56001,Wyoming Metro,33150,28527,33580
2023,16940,state_metro,state,56001,Wyoming Metro,33150,28527,33580
2023,26300,state_metro,state,5001,Arkansas Metro,31740,27649,32119
2023,27860,state_metro,state,5001,Arkansas Metro,31740,27649,32119
2023,30780,metro,code,30780,"Little Rock-North Little Rock-Conway, AR MSA",32798,28307,33215
2023,38220,metro,code,38220,"Pine Bluff, AR MSA",30811,27071,31156
2023,22900,metro,code,22900,"Fort Smith, AR-OK MSA",31003,27191,31355
2023,45500,state_metro,state,48001,Texas Metro,34416,29315,34892
2023,71950,metro,hand,14860,"Bridgeport-Stamford-Norwalk, CT MSA",43820,35168,44639
2023,72850,none,,,,,,
2023,73450,metro,hand,25540,"Hartford-West Hartford-East Hartford, CT MSA",38773,32027,39408
2023,75700,metro,hand,35300,"New Haven-Milford, CT MSA",38517,31867,39142
2023,78700,none,,,,,,
2023,78100,metro,hand,44140,"Springfield, MA MSA",36098,30361,36635
2023,79600,metro,hand,49340,"Worcester, MA-CT MSA",37460,31209,38047
2023,20100,metro,code,20100,"Dover, DE MSA",35906,30242,36436
2023,41540,metro,code,41540,"Salisbury, MD-DE MSA",34944,29644,35440
2023,10500,state_metro,state,13001,Georgia Metro,31532,27520,31903
2023,12020,metro,code,12020,"Athens-Clarke County, GA MSA",33775,28916,34228
2023,12060,metro,code,12060,"Atlanta-Sandy Springs-Roswell, GA MSA",38645,31947,39275
2023,15260,state_metro,state,13001,Georgia Metro,31532,27520,31903
2023,19140,state_metro,state,13001,Georgia Metro,31532,27520,31903
2023,23580,metro,code,23580,"Gainesville, GA MSA",35313,29873,35822
2023,25980,state_metro,state,13001,Georgia Metro,31532,27520,31903
2023,31420,metro,code,31420,"Macon, GA MSA",33166,28537,33597
2023,40660,state_metro,state,13001,Georgia Metro,31532,27520,31903
2023,42340,metro,code,42340,"Savannah, GA MSA",36258,30461,36801
2023,46660,state_metro,state,13001,Georgia Metro,31532,27520,31903
2023,47580,metro,code,47580,"Warner Robins, GA MSA",32814,28317,33231
2023,17980,metro,code,17980,"Columbus, GA-AL MSA",33262,28597,33696
2023,14260,metro,code,14260,"Boise City, ID MSA",35826,30192,36353
2023,17660,metro,code,17660,"Coeur d'Alene, ID MSA",35249,29833,35755
2023,26820,metro,code,26820,"Idaho Falls, ID MSA",32413,28068,32816
2023,38540,state_metro,state,16001,Idaho Metro,31372,27420,31737
2023,46300,state_metro,state,16001,Idaho Metro,31372,27420,31737
2023,30860,state_metro,state,49001,Utah Metro,32477,28108,32883
2023,30300,state_metro,state,16001,Idaho Metro,31372,27420,31737
2023,14010,metro,code,14010,"Bloomington, IL MSA",33503,28746,33945
2023,16060,metro,code,16060,"Carbondale-Marion, IL MSA",31308,27380,31670
2023,16580,metro,code,16580,"Champaign-Urbana, IL MSA",33679,28856,34128
2023,19180,state_metro,state,17001,Illinois Metro,32701,28248,33115
2023,19500,state_metro,state,17001,Illinois Metro,32701,28248,33115
2023,28100,state_metro,state,17001,Illinois Metro,32701,28248,33115
2023,37900,metro,code,37900,"Peoria, IL MSA",32717,28258,33132
2023,40420,metro,code,40420,"Rockford, IL MSA",32990,28427,33414
2023,44100,metro,code,44100,"Springfield, IL MSA",32653,28218,33065
2023,70750,metro,hand,12620,"Bangor, ME MSA",34207,29185,34676
2023,74650,metro,hand,30340,"Lewiston-Auburn, ME MSA",33118,28507,33547
2023,76750,metro,hand,38860,"Portland-South Portland, ME MSA",38661,31957,39292
2023,31860,state_metro,state,27001,Minnesota Metro,33567,28786,34012
2023,40340,state_metro,state,27001,Minnesota Metro,33567,28786,34012
2023,41060,state_metro,state,27001,Minnesota Metro,33567,28786,34012
2023,22020,metro,code,22020,"Fargo, ND-MN MSA",32685,28238,33098
2023,24220,state_metro,state,38001,North Dakota Metro,32637,28208,33049
2023,20260,state_metro,state,27001,Minnesota Metro,33567,28786,34012
2023,29100,none,,,,,,
2023,33460,metro,code,33460,"Minneapolis-St. Paul-Bloomington, MN-WI MSA",39030,32186,39674
2023,24260,state_metro,state,31001,Nebraska Metro,33551,28776,33995
2023,30700,state_metro,state,31001,Nebraska Metro,33551,28776,33995
2023,11700,metro,code,11700,"Asheville, NC MSA",34720,29504,35207
2023,15500,metro,code,15500,"Burlington, NC MSA",32637,28208,33049
2023,20500,metro,code,20500,"Durham-Chapel Hill, NC MSA",37219,31059,37797
2023,22180,metro,code,22180,"Fayetteville, NC MSA",33470,28726,33912
2023,24140,metro,code,24140,"Goldsboro, NC MSA",32205,27939,32600
2023,24660,metro,code,24660,"Greensboro-High Point, NC MSA",33038,28457,33464
2023,24780,metro,code,24780,"Greenville, NC MSA",32269,27978,32667
2023,25860,metro,code,25860,"Hickory-Lenoir-Morganton, NC MSA",30747,27031,31089
2023,27340,metro,code,27340,"Jacksonville, NC MSA",33102,28497,33530
2023,35100,state_metro,state,37001,North Carolina Metro,33406,28686,33846
2023,39580,metro,code,39580,"Raleigh, NC MSA",37908,31488,38511
2023,40580,state_metro,state,37001,North Carolina Metro,33406,28686,33846
2023,48900,state_metro,state,37001,North Carolina Metro,33406,28686,33846
2023,49180,metro,code,49180,"Winston-Salem, NC MSA",32093,27869,32484
2023,10540,state_metro,state,41001,Oregon Metro,36579,30661,37133
2023,13460,metro,code,13460,"Bend-Redmond, OR MSA",39366,32396,40022
2023,18700,state_metro,state,41001,Oregon Metro,36579,30661,37133
2023,21660,metro,code,21660,"Eugene, OR MSA",36675,30720,37233
2023,24420,state_metro,state,41001,Oregon Metro,36579,30661,37133
2023,32780,metro,code,32780,"Medford, OR MSA",35810,30182,36336
2023,41420,metro,code,41420,"Salem, OR MSA",36498,30611,37050
2023,38900,metro,code,38900,"Portland-Vancouver-Hillsboro, OR-WA MSA",40920,33363,41633
2023,11180,state_metro,state,19001,Iowa Metro,33134,28517,33563
2023,16300,metro,code,16300,"Cedar Rapids, IA MSA",32814,28317,33231
2023,19780,metro,code,19780,"Des Moines-West Des Moines, IA MSA",34688,29484,35174
2023,20220,state_metro,state,19001,Iowa Metro,33134,28517,33563
2023,26980,metro,code,26980,"Iowa City, IA MSA",34352,29275,34825
2023,47940,metro,code,47940,"Waterloo-Cedar Falls, IA MSA",32701,28248,33115
2023,19340,metro,code,19340,"Davenport-Moline-Rock Island, IA-IL MSA",32461,28098,32866
2023,36540,metro,code,36540,"Omaha-Council Bluffs, NE-IA MSA",34992,29673,35489
2023,43580,state_metro,state,19001,Iowa Metro,33134,28517,33563
2023,17860,state_metro,state,29001,Missouri Metro,30699,27001,31039
2023,27620,state_metro,state,29001,Missouri Metro,30699,27001,31039
2023,27900,state_metro,state,29001,Missouri Metro,30699,27001,31039
2023,44180,metro,code,44180,"Springfield, MO MSA",31852,27719,32235
2023,28140,metro,code,28140,"Kansas City, MO-KS MSA",35345,29893,35855
2023,41140,state_metro,state,29001,Missouri Metro,30699,27001,31039
2023,22220,metro,code,22220,"Fayetteville-Springdale-Rogers, AR-MO MSA",32910,28377,33331
2023,16020,state_metro,state,29001,Missouri Metro,30699,27001,31039
2023,41180,metro,code,41180,"St. Louis, MO-IL MSA",34239,29205,34709
2023,12100,metro,code,12100,"Atlantic City-Hammonton, NJ MSA",37956,31518,38561
2023,36140,state_metro,state,34001,New Jersey Metro,38822,32057,39458
2023,45940,metro,code,45940,"Trenton, NJ MSA",40776,33273,41484
2023,47220,metro,code,47220,"Vineland-Bridgeton, NJ MSA",36530,30631,37083
2023,10420,metro,code,10420,"Akron, OH MSA",33326,28636,33763
2023,15940,metro,code,15940,"Canton-Massillon, OH MSA",31692,27619,32069
2023,17460,metro,code,17460,"Cleveland-Elyria, OH MSA",33406,28686,33846
2023,18140,metro,code,18140,"Columbus, OH MSA",35938,30262,36469
2023,19380,metro,code,19380,"Dayton, OH MSA",32814,28317,33231
2023,30620,state_metro,state,39001,Ohio Metro,31340,27400,31704
2023,31900,state_metro,state,39001,Ohio Metro,31340,27400,31704
2023,44220,state_metro,state,39001,Ohio Metro,31340,27400,31704
2023,45780,metro,code,45780,"Toledo, OH MSA",32541,28148,32949
2023,77200,metro,hand,39300,"Providence-Warwick, RI-MA MSA",36547,30641,37100
2023,76450,metro,hand,35980,"Norwich-New London, CT MSA",37684,31349,38279
2023,16700,metro,code,16700,"Charleston-North Charleston, SC MSA",38277,31718,38893
2023,17900,metro,code,17900,"Columbia, SC MSA",34111,29125,34576
2023,22500,metro,code,22500,"Florence, SC MSA",31276,27360,31637
2023,24860,metro,code,24860,"Greenville-Anderson-Mauldin, SC MSA",33631,28826,34078
2023,25940,metro,code,25940,"Hilton Head Island-Bluffton-Beaufort, SC MSA",37892,31478,38495
2023,43900,metro,code,43900,"Spartanburg, SC MSA",32782,28297,33198
2023,44940,none,,,,,,
2023,12260,metro,code,12260,"Augusta-Richmond County, GA-SC MSA",33022,28447,33447
2023,16740,metro,code,16740,"Charlotte-Concord-Gastonia, NC-SC MSA",36386,30541,36934
2023,34820,metro,code,34820,"Myrtle Beach-Conway-North Myrtle Beach, SC-NC MSA",34656,29464,35141
2023,13980,metro,code,13980,"Blacksburg-Christiansburg-Radford, VA MSA",33743,28896,34194
2023,16820,metro,code,16820,"Charlottesville, VA MSA",39558,32515,40222
2023,25500,state_metro,state,51001,Virginia Metro,33246,28587,33680
2023,31340,state_metro,state,51001,Virginia Metro,33246,28587,33680
2023,40060,metro,code,40060,"Richmond, VA MSA",37267,31089,37847
2023,40220,metro,code,40220,"Roanoke, VA MSA",32846,28337,33264
2023,44420,state_metro,state,51001,Virginia Metro,33246,28587,33680
2023,47260,metro,code,47260,"Virginia Beach-Norfolk-Newport News, VA-NC MSA",37059,30960,37631
2023,14020,metro,code,14020,"Bloomington, IN MSA",34544,29394,35025
2023,18020,state_metro,state,18001,Indiana Metro,32045,27839,32434
2023,21140,metro,code,21140,"Elkhart-Goshen, IN MSA",32750,28278,33165
2023,23060,metro,code,23060,"Fort Wayne, IN MSA",32750,28278,33165
2023,26900,metro,code,26900,"Indianapolis-Carmel-Anderson, IN MSA",34544,29394,35025
2023,29020,state_metro,state,18001,Indiana Metro,32045,27839,32434
2023,29200,metro,code,29200,"Lafayette-West Lafayette, IN MSA",34255,29215,34726
2023,33140,state_metro,state,18001,Indiana Metro,32045,27839,32434
2023,34620,state_metro,state,18001,Indiana Metro,32045,27839,32434
2023,45460,metro,code,45460,"Terre Haute, IN MSA",32157,27909,32550
2023,21780,metro,code,21780,"Evansville, IN-KY MSA",33214,28567,33646
2023,31140,metro,code,31140,"Louisville/Jefferson County, KY-IN MSA",34047,29085,34510
2023,43780,metro,code,43780,"South Bend-Mishawaka, IN-MI MSA",33599,28806,34045
2023,16980,metro,code,16980,"Chicago-Naperville-Elgin, IL-IN-WI MSA",37636,31319,38229
2023,17140,metro,code,17140,"Cincinnati, OH-KY-IN MSA",33967,29035,34427
2023,74950,metro,hand,31700,"Manchester-Nashua, NH MSA",40344,33004,41035
2023,71650,metro,hand,14460,"Boston-Cambridge-Newton, MA-NH MSA",45743,36364,46631
2023,73050,none,,,,,,
2023,76900,none,,,,,,
2023,11020,state_metro,state,42001,Pennsylvania Metro,33551,28776,33995
2023,14100,state_metro,state,42001,Pennsylvania Metro,33551,28776,33995
2023,16540,metro,code,16540,"Chambersburg-Waynesboro, PA MSA",33631,28826,34078
2023,20700,metro,code,20700,"East Stroudsburg, PA MSA",37444,31199,38030
2023,21500,metro,code,21500,"Erie, PA MSA",32349,28028,32750
2023,23900,state_metro,state,42001,Pennsylvania Metro,33551,28776,33995
2023,25420,metro,code,25420,"Harrisburg-Carlisle, PA MSA",35409,29933,35921
2023,27780,metro,code,27780,"Johnstown, PA MSA",30138,26652,30458
2023,29540,metro,code,29540,"Lancaster, PA MSA",36563,30651,37117
2023,30140,state_metro,state,42001,Pennsylvania Metro,33551,28776,33995
2023,38300,metro,code,38300,"Pittsburgh, PA MSA",33711,28876,34161
2023,39740,metro,code,39740,"Reading, PA MSA",35297,29863,35805
2023,42540,metro,code,42540,"Scranton--Wilkes-Barre--Hazleton, PA MSA",32397,28058,32800
2023,44300,state_metro,state,42001,Pennsylvania Metro,33551,28776,33995
2023,48700,metro,code,48700,"Williamsport, PA MSA",32285,27988,32683
2023,49620,metro,code,49620,"York-Hanover, PA MSA",34784,29544,35274
2023,10900,metro,code,10900,"Allentown-Bethlehem-Easton, PA-NJ MSA",37251,31079,37831
2023,35620,metro,code,35620,"New York-Newark-Jersey City, NY-NJ-PA MSA",43163,34759,43958
2023,37980,metro,code,37980,"Philadelphia-Camden-Wilmington, PA-NJ-DE-MD MSA",39078,32216,39724
2023,49660,metro,code,49660,"Youngstown-Warren-Boardman, OH-PA MSA",30523,26892,30857
2023,17420,metro,code,17420,"Cleveland, TN MSA",32237,27958,32633
2023,27180,none,,,,,,
2023,27740,metro,code,27740,"Johnson City, TN MSA",31628,27580,32003
2023,28940,metro,code,28940,"Knoxville, TN MSA",33535,28766,33978
2023,34100,none,,,,,,
2023,34980,metro,code,34980,"Nashville-Davidson--Murfreesboro--Franklin, TN MSA",37924,31498,38528
2023,17300,metro,code,17300,"Clarksville, TN-KY MSA",33599,28806,34045
2023,32820,metro,code,32820,"Memphis, TN-MS-AR MSA",34079,29105,34543
2023,16860,metro,code,16860,"Chattanooga, TN-GA MSA",33486,28736,33929
2023,28700,metro,code,28700,"Kingsport-Bristol-Bristol, TN-VA MSA",30795,27061,31139
2023,13220,state_metro,state,54001,West Virginia Metro,30827,27081,31172
2023,16620,metro,code,16620,"Charleston, WV MSA",32477,28108,32883
2023,34060,metro,code,34060,"Morgantown, WV MSA",33310,28627,33746
2023,37620,state_metro,state,54001,West Virginia Metro,30827,27081,31172
2023,19060,none,,,,,,
2023,25180,metro,code,25180,"Hagerstown-Martinsburg, MD-WV MSA",34640,29454,35124
2023,48260,state_metro,state,54001,West Virginia Metro,30827,27081,31172
2023,48540,state_metro,state,54001,West Virginia Metro,30827,27081,31172
2023,26580,metro,code,26580,"Huntington-Ashland, WV-KY-OH MSA",32333,28018,32733
2023,49020,metro,code,49020,"Winchester, VA-WV MSA",36819,30810,37382
2023,47900,metro,code,47900,"Washington-Arlington-Alexandria, DC-VA-MD-WV MSA",45342,36115,46216
2023,0100001,state_nonmetro,state,1002,Alabama Nonmetro,29946,26533,30259
2023,0100002,state_nonmetro,state,1002,Alabama Nonmetro,29946,26533,30259
2023,0100003,state_nonmetro,state,1002,Alabama Nonmetro,29946,26533,30259
2023,0100004,state_nonmetro,state,1002,Alabama Nonmetro,29946,26533,30259
2023,0200006,state_nonmetro,state,2002,Alaska Nonmetro,38052,31578,38661
2023,0400001,state_nonmetro,state,4002,Arizona Nonmetro,30314,26762,30641
2023,0600003,state_nonmetro,state,6002,California Nonmetro,36258,30461,36801
2023,0600006,state_nonmetro,state,6002,California Nonmetro,36258,30461,36801
2023,0600007,state_nonmetro,state,6002,California Nonmetro,36258,30461,36801
2023,0800001,state_nonmetro,state,8002,Colorado Nonmetro,35265,29843,35772
2023,0800002,state_nonmetro,state,8002,Colorado Nonmetro,35265,29843,35772
2023,0800003,state_nonmetro,state,8002,Colorado Nonmetro,35265,29843,35772
2023,1200003,state_nonmetro,state,12002,Florida Nonmetro,30955,27161,31305
2023,1200006,state_nonmetro,state,12002,Florida Nonmetro,30955,27161,31305
2023,1500001,state_nonmetro,state,15002,Hawaii Nonmetro,39286,32346,39939
2023,2000006,state_nonmetro,state,20002,Kansas Nonmetro,30827,27081,31172
2023,2100001,state_nonmetro,state,21002,Kentucky Nonmetro,30458,26852,30790
2023,2100002,state_nonmetro,state,21002,Kentucky Nonmetro,30458,26852,30790
2023,2100003,state_nonmetro,state,21002,Kentucky Nonmetro,30458,26852,30790
2023,2100004,state_nonmetro,state,21002,Kentucky Nonmetro,30458,26852,30790
2023,2200002,state_nonmetro,state,22002,Louisiana Nonmetro,30651,26971,30990
2023,2200003,state_nonmetro,state,22002,Louisiana Nonmetro,30651,26971,30990
2023,2200006,state_nonmetro,state,22002,Louisiana Nonmetro,30651,26971,30990
2023,2400006,state_nonmetro,state,24002,Maryland Nonmetro,33919,29005,34377
2023,2500006,state_nonmetro,state,25002,Massachusetts Nonmetro,37604,31299,38196
2023,2600001,state_nonmetro,state,26002,Michigan Nonmetro,32541,28148,32949
2023,2600002,state_nonmetro,state,26002,Michigan Nonmetro,32541,28148,32949
2023,2600003,state_nonmetro,state,26002,Michigan Nonmetro,32541,28148,32949
2023,2600004,state_nonmetro,state,26002,Michigan Nonmetro,32541,28148,32949
2023,2800001,state_nonmetro,state,28002,Mississippi Nonmetro,30523,26892,30857
2023,2800002,state_nonmetro,state,28002,Mississippi Nonmetro,30523,26892,30857
2023,2800003,state_nonmetro,state,28002,Mississippi Nonmetro,30523,26892,30857
2023,2800004,state_nonmetro,state,28002,Mississippi Nonmetro,30523,26892,30857
2023,3000003,state_nonmetro,state,30002,Montana Nonmetro,33807,28936,34261
2023,3000004,state_nonmetro,state,30002,Montana Nonmetro,33807,28936,34261
2023,3000006,state_nonmetro,state,30002,Montana Nonmetro,33807,28936,34261
2023,3200006,state_nonmetro,state,32002,Nevada Nonmetro,34672,29474,35157
2023,3500006,state_nonmetro,state,35002,New Mexico Nonmetro,31452,27470,31820
2023,3500007,state_nonmetro,state,35002,New Mexico Nonmetro,31452,27470,31820
2023,3600001,state_nonmetro,state,36002,New York Nonmetro,32125,27889,32517
2023,3600004,state_nonmetro,state,36002,New York Nonmetro,32125,27889,32517
2023,3600006,state_nonmetro,state,36002,New York Nonmetro,32125,27889,32517
2023,3800006,state_nonmetro,state,38002,North Dakota Nonmetro,32413,28068,32816
2023,3800007,state_nonmetro,state,38002,North Dakota Nonmetro,32413,28068,32816
2023,4000001,state_nonmetro,state,40002,Oklahoma Nonmetro,31308,27380,31670
2023,4000002,state_nonmetro,state,40002,Oklahoma Nonmetro,31308,27380,31670
2023,4000003,state_nonmetro,state,40002,Oklahoma Nonmetro,31308,27380,31670
2023,4000004,state_nonmetro,state,40002,Oklahoma Nonmetro,31308,27380,31670
2023,4600002,state_nonmetro,state,46002,South Dakota Nonmetro,31404,27440,31770
2023,4600003,state_nonmetro,state,46002,South Dakota Nonmetro,31404,27440,31770
2023,4800001,state_nonmetro,state,48002,Texas Nonmetro,33182,28547,33613
2023,4800002,state_nonmetro,state,48002,Texas Nonmetro,33182,28547,33613
2023,4800003,state_nonmetro,state,48002,Texas Nonmetro,33182,28547,33613
2023,4800004,state_nonmetro,state,48002,Texas Nonmetro,33182,28547,33613
2023,4800005,state_nonmetro,state,48002,Texas Nonmetro,33182,28547,33613
2023,4800006,state_nonmetro,state,48002,Texas Nonmetro,33182,28547,33613
2023,4900006,state_nonmetro,state,49002,Utah Nonmetro,31484,27490,31853
2023,4900007,state_nonmetro,state,49002,Utah Nonmetro,31484,27490,31853
2023,5000001,state_nonmetro,state,50002,Vermont Nonmetro,34832,29574,35323
2023,5000002,state_nonmetro,state,50002,Vermont Nonmetro,34832,29574,35323
2023,5300006,state_nonmetro,state,53002,Washington Nonmetro,32397,28058,32800
2023,5300007,state_nonmetro,state,53002,Washington Nonmetro,32397,28058,32800
2023,5500001,state_nonmetro,state,55002,Wisconsin Nonmetro,31740,27649,32119
2023,5500002,state_nonmetro,state,55002,Wisconsin Nonmetro,31740,27649,32119
2023,5500003,state_nonmetro,state,55002,Wisconsin Nonmetro,31740,27649,32119
2023,5500004,state_nonmetro,state,55002,Wisconsin Nonmetro,31740,27649,32119
2023,5600006,state_nonmetro,state,56002,Wyoming Nonmetro,31980,27799,32368
2023,5600007,state_nonmetro,state,56002,Wyoming Nonmetro,31980,27799,32368
2023,0500001,state_nonmetro,state,5002,Arkansas Nonmetro,30410,26822,30741
2023,0500002,state_nonmetro,state,5002,Arkansas Nonmetro,30410,26822,30741
2023,0500003,state_nonmetro,state,5002,Arkansas Nonmetro,30410,26822,30741
2023,0500004,state_nonmetro,state,5002,Arkansas Nonmetro,30410,26822,30741
2023,0900001,state_nonmetro,state,9002,Connecticut Nonmetro,36739,30760,37299
2023,1300001,state_nonmetro,state,13002,Georgia Nonmetro,30763,27041,31106
2023,1300002,state_nonmetro,state,13002,Georgia Nonmetro,30763,27041,31106
2023,1300003,state_nonmetro,state,13002,Georgia Nonmetro,30763,27041,31106
2023,1300004,state_nonmetro,state,13002,Georgia Nonmetro,30763,27041,31106
2023,1600006,state_nonmetro,state,16002,Idaho Nonmetro,31900,27749,32285
2023,1600007,state_nonmetro,state,16002,Idaho Nonmetro,31900,27749,32285
2023,1700001,state_nonmetro,state,17002,Illinois Nonmetro,30875,27111,31222
2023,1700002,state_nonmetro,state,17002,Illinois Nonmetro,30875,27111,31222
2023,1700003,state_nonmetro,state,17002,Illinois Nonmetro,30875,27111,31222
2023,1700004,state_nonmetro,state,17002,Illinois Nonmetro,30875,27111,31222
2023,2300001,state_nonmetro,state,23002,Maine Nonmetro,32269,27978,32667
2023,2300002,state_nonmetro,state,23002,Maine Nonmetro,32269,27978,32667
2023,2700001,state_nonmetro,state,27002,Minnesota Nonmetro,32493,28118,32899
2023,2700002,state_nonmetro,state,27002,Minnesota Nonmetro,32493,28118,32899
2023,2700003,state_nonmetro,state,27002,Minnesota Nonmetro,32493,28118,32899
2023,2700004,state_nonmetro,state,27002,Minnesota Nonmetro,32493,28118,32899
2023,3100001,state_nonmetro,state,31002,Nebraska Nonmetro,31628,27580,32003
2023,3100003,state_nonmetro,state,31002,Nebraska Nonmetro,31628,27580,32003
2023,3100006,state_nonmetro,state,31002,Nebraska Nonmetro,31628,27580,32003
2023,3700001,state_nonmetro,state,37002,North Carolina Nonmetro,30891,27121,31239
2023,3700002,state_nonmetro,state,37002,North Carolina Nonmetro,30891,27121,31239
2023,3700003,state_nonmetro,state,37002,North Carolina Nonmetro,30891,27121,31239
2023,3700004,state_nonmetro,state,37002,North Carolina Nonmetro,30891,27121,31239
2023,4100006,state_nonmetro,state,41002,Oregon Nonmetro,33583,28796,34028
2023,4100007,state_nonmetro,state,41002,Oregon Nonmetro,33583,28796,34028
2023,4100008,state_nonmetro,state,41002,Oregon Nonmetro,33583,28796,34028
2023,1900001,state_nonmetro,state,19002,Iowa Nonmetro,30843,27091,31189
2023,1900002,state_nonmetro,state,19002,Iowa Nonmetro,30843,27091,31189
2023,1900003,state_nonmetro,state,19002,Iowa Nonmetro,30843,27091,31189
2023,1900004,state_nonmetro,state,19002,Iowa Nonmetro,30843,27091,31189
2023,2900001,state_nonmetro,state,29002,Missouri Nonmetro,30939,27151,31289
2023,2900002,state_nonmetro,state,29002,Missouri Nonmetro,30939,27151,31289
2023,2900003,state_nonmetro,state,29002,Missouri Nonmetro,30939,27151,31289
2023,2900004,state_nonmetro,state,29002,Missouri Nonmetro,30939,27151,31289
2023,3900001,state_nonmetro,state,39002,Ohio Nonmetro,30907,27131,31255
2023,3900002,state_nonmetro,state,39002,Ohio Nonmetro,30907,27131,31255
2023,3900003,state_nonmetro,state,39002,Ohio Nonmetro,30907,27131,31255
2023,3900004,state_nonmetro,state,39002,Ohio Nonmetro,30907,27131,31255
2023,4500002,state_nonmetro,state,45002,South Carolina Nonmetro,30955,27161,31305
2023,4500004,state_nonmetro,state,45002,South Carolina Nonmetro,30955,27161,31305
2023,4500006,state_nonmetro,state,45002,South Carolina Nonmetro,30955,27161,31305
2023,5100001,state_nonmetro,state,51002,Virginia Nonmetro,30955,27161,31305
2023,5100002,state_nonmetro,state,51002,Virginia Nonmetro,30955,27161,31305
2023,5100003,state_nonmetro,state,51002,Virginia Nonmetro,30955,27161,31305
2023,5100004,state_nonmetro,state,51002,Virginia Nonmetro,30955,27161,31305
2023,1800001,state_nonmetro,state,18002,Indiana Nonmetro,31099,27251,31455
2023,1800002,state_nonmetro,state,18002,Indiana Nonmetro,31099,27251,31455
2023,1800003,state_nonmetro,state,18002,Indiana Nonmetro,31099,27251,31455
2023,3300001,state_nonmetro,state,33002,New Hampshire Nonmetro,36691,30730,37250
2023,3300002,state_nonmetro,state,33002,New Hampshire Nonmetro,36691,30730,37250
2023,3300006,state_nonmetro,state,33002,New Hampshire Nonmetro,36691,30730,37250
2023,4200001,state_nonmetro,state,42002,Pennsylvania Nonmetro,30667,26981,31006
2023,4200002,state_nonmetro,state,42002,Pennsylvania Nonmetro,30667,26981,31006
2023,4200003,state_nonmetro,state,42002,Pennsylvania Nonmetro,30667,26981,31006
2023,4700001,state_nonmetro,state,47002,Tennessee Nonmetro,30891,27121,31239
2023,4700002,state_nonmetro,state,47002,Tennessee Nonmetro,30891,27121,31239
2023,4700003,state_nonmetro,state,47002,Tennessee Nonmetro,30891,27121,31239
2023,4700004,state_nonmetro,state,47002,Tennessee Nonmetro,30891,27121,31239
2023,5400001,state_nonmetro,state,54002,West Virginia Nonmetro,31404,27440,31770
2023,5400002,state_nonmetro,state,54002,West Virginia Nonmetro,31404,27440,31770
2024,10180,metro,code,10180,"Abilene, TX MSA",36135,30765,36408
2024,10420,metro,code,10420,"Akron, OH MSA",35185,30176,35430
2024,10500,state_metro,state,13001,Georgia Metro,33167,28923,33351
2024,10540,state_metro,state,41001,Oregon Metro,38780,32407,39133
2024,10580,metro,code,10580,"Albany-Schenectady-Troy, NY MSA",38814,32428,39168
2024,10740,metro,code,10740,"Albuquerque, NM MSA",36203,30807,36478
2024,10780,state_metro,state,22001,Louisiana Metro,33914,29386,34120
2024,10900,metro,code,10900,"Allentown-Bethlehem-Easton, PA-NJ MSA",39492,32849,39867
2024,11020,state_metro,state,42001,Pennsylvania Metro,34965,30039,35203
2024,11100,metro,code,11100,"Amarillo, TX MSA",35423,30323,35674
2024,11180,state_metro,state,19001,Iowa Metro,34727,29892,34958
2024,11200,state_metro,state,25001,Massachusetts Metro,36406,30934,36688
2024,11260,state_metro,state,2001,Alaska Metro,40204,33291,40600
2024,11460,metro,code,11460,"Ann Arbor, MI MSA",41035,33807,41456
2024,11500,none,,,,,,
2024,11540,metro,code,11540,"Appleton, WI MSA",35050,30092,35290
2024,11700,metro,code,11700,"Asheville, NC MSA",37050,31333,37351
2024,12020,metro,code,12020,"Athens-Clarke County, GA MSA",36609,31060,36897
2024,12060,metro,code,12060,"Atlanta-Sandy Springs-Roswell, GA MSA",41510,34102,41945
2024,12100,metro,code,12100,"Atlantic City-Hammonton, NJ MSA",39831,33060,40216
2024,12220,metro,code,12220,"Auburn-Opelika, AL MSA",34575,29797,34801
2024,12260,metro,code,12260,"Augusta-Richmond County, GA-SC MSA",35033,30081,35273
2024,12420,metro,code,12420,"Austin-Round Rock, TX MSA",43951,35617,44461
2024,12540,metro,code,12540,"Bakersfield, CA MSA",36440,30955,36723
2024,12580,metro,code,12580,"Baltimore-Columbia-Towson, MD MSA",42696,34838,43168
2024,12620,metro,code,12620,"Bangor, ME MSA",35965,30660,36233
2024,12700,metro,code,12700,"Barnstable Town, MA MSA",44070,35691,44583
2024,12940,metro,code,12940,"Baton Rouge, LA MSA",35982,30670,36251
2024,12980,metro,code,12980,"Battle Creek, MI MSA",34846,29965,35081
2024,13020,state_metro,state,26001,Michigan Metro,34134,29523,34347
2024,13140,metro,code,13140,"Beaumont-Port Arthur, TX MSA",35338,30270,35587
2024,13220,state_metro,state,54001,West Virginia Metro,32642,28597,32810
2024,13380,state_metro,state,53001,Washington Metro,36745,31144,37037
2024,13460,metro,code,13460,"Bend-Redmond, OR MSA",41645,34186,42085
2024,13740,metro,code,13740,"Billings, MT MSA",35541,30397,35797
2024,13780,metro,code,13780,"Binghamton, NY MSA",34236,29586,34452
2024,13820,metro,code,13820,"Birmingham-Hoover, AL MSA",35745,30523,36006
2024,13900,state_metro,state,38001,North Dakota Metro,34320,29639,34539
2024,13980,metro,code,13980,"Blacksburg-Christiansburg-Radford, VA MSA",35914,30628,36181
2024,14010,metro,code,14010,"Bloomington, IL MSA",35050,30092,35290
2024,14020,metro,code,14020,"Bloomington, IN MSA",36287,30860,36565
2024,14260,metro,code,14260,"Boise City, ID MSA",38729,32375,39081
2024,14460,metro,code,14460,"Boston-Cambridge-Newton, MA-NH MSA",48444,38406,49090
2024,14500,metro,code,14500,"Boulder, CO MSA",46359,37112,46941
2024,14540,metro,code,14540,"Bowling Green, KY MSA",34287,29618,34504
2024,14580,state_metro,state,30001,Montana Metro,35880,30607,36146
2024,14740,state_metro,state,53001,Washington Metro,36745,31144,37037
2024,14860,metro,code,14860,"Bridgeport-Stamford-Norwalk, CT MSA",46189,37007,46766
2024,15180,metro,code,15180,"Brownsville-Harlingen, TX MSA",33015,28828,33194
2024,15260,state_metro,state,13001,Georgia Metro,33167,28923,33351
2024,15380,metro,code,15380,"Buffalo-Cheektowaga-Niagara Falls, NY MSA",34982,30049,35220
2024,15500,metro,code,15500,"Burlington, NC MSA",34388,29681,34609
2024,15540,metro,code,15540,"Burlington-South Burlington, VT MSA",42747,34870,43220
2024,15940,metro,code,15940,"Canton-Massillon, OH MSA",33337,29028,33526
2024,15980,metro,code,15980,"Cape Coral-Fort Myers, FL MSA",41204,33912,41631
2024,16020,state_metro,state,29001,Missouri Metro,32150,28292,32303
2024,16180,state_metro,state,32001,Nevada Metro,41408,34038,41841
2024,16220,state_metro,state,56001,Wyoming Metro,34846,29965,35081
2024,16300,metro,code,16300,"Cedar Rapids, IA MSA",34693,29870,34923
2024,16540,metro,code,16540,"Chambersburg-Waynesboro, PA MSA",35592,30428,35849
2024,16580,metro,code,16580,"Champaign-Urbana, IL MSA",35338,30270,35587
2024,16620,metro,code,16620,"Charleston, WV MSA",33846,29344,34050
2024,16700,metro,code,16700,"Charleston-North Charleston, SC MSA",40747,33628,41159
2024,16740,metro,code,16740,"Charlotte-Concord-Gastonia, NC-SC MSA",38881,32470,39238
2024,16820,metro,code,16820,"Charlottesville, VA MSA",42052,34438,42504
2024,16860,metro,code,16860,"Chattanooga, TN-GA MSA",35677,30481,35937
2024,16940,state_metro,state,56001,Wyoming Metro,34846,29965,35081
2024,16980,metro,code,16980,"Chicago-Naperville-Elgin, IL-IN-WI MSA",39712,32986,40094
2024,17020,metro,code,17020,"Chico, CA MSA",39153,32639,39517
2024,17140,metro,code,17140,"Cincinnati, OH-KY-IN MSA",35813,30565,36076
2024,17300,metro,code,17300,"Clarksville, TN-KY MSA",36203,30807,36478
2024,17410,metro,hand,17460,"Cleveland-Elyria, OH MSA",35270,30228,35517
2024,17420,metro,code,17420,"Cleveland, TN MSA",33998,29439,34207
2024,17660,metro,code,17660,"Coeur d'Alene, ID MSA",37440,31576,37753
2024,17780,metro,code,17780,"College Station-Bryan, TX MSA",35643,30460,35902
2024,17820,metro,code,17820,"Colorado Springs, CO MSA",41221,33923,41648
2024,17860,state_metro,state,29001,Missouri Metro,32150,28292,32303
2024,17900,metro,code,17900,"Columbia, SC MSA",35948,30649,36216
2024,17980,metro,code,17980,"Columbus, GA-AL MSA",34761,29913,34993
2024,18020,state_metro,state,18001,Indiana Metro,33846,29344,34050
2024,18140,metro,code,18140,"Columbus, OH MSA",38051,31954,38382
2024,18580,metro,code,18580,"Corpus Christi, TX MSA",38034,31944,38364
2024,18700,state_metro,state,41001,Oregon Metro,38780,32407,39133
2024,18880,state_metro,state,12001,Florida Metro,34473,29734,34696
2024,19100,metro,code,19100,"Dallas-Fort Worth-Arlington, TX MSA",41815,34291,42260
2024,19140,state_metro,state,13001,Georgia Metro,33167,28923,33351
2024,19300,metro,code,19300,"Daphne-Fairhope-Foley, AL MSA",37067,31344,37369
2024,19340,metro,code,19340,"Davenport-Moline-Rock Island, IA-IL MSA",33981,29428,34190
2024,19430,metro,hand,19380,"Dayton, OH MSA",34524,29765,34749
2024,19460,none,,,,,,
2024,19500,state_metro,state,17001,Illinois Metro,34083,29492,34295
2024,19660,metro,code,19660,"Deltona-Daytona Beach-Ormond Beach, FL MSA",39204,32670,39570
2024,19740,metro,code,19740,"Denver-Aurora-Lakewood, CO MSA",46138,36975,46714
2024,19780,metro,code,19780,"Des Moines-West Des Moines, IA MSA",36525,31007,36810
2024,19820,metro,code,19820,"Detroit-Warren-Dearborn, MI MSA",37440,31576,37753
2024,20020,none,,,,,,
2024,20100,metro,code,20100,"Dover, DE MSA",37661,31712,37980
2024,20220,state_metro,state,19001,Iowa Metro,34727,29892,34958
2024,20260,state_metro,state,27001,Minnesota Metro,35338,30270,35587
2024,20500,metro,code,20500,"Durham-Chapel Hill, NC MSA",39492,32849,39867
2024,20580,state_metro,state,48001,Texas Metro,35999,30681,36268
2024,20740,none,,,,,,
2024,20940,none,,,,,,
2024,21060,state_metro,state,21001,Kentucky Metro,33235,28965,33421
2024,21140,metro,code,21140,"Elkhart-Goshen, IN MSA",34863,29976,35098
2024,21300,none,,,,,,
2024,21340,metro,code,21340,"El Paso, TX MSA",34677,29860,34906
2024,21420,state_metro,state,40001,Oklahoma Metro,30811,27460,30923
2024,21500,metro,code,21500,"Erie, PA MSA",33693,29249,33893
2024,21660,metro,code,21660,"Eugene, OR MSA",38763,32397,39116
2024,21780,metro,code,21780,"Evansville, IN-KY MSA",34931,30018,35168
2024,21820,state_metro,state,2001,Alaska Metro,40204,33291,40600
2024,22020,metro,code,22020,"Fargo, ND-MN MSA",34253,29597,34469
2024,22140,metro,code,22140,"Farmington, NM MSA",33354,29039,33543
2024,22180,metro,code,22180,"Fayetteville, NC MSA",35592,30428,35849
2024,22220,metro,code,22220,"Fayetteville-Springdale-Rogers, AR-MO MSA",35033,30081,35273
2024,22380,state_metro,state,4001,Arizona Metro,40899,33723,41316
2024,22420,metro,code,22420,"Flint, MI MSA",34354,29660,34574
2024,22500,metro,code,22500,"Florence, SC MSA",32845,28723,33019
2024,22520,metro,code,22520,"Florence-Muscle Shoals, AL MSA",32794,28692,32967
2024,22540,none,,,,,,
2024,22660,metro,code,22660,"Fort Collins, CO MSA",42205,34533,42661
2024,22900,metro,code,22900,"Fort Smith, AR-OK MSA",32642,28597,32810
2024,23060,metro,code,23060,"Fort Wayne, IN MSA",34507,29755,34731
2024,23420,metro,code,23420,"Fresno, CA MSA",38051,31954,38382
2024,23460,none,,,,,,
2024,23540,metro,code,23540,"Gainesville, FL MSA",38814,32428,39168
2024,23580,metro,code,23580,"Gainesville, GA MSA",37288,31481,37596
2024,23900,state_metro,state,42001,Pennsylvania Metro,34965,30039,35203
2024,24020,metro,code,24020,"Glens Falls, NY MSA",35813,30565,36076
2024,24140,metro,code,24140,"Goldsboro, NC MSA",33608,29197,33805
2024,24220,state_metro,state,38001,North Dakota Metro,34320,29639,34539
2024,24260,state_metro,state,31001,Nebraska Metro,35321,30260,35570
2024,24300,none,,,,,,
2024,24340,metro,code,24340,"Grand Rapids-Wyoming, MI MSA",37050,31333,37351
2024,24420,state_metro,state,41001,Oregon Metro,38780,32407,39133
2024,24500,state_metro,state,30001,Montana Metro,35880,30607,36146
2024,24540,metro,code,24540,"Greeley, CO MSA",39831,33060,40216
2024,24580,metro,code,24580,"Green Bay, WI MSA",35050,30092,35290
2024,24660,metro,code,24660,"Greensboro-High Point, NC MSA",34897,29997,35133
2024,24780,metro,code,24780,"Greenville, NC MSA",34304,29628,34522
2024,24860,metro,code,24860,"Greenville-Anderson-Mauldin, SC MSA",35711,30502,35971
2024,25060,state_metro,state,28001,Mississippi Metro,34253,29597,34469
2024,25180,metro,code,25180,"Hagerstown-Martinsburg, MD-WV MSA",36830,31197,37124
2024,25220,state_metro,state,22001,Louisiana Metro,33914,29386,34120
2024,25260,metro,code,25260,"Hanford-Corcoran, CA MSA",36542,31018,36827
2024,25420,metro,code,25420,"Harrisburg-Carlisle, PA MSA",37372,31533,37683
2024,25500,state_metro,state,51001,Virginia Metro,34795,29934,35028
2024,25540,metro,code,25540,"Hartford-West Hartford-East Hartford, CT MSA",40764,33639,41177
2024,25620,state_metro,state,28001,Mississippi Metro,34253,29597,34469
2024,25740,state_metro,state,30001,Montana Metro,35880,30607,36146
2024,25860,metro,code,25860,"Hickory-Lenoir-Morganton, NC MSA",32252,28355,32408
2024,25940,metro,code,25940,"Hilton Head Island-Bluffton-Beaufort, SC MSA",40170,33270,40565
2024,25980,state_metro,state,13001,Georgia Metro,33167,28923,33351
2024,26140,state_metro,state,12001,Florida Metro,34473,29734,34696
2024,26300,state_metro,state,5001,Arkansas Metro,33524,29144,33718
2024,26380,state_metro,state,22001,Louisiana Metro,33914,29386,34120
2024,26420,metro,code,26420,"Houston-The Woodlands-Sugar Land, TX MSA",39560,32891,39937
2024,26580,metro,code,26580,"Huntington-Ashland, WV-KY-OH MSA",33371,29050,33561
2024,26620,metro,code,26620,"Huntsville, AL MSA",35304,30249,35552
2024,26820,metro,code,26820,"Idaho Falls, ID MSA",34524,29765,34749
2024,26900,metro,code,26900,"Indianapolis-Carmel-Anderson, IN MSA",36525,31007,36810
2024,26980,metro,code,26980,"Iowa City, IA MSA",35745,30523,36006
2024,27060,none,,,,,,
2024,27100,metro,code,27100,"Jackson, MI MSA",34219,29576,34434
2024,27140,metro,code,27140,"Jackson, MS MSA",35677,30481,35937
2024,27180,none,,,,,,
2024,27260,metro,code,27260,"Jacksonville, FL MSA",40068,33207,40461
2024,27340,metro,code,27340,"Jacksonville, NC MSA",34829,29955,35063
2024,27500,metro,code,27500,"Janesville-Beloit, WI MSA",35270,30228,35517
2024,27620,state_metro,state,29001,Missouri Metro,32150,28292,32303
2024,27740,metro,code,27740,"Johnson City, TN MSA",33541,29155,33736
2024,27780,metro,code,27780,"Johnstown, PA MSA",31675,27997,31814
2024,27860,state_metro,state,5001,Arkansas Metro,33524,29144,33718
2024,27900,state_metro,state,29001,Missouri Metro,32150,28292,32303
2024,27980,metro,code,27980,"Kahului-Wailuku-Lahaina, HI MSA",46681,37312,47273
2024,28020,metro,code,28020,"Kalamazoo-Portage, MI MSA",35490,30365,35744
2024,28100,state_metro,state,17001,Illinois Metro,34083,29492,34295
2024,28140,metro,code,28140,"Kansas City, MO-KS MSA",37254,31460,37561
2024,28420,metro,code,28420,"Kennewick-Richland, WA MSA",37830,31818,38155
2024,28450,none,,,,,,
2024,28660,metro,code,28660,"Killeen-Temple, TX MSA",35321,30260,35570
2024,28700,metro,code,28700,"Kingsport-Bristol-Bristol, TN-VA MSA",32438,28471,32600
2024,28740,none,,,,,,
2024,28880,none,,,,,,
2024,28940,metro,code,28940,"Knoxville, TN MSA",35829,30576,36094
2024,29020,state_metro,state,18001,Indiana Metro,33846,29344,34050
2024,29100,none,,,,,,
2024,29180,metro,code,29180,"Lafayette, LA MSA",33795,29313,33998
2024,29200,metro,code,29200,"Lafayette-West Lafayette, IN MSA",36016,30691,36286
2024,29340,metro,code,29340,"Lake Charles, LA MSA",36067,30723,36338
2024,29420,state_metro,state,4001,Arizona Metro,40899,33723,41316
2024,29460,metro,code,29460,"Lakeland-Winter Haven, FL MSA",37135,31386,37439
2024,29540,metro,code,29540,"Lancaster, PA MSA",38678,32344,39028
2024,29620,metro,code,29620,"Lansing-East Lansing, MI MSA",36253,30839,36530
2024,29700,metro,code,29700,"Laredo, TX MSA",34558,29786,34784
2024,29740,metro,code,29740,"Las Cruces, NM MSA",32778,28681,32950
2024,29820,metro,code,29820,"Las Vegas-Henderson-Paradise, NV MSA",40424,33428,40827
2024,29940,state_metro,state,20001,Kansas Metro,35236,30207,35482
2024,30020,state_metro,state,40001,Oklahoma Metro,30811,27460,30923
2024,30140,state_metro,state,42001,Pennsylvania Metro,34965,30039,35203
2024,30300,state_metro,state,16001,Idaho Metro,33439,29092,33631
2024,30340,metro,code,30340,"Lewiston-Auburn, ME MSA",35066,30102,35308
2024,30460,metro,code,30460,"Lexington-Fayette, KY MSA",35609,30439,35867
2024,30500,metro,hand,15680,"California-Lexington Park, MD MSA",42340,34617,42801
2024,30620,state_metro,state,39001,Ohio Metro,33490,29123,33683
2024,30700,state_metro,state,31001,Nebraska Metro,35321,30260,35570
2024,30780,metro,code,30780,"Little Rock-North Little Rock-Conway, AR MSA",34405,29692,34626
2024,30860,state_metro,state,49001,Utah Metro,34931,30018,35168
2024,30980,metro,code,30980,"Longview, TX MSA",35440,30334,35692
2024,31020,state_metro,state,53001,Washington Metro,36745,31144,37037
2024,31080,metro,code,31080,"Los Angeles-Long Beach-Anaheim, CA MSA",49241,38901,49910
2024,31140,metro,code,31140,"Louisville/Jefferson County, KY-IN MSA",35880,30607,36146
2024,31180,metro,code,31180,"Lubbock, TX MSA",35914,30628,36181
2024,31340,state_metro,state,51001,Virginia Metro,34795,29934,35028
2024,31420,metro,code,31420,"Macon, GA MSA",34897,29997,35133
2024,31540,metro,code,31540,"Madison, WI MSA",39170,32649,39535
2024,31700,metro,code,31700,"Manchester-Nashua, NH MSA",42832,34923,43308
2024,31740,state_metro,state,20001,Kansas Metro,35236,30207,35482
2024,31860,state_metro,state,27001,Minnesota Metro,35338,30270,35587
2024,31900,state_metro,state,39001,Ohio Metro,33490,29123,33683
2024,32580,metro,code,32580,"McAllen-Edinburg-Mission, TX MSA",33914,29386,34120
2024,32780,metro,code,32780,"Medford, OR MSA",38085,31976,38417
2024,32820,metro,code,32820,"Memphis, TN-MS-AR MSA",35931,30639,36199
2024,32900,none,,,,,,
2024,33100,metro,code,33100,"Miami-Fort Lauderdale-West Palm Beach, FL MSA",44782,36133,45317
2024,33140,state_metro,state,18001,Indiana Metro,33846,29344,34050
2024,33220,state_metro,state,26001,Michigan Metro,34134,29523,34347
2024,33260,state_metro,state,48001,Texas Metro,35999,30681,36268
2024,33340,metro,code,33340,"Milwaukee-Waukesha-West Allis, WI MSA",36304,30870,36583
2024,33460,metro,code,33460,"Minneapolis-St. Paul-Bloomington, MN-WI MSA",41052,33817,41474
2024,33500,state_metro,state,38001,North Dakota Metro,34320,29639,34539
2024,33540,state_metro,state,30001,Montana Metro,35880,30607,36146
2024,33660,metro,code,33660,"Mobile, AL MSA",34744,29902,34976
2024,33700,metro,code,33700,"Modesto, CA MSA",39865,33081,40251
2024,33740,metro,code,33740,"Monroe, LA MSA",33795,29313,33998
2024,33780,metro,code,33780,"Monroe, MI MSA",36203,30807,36478
2024,33860,metro,code,33860,"Montgomery, AL MSA",34558,29786,34784
2024,34060,metro,code,34060,"Morgantown, WV MSA",34897,29997,35133
2024,34100,none,,,,,,
2024,34580,metro,code,34580,"Mount Vernon-Anacortes, WA MSA",39509,32860,39884
2024,34620,state_metro,state,18001,Indiana Metro,33846,29344,34050
2024,34740,metro,code,34740,"Muskegon, MI MSA",35134,30144,35378
2024,34820,metro,code,34820,"Myrtle Beach-Conway-North Myrtle Beach, SC-NC MSA",36677,31102,36967
2024,34900,none,,,,,,
2024,34940,metro,code,34940,"Naples-Immokalee-Marco Island, FL MSA",43120,35102,43605
2024,34980,metro,code,34980,"Nashville-Davidson--Murfreesboro--Franklin, TN MSA",40170,33270,40565
2024,35300,metro,code,35300,"New Haven-Milford, CT MSA",40407,33417,40810
2024,35380,metro,code,35380,"New Orleans-Metairie, LA MSA",37406,31555,37718
2024,35620,metro,code,35620,"New York-Newark-Jersey City, NY-NJ-PA MSA",45189,36386,45736
2024,35660,metro,code,35660,"Niles-Benton Harbor, MI MSA",34507,29755,34731
2024,35840,metro,code,35840,"North Port-Sarasota-Bradenton, FL MSA",42205,34533,42661
2024,35980,metro,code,35980,"Norwich-New London, CT MSA",40034,33186,40426
2024,36100,metro,code,36100,"Ocala, FL MSA",36287,30860,36565
2024,36220,metro,code,36220,"Odessa, TX MSA",38780,32407,39133
2024,36260,metro,code,36260,"Ogden-Clearfield, UT MSA",38322,32123,38661
2024,36420,metro,code,36420,"Oklahoma City, OK MSA",35440,30334,35692
2024,36500,state_metro,state,53001,Washington Metro,36745,31144,37037
2024,36540,metro,code,36540,"Omaha-Council Bluffs, NE-IA MSA",36949,31270,37247
2024,36740,metro,code,36740,"Orlando-Kissimmee-Sanford, FL MSA",42696,34838,43168
2024,36780,metro,code,36780,"Oshkosh-Neenah, WI MSA",34015,29449,34225
2024,36980,state_metro,state,21001,Kentucky Metro,33235,28965,33421
2024,37100,metro,code,37100,"Oxnard-Thousand Oaks-Ventura, CA MSA",50021,39385,50714
2024,37140,state_metro,state,21001,Kentucky Metro,33235,28965,33421
2024,37340,metro,code,37340,"Palm Bay-Melbourne-Titusville, FL MSA",39560,32891,39937
2024,37460,metro,code,37460,"Panama City, FL MSA",39695,32975,40076
2024,37620,state_metro,state,54001,West Virginia Metro,32642,28597,32810
2024,37860,metro,code,37860,"Pensacola-Ferry Pass-Brent, FL MSA",37050,31333,37351
2024,37900,metro,code,37900,"Peoria, IL MSA",34320,29639,34539
2024,37980,metro,code,37980,"Philadelphia-Camden-Wilmington, PA-NJ-DE-MD MSA",41187,33902,41613
2024,38060,metro,code,38060,"Phoenix-Mesa-Scottsdale, AZ MSA",41866,34323,42312
2024,38240,state_metro,state,37001,North Carolina Metro,35813,30565,36076
2024,38300,metro,code,38300,"Pittsburgh, PA MSA",35389,30302,35640
2024,38340,state_metro,state,25001,Massachusetts Metro,36406,30934,36688
2024,38540,state_metro,state,16001,Idaho Metro,33439,29092,33631
2024,38860,metro,code,38860,"Portland-South Portland, ME MSA",41289,33965,41718
2024,38900,metro,code,38900,"Portland-Vancouver-Hillsboro, OR-WA MSA",43070,35070,43552
2024,38940,metro,code,38940,"Port St. Lucie, FL MSA",40221,33302,40618
2024,39150,metro,hand,39140,"Prescott, AZ MSA",38271,32091,38609
2024,39300,metro,code,39300,"Providence-Warwick, RI-MA MSA",38814,32428,39168
2024,39340,metro,code,39340,"Provo-Orem, UT MSA",37762,31776,38085
2024,39380,none,,,,,,
2024,39460,state_metro,state,12001,Florida Metro,34473,29734,34696
2024,39540,metro,code,39540,"Racine, WI MSA",35185,30176,35430
2024,39580,metro,code,39580,"Raleigh, NC MSA",40323,33365,40723
2024,39660,state_metro,state,46001,South Dakota Metro,36440,30955,36723
2024,39740,metro,code,39740,"Reading, PA MSA",37288,31481,37596
2024,39820,metro,code,39820,"Redding, CA MSA",37627,31691,37945
2024,39900,state_metro,state,32001,Nevada Metro,41408,34038,41841
2024,40060,metro,code,40060,"Richmond, VA MSA",39407,32797,39779
2024,40140,metro,code,40140,"Riverside-San Bernardino-Ontario, CA MSA",43256,35186,43744
2024,40220,metro,code,40220,"Roanoke, VA MSA",34524,29765,34749
2024,40340,state_metro,state,27001,Minnesota Metro,35338,30270,35587
2024,40380,metro,code,40380,"Rochester, NY MSA",36982,31291,37281
2024,40420,metro,code,40420,"Rockford, IL MSA",34744,29902,34976
2024,40580,state_metro,state,37001,North Carolina Metro,35813,30565,36076
2024,40660,state_metro,state,13001,Georgia Metro,33167,28923,33351
2024,40900,metro,code,40900,"Sacramento--Roseville--Arden-Arcade, CA MSA",43917,35596,44426
2024,40980,metro,code,40980,"Saginaw, MI MSA",33778,29302,33980
2024,41060,state_metro,state,27001,Minnesota Metro,35338,30270,35587
2024,41100,metro,code,41100,"St. George, UT MSA",38322,32123,38661
2024,41140,state_metro,state,29001,Missouri Metro,32150,28292,32303
2024,41180,metro,code,41180,"St. Louis, MO-IL MSA",35914,30628,36181
2024,41420,metro,code,41420,"Salem, OR MSA",38780,32407,39133
2024,41500,metro,code,41500,"Salinas, CA MSA",47427,37775,48041
2024,41540,metro,code,41540,"Salisbury, MD-DE MSA",36779,31165,37072
2024,41620,metro,code,41620,"Salt Lake City, UT MSA",41001,33786,41421
2024,41660,state_metro,state,48001,Texas Metro,35999,30681,36268
2024,41700,metro,code,41700,"San Antonio-New Braunfels, TX MSA",39034,32565,39395
2024,41740,metro,code,41740,"San Diego-Carlsbad, CA MSA",49784,39238,50469
2024,41780,state_metro,state,39001,Ohio Metro,33490,29123,33683
2024,41860,metro,code,41860,"San Francisco-Oakland-Hayward, CA MSA",55091,42532,55937
2024,41940,metro,code,41940,"San Jose-Sunnyvale-Santa Clara, CA MSA",58855,44869,59815
2024,42020,metro,code,42020,"San Luis Obispo-Paso Robles-Arroyo Grande, CA MSA",47156,37607,47762
2024,42100,metro,code,42100,"Santa Cruz-Watsonville, CA MSA",51073,40038,51797
2024,42140,metro,code,42140,"Santa Fe, NM MSA",40543,33502,40950
2024,42200,metro,code,42200,"Santa Maria-Santa Barbara, CA MSA",48444,38406,49090
2024,42220,metro,code,42220,"Santa Rosa, CA MSA",49631,39143,50312
2024,42340,metro,code,42340,"Savannah, GA MSA",38644,32323,38993
2024,42540,metro,code,42540,"Scranton--Wilkes-Barre--Hazleton, PA MSA",34202,29565,34417
2024,42660,metro,code,42660,"Seattle-Tacoma-Bellevue, WA MSA",47461,37796,48076
2024,42680,state_metro,state,12001,Florida Metro,34473,29734,34696
2024,42700,state_metro,state,12001,Florida Metro,34473,29734,34696
2024,43100,none,,,,,,
2024,43300,metro,code,43300,"Sherman-Denison, TX MSA",37288,31481,37596
2024,43340,metro,code,43340,"Shreveport-Bossier City, LA MSA",34253,29597,34469
2024,43420,state_metro,state,4001,Arizona Metro,40899,33723,41316
2024,43580,state_metro,state,19001,Iowa Metro,34727,29892,34958
2024,43620,metro,code,43620,"Sioux Falls, SD MSA",34727,29892,34958
2024,43640,state_metro,state,22001,Louisiana Metro,33914,29386,34120
2024,43780,metro,code,43780,"South Bend-Mishawaka, IN-MI MSA",35728,30513,35989
2024,43900,metro,code,43900,"Spartanburg, SC MSA",34507,29755,34731
2024,44060,metro,code,44060,"Spokane-Spokane Valley, WA MSA",37237,31449,37544
2024,44100,metro,code,44100,"Springfield, IL MSA",34304,29628,34522
2024,44140,metro,code,44140,"Springfield, MA MSA",38051,31954,38382
2024,44180,metro,code,44180,"Springfield, MO MSA",33795,29313,33998
2024,44220,state_metro,state,39001,Ohio Metro,33490,29123,33683
2024,44300,state_metro,state,42001,Pennsylvania Metro,34965,30039,35203
2024,44420,state_metro,state,51001,Virginia Metro,34795,29934,35028
2024,44700,metro,code,44700,"Stockton-Lodi, CA MSA",40950,33754,41369
2024,44940,none,,,,,,
2024,45060,metro,code,45060,"Syracuse, NY MSA",35880,30607,36146
2024,45220,metro,code,45220,"Tallahassee, FL MSA",37406,31555,37718
2024,45300,metro,code,45300,"Tampa-St. Petersburg-Clearwater, FL MSA",41204,33912,41631
2024,45460,metro,code,45460,"Terre Haute, IN MSA",33947,29407,34155
2024,45500,state_metro,state,48001,Texas Metro,35999,30681,36268
2024,45780,metro,code,45780,"Toledo, OH MSA",34219,29576,34434
2024,45820,metro,code,45820,"Topeka, KS MSA",34677,29860,34906
2024,45900,state_metro,state,26001,Michigan Metro,34134,29523,34347
2024,45940,metro,code,45940,"Trenton, NJ MSA",42781,34891,43255
2024,46060,metro,code,46060,"Tucson, AZ MSA",37457,31586,37771
2024,46140,metro,code,46140,"Tulsa, OK MSA",35151,30155,35395
2024,46220,none,,,,,,
2024,46300,state_metro,state,16001,Idaho Metro,33439,29092,33631
2024,46340,metro,code,46340,"Tyler, TX MSA",36932,31260,37229
2024,46520,metro,code,46520,"Urban Honolulu, HI MSA",48394,38375,49037
2024,46540,metro,code,46540,"Utica-Rome, NY MSA",34185,29555,34399
2024,46660,state_metro,state,13001,Georgia Metro,33167,28923,33351
2024,46700,metro,code,46700,"Vallejo-Fairfield, CA MSA",47698,37943,48321
2024,47020,state_metro,state,48001,Texas Metro,35999,30681,36268
2024,47220,metro,code,47220,"Vineland-Bridgeton, NJ MSA",38034,31944,38364
2024,47260,metro,code,47260,"Virginia Beach-Norfolk-Newport News, VA-NC MSA",39136,32628,39500
2024,47300,metro,code,47300,"Visalia-Porterville, CA MSA",36270,30849,36548
2024,47380,metro,code,47380,"Waco, TX MSA",36321,30881,36600
2024,47460,state_metro,state,53001,Washington Metro,36745,31144,37037
2024,47580,metro,code,47580,"Warner Robins, GA MSA",34982,30049,35220
2024,47900,metro,code,47900,"Washington-Arlington-Alexandria, DC-VA-MD-WV MSA",47461,37796,48076
2024,47930,none,,,,,,
2024,47940,metro,code,47940,"Waterloo-Cedar Falls, IA MSA",34337,29649,34557
2024,48060,metro,code,48060,"Watertown-Fort Drum, NY MSA",37355,31523,37666
2024,48140,metro,code,48140,"Wausau, WI MSA",34422,29702,34644
2024,48260,state_metro,state,54001,West Virginia Metro,32642,28597,32810
2024,48300,state_metro,state,53001,Washington Metro,36745,31144,37037
2024,48540,state_metro,state,54001,West Virginia Metro,32642,28597,32810
2024,48620,metro,code,48620,"Wichita, KS MSA",34439,29713,34661
2024,48660,metro,code,48660,"Wichita Falls, TX MSA",34083,29492,34295
2024,48680,state_metro,state,12001,Florida Metro,34473,29734,34696
2024,48700,metro,code,48700,"Williamsport, PA MSA",33456,29102,33648
2024,48900,state_metro,state,37001,North Carolina Metro,35813,30565,36076
2024,49020,metro,code,49020,"Winchester, VA-WV MSA",39204,32670,39570
2024,49180,metro,code,49180,"Winston-Salem, NC MSA",33964,29418,34172
2024,49340,metro,code,49340,"Worcester, MA-CT MSA",39644,32944,40024
2024,49420,state_metro,state,53001,Washington Metro,36745,31144,37037
2024,49620,metro,code,49620,"York-Hanover, PA MSA",36711,31123,37002
2024,49660,metro,code,49660,"Youngstown-Warren-Boardman, OH-PA MSA",32303,28386,32460
2024,49700,none,,,,,,
2024,49740,metro,code,49740,"Yuma, AZ MSA",34592,29807,34819
2024,0100001,state_nonmetro,state,1002,Alabama Nonmetro,31489,27881,31622
2024,0100002,state_nonmetro,state,1002,Alabama Nonmetro,31489,27881,31622
2024,0100003,state_nonmetro,state,1002,Alabama Nonmetro,31489,27881,31622
2024,0100004,state_nonmetro,state,1002,Alabama Nonmetro,31489,27881,31622
2024,0200006,state_nonmetro,state,2002,Alaska Nonmetro,39797,33039,40181
2024,0400001,state_nonmetro,state,4002,Arizona Nonmetro,32506,28513,32670
2024,0500001,state_nonmetro,state,5002,Arkansas Nonmetro,32235,28344,32391
2024,0500002,state_nonmetro,state,5002,Arkansas Nonmetro,32235,28344,32391
2024,0500003,state_nonmetro,state,5002,Arkansas Nonmetro,32235,28344,32391
2024,0500004,state_nonmetro,state,5002,Arkansas Nonmetro,32235,28344,32391
2024,0600003,state_nonmetro,state,6002,California Nonmetro,38458,32207,38801
2024,0600006,state_nonmetro,state,6002,California Nonmetro,38458,32207,38801
2024,0600007,state_nonmetro,state,6002,California Nonmetro,38458,32207,38801
2024,0800001,state_nonmetro,state,8002,Colorado Nonmetro,38118,31997,38452
2024,0800002,state_nonmetro,state,8002,Colorado Nonmetro,38118,31997,38452
2024,0800003,state_nonmetro,state,8002,Colorado Nonmetro,38118,31997,38452
2024,0900001,state_nonmetro,state,9002,Connecticut Nonmetro,38661,32333,39011
2024,1000005,none,,,,,,
2024,1200003,state_nonmetro,state,12002,Florida Nonmetro,32371,28429,32530
2024,1200006,state_nonmetro,state,12002,Florida Nonmetro,32371,28429,32530
2024,1300001,state_nonmetro,state,13002,Georgia Nonmetro,32642,28597,32810
2024,1300002,state_nonmetro,state,13002,Georgia Nonmetro,32642,28597,32810
2024,1300003,state_nonmetro,state,13002,Georgia Nonmetro,32642,28597,32810
2024,1300004,state_nonmetro,state,13002,Georgia Nonmetro,32642,28597,32810
2024,1500001,state_nonmetro,state,15002,Hawaii Nonmetro,41425,34049,41858
2024,1600006,state_nonmetro,state,16002,Idaho Nonmetro,33659,29228,33858
2024,1600007,state_nonmetro,state,16002,Idaho Nonmetro,33659,29228,33858
2024,1700001,state_nonmetro,state,17002,Illinois Nonmetro,32811,28702,32984
2024,1700002,state_nonmetro,state,17002,Illinois Nonmetro,32811,28702,32984
2024,1700003,state_nonmetro,state,17002,Illinois Nonmetro,32811,28702,32984
2024,1700004,state_nonmetro,state,17002,Illinois Nonmetro,32811,28702,32984
2024,1800001,state_nonmetro,state,18002,Indiana Nonmetro,32608,28576,32775
2024,1800002,state_nonmetro,state,18002,Indiana Nonmetro,32608,28576,32775
2024,1800003,state_nonmetro,state,18002,Indiana Nonmetro,32608,28576,32775
2024,1900001,state_nonmetro,state,19002,Iowa Nonmetro,32269,28365,32426
2024,1900002,state_nonmetro,state,19002,Iowa Nonmetro,32269,28365,32426
2024,1900003,state_nonmetro,state,19002,Iowa Nonmetro,32269,28365,32426
2024,1900004,state_nonmetro,state,19002,Iowa Nonmetro,32269,28365,32426
2024,2000006,state_nonmetro,state,20002,Kansas Nonmetro,32099,28260,32251
2024,2100001,state_nonmetro,state,21002,Kentucky Nonmetro,31998,28197,32146
2024,2100002,state_nonmetro,state,21002,Kentucky Nonmetro,31998,28197,32146
2024,2100003,state_nonmetro,state,21002,Kentucky Nonmetro,31998,28197,32146
2024,2100004,state_nonmetro,state,21002,Kentucky Nonmetro,31998,28197,32146
2024,2200002,state_nonmetro,state,22002,Louisiana Nonmetro,32201,28323,32356
2024,2200003,state_nonmetro,state,22002,Louisiana Nonmetro,32201,28323,32356
2024,2200006,state_nonmetro,state,22002,Louisiana Nonmetro,32201,28323,32356
2024,2300001,state_nonmetro,state,23002,Maine Nonmetro,33981,29428,34190
2024,2300002,state_nonmetro,state,23002,Maine Nonmetro,33981,29428,34190
2024,2400006,state_nonmetro,state,24002,Maryland Nonmetro,35389,30302,35640
2024,2500001,state_nonmetro,state,25002,Massachusetts Nonmetro,39509,32860,39884
2024,2600001,state_nonmetro,state,26002,Michigan Nonmetro,34473,29734,34696
2024,2600002,state_nonmetro,state,26002,Michigan Nonmetro,34473,29734,34696
2024,2600003,state_nonmetro,state,26002,Michigan Nonmetro,34473,29734,34696
2024,2600004,state_nonmetro,state,26002,Michigan Nonmetro,34473,29734,34696
2024,2700001,state_nonmetro,state,27002,Minnesota Nonmetro,34320,29639,34539
2024,2700002,state_nonmetro,state,27002,Minnesota Nonmetro,34320,29639,34539
2024,2700003,state_nonmetro,state,27002,Minnesota Nonmetro,34320,29639,34539
2024,2700004,state_nonmetro,state,27002,Minnesota Nonmetro,34320,29639,34539
2024,2800005,state_nonmetro,state,28002,Mississippi Nonmetro,32015,28207,32164
2024,2800006,state_nonmetro,state,28002,Mississippi Nonmetro,32015,28207,32164
2024,2800007,state_nonmetro,state,28002,Mississippi Nonmetro,32015,28207,32164
2024,2800008,state_nonmetro,state,28002,Mississippi Nonmetro,32015,28207,32164
2024,2900001,state_nonmetro,state,29002,Missouri Nonmetro,32388,28439,32548
2024,2900002,state_nonmetro,state,29002,Missouri Nonmetro,32388,28439,32548
2024,2900003,state_nonmetro,state,29002,Missouri Nonmetro,32388,28439,32548
2024,2900004,state_nonmetro,state,29002,Missouri Nonmetro,32388,28439,32548
2024,3000003,state_nonmetro,state,30002,Montana Nonmetro,35863,30597,36129
2024,3000004,state_nonmetro,state,30002,Montana Nonmetro,35863,30597,36129
2024,3000006,state_nonmetro,state,30002,Montana Nonmetro,35863,30597,36129
2024,3100001,state_nonmetro,state,31002,Nebraska Nonmetro,33388,29060,33578
2024,3100003,state_nonmetro,state,31002,Nebraska Nonmetro,33388,29060,33578
2024,3100006,state_nonmetro,state,31002,Nebraska Nonmetro,33388,29060,33578
2024,3200006,state_nonmetro,state,32002,Nevada Nonmetro,36474,30976,36757
2024,3300001,state_nonmetro,state,33002,New Hampshire Nonmetro,39085,32597,39447
2024,3300002,state_nonmetro,state,33002,New Hampshire Nonmetro,39085,32597,39447
2024,3300006,state_nonmetro,state,33002,New Hampshire Nonmetro,39085,32597,39447
2024,3500006,state_nonmetro,state,35002,New Mexico Nonmetro,32981,28807,33159
2024,3500007,state_nonmetro,state,35002,New Mexico Nonmetro,32981,28807,33159
2024,3600001,state_nonmetro,state,36002,New York Nonmetro,33761,29292,33963
2024,3600004,state_nonmetro,state,36002,New York Nonmetro,33761,29292,33963
2024,3600006,state_nonmetro,state,36002,New York Nonmetro,33761,29292,33963
2024,3700001,state_nonmetro,state,37002,North Carolina Nonmetro,32472,28492,32635
2024,3700002,state_nonmetro,state,37002,North Carolina Nonmetro,32472,28492,32635
2024,3700003,state_nonmetro,state,37002,North Carolina Nonmetro,32472,28492,32635
2024,3800006,state_nonmetro,state,38002,North Dakota Nonmetro,33727,29271,33928
2024,3800007,state_nonmetro,state,38002,North Dakota Nonmetro,33727,29271,33928
2024,3900001,state_nonmetro,state,39002,Ohio Nonmetro,32472,28492,32635
2024,3900002,state_nonmetro,state,39002,Ohio Nonmetro,32472,28492,32635
2024,3900003,state_nonmetro,state,39002,Ohio Nonmetro,32472,28492,32635
2024,3900004,state_nonmetro,state,39002,Ohio Nonmetro,32472,28492,32635
2024,4000001,state_nonmetro,state,40002,Oklahoma Nonmetro,32879,28744,33054
2024,4000002,state_nonmetro,state,40002,Oklahoma Nonmetro,32879,28744,33054
2024,4000003,state_nonmetro,state,40002,Oklahoma Nonmetro,32879,28744,33054
2024,4000004,state_nonmetro,state,40002,Oklahoma Nonmetro,32879,28744,33054
2024,4100006,state_nonmetro,state,41002,Oregon Nonmetro,35456,30344,35709
2024,4100007,state_nonmetro,state,41002,Oregon Nonmetro,35456,30344,35709
2024,4100008,state_nonmetro,state,41002,Oregon Nonmetro,35456,30344,35709
2024,4200001,state_nonmetro,state,42002,Pennsylvania Nonmetro,32371,28429,32530
2024,4200002,state_nonmetro,state,42002,Pennsylvania Nonmetro,32371,28429,32530
2024,4200003,state_nonmetro,state,42002,Pennsylvania Nonmetro,32371,28429,32530
2024,4200004,state_nonmetro,state,42002,Pennsylvania Nonmetro,32371,28429,32530
2024,4500003,state_nonmetro,state,45002,South Carolina Nonmetro,32472,28492,32635
2024,4500005,state_nonmetro,state,45002,South Carolina Nonmetro,32472,28492,32635
2024,4500007,state_nonmetro,state,45002,South Carolina Nonmetro,32472,28492,32635
2024,4600002,state_nonmetro,state,46002,South Dakota Nonmetro,32557,28544,32722
2024,4600003,state_nonmetro,state,46002,South Dakota Nonmetro,32557,28544,32722
2024,4700001,state_nonmetro,state,47002,Tennessee Nonmetro,32523,28523,32688
2024,4700002,state_nonmetro,state,47002,Tennessee Nonmetro,32523,28523,32688
2024,4700003,state_nonmetro,state,47002,Tennessee Nonmetro,32523,28523,32688
2024,4700004,state_nonmetro,state,47002,Tennessee Nonmetro,32523,28523,32688
2024,4800001,state_nonmetro,state,48002,Texas Nonmetro,34931,30018,35168
2024,4800002,state_nonmetro,state,48002,Texas Nonmetro,34931,30018,35168
2024,4800003,state_nonmetro,state,48002,Texas Nonmetro,34931,30018,35168
2024,4800004,state_nonmetro,state,48002,Texas Nonmetro,34931,30018,35168
2024,4800005,state_nonmetro,state,48002,Texas Nonmetro,34931,30018,35168
2024,4800006,state_nonmetro,state,48002,Texas Nonmetro,34931,30018,35168
2024,4900010,state_nonmetro,state,49002,Utah Nonmetro,33354,29039,33543
2024,4900011,state_nonmetro,state,49002,Utah Nonmetro,33354,29039,33543
2024,5000001,state_nonmetro,state,50002,Vermont Nonmetro,36525,31007,36810
2024,5000002,state_nonmetro,state,50002,Vermont Nonmetro,36525,31007,36810
2024,5100001,state_nonmetro,state,51002,Virginia Nonmetro,32371,28429,32530
2024,5100002,state_nonmetro,state,51002,Virginia Nonmetro,32371,28429,32530
2024,5100003,state_nonmetro,state,51002,Virginia Nonmetro,32371,28429,32530
2024,5100004,state_nonmetro,state,51002,Virginia Nonmetro,32371,28429,32530
2024,5300006,state_nonmetro,state,53002,Washington Nonmetro,34744,29902,34976
2024,5300007,state_nonmetro,state,53002,Washington Nonmetro,34744,29902,34976
2024,5400001,state_nonmetro,state,54002,West Virginia Nonmetro,32981,28807,33159
2024,5400002,state_nonmetro,state,54002,West Virginia Nonmetro,32981,28807,33159
2024,5500001,state_nonmetro,state,55002,Wisconsin Nonmetro,33269,28986,33456
2024,5500002,state_nonmetro,state,55002,Wisconsin Nonmetro,33269,28986,33456
2024,5500003,state_nonmetro,state,55002,Wisconsin Nonmetro,33269,28986,33456
2024,5500004,state_nonmetro,state,55002,Wisconsin Nonmetro,33269,28986,33456
2024,5600006,state_nonmetro,state,56002,Wyoming Nonmetro,33439,29092,33631
2024,5600007,state_nonmetro,state,56002,Wyoming Nonmetro,33439,29092,33631
2025,10180,metro,code,10180,"Abilene, TX MSA",38220,32408,38505
2025,10420,metro,code,10420,"Akron, OH MSA",37198,31776,37452
2025,10500,state_metro,state,13001,Georgia Metro,35387,30656,35586
2025,10540,state_metro,state,41001,Oregon Metro,40068,33550,40408
2025,10580,metro,code,10580,"Albany-Schenectady-Troy, NY MSA",40803,34004,41165
2025,10740,metro,code,10740,"Albuquerque, NM MSA",38346,32486,38634
2025,10780,state_metro,state,22001,Louisiana Metro,36983,31643,37230
2025,10900,metro,code,10900,"Allentown-Bethlehem-Easton, PA-NJ MSA",41807,34625,42200
2025,11020,none,,,,,,
2025,11100,metro,code,11100,"Amarillo, TX MSA",37037,31676,37286
2025,11180,state_metro,state,19001,Iowa Metro,36140,31122,36362
2025,11200,state_metro,state,25001,Massachusetts Metro,40677,33927,41036
2025,11260,state_metro,state,2001,Alaska Metro,42094,34803,42495
2025,11460,metro,code,11460,"Ann Arbor, MI MSA",43350,35579,43789
2025,11500,none,,,,,,
2025,11540,metro,code,11540,"Appleton, WI MSA",36929,31610,37175
2025,11700,metro,code,11700,"Asheville, NC MSA",39924,33461,40260
2025,12020,metro,code,12020,"Athens-Clarke County, GA MSA",38992,32885,39299
2025,12060,metro,code,12060,"Atlanta-Sandy Springs-Roswell, GA MSA",44210,36111,44675
2025,12100,metro,code,12100,"Atlantic City-Hammonton, NJ MSA",41897,34681,42292
2025,12220,metro,code,12220,"Auburn-Opelika, AL MSA",36947,31621,37193
2025,12260,metro,code,12260,"Augusta-Richmond County, GA-SC MSA",37019,31665,37267
2025,12420,metro,code,12420,"Austin-Round Rock-San Marcos, TX MSA",46434,37486,46966
2025,12540,metro,code,12540,"Bakersfield-Delano, CA MSA",38615,32652,38911
2025,12580,metro,code,12580,"Baltimore-Columbia-Towson, MD MSA",44659,36388,45137
2025,12620,metro,code,12620,"Bangor, ME MSA",37898,32208,38173
2025,12700,metro,code,12700,"Barnstable Town, MA MSA",46345,37430,46874
2025,12940,metro,code,12940,"Baton Rouge, LA MSA",37413,31909,37674
2025,12980,metro,code,12980,"Battle Creek, MI MSA",36678,31454,36916
2025,13020,state_metro,state,26001,Michigan Metro,37306,31842,37563
2025,13140,metro,code,13140,"Beaumont-Port Arthur, TX MSA",37431,31920,37692
2025,13220,metro,code,13220,"Beckley, WV MSA",33719,29625,33868
2025,13380,state_metro,state,53001,Washington Metro,38830,32785,39133
2025,13460,metro,code,13460,"Bend, OR MSA",44569,36333,45045
2025,13740,metro,code,13740,"Billings, MT MSA",37360,31876,37618
2025,13780,metro,code,13780,"Binghamton, NY MSA",35943,31000,36159
2025,13820,metro,code,13820,"Birmingham, AL MSA",37611,32031,37877
2025,13900,state_metro,state,38001,North Dakota Metro,35943,31000,36159
2025,13980,metro,code,13980,"Blacksburg-Christiansburg-Radford, VA MSA",38651,32674,38948
2025,14010,metro,code,14010,"Bloomington, IL MSA",36750,31499,36990
2025,14020,metro,code,14020,"Bloomington, IN MSA",38167,32375,38450
2025,14260,metro,code,14260,"Boise City, ID MSA",41484,34426,41867
2025,14460,metro,code,14460,"Boston-Cambridge-Newton, MA-NH MSA",50846,40213,51510
2025,14500,metro,code,14500,"Boulder, CO MSA",49053,39105,49663
2025,14540,metro,code,14540,"Bowling Green, KY MSA",36014,31044,36233
2025,14580,state_metro,state,30001,Montana Metro,39332,33095,39650
2025,14740,metro,code,14740,"Bremerton-Silverdale-Port Orchard, WA MSA",46201,37342,46726
2025,14860,metro,code,14860,"Bridgeport-Stamford-Danbury, CT MSA",48443,38728,49035
2025,15180,metro,code,15180,"Brownsville-Harlingen, TX MSA",34759,30268,34940
2025,15260,state_metro,state,13001,Georgia Metro,35387,30656,35586
2025,15380,metro,code,15380,"Buffalo-Cheektowaga, NY MSA",37091,31709,37341
2025,15500,metro,code,15500,"Burlington, NC MSA",36463,31321,36695
2025,15540,metro,code,15540,"Burlington-South Burlington, VT MSA",44874,36521,45359
2025,15940,metro,code,15940,"Canton-Massillon, OH MSA",35064,30457,35254
2025,15980,metro,code,15980,"Cape Coral-Fort Myers, FL MSA",44085,36033,44546
2025,16020,state_metro,state,29001,Missouri Metro,33809,29680,33961
2025,16180,state_metro,state,32001,Nevada Metro,43708,35801,44158
2025,16220,state_metro,state,56001,Wyoming Metro,36947,31621,37193
2025,16300,metro,code,16300,"Cedar Rapids, IA MSA",36283,31210,36510
2025,16540,metro,code,16540,"Chambersburg, PA MSA",37234,31798,37489
2025,16580,metro,code,16580,"Champaign-Urbana, IL MSA",37180,31765,37434
2025,16620,metro,code,16620,"Charleston, WV MSA",35405,30667,35605
2025,16700,metro,code,16700,"Charleston-North Charleston, SC MSA",43619,35745,44066
2025,16740,metro,code,16740,"Charlotte-Concord-Gastonia, NC-SC MSA",41718,34570,42107
2025,16820,metro,code,16820,"Charlottesville, VA MSA",44587,36344,45063
2025,16860,metro,code,16860,"Chattanooga, TN-GA MSA",38023,32286,38302
2025,16940,state_metro,state,56001,Wyoming Metro,36947,31621,37193
2025,16980,metro,code,16980,"Chicago-Naperville-Elgin, IL-IN MSA",41879,34670,42274
2025,17020,metro,code,17020,"Chico, CA MSA",41753,34592,42144
2025,17140,metro,code,17140,"Cincinnati, OH-KY-IN MSA",37987,32264,38265
2025,17300,metro,code,17300,"Clarksville, TN-KY MSA",38723,32718,39022
2025,17410,metro,code,17410,"Cleveland, OH MSA",37126,31732,37378
2025,17420,metro,code,17420,"Cleveland, TN MSA",36104,31100,36325
2025,17660,metro,code,17660,"Coeur d'Alene, ID MSA",40050,33539,40389
2025,17780,metro,code,17780,"College Station-Bryan, TX MSA",37360,31876,37618
2025,17820,metro,code,17820,"Colorado Springs, CO MSA",43816,35867,44269
2025,17860,metro,code,17860,"Columbia, MO MSA",36230,31177,36455
2025,17900,metro,code,17900,"Columbia, SC MSA",37969,32253,38246
2025,17980,metro,code,17980,"Columbus, GA-AL MSA",36893,31587,37138
2025,18020,state_metro,state,18001,Indiana Metro,37001,31654,37249
2025,18140,metro,code,18140,"Columbus, OH MSA",40229,33650,40574
2025,18580,metro,code,18580,"Corpus Christi, TX MSA",40032,33528,40371
2025,18700,state_metro,state,41001,Oregon Metro,40068,33550,40408
2025,18880,state_metro,state,12001,Florida Metro,36517,31355,36750
2025,19100,metro,code,19100,"Dallas-Fort Worth-Arlington, TX MSA",44408,36233,44878
2025,19140,state_metro,state,13001,Georgia Metro,35387,30656,35586
2025,19300,metro,code,19300,"Daphne-Fairhope-Foley, AL MSA",38902,32829,39207
2025,19340,metro,code,19340,"Davenport-Moline-Rock Island, IA-IL MSA",35835,30933,36048
2025,19430,metro,code,19430,"Dayton-Kettering-Beavercreek, OH MSA",36409,31288,36639
2025,19460,metro,code,19460,"Decatur, AL MSA",33988,29791,34145
2025,19500,state_metro,state,17001,Illinois Metro,37360,31876,37618
2025,19660,metro,code,19660,"Deltona-Daytona Beach-Ormond Beach, FL MSA",41789,34614,42181
2025,19740,metro,code,19740,"Denver-Aurora-Centennial, CO MSA",48604,38827,49201
2025,19780,metro,code,19780,"Des Moines-West Des Moines, IA MSA",38220,32408,38505
2025,19820,metro,code,19820,"Detroit-Warren-Dearborn, MI MSA",39458,33173,39780
2025,20020,none,,,,,,
2025,20100,metro,code,20100,"Dover, DE MSA",39817,33395,40149
2025,20220,state_metro,state,19001,Iowa Metro,36140,31122,36362
2025,20260,metro,code,20260,"Duluth, MN-WI MSA",37216,31787,37471
2025,20500,metro,code,20500,"Durham-Chapel Hill, NC MSA",42094,34803,42495
2025,20580,state_metro,state,48001,Texas Metro,37898,32208,38173
2025,20740,state_metro,state,55001,Wisconsin Metro,38669,32685,38967
2025,20940,none,,,,,,
2025,21060,state_metro,state,21001,Kentucky Metro,35028,30434,35217
2025,21140,metro,code,21140,"Elkhart-Goshen, IN MSA",36606,31410,36842
2025,21300,state_metro,state,36001,New York Metro,45591,36965,46098
2025,21340,metro,code,21340,"El Paso, TX MSA",36553,31377,36787
2025,21420,state_metro,state,40001,Oklahoma Metro,34311,29991,34478
2025,21500,metro,code,21500,"Erie, PA MSA",35333,30623,35531
2025,21660,metro,code,21660,"Eugene-Springfield, OR MSA",40893,34060,41258
2025,21780,metro,code,21780,"Evansville, IN MSA",36714,31477,36953
2025,21820,state_metro,state,2001,Alaska Metro,42094,34803,42495
2025,22020,metro,code,22020,"Fargo, ND-MN MSA",35817,30922,36030
2025,22140,metro,code,22140,"Farmington, NM MSA",35512,30734,35716
2025,22180,metro,code,22180,"Fayetteville, NC MSA",37718,32097,37988
2025,22220,metro,code,22220,"Fayetteville-Springdale-Rogers, AR MSA",37001,31654,37249
2025,22380,state_metro,state,4001,Arizona Metro,42650,35146,43068
2025,22420,metro,code,22420,"Flint, MI MSA",36499,31344,36732
2025,22500,metro,code,22500,"Florence, SC MSA",34867,30335,35051
2025,22520,metro,code,22520,"Florence-Muscle Shoals, AL MSA",34634,30190,34810
2025,22540,state_metro,state,55001,Wisconsin Metro,38669,32685,38967
2025,22660,metro,code,22660,"Fort Collins-Loveland, CO MSA",44103,36045,44564
2025,22900,metro,code,22900,"Fort Smith, AR-OK MSA",34347,30013,34515
2025,23060,metro,code,23060,"Fort Wayne, IN MSA",36588,31399,36824
2025,23420,metro,code,23420,"Fresno, CA MSA",40283,33683,40630
2025,23460,none,,,,,,
2025,23540,metro,code,23540,"Gainesville, FL MSA",40857,34038,41221
2025,23580,metro,code,23580,"Gainesville, GA MSA",39888,33439,40223
2025,23900,none,,,,,,
2025,24020,metro,code,24020,"Glens Falls, NY MSA",37575,32009,37840
2025,24140,metro,code,24140,"Goldsboro, NC MSA",35692,30845,35900
2025,24220,state_metro,state,38001,North Dakota Metro,35943,31000,36159
2025,24260,state_metro,state,31001,Nebraska Metro,37216,31787,37471
2025,24300,none,,,,,,
2025,24340,metro,code,24340,"Grand Rapids-Wyoming-Kentwood, MI MSA",39063,32929,39373
2025,24420,state_metro,state,41001,Oregon Metro,40068,33550,40408
2025,24500,state_metro,state,30001,Montana Metro,39332,33095,39650
2025,24540,metro,code,24540,"Greeley, CO MSA",42417,35002,42828
2025,24580,metro,code,24580,"Green Bay, WI MSA",37126,31732,37378
2025,24660,metro,code,24660,"Greensboro-High Point, NC MSA",36822,31543,37064
2025,24780,metro,code,24780,"Greenville, NC MSA",36337,31244,36565
2025,24860,metro,code,24860,"Greenville-Anderson-Greer, SC MSA",37844,32175,38117
2025,25060,state_metro,state,28001,Mississippi Metro,36230,31177,36455
2025,25180,metro,code,25180,"Hagerstown-Martinsburg, MD-WV MSA",38041,32297,38320
2025,25220,metro,code,25220,"Hammond, LA MSA",35692,30845,35900
2025,25260,metro,code,25260,"Hanford-Corcoran, CA MSA",38705,32707,39004
2025,25420,metro,code,25420,"Harrisburg-Carlisle, PA MSA",39565,33239,39891
2025,25500,state_metro,state,51001,Virginia Metro,34598,30168,34773
2025,25540,metro,code,25540,"Hartford-West Hartford-East Hartford, CT MSA",42919,35313,43345
2025,25620,state_metro,state,28001,Mississippi Metro,36230,31177,36455
2025,25740,state_metro,state,30001,Montana Metro,39332,33095,39650
2025,25860,metro,code,25860,"Hickory-Lenoir-Morganton, NC MSA",34669,30213,34847
2025,25940,metro,code,25940,"Hilton Head Island-Bluffton-Port Royal, SC MSA",43959,35956,44417
2025,25980,state_metro,state,13001,Georgia Metro,35387,30656,35586
2025,26140,state_metro,state,12001,Florida Metro,36517,31355,36750
2025,26300,state_metro,state,5001,Arkansas Metro,35243,30567,35438
2025,26380,state_metro,state,22001,Louisiana Metro,36983,31643,37230
2025,26420,metro,code,26420,"Houston-Pasadena-The Woodlands, TX MSA",41700,34559,42089
2025,26580,metro,code,26580,"Huntington-Ashland, WV-KY-OH MSA",35297,30601,35494
2025,26620,metro,code,26620,"Huntsville, AL MSA",37682,32075,37951
2025,26820,metro,code,26820,"Idaho Falls, ID MSA",36678,31454,36916
2025,26900,metro,code,26900,"Indianapolis-Carmel-Greenwood, IN MSA",38633,32663,38930
2025,26980,metro,code,26980,"Iowa City, IA MSA",37270,31820,37526
2025,27060,state_metro,state,36001,New York Metro,45591,36965,46098
2025,27100,metro,code,27100,"Jackson, MI MSA",36140,31122,36362
2025,27140,metro,code,27140,"Jackson, MS MSA",37126,31732,37378
2025,27180,state_metro,state,47001,Tennessee Metro,35190,30534,35383
2025,27260,metro,code,27260,"Jacksonville, FL MSA",42776,35224,43197
2025,27340,metro,code,27340,"Jacksonville, NC MSA",37126,31732,37378
2025,27500,metro,code,27500,"Janesville-Beloit, WI MSA",36857,31565,37101
2025,27620,state_metro,state,29001,Missouri Metro,33809,29680,33961
2025,27740,metro,code,27740,"Johnson City, TN MSA",35548,30756,35753
2025,27780,metro,code,27780,"Johnstown, PA MSA",33271,29348,33406
2025,27860,state_metro,state,5001,Arkansas Metro,35243,30567,35438
2025,27900,state_metro,state,29001,Missouri Metro,33809,29680,33961
2025,27980,metro,code,27980,"Kahului-Wailuku, HI MSA",49483,39371,50106
2025,28020,state_metro,state,26001,Michigan Metro,37306,31842,37563
2025,28100,state_metro,state,17001,Illinois Metro,37360,31876,37618
2025,28140,metro,code,28140,"Kansas City, MO-KS MSA",39332,33095,39650
2025,28420,metro,code,28420,"Kennewick-Richland, WA MSA",39870,33428,40205
2025,28450,state_metro,state,55001,Wisconsin Metro,38669,32685,38967
2025,28660,metro,code,28660,"Killeen-Temple, TX MSA",37342,31865,37600
2025,28700,metro,code,28700,"Kingsport-Bristol, TN-VA MSA",34741,30257,34921
2025,28740,metro,code,28740,"Kingston, NY MSA",43547,35701,43992
2025,28880,state_metro,state,36001,New York Metro,45591,36965,46098
2025,28940,metro,code,28940,"Knoxville, TN MSA",37951,32242,38228
2025,29020,state_metro,state,18001,Indiana Metro,37001,31654,37249
2025,29100,state_metro,state,55001,Wisconsin Metro,38669,32685,38967
2025,29180,metro,code,29180,"Lafayette, LA MSA",35692,30845,35900
2025,29200,metro,code,29200,"Lafayette-West Lafayette, IN MSA",37916,32219,38191
2025,29340,metro,code,29340,"Lake Charles, LA MSA",37503,31964,37766
2025,29420,state_metro,state,4001,Arizona Metro,42650,35146,43068
2025,29460,metro,code,29460,"Lakeland-Winter Haven, FL MSA",39332,33095,39650
2025,29540,metro,code,29540,"Lancaster, PA MSA",40964,34104,41332
2025,29620,metro,code,29620,"Lansing-East Lansing, MI MSA",38077,32319,38357
2025,29700,metro,code,29700,"Laredo, TX MSA",36212,31166,36436
2025,29740,metro,code,29740,"Las Cruces, NM MSA",35028,30434,35217
2025,29820,metro,code,29820,"Las Vegas-Henderson-North Las Vegas, NV MSA",43206,35490,43641
2025,29940,state_metro,state,20001,Kansas Metro,36911,31599,37157
2025,30020,state_metro,state,40001,Oklahoma Metro,34311,29991,34478
2025,30140,metro,code,30140,"Lebanon, PA MSA",37664,32064,37932
2025,30300,state_metro,state,16001,Idaho Metro,36427,31299,36658
2025,30340,metro,code,30340,"Lewiston-Auburn, ME MSA",37234,31798,37489
2025,30460,metro,code,30460,"Lexington-Fayette, KY MSA",37772,32131,38043
2025,30500,metro,code,30500,"Lexington Park, MD MSA",43816,35867,44269
2025,30620,state_metro,state,39001,Ohio Metro,35190,30534,35383
2025,30700,state_metro,state,31001,Nebraska Metro,37216,31787,37471
2025,30780,metro,code,30780,"Little Rock-North Little Rock-Conway, AR MSA",36301,31222,36528
2025,30860,state_metro,state,49001,Utah Metro,37252,31809,37508
2025,30980,metro,code,30980,"Longview, TX MSA",36768,31510,37009
2025,31020,state_metro,state,53001,Washington Metro,38830,32785,39133
2025,31080,metro,code,31080,"Los Angeles-Long Beach-Anaheim, CA MSA",51581,40668,52268
2025,31140,metro,code,31140,"Louisville/Jefferson County, KY-IN MSA",37682,32075,37951
2025,31180,metro,code,31180,"Lubbock, TX MSA",37629,32042,37895
2025,31340,state_metro,state,51001,Virginia Metro,34598,30168,34773
2025,31420,metro,code,31420,"Macon-Bibb County, GA MSA",36606,31410,36842
2025,31540,metro,code,31540,"Madison, WI MSA",41305,34315,41683
2025,31700,metro,code,31700,"Manchester-Nashua, NH MSA",45538,36932,46042
2025,31740,state_metro,state,20001,Kansas Metro,36911,31599,37157
2025,31860,state_metro,state,27001,Minnesota Metro,37108,31720,37360
2025,31900,state_metro,state,39001,Ohio Metro,35190,30534,35383
2025,32580,metro,code,32580,"McAllen-Edinburg-Mission, TX MSA",35620,30800,35826
2025,32780,metro,code,32780,"Medford, OR MSA",40301,33694,40648
2025,32820,metro,code,32820,"Memphis, TN-MS-AR MSA",38023,32286,38302
2025,32900,none,,,,,,
2025,33100,metro,code,33100,"Miami-Fort Lauderdale-West Palm Beach, FL MSA",47618,38218,48185
2025,33140,state_metro,state,18001,Indiana Metro,37001,31654,37249
2025,33220,state_metro,state,26001,Michigan Metro,37306,31842,37563
2025,33260,state_metro,state,48001,Texas Metro,37898,32208,38173
2025,33340,metro,code,33340,"Milwaukee-Waukesha, WI MSA",38077,32319,38357
2025,33460,metro,code,33460,"Minneapolis-St. Paul-Bloomington, MN-WI MSA",43152,35457,43585
2025,33500,state_metro,state,38001,North Dakota Metro,35943,31000,36159
2025,33540,state_metro,state,30001,Montana Metro,39332,33095,39650
2025,33660,metro,code,33660,"Mobile, AL MSA",36427,31299,36658
2025,33700,metro,code,33700,"Modesto, CA MSA",43260,35523,43696
2025,33740,metro,code,33740,"Monroe, LA MSA",35333,30623,35531
2025,33780,metro,code,33780,"Monroe, MI MSA",37898,32208,38173
2025,33860,metro,code,33860,"Montgomery, AL MSA",36373,31266,36602
2025,34060,metro,code,34060,"Morgantown, WV MSA",36517,31355,36750
2025,34100,state_metro,state,47001,Tennessee Metro,35190,30534,35383
2025,34580,metro,code,34580,"Mount Vernon-Anacortes, WA MSA",41664,34537,42052
2025,34620,state_metro,state,18001,Indiana Metro,37001,31654,37249
2025,34740,metro,code,34740,"Muskegon-Norton Shores, MI MSA",37234,31798,37489
2025,34820,metro,code,34820,"Myrtle Beach-Conway-North Myrtle Beach, SC MSA",39189,33007,39503
2025,34900,none,,,,,,
2025,34940,metro,code,34940,"Naples-Marco Island, FL MSA",46273,37386,46800
2025,34980,metro,code,34980,"Nashville-Davidson--Murfreesboro--Franklin, TN MSA",42507,35058,42920
2025,35300,metro,code,35300,"New Haven, CT MSA",43816,35867,44269
2025,35380,metro,code,35380,"New Orleans-Metairie, LA MSA",39225,33029,39540
2025,35620,metro,code,35620,"New York-Newark-Jersey City, NY-NJ MSA",47349,38051,47908
2025,35660,metro,code,35660,"Niles, MI MSA",36050,31066,36270
2025,35840,metro,code,35840,"North Port-Bradenton-Sarasota, FL MSA",45179,36710,45673
2025,35980,metro,code,35980,"Norwich-New London-Willimantic, CT MSA",41664,34537,42052
2025,36100,metro,code,36100,"Ocala, FL MSA",38758,32741,39059
2025,36220,metro,code,36220,"Odessa, TX MSA",40014,33517,40352
2025,36260,metro,code,36260,"Ogden, UT MSA",41520,34448,41904
2025,36420,metro,code,36420,"Oklahoma City, OK MSA",37324,31854,37581
2025,36500,state_metro,state,53001,Washington Metro,38830,32785,39133
2025,36540,metro,code,36540,"Omaha, NE-IA MSA",38974,32874,39281
2025,36740,metro,code,36740,"Orlando-Kissimmee-Sanford, FL MSA",45627,36987,46135
2025,36780,metro,code,36780,"Oshkosh-Neenah, WI MSA",36050,31066,36270
2025,36980,state_metro,state,21001,Kentucky Metro,35028,30434,35217
2025,37100,metro,code,37100,"Oxnard-Thousand Oaks-Ventura, CA MSA",52281,41100,52988
2025,37140,state_metro,state,21001,Kentucky Metro,35028,30434,35217
2025,37340,metro,code,37340,"Palm Bay-Melbourne-Titusville, FL MSA",42560,35091,42976
2025,37460,metro,code,37460,"Panama City-Panama City Beach, FL MSA",41592,34492,41978
2025,37620,state_metro,state,54001,West Virginia Metro,34329,30002,34496
2025,37860,metro,code,37860,"Pensacola-Ferry Pass-Brent, FL MSA",39512,33206,39835
2025,37900,metro,code,37900,"Peoria, IL MSA",36319,31233,36547
2025,37980,metro,code,37980,"Philadelphia-Camden-Wilmington, PA-NJ-DE-MD MSA",43457,35645,43899
2025,38060,metro,code,38060,"Phoenix-Mesa-Chandler, AZ MSA",44946,36566,45433
2025,38240,state_metro,state,37001,North Carolina Metro,37091,31709,37341
2025,38300,metro,code,38300,"Pittsburgh, PA MSA",37126,31732,37378
2025,38340,state_metro,state,25001,Massachusetts Metro,40677,33927,41036
2025,38540,state_metro,state,16001,Idaho Metro,36427,31299,36658
2025,38860,metro,code,38860,"Portland-South Portland, ME MSA",43941,35945,44398
2025,38900,metro,code,38900,"Portland-Vancouver-Hillsboro, OR-WA MSA",45412,36854,45913
2025,38940,metro,code,38940,"Port St. Lucie, FL MSA",42829,35257,43253
2025,39150,metro,code,39150,"Prescott Valley-Prescott, AZ MSA",41036,34149,41405
2025,39300,metro,code,39300,"Providence-Warwick, RI-MA MSA",41502,34437,41886
2025,39340,metro,code,39340,"Provo-Orem-Lehi, UT MSA",39996,33506,40334
2025,39380,metro,code,39380,"Pueblo, CO MSA",37718,32097,37988
2025,39460,metro,code,39460,"Punta Gorda, FL MSA",41036,34149,41405
2025,39540,metro,code,39540,"Racine-Mount Pleasant, WI MSA",37162,31754,37415
2025,39580,metro,code,39580,"Raleigh-Cary, NC MSA",43152,35457,43585
2025,39660,state_metro,state,46001,South Dakota Metro,38471,32563,38764
2025,39740,metro,code,39740,"Reading, PA MSA",39189,33007,39503
2025,39820,metro,code,39820,"Redding, CA MSA",39494,33195,39817
2025,39900,state_metro,state,32001,Nevada Metro,43708,35801,44158
2025,40060,metro,code,40060,"Richmond, VA MSA",41753,34592,42144
2025,40140,metro,code,40140,"Riverside-San Bernardino-Ontario, CA MSA",45860,37131,46375
2025,40220,metro,code,40220,"Roanoke, VA MSA",36194,31155,36418
2025,40340,state_metro,state,27001,Minnesota Metro,37108,31720,37360
2025,40380,metro,code,40380,"Rochester, NY MSA",39027,32907,39336
2025,40420,metro,code,40420,"Rockford, IL MSA",36750,31499,36990
2025,40580,state_metro,state,37001,North Carolina Metro,37091,31709,37341
2025,40660,state_metro,state,13001,Georgia Metro,35387,30656,35586
2025,40900,metro,code,40900,"Sacramento-Roseville-Folsom, CA MSA",46506,37530,47040
2025,40980,metro,code,40980,"Saginaw, MI MSA",35566,30767,35771
2025,41060,state_metro,state,27001,Minnesota Metro,37108,31720,37360
2025,41100,metro,code,41100,"St. George, UT MSA",40982,34115,41350
2025,41140,state_metro,state,29001,Missouri Metro,33809,29680,33961
2025,41180,metro,code,41180,"St. Louis, MO-IL MSA",37772,32131,38043
2025,41420,metro,code,41420,"Salem, OR MSA",41233,34271,41609
2025,41500,metro,code,41500,"Salinas, CA MSA",49949,39659,50587
2025,41540,metro,code,41540,"Salisbury, MD MSA",39386,33129,39706
2025,41620,metro,code,41620,"Salt Lake City-Murray, UT MSA",43547,35701,43992
2025,41660,state_metro,state,48001,Texas Metro,37898,32208,38173
2025,41700,metro,code,41700,"San Antonio-New Braunfels, TX MSA",41126,34204,41498
2025,41740,metro,code,41740,"San Diego-Chula Vista-Carlsbad, CA MSA",52406,41178,53118
2025,41780,state_metro,state,39001,Ohio Metro,35190,30534,35383
2025,41860,metro,code,41860,"San Francisco-Oakland-Fremont, CA MSA",57536,44349,58401
2025,41940,metro,code,41940,"San Jose-Sunnyvale-Santa Clara, CA MSA",60800,46367,61763
2025,42020,metro,code,42020,"San Luis Obispo-Paso Robles, CA MSA",49501,39382,50125
2025,42100,metro,code,42100,"Santa Cruz-Watsonville, CA MSA",53482,41843,54226
2025,42140,metro,code,42140,"Santa Fe, NM MSA",43045,35390,43474
2025,42200,metro,code,42200,"Santa Maria-Santa Barbara, CA MSA",50900,40247,51566
2025,42220,metro,code,42220,"Santa Rosa-Petaluma, CA MSA",51617,40690,52305
2025,42340,metro,code,42340,"Savannah, GA MSA",41359,34348,41738
2025,42540,metro,code,42540,"Scranton--Wilkes-Barre, PA MSA",36158,31133,36381
2025,42660,metro,code,42660,"Seattle-Tacoma-Bellevue, WA MSA",49860,39604,50494
2025,42680,metro,code,42680,"Sebastian-Vero Beach-West Vero Corridor, FL MSA",40319,33705,40666
2025,42700,state_metro,state,12001,Florida Metro,36517,31355,36750
2025,43100,state_metro,state,55001,Wisconsin Metro,38669,32685,38967
2025,43300,metro,code,43300,"Sherman-Denison, TX MSA",39332,33095,39650
2025,43340,metro,code,43340,"Shreveport-Bossier City, LA MSA",35943,31000,36159
2025,43420,metro,code,43420,"Sierra Vista-Douglas, AZ MSA",35207,30545,35402
2025,43580,state_metro,state,19001,Iowa Metro,36140,31122,36362
2025,43620,metro,code,43620,"Sioux Falls, SD-MN MSA",36499,31344,36732
2025,43640,state_metro,state,22001,Louisiana Metro,36983,31643,37230
2025,43780,metro,code,43780,"South Bend-Mishawaka, IN-MI MSA",37108,31720,37360
2025,43900,metro,code,43900,"Spartanburg, SC MSA",36606,31410,36842
2025,44060,metro,code,44060,"Spokane-Spokane Valley, WA MSA",39781,33372,40112
2025,44100,metro,code,44100,"Springfield, IL MSA",36140,31122,36362
2025,44140,metro,code,44140,"Springfield, MA MSA",39171,32996,39484
2025,44180,metro,code,44180,"Springfield, MO MSA",35602,30789,35808
2025,44220,metro,code,44220,"Springfield, OH MSA",34974,30401,35161
2025,44300,none,,,,,,
2025,44420,state_metro,state,51001,Virginia Metro,34598,30168,34773
2025,44700,metro,code,44700,"Stockton-Lodi, CA MSA",43816,35867,44269
2025,44940,metro,code,44940,"Sumter, SC MSA",36570,31388,36806
2025,45060,metro,code,45060,"Syracuse, NY MSA",37664,32064,37932
2025,45220,metro,code,45220,"Tallahassee, FL MSA",39691,33317,40020
2025,45300,metro,code,45300,"Tampa-St. Petersburg-Clearwater, FL MSA",44067,36022,44527
2025,45460,metro,code,45460,"Terre Haute, IN MSA",36373,31266,36602
2025,45500,state_metro,state,48001,Texas Metro,37898,32208,38173
2025,45780,metro,code,45780,"Toledo, OH MSA",35925,30989,36140
2025,45820,metro,code,45820,"Topeka, KS MSA",36373,31266,36602
2025,45900,state_metro,state,26001,Michigan Metro,37306,31842,37563
2025,45940,metro,code,45940,"Trenton-Princeton, NJ MSA",45143,36688,45636
2025,46060,metro,code,46060,"Tucson, AZ MSA",39709,33328,40038
2025,46140,metro,code,46140,"Tulsa, OK MSA",37162,31754,37415
2025,46220,metro,code,46220,"Tuscaloosa, AL MSA",36427,31299,36658
2025,46300,state_metro,state,16001,Idaho Metro,36427,31299,36658
2025,46340,metro,code,46340,"Tyler, TX MSA",38938,32851,39244
2025,46520,metro,code,46520,"Urban Honolulu, HI MSA",50165,39792,50808
2025,46540,metro,code,46540,"Utica-Rome, NY MSA",35871,30955,36085
2025,46660,state_metro,state,13001,Georgia Metro,35387,30656,35586
2025,46700,metro,code,46700,"Vallejo, CA MSA",50093,39748,50735
2025,47020,state_metro,state,48001,Texas Metro,37898,32208,38173
2025,47220,metro,code,47220,"Vineland, NJ MSA",39781,33372,40112
2025,47260,metro,code,47260,"Virginia Beach-Chesapeake-Norfolk, VA-NC MSA",41323,34326,41701
2025,47300,metro,code,47300,"Visalia, CA MSA",38256,32430,38542
2025,47380,metro,code,47380,"Waco, TX MSA",38292,32452,38579
2025,47460,state_metro,state,53001,Washington Metro,38830,32785,39133
2025,47580,metro,code,47580,"Warner Robins, GA MSA",37664,32064,37932
2025,47900,metro,code,47900,"Washington-Arlington-Alexandria, DC-VA-MD-WV MSA",49716,39515,50347
2025,47930,metro,code,47930,"Waterbury-Shelton, CT MSA",41341,34337,41719
2025,47940,metro,code,47940,"Waterloo-Cedar Falls, IA MSA",36014,31044,36233
2025,48060,metro,code,48060,"Watertown-Fort Drum, NY MSA",39009,32896,39318
2025,48140,metro,code,48140,"Wausau, WI MSA",36445,31310,36676
2025,48260,state_metro,state,54001,West Virginia Metro,34329,30002,34496
2025,48300,state_metro,state,53001,Washington Metro,38830,32785,39133
2025,48540,state_metro,state,54001,West Virginia Metro,34329,30002,34496
2025,48620,metro,code,48620,"Wichita, KS MSA",36158,31133,36381
2025,48660,metro,code,48660,"Wichita Falls, TX MSA",36014,31044,36233
2025,48680,metro,code,48680,"Wildwood-The Villages, FL MSA",39458,33173,39780
2025,48700,metro,code,48700,"Williamsport, PA MSA",35476,30712,35679
2025,48900,metro,code,48900,"Wilmington, NC MSA",40946,34093,41313
2025,49020,metro,code,49020,"Winchester, VA-WV MSA",41574,34481,41960
2025,49180,metro,code,49180,"Winston-Salem, NC MSA",35656,30822,35863
2025,49340,metro,code,49340,"Worcester, MA MSA",42327,34947,42736
2025,49420,state_metro,state,53001,Washington Metro,38830,32785,39133
2025,49620,metro,code,49620,"York-Hanover, PA MSA",38758,32741,39059
2025,49660,metro,code,49660,"Youngstown-Warren, OH MSA",33862,29714,34016
2025,49700,metro,code,49700,"Yuba City, CA MSA",39996,33506,40334
2025,49740,metro,code,49740,"Yuma, AZ MSA",36158,31133,36381
2025,0100001,state_nonmetro,state,1002,Alabama Nonmetro,33396,29425,33536
2025,0100002,state_nonmetro,state,1002,Alabama Nonmetro,33396,29425,33536
2025,0100003,state_nonmetro,state,1002,Alabama Nonmetro,33396,29425,33536
2025,0100004,state_nonmetro,state,1002,Alabama Nonmetro,33396,29425,33536
2025,0200006,state_nonmetro,state,2002,Alaska Nonmetro,41197,34248,41572
2025,0400001,state_nonmetro,state,4002,Arizona Nonmetro,33988,29791,34145
2025,0500001,state_nonmetro,state,5002,Arkansas Nonmetro,33593,29547,33739
2025,0500002,state_nonmetro,state,5002,Arkansas Nonmetro,33593,29547,33739
2025,0500003,state_nonmetro,state,5002,Arkansas Nonmetro,33593,29547,33739
2025,0500004,state_nonmetro,state,5002,Arkansas Nonmetro,33593,29547,33739
2025,0600003,state_nonmetro,state,6002,California Nonmetro,41072,34171,41442
2025,0600006,state_nonmetro,state,6002,California Nonmetro,41072,34171,41442
2025,0600007,state_nonmetro,state,6002,California Nonmetro,41072,34171,41442
2025,0800001,state_nonmetro,state,8002,Colorado Nonmetro,40408,33761,40759
2025,0800002,state_nonmetro,state,8002,Colorado Nonmetro,40408,33761,40759
2025,0800003,state_nonmetro,state,8002,Colorado Nonmetro,40408,33761,40759
2025,0900001,state_nonmetro,state,9002,Connecticut Nonmetro,39207,33018,39521
2025,1000005,state_nonmetro,state,10002,Delaware Nonmetro,38651,32674,38948
2025,1200003,state_nonmetro,state,12002,Florida Nonmetro,33773,29658,33924
2025,1200006,state_nonmetro,state,12002,Florida Nonmetro,33773,29658,33924
2025,1300001,state_nonmetro,state,13002,Georgia Nonmetro,33773,29658,33924
2025,1300002,state_nonmetro,state,13002,Georgia Nonmetro,33773,29658,33924
2025,1300003,state_nonmetro,state,13002,Georgia Nonmetro,33773,29658,33924
2025,1300004,state_nonmetro,state,13002,Georgia Nonmetro,33773,29658,33924
2025,1500001,state_nonmetro,state,15002,Hawaii Nonmetro,43224,35501,43659
2025,1600006,state_nonmetro,state,16002,Idaho Nonmetro,35566,30767,35771
2025,1600007,state_nonmetro,state,16002,Idaho Nonmetro,35566,30767,35771
2025,1700001,state_nonmetro,state,17002,Illinois Nonmetro,34221,29935,34385
2025,1700002,state_nonmetro,state,17002,Illinois Nonmetro,34221,29935,34385
2025,1700003,state_nonmetro,state,17002,Illinois Nonmetro,34221,29935,34385
2025,1700004,state_nonmetro,state,17002,Illinois Nonmetro,34221,29935,34385
2025,1800001,state_nonmetro,state,18002,Indiana Nonmetro,34723,30246,34903
2025,1800002,state_nonmetro,state,18002,Indiana Nonmetro,34723,30246,34903
2025,1800003,state_nonmetro,state,18002,Indiana Nonmetro,34723,30246,34903
2025,1900001,state_nonmetro,state,19002,Iowa Nonmetro,34096,29858,34256
2025,1900002,state_nonmetro,state,19002,Iowa Nonmetro,34096,29858,34256
2025,1900003,state_nonmetro,state,19002,Iowa Nonmetro,34096,29858,34256
2025,1900004,state_nonmetro,state,19002,Iowa Nonmetro,34096,29858,34256
2025,2000006,state_nonmetro,state,20002,Kansas Nonmetro,34185,29913,34349
2025,2100001,state_nonmetro,state,21002,Kentucky Nonmetro,33360,29403,33499
2025,2100002,state_nonmetro,state,21002,Kentucky Nonmetro,33360,29403,33499
2025,2100003,state_nonmetro,state,21002,Kentucky Nonmetro,33360,29403,33499
2025,2100004,state_nonmetro,state,21002,Kentucky Nonmetro,33360,29403,33499
2025,2200002,state_nonmetro,state,22002,Louisiana Nonmetro,33719,29625,33868
2025,2200003,state_nonmetro,state,22002,Louisiana Nonmetro,33719,29625,33868
2025,2200006,state_nonmetro,state,22002,Louisiana Nonmetro,33719,29625,33868
2025,2300001,state_nonmetro,state,23002,Maine Nonmetro,36230,31177,36455
2025,2300002,state_nonmetro,state,23002,Maine Nonmetro,36230,31177,36455
2025,2400006,state_nonmetro,state,24002,Maryland Nonmetro,36050,31066,36270
2025,2500001,state_nonmetro,state,25002,Massachusetts Nonmetro,41466,34415,41849
2025,2600001,state_nonmetro,state,26002,Michigan Nonmetro,35512,30734,35716
2025,2600002,state_nonmetro,state,26002,Michigan Nonmetro,35512,30734,35716
2025,2600003,state_nonmetro,state,26002,Michigan Nonmetro,35512,30734,35716
2025,2600004,state_nonmetro,state,26002,Michigan Nonmetro,35512,30734,35716
2025,2700001,state_nonmetro,state,27002,Minnesota Nonmetro,35728,30867,35937
2025,2700002,state_nonmetro,state,27002,Minnesota Nonmetro,35728,30867,35937
2025,2700003,state_nonmetro,state,27002,Minnesota Nonmetro,35728,30867,35937
2025,2700004,state_nonmetro,state,27002,Minnesota Nonmetro,35728,30867,35937
2025,2800005,state_nonmetro,state,28002,Mississippi Nonmetro,33880,29725,34034
2025,2800006,state_nonmetro,state,28002,Mississippi Nonmetro,33880,29725,34034
2025,2800007,state_nonmetro,state,28002,Mississippi Nonmetro,33880,29725,34034
2025,2800008,state_nonmetro,state,28002,Mississippi Nonmetro,33880,29725,34034
2025,2900001,state_nonmetro,state,29002,Missouri Nonmetro,33880,29725,34034
2025,2900002,state_nonmetro,state,29002,Missouri Nonmetro,33880,29725,34034
2025,2900003,state_nonmetro,state,29002,Missouri Nonmetro,33880,29725,34034
2025,2900004,state_nonmetro,state,29002,Missouri Nonmetro,33880,29725,34034
2025,3000003,state_nonmetro,state,30002,Montana Nonmetro,36230,31177,36455
2025,3000004,state_nonmetro,state,30002,Montana Nonmetro,36230,31177,36455
2025,3000006,state_nonmetro,state,30002,Montana Nonmetro,36230,31177,36455
2025,3100001,state_nonmetro,state,31002,Nebraska Nonmetro,34920,30368,35106
2025,3100003,state_nonmetro,state,31002,Nebraska Nonmetro,34920,30368,35106
2025,3100006,state_nonmetro,state,31002,Nebraska Nonmetro,34920,30368,35106
2025,3200006,state_nonmetro,state,32002,Nevada Nonmetro,38256,32430,38542
2025,3300001,state_nonmetro,state,33002,New Hampshire Nonmetro,41215,34259,41590
2025,3300002,state_nonmetro,state,33002,New Hampshire Nonmetro,41215,34259,41590
2025,3300006,state_nonmetro,state,33002,New Hampshire Nonmetro,41215,34259,41590
2025,3500006,state_nonmetro,state,35002,New Mexico Nonmetro,34831,30312,35014
2025,3500007,state_nonmetro,state,35002,New Mexico Nonmetro,34831,30312,35014
2025,3600001,state_nonmetro,state,36002,New York Nonmetro,34920,30368,35106
2025,3600004,state_nonmetro,state,36002,New York Nonmetro,34920,30368,35106
2025,3600006,state_nonmetro,state,36002,New York Nonmetro,34920,30368,35106
2025,3700001,state_nonmetro,state,37002,North Carolina Nonmetro,34526,30124,34700
2025,3700002,state_nonmetro,state,37002,North Carolina Nonmetro,34526,30124,34700
2025,3700003,state_nonmetro,state,37002,North Carolina Nonmetro,34526,30124,34700
2025,3800006,state_nonmetro,state,38002,North Dakota Nonmetro,34526,30124,34700
2025,3800007,state_nonmetro,state,38002,North Dakota Nonmetro,34526,30124,34700
2025,3900001,state_nonmetro,state,39002,Ohio Nonmetro,34580,30157,34755
2025,3900002,state_nonmetro,state,39002,Ohio Nonmetro,34580,30157,34755
2025,3900003,state_nonmetro,state,39002,Ohio Nonmetro,34580,30157,34755
2025,3900004,state_nonmetro,state,39002,Ohio Nonmetro,34580,30157,34755
2025,4000001,state_nonmetro,state,40002,Oklahoma Nonmetro,33683,29603,33831
2025,4000002,state_nonmetro,state,40002,Oklahoma Nonmetro,33683,29603,33831
2025,4000003,state_nonmetro,state,40002,Oklahoma Nonmetro,33683,29603,33831
2025,4000004,state_nonmetro,state,40002,Oklahoma Nonmetro,33683,29603,33831
2025,4100006,state_nonmetro,state,41002,Oregon Nonmetro,37449,31931,37711
2025,4100007,state_nonmetro,state,41002,Oregon Nonmetro,37449,31931,37711
2025,4100008,state_nonmetro,state,41002,Oregon Nonmetro,37449,31931,37711
2025,4200001,state_nonmetro,state,42002,Pennsylvania Nonmetro,34920,30368,35106
2025,4200002,state_nonmetro,state,42002,Pennsylvania Nonmetro,34920,30368,35106
2025,4200003,state_nonmetro,state,42002,Pennsylvania Nonmetro,34920,30368,35106
2025,4200004,state_nonmetro,state,42002,Pennsylvania Nonmetro,34920,30368,35106
2025,4500003,state_nonmetro,state,45002,South Carolina Nonmetro,34024,29813,34182
2025,4500005,state_nonmetro,state,45002,South Carolina Nonmetro,34024,29813,34182
2025,4500007,state_nonmetro,state,45002,South Carolina Nonmetro,34024,29813,34182
2025,4600002,state_nonmetro,state,46002,South Dakota Nonmetro,34472,30091,34644
2025,4600003,state_nonmetro,state,46002,South Dakota Nonmetro,34472,30091,34644
2025,4700001,state_nonmetro,state,47002,Tennessee Nonmetro,34275,29969,34441
2025,4700002,state_nonmetro,state,47002,Tennessee Nonmetro,34275,29969,34441
2025,4700003,state_nonmetro,state,47002,Tennessee Nonmetro,34275,29969,34441
2025,4700004,state_nonmetro,state,47002,Tennessee Nonmetro,34275,29969,34441
2025,4800001,state_nonmetro,state,48002,Texas Nonmetro,36050,31066,36270
2025,4800002,state_nonmetro,state,48002,Texas Nonmetro,36050,31066,36270
2025,4800003,state_nonmetro,state,48002,Texas Nonmetro,36050,31066,36270
2025,4800004,state_nonmetro,state,48002,Texas Nonmetro,36050,31066,36270
2025,4800005,state_nonmetro,state,48002,Texas Nonmetro,36050,31066,36270
2025,4800006,state_nonmetro,state,48002,Texas Nonmetro,36050,31066,36270
2025,4900010,state_nonmetro,state,49002,Utah Nonmetro,36104,31100,36325
2025,4900011,state_nonmetro,state,49002,Utah Nonmetro,36104,31100,36325
2025,5000001,state_nonmetro,state,50002,Vermont Nonmetro,38292,32452,38579
2025,5000002,state_nonmetro,state,50002,Vermont Nonmetro,38292,32452,38579
2025,5100001,state_nonmetro,state,51002,Virginia Nonmetro,34329,30002,34496
2025,5100002,state_nonmetro,state,51002,Virginia Nonmetro,34329,30002,34496
2025,5100003,state_nonmetro,state,51002,Virginia Nonmetro,34329,30002,34496
2025,5100004,state_nonmetro,state,51002,Virginia Nonmetro,34329,30002,34496
2025,5300006,state_nonmetro,state,53002,Washington Nonmetro,37736,32109,38006
2025,5300007,state_nonmetro,state,53002,Washington Nonmetro,37736,32109,38006
2025,5400001,state_nonmetro,state,54002,West Virginia Nonmetro,34060,29836,34219
2025,5400002,state_nonmetro,state,54002,West Virginia Nonmetro,34060,29836,34219
2025,5500001,state_nonmetro,state,55002,Wisconsin Nonmetro,34669,30213,34847
2025,5500002,state_nonmetro,state,55002,Wisconsin Nonmetro,34669,30213,34847
2025,5500003,state_nonmetro,state,55002,Wisconsin Nonmetro,34669,30213,34847
2025,5500004,state_nonmetro,state,55002,Wisconsin Nonmetro,34669,30213,34847
2025,5600006,state_nonmetro,state,56002,Wyoming Nonmetro,35207,30545,35402
2025,5600007,state_nonmetro,state,56002,Wyoming Nonmetro,35207,30545,35402
