year,area,title,area_type,state,tot_emp,a_pct10,a_pct25,a_median,a_pct75,a_pct90
2015,10180,"Abilene, TX",4,48,65070,17320,20240,30400,46990,69110
2015,10420,"Akron, OH",4,39,324990,18450,22670,34810,55600,79430
2015,10500,"Albany, GA",4,13,57990,17130,19660,29530,48130,72190
2015,10540,"Albany, OR",4,41,41220,19850,23350,33410,48100,69130
2015,10580,"Albany-Schenectady-Troy, NY",4,36,437450,19890,26270,40120,62550,92730
2015,10740,"Albuquerque, NM",4,35,374230,18090,22220,33390,54610,85160
2015,10780,"Alexandria, LA",4,22,61290,17090,19530,29350,45820,66080
2015,10900,"Allentown-Bethlehem-Easton, PA-NJ",4,42,346910,18440,23750,35310,55180,81810
2015,11020,"Altoona, PA",4,42,58960,17410,20670,30410,46720,67720
2015,11100,"Amarillo, TX",4,48,114450,17640,21390,31050,50280,72740
2015,11180,"Ames, IA",4,19,43140,18020,23510,37340,57240,83510
2015,11260,"Anchorage, AK",4,02,177210,21840,29980,45680,72590,103470
2015,11460,"Ann Arbor, MI",4,26,209440,19290,25490,41760,67750,102070
2015,11500,"Anniston-Oxford-Jacksonville, AL",4,01,42760,17210,19940,30660,46630,61730
2015,11540,"Appleton, WI",4,55,120650,18230,23340,34970,51730,74920
2015,11700,"Asheville, NC",4,37,179650,17730,21610,30690,46160,68250
2015,12020,"Athens-Clarke County, GA",4,13,79710,17360,20550,31170,48950,75550
2015,12060,"Atlanta-Sandy Springs-Roswell, GA",4,13,2480330,17900,22900,36340,60140,95700
2015,12100,"Atlantic City-Hammonton, NJ",4,34,126820,18730,22370,33530,58390,88790
2015,12220,"Auburn-Opelika, AL",4,01,52930,16830,18850,27550,45620,72310
2015,12260,"Augusta-Richmond County, GA-SC",4,13,212890,17310,20320,31450,52780,77380
2015,12420,"Austin-Round Rock, TX",4,48,928810,18700,24190,37330,60320,95780
2015,12540,"Bakersfield, CA",4,06,295130,19290,21270,34100,59300,89010
2015,12580,"Baltimore-Columbia-Towson, MD",4,24,1314600,18980,25880,41560,66770,102000
2015,12940,"Baton Rouge, LA",4,22,391280,17600,21860,35130,54110,77730
2015,12980,"Battle Creek, MI",4,26,54990,18570,22740,34800,55670,79480
2015,13020,"Bay City, MI",4,26,35190,18190,20160,31140,51510,79030
2015,13140,"Beaumont-Port Arthur, TX",4,48,164920,17580,21660,35100,55560,82410
2015,13220,"Beckley, WV",4,54,44500,17790,19570,28560,45940,67710
2015,13380,"Bellingham, WA",4,53,81010,21240,25330,36910,56180,81650
2015,13460,"Bend-Redmond, OR",4,41,69930,19970,23750,33600,50260,77140
2015,13740,"Billings, MT",4,30,84610,18760,22930,33530,51620,75830
2015,13780,"Binghamton, NY",4,36,102460,19010,22190,33860,54290,80110
2015,13820,"Birmingham-Hoover, AL",4,01,499140,17730,22170,34670,54770,82470
2015,13900,"Bismarck, ND",4,38,74250,21170,26820,37630,55210,76420
2015,13980,"Blacksburg-Christiansburg-Radford, VA",4,51,68580,17620,21680,33110,52050,77330
2015,14010,"Bloomington, IL",4,17,95660,18920,23040,38440,63540,95780
2015,14020,"Bloomington, IN",4,18,66810,17550,21320,31560,50280,75270
2015,14100,"Bloomsburg-Berwick, PA",4,42,42580,18720,24770,35480,55860,81280
2015,14260,"Boise City, ID",4,16,284950,17930,22460,32620,50770,76780
2015,14500,"Boulder, CO",4,08,171410,20310,28020,44380,73380,115190
2015,14540,"Bowling Green, KY",4,21,69700,17380,20500,30000,46650,66360
2015,14740,"Bremerton-Silverdale, WA",4,53,82350,22080,28460,43180,65110,87390
2015,15180,"Brownsville-Harlingen, TX",4,48,135710,16560,18220,23310,39190,62110
2015,15260,"Brunswick, GA",4,13,38860,17050,19410,28700,46220,77530
2015,15380,"Buffalo-Cheektowaga-Niagara Falls, NY",4,36,543760,19120,23140,35310,55780,81060
2015,15500,"Burlington, NC",4,37,57420,17270,20150,29680,45290,66630
2015,15680,"California-Lexington Park, MD",4,24,43590,19220,28010,55130,94200,125430
2015,15940,"Canton-Massillon, OH",4,39,165570,18150,20500,31030,47700,69250
2015,15980,"Cape Coral-Fort Myers, FL",4,12,236720,18360,21810,30600,46530,69000
2015,16020,"Cape Girardeau, MO-IL",4,29,42050,17430,19680,29270,46220,64700
2015,16060,"Carbondale-Marion, IL",4,17,52620,18420,19620,28710,49410,75840
2015,16180,"Carson City, NV",4,32,26790,19350,25570,37630,57930,81580
2015,16220,"Casper, WY",4,56,42980,20240,26380,38090,56420,77970
2015,16300,"Cedar Rapids, IA",4,19,141610,18550,24980,37780,57670,83860
2015,16540,"Chambersburg-Waynesboro, PA",4,42,57050,18290,23350,34330,49280,70660
2015,16580,"Champaign-Urbana, IL",4,17,97970,18860,22490,35690,56460,81900
2015,16620,"Charleston, WV",4,54,115870,18200,21700,32720,51510,73530
2015,16700,"Charleston-North Charleston, SC",4,45,317390,17710,22190,34350,54210,79680
2015,16740,"Charlotte-Concord-Gastonia, NC-SC",4,37,1114730,18070,23220,36140,57820,92950
2015,16820,"Charlottesville, VA",4,51,105110,18940,24770,37660,59990,91930
2015,16860,"Chattanooga, TN-GA",4,47,231750,17630,21610,31030,48270,74300
2015,16940,"Cheyenne, WY",4,56,45860,18460,24640,37140,56290,77240
2015,16980,"Chicago-Naperville-Elgin, IL-IN-WI",4,17,4484510,19110,23800,38250,64650,98090
2015,17020,"Chico, CA",4,06,72300,19470,22940,33650,53410,80600
2015,17140,"Cincinnati, OH-KY-IN",4,39,1027280,18590,23550,36560,57870,85820
2015,17300,"Clarksville, TN-KY",4,47,82040,17410,20650,30400,46210,67340
2015,17420,"Cleveland, TN",4,47,44990,17070,19360,27170,42330,64200
2015,17460,"Cleveland-Elyria, OH",4,39,1020190,18690,23660,37120,59000,84370
2015,17660,"Coeur d'Alene, ID",4,16,56240,17760,21530,30550,45580,67860
2015,17780,"College Station-Bryan, TX",4,48,101040,17130,19660,30680,49230,78110
2015,17820,"Colorado Springs, CO",4,08,260880,18850,23620,36010,58560,91370
2015,17860,"Columbia, MO",4,29,90500,17800,21510,32960,51010,78300
2015,17900,"Columbia, SC",4,45,363210,17600,21780,33310,51640,75400
2015,17980,"Columbus, GA-AL",4,13,114430,17270,20350,31000,49750,75770
2015,18020,"Columbus, IN",4,18,49260,18550,23920,34870,55860,88250
2015,18140,"Columbus, OH",4,39,1003840,18790,23660,36720,59060,87570
2015,18580,"Corpus Christi, TX",4,48,189000,17440,20700,31100,51540,77470
2015,18700,"Corvallis, OR",4,41,34850,20260,25240,40020,64420,98870
2015,18880,"Crestview-Fort Walton Beach-Destin, FL",4,12,101390,18250,21140,30690,49600,77210
2015,19060,"Cumberland, MD-WV",4,24,36360,18050,21090,32400,53060,74660
2015,19100,"Dallas-Fort Worth-Arlington, TX",4,48,3302820,18060,23220,36450,59930,94540
2015,19140,"Dalton, GA",4,13,65480,17650,22090,30690,42600,67120
2015,19180,"Danville, IL",4,17,27690,18870,22680,33710,50270,73450
2015,19300,"Daphne-Fairhope-Foley, AL",4,01,66480,17070,19430,27090,40560,60240
2015,19340,"Davenport-Moline-Rock Island, IA-IL",4,19,180340,18560,22600,33670,54110,79550
2015,19380,"Dayton, OH",4,39,365670,18440,22420,35350,57380,85760
2015,19460,"Decatur, AL",4,01,52310,17300,20370,30850,50930,78130
2015,19500,"Decatur, IL",4,17,48410,18830,21830,32050,49450,74300
2015,19660,"Deltona-Daytona Beach-Ormond Beach, FL",4,12,182390,18080,20240,28450,42400,63030
2015,19740,"Denver-Aurora-Lakewood, CO",4,08,1374280,19290,25870,41250,67610,103670
2015,19780,"Des Moines-West Des Moines, IA",4,19,345520,18610,24770,37400,57790,83900
2015,19820,"Detroit-Warren-Dearborn, MI",4,26,1899610,18850,23990,37830,62610,95740
2015,20020,"Dothan, AL",4,01,55440,16970,19170,27760,43330,63280
2015,20100,"Dover, DE",4,10,62410,18330,22370,33160,50800,74760
2015,20220,"Dubuque, IA",4,19,57590,18060,22870,32700,46520,65000
2015,20260,"Duluth, MN-WI",4,27,125430,18330,22100,34010,52960,74440
2015,20500,"Durham-Chapel Hill, NC",4,37,287900,18990,26510,42840,71140,112750
2015,20700,"East Stroudsburg, PA",4,42,55110,17400,20740,30340,50270,77040
2015,20740,"Eau Claire, WI",4,55,80340,17890,22420,33620,50020,72200
2015,20940,"El Centro, CA",4,06,54940,19150,19670,29470,54100,80980
2015,21060,"Elizabethtown-Fort Knox, KY",4,21,51860,17500,21120,30880,48310,70280
2015,21140,"Elkhart-Goshen, IN",4,18,123900,18390,23770,33370,47890,67300
2015,21300,"Elmira, NY",4,36,36230,19010,22380,35200,53820,75980
2015,21340,"El Paso, TX",4,48,290630,16850,18860,26420,45470,69780
2015,21500,"Erie, PA",4,42,126990,17490,21040,30800,47450,69250
2015,21660,"Eugene, OR",4,41,145730,19870,23530,34260,51950,76910
2015,21780,"Evansville, IN-KY",4,18,153820,17770,21960,32860,50650,73540
2015,21820,"Fairbanks, AK",4,02,37840,23000,31990,47670,72170,97500
2015,22020,"Fargo, ND-MN",4,38,136170,19120,24800,35460,51950,74980
2015,22140,"Farmington, NM",4,35,50930,17820,21350,34100,53170,77130
2015,22180,"Fayetteville, NC",4,37,124530,17270,20190,31150,48590,74880
2015,22220,"Fayetteville-Springdale-Rogers, AR-MO",4,05,222690,17600,21040,31670,50860,80350
2015,22380,"Flagstaff, AZ",4,04,57920,18200,21310,32010,50010,76300
2015,22420,"Flint, MI",4,26,133740,18340,20950,32400,54350,76420
2015,22500,"Florence, SC",4,45,82460,17190,19860,29550,47910,73930
2015,22520,"Florence-Muscle Shoals, AL",4,01,51270,16960,19200,28020,43070,62230
2015,22540,"Fond du Lac, WI",4,55,45900,18260,23490,34780,50940,72740
2015,22660,"Fort Collins, CO",4,08,145440,18980,23950,36710,58040,89250
2015,22900,"Fort Smith, AR-OK",4,05,109320,17180,19550,27590,41450,59710
2015,23060,"Fort Wayne, IN",4,18,208790,17890,22170,32720,49680,71600
2015,23420,"Fresno, CA",4,06,340660,19310,21620,32190,53120,85420
2015,23460,"Gadsden, AL",4,01,35570,16970,19110,26800,42660,60460
2015,23540,"Gainesville, FL",4,12,125220,18150,21090,32990,51670,76150
2015,23580,"Gainesville, GA",4,13,78460,17620,21330,29800,46030,68470
2015,23900,"Gettysburg, PA",4,42,31910,17660,21600,30920,45810,67930
2015,24020,"Glens Falls, NY",4,36,51810,19330,23250,33420,49900,73930
2015,24140,"Goldsboro, NC",4,37,40640,17380,20440,29210,42750,61030
2015,24220,"Grand Forks, ND-MN",4,38,50390,18640,23860,34500,49660,72790
2015,24260,"Grand Island, NE",4,31,41590,18400,22360,30420,45070,62290
2015,24300,"Grand Junction, CO",4,08,59140,18780,23070,34040,52140,76740
2015,24340,"Grand Rapids-Wyoming, MI",4,26,522550,18730,22770,33750,52130,76140
2015,24420,"Grants Pass, OR",4,41,23400,19890,22400,29310,43320,72370
2015,24500,"Great Falls, MT",4,30,35380,18240,20910,29870,47750,66920
2015,24540,"Greeley, CO",4,08,99490,19190,25400,36830,52770,76380
2015,24580,"Green Bay, WI",4,55,167720,18180,23700,35080,52100,73760
2015,24660,"Greensboro-High Point, NC",4,37,353900,17570,21420,32150,49110,75240
2015,24780,"Greenville, NC",4,37,74120,17320,20250,31160,48870,73720
2015,24860,"Greenville-Anderson-Mauldin, SC",4,45,385740,17520,21140,31190,48250,73490
2015,25060,"Gulfport-Biloxi-Pascagoula, MS",4,28,146530,17530,21160,33030,51620,73830
2015,25180,"Hagerstown-Martinsburg, MD-WV",4,24,98930,18400,22650,33830,50870,78060
2015,25220,"Hammond, LA",4,22,41090,16880,18960,27710,44670,61450
2015,25260,"Hanford-Corcoran, CA",4,06,39380,19360,22500,37370,61640,86180
2015,25420,"Harrisburg-Carlisle, PA",4,42,313720,18690,24600,37450,57490,83180
2015,25500,"Harrisonburg, VA",4,51,59680,17770,21880,31360,45990,64740
2015,25620,"Hattiesburg, MS",4,28,58150,16900,19030,26790,41860,63050
2015,25860,"Hickory-Lenoir-Morganton, NC",4,37,145880,17750,21700,30320,43780,62710
2015,25940,"Hilton Head Island-Bluffton-Beaufort, SC",4,45,69900,17490,20610,29410,44750,65540
2015,25980,"Hinesville, GA",4,13,16450,17460,21330,34420,51330,72780
2015,26140,"Homosassa Springs, FL",4,12,30920,17850,19510,27580,41620,64100
2015,26300,"Hot Springs, AR",4,05,35980,16960,18930,25430,39180,59520
2015,26380,"Houma-Thibodaux, LA",4,22,96890,17830,22900,36150,53510,80890
2015,26420,"Houston-The Woodlands-Sugar Land, TX",4,48,2929970,18190,23640,37680,62270,100310
2015,26580,"Huntington-Ashland, WV-KY-OH",4,54,132470,17760,19880,30380,47630,70100
2015,26620,"Huntsville, AL",4,01,213310,17800,22650,38420,68220,110280
2015,26820,"Idaho Falls, ID",4,16,59950,17260,19990,31030,53610,83470
2015,26900,"Indianapolis-Carmel-Anderson, IN",4,18,992470,18140,22940,35190,56260,83130
2015,26980,"Iowa City, IA",4,19,89750,18170,23670,36910,56630,79860
2015,27060,"Ithaca, NY",4,36,49610,19610,27150,42640,64910,102830
2015,27100,"Jackson, MI",4,26,60120,18430,21960,35060,56020,81520
2015,27140,"Jackson, MS",4,28,260670,17450,20830,31060,49630,73640
2015,27180,"Jackson, TN",4,47,62270,17420,20880,30300,44820,63600
2015,27260,"Jacksonville, FL",4,12,622410,18510,22410,33420,53160,77860
2015,27340,"Jacksonville, NC",4,37,45500,16970,19250,27220,42740,62530
2015,27500,"Janesville-Beloit, WI",4,55,62690,17530,21340,32310,49910,74520
2015,27620,"Jefferson City, MO",4,29,70780,18010,22740,32060,47190,67920
2015,27740,"Johnson City, TN",4,47,76200,17240,19870,29170,43230,66270
2015,27780,"Johnstown, PA",4,42,53950,17240,19940,29530,46870,69950
2015,27860,"Jonesboro, AR",4,05,51470,17080,19240,27750,42090,61360
2015,27900,"Joplin, MO",4,29,77000,17500,20030,29560,43140,62170
2015,27980,"Kahului-Wailuku-Lahaina, HI",4,15,71750,19100,25850,37060,50560,73440
2015,28020,"Kalamazoo-Portage, MI",4,26,135340,18480,22110,33560,53120,77500
2015,28100,"Kankakee, IL",4,17,42610,18860,22280,33490,53770,77780
2015,28140,"Kansas City, MO-KS",4,29,1022270,18510,24050,36850,58830,88680
2015,28420,"Kennewick-Richland, WA",4,53,103400,21430,25550,37960,63670,99100
2015,28660,"Killeen-Temple, TX",4,48,132490,17330,20370,31820,50020,72140
2015,28700,"Kingsport-Bristol-Bristol, TN-VA",4,47,115650,17340,20520,30820,47990,67760
2015,28740,"Kingston, NY",4,36,58400,19360,23560,34980,54650,80480
2015,28940,"Knoxville, TN",4,47,372980,17550,21280,31300,49510,76480
2015,29020,"Kokomo, IN",4,18,38810,17570,21600,34630,56670,74980
2015,29100,"La Crosse-Onalaska, WI-MN",4,55,73980,18060,22970,33380,49550,67350
2015,29180,"Lafayette, LA",4,22,216650,17570,21460,31880,47620,67460
2015,29200,"Lafayette-West Lafayette, IN",4,18,89770,17760,22170,33260,51850,74890
2015,29340,"Lake Charles, LA",4,22,96830,17250,20060,31120,48070,68800
2015,29420,"Lake Havasu City-Kingman, AZ",4,04,45060,18160,20730,29590,43870,65470
2015,29460,"Lakeland-Winter Haven, FL",4,12,206140,18270,21400,30760,46140,67010
2015,29540,"Lancaster, PA",4,42,231300,18410,23620,34120,49920,74130
2015,29620,"Lansing-East Lansing, MI",4,26,205650,18740,23610,37230,58790,81490
2015,29700,"Laredo, TX",4,48,96340,16710,18530,24970,42240,67490
2015,29740,"Las Cruces, NM",4,35,69720,17430,19560,28620,52210,80360
2015,29820,"Las Vegas-Henderson-Paradise, NV",4,32,905600,17960,22580,33150,49580,77090
2015,29940,"Lawrence, KS",4,20,48880,17330,20470,31950,50430,76590
2015,30020,"Lawton, OK",4,40,44050,17100,19500,28500,44130,64430
2015,30140,"Lebanon, PA",4,42,48190,18300,23490,33930,48740,70770
2015,30300,"Lewiston, ID-WA",4,16,24300,18710,22920,33030,48140,65340
2015,30460,"Lexington-Fayette, KY",4,21,263300,17810,22160,33960,53240,75900
2015,30620,"Lima, OH",4,39,48720,18190,21070,31680,48970,68680
2015,30700,"Lincoln, NE",4,31,171670,18520,23050,35340,53300,75390
2015,30780,"Little Rock-North Little Rock-Conway, AR",4,05,336780,17570,21240,32800,51430,77170
2015,30860,"Logan, UT-ID",4,49,52550,17580,21050,29140,44110,68030
2015,30980,"Longview, TX",4,48,98530,17870,22450,32670,48410,70700
2015,31020,"Longview, WA",4,53,35700,21130,24930,37190,56680,78150
2015,31080,"Los Angeles-Long Beach-Anaheim, CA",4,06,5627380,19610,24340,38700,67310,105830
2015,31140,"Louisville/Jefferson County, KY-IN",4,21,624970,18050,22970,34340,52610,76410
2015,31180,"Lubbock, TX",4,48,137110,17290,20020,29250,46910,71220
2015,31340,"Lynchburg, VA",4,51,98630,17340,20560,30950,47050,71430
2015,31420,"Macon, GA",4,13,97090,17200,19900,30340,47160,71950
2015,31460,"Madera, CA",4,06,39430,19370,21730,32150,54210,81900
2015,31540,"Madison, WI",4,55,373460,19080,25940,39160,61250,89360
2015,31740,"Manhattan, KS",4,20,37600,17340,20330,30990,47960,74740
2015,31860,"Mankato-North Mankato, MN",4,27,50460,18680,23190,34430,50740,73710
2015,31900,"Mansfield, OH",4,39,49710,18280,21020,30290,45350,65000
2015,32580,"McAllen-Edinburg-Mission, TX",4,48,243340,16630,18350,24150,40850,62600
2015,32780,"Medford, OR",4,41,79880,19890,23330,32960,49850,76860
2015,32820,"Memphis, TN-MS-AR",4,47,602990,17740,21880,32420,50590,74460
2015,32900,"Merced, CA",4,06,64040,19360,22140,33590,52820,82630
2015,33100,"Miami-Fort Lauderdale-West Palm Beach, FL",4,12,2435940,18370,22010,32820,54030,83210
2015,33140,"Michigan City-La Porte, IN",4,18,39990,17520,20950,30600,46010,66690
2015,33220,"Midland, MI",4,26,35380,18430,21340,31660,50380,74400
2015,33260,"Midland, TX",4,48,92930,19520,26480,38880,61560,99230
2015,33340,"Milwaukee-Waukesha-West Allis, WI",4,55,831330,18420,24040,37200,59320,87410
2015,33460,"Minneapolis-St. Paul-Bloomington, MN-WI",4,27,1880400,19660,26890,41880,66420,99180
2015,33540,"Missoula, MT",4,30,56920,18130,20690,29500,46560,69320
2015,33660,"Mobile, AL",4,01,169960,17500,21220,32780,51710,74230
2015,33700,"Modesto, CA",4,06,166250,19430,22840,34120,51670,84010
2015,33740,"Monroe, LA",4,22,75890,17000,19260,28340,44530,63430
2015,33780,"Monroe, MI",4,26,38710,18300,20880,32720,53610,78470
2015,33860,"Montgomery, AL",4,01,162090,17270,20220,31750,50110,74420
2015,34060,"Morgantown, WV",4,54,63110,18100,21270,32850,52750,76840
2015,34100,"Morristown, TN",4,47,41690,17340,20250,28820,41900,58170
2015,34580,"Mount Vernon-Anacortes, WA",4,53,45670,21680,26430,38030,57840,80790
2015,34620,"Muncie, IN",4,18,43130,17460,20710,30710,47590,71810
2015,34740,"Muskegon, MI",4,26,62040,18620,22300,32220,48380,68230
2015,34820,"Myrtle Beach-Conway-North Myrtle Beach, SC-NC",4,45,147040,16860,18970,25370,38770,61840
2015,34900,"Napa, CA",4,06,70140,20300,25610,37500,59780,95500
2015,34940,"Naples-Immokalee-Marco Island, FL",4,12,131120,18610,22530,31960,48610,73400
2015,34980,"Nashville-Davidson--Murfreesboro--Franklin, TN",4,47,883600,18090,23280,34790,54200,79310
2015,35100,"New Bern, NC",4,37,43000,17470,21320,32340,50290,73600
2015,35380,"New Orleans-Metairie, LA",4,22,557700,17640,21640,32920,52340,78720
2015,35620,"New York-Newark-Jersey City, NY-NJ-PA",4,36,9046910,19500,26120,44100,75120,118360
2015,35660,"Niles-Benton Harbor, MI",4,26,59830,18610,22140,32530,51390,78290
2015,35840,"North Port-Sarasota-Bradenton, FL",4,12,273230,18520,22180,30870,46610,71330
2015,36100,"Ocala, FL",4,12,95450,18190,20770,29040,42750,63360
2015,36140,"Ocean City, NJ",4,34,39300,19040,22590,31290,49990,75490
2015,36220,"Odessa, TX",4,48,75380,19270,26130,37280,54730,82020
2015,36260,"Ogden-Clearfield, UT",4,49,233770,18010,22610,33530,52010,75960
2015,36420,"Oklahoma City, OK",4,40,608350,17870,22500,34180,53480,79550
2015,36500,"Olympia-Tumwater, WA",4,53,101410,21750,26880,40210,62310,85650
2015,36540,"Omaha-Council Bluffs, NE-IA",4,31,474950,18740,23690,35540,55060,79770
2015,36740,"Orlando-Kissimmee-Sanford, FL",4,12,1119160,18330,21300,30520,48710,76040
2015,36780,"Oshkosh-Neenah, WI",4,55,89530,18270,24060,35790,52080,73320
2015,36980,"Owensboro, KY",4,21,48380,17450,20790,29860,45780,63730
2015,37100,"Oxnard-Thousand Oaks-Ventura, CA",4,06,295700,19630,24030,37620,63100,100040
2015,37340,"Palm Bay-Melbourne-Titusville, FL",4,12,196410,18520,22410,33040,54440,90200
2015,37460,"Panama City, FL",4,12,79430,18210,20910,29170,43620,65420
2015,37620,"Parkersburg-Vienna, WV",4,54,40560,17740,19410,27730,44690,70070
2015,37860,"Pensacola-Ferry Pass-Brent, FL",4,12,161960,18120,20450,30070,46890,69200
2015,37900,"Peoria, IL",4,17,176630,19010,23140,36600,60420,95440
2015,37980,"Philadelphia-Camden-Wilmington, PA-NJ-DE-MD",4,42,2734690,19040,25270,39720,64990,98670
2015,38060,"Phoenix-Mesa-Scottsdale, AZ",4,04,1875860,18810,23680,35660,56800,88310
2015,38220,"Pine Bluff, AR",4,05,31580,17280,19860,30240,44130,64650
2015,38300,"Pittsburgh, PA",4,42,1132550,18230,23640,36210,57350,83480
2015,38540,"Pocatello, ID",4,16,32560,17470,20730,31070,49280,73460
2015,38900,"Portland-Vancouver-Hillsboro, OR-WA",4,41,1088700,20920,26660,40110,63640,97420
2015,38940,"Port St. Lucie, FL",4,12,131820,18330,21620,30400,46640,70550
2015,39140,"Prescott, AZ",4,04,58200,18350,21760,30920,46950,70240
2015,39340,"Provo-Orem, UT",4,49,206290,17830,21960,31370,50950,80520
2015,39380,"Pueblo, CO",4,08,57530,18390,21570,33750,51290,74740
2015,39460,"Punta Gorda, FL",4,12,43330,18080,20350,28640,44630,64470
2015,39540,"Racine, WI",4,55,75100,17770,22310,33550,49900,71530
2015,39580,"Raleigh, NC",4,37,564490,17970,22960,36320,59300,94940
2015,39660,"Rapid City, SD",4,46,64790,18920,22070,30460,46750,68170
2015,39740,"Reading, PA",4,42,170400,18400,23900,36120,53600,76050
2015,39820,"Redding, CA",4,06,58910,19500,23450,34840,55780,88170
2015,39900,"Reno, NV",4,32,204510,18180,23050,34550,54150,79960
2015,40060,"Richmond, VA",4,51,617730,18370,24030,37210,59110,88940
2015,40140,"Riverside-San Bernardino-Ontario, CA",4,06,1310300,19440,22890,34570,55590,86070
2015,40220,"Roanoke, VA",4,51,152090,18040,22630,33130,48880,74260
2015,40340,"Rochester, MN",4,27,111650,19440,26010,40630,60120,89240
2015,40380,"Rochester, NY",4,36,508070,19320,24320,37120,58610,85860
2015,40420,"Rockford, IL",4,17,146690,18980,22850,34230,53940,79600
2015,40580,"Rocky Mount, NC",4,37,55100,17350,20520,29790,45360,66610
2015,40660,"Rome, GA",4,13,35590,17320,20240,30960,49960,72530
2015,40900,"Sacramento--Roseville--Arden-Arcade, CA",4,06,874610,19710,25810,41460,68150,101910
2015,40980,"Saginaw, MI",4,26,83520,18430,21640,31980,52580,75420
2015,41060,"St. Cloud, MN",4,27,100930,18940,24220,34920,50350,74370
2015,41100,"St. George, UT",4,49,56880,17710,21290,29060,42190,60650
2015,41140,"St. Joseph, MO-KS",4,29,53250,17810,21650,30390,45660,67340
2015,41180,"St. Louis, MO-IL",4,29,1322630,18430,23000,36530,58890,87790
2015,41420,"Salem, OR",4,41,156040,19980,24200,35610,54920,80820
2015,41500,"Salinas, CA",4,06,161580,19520,22450,33350,56640,87210
2015,41540,"Salisbury, MD-DE",4,24,152260,18230,21640,30620,47730,71830
2015,41620,"Salt Lake City, UT",4,49,656750,18840,24520,36290,57540,89110
2015,41660,"San Angelo, TX",4,48,46450,17370,20270,29010,44540,64910
2015,41700,"San Antonio-New Braunfels, TX",4,48,947350,17710,21780,32610,53740,80410
2015,41740,"San Diego-Carlsbad, CA",4,06,1353180,19800,25100,39760,68170,105290
2015,41860,"San Francisco-Oakland-Hayward, CA",4,06,2186370,22190,30440,50310,86550,134350
2015,41940,"San Jose-Sunnyvale-Santa Clara, CA",4,06,1011840,22640,32040,58900,110220,161750
2015,42020,"San Luis Obispo-Paso Robles-Arroyo Grande, CA",4,06,110730,19480,23060,34390,57260,89690
2015,42100,"Santa Cruz-Watsonville, CA",4,06,89660,19730,24610,37370,61250,98830
2015,42140,"Santa Fe, NM",4,35,59530,20400,24560,34420,52920,77250
2015,42200,"Santa Maria-Santa Barbara, CA",4,06,181190,19650,24040,37520,62440,99030
2015,42220,"Santa Rosa, CA",4,06,187850,20220,26250,38690,61140,94620
2015,42340,"Savannah, GA",4,13,161000,17400,20880,33120,54030,77800
2015,42540,"Scranton--Wilkes-Barre--Hazleton, PA",4,42,255810,18020,22680,32880,49680,72700
2015,42660,"Seattle-Tacoma-Bellevue, WA",4,53,1814230,22810,30040,46330,75300,113890
2015,42680,"Sebastian-Vero Beach, FL",4,12,46580,18230,20990,29620,45180,68080
2015,42700,"Sebring, FL",4,12,24970,17960,19820,26130,39580,60000
2015,43100,"Sheboygan, WI",4,55,58480,18230,23880,35510,50790,73650
2015,43300,"Sherman-Denison, TX",4,48,43280,17430,20670,30160,46690,67290
2015,43340,"Shreveport-Bossier City, LA",4,22,181720,17030,19400,29450,46830,66360
2015,43420,"Sierra Vista-Douglas, AZ",4,04,33860,18390,22370,35810,61010,88900
2015,43580,"Sioux City, IA-NE-SD",4,19,85260,18280,22930,31900,46750,66240
2015,43620,"Sioux Falls, SD",4,46,147130,19420,23760,32420,48500,71370
2015,43780,"South Bend-Mishawaka, IN-MI",4,18,128910,17830,21710,32210,50270,73120
2015,43900,"Spartanburg, SC",4,45,138040,17810,22120,32620,49270,72370
2015,44060,"Spokane-Spokane Valley, WA",4,53,219750,21330,25090,36080,54770,78050
2015,44100,"Springfield, IL",4,17,106910,19040,23920,39310,62090,89740
2015,44180,"Springfield, MO",4,29,196900,17690,20890,30210,46290,68400
2015,44220,"Springfield, OH",4,39,48110,18230,20760,30240,47660,69820
2015,44300,"State College, PA",4,42,67220,18040,22970,35540,55780,80480
2015,44420,"Staunton-Waynesboro, VA",4,51,47460,17710,21820,31990,46910,67820
2015,44700,"Stockton-Lodi, CA",4,06,218840,19430,23240,35470,55440,83110
2015,44940,"Sumter, SC",4,45,35230,17040,19420,27650,43730,61690
2015,45060,"Syracuse, NY",4,36,300550,19200,23660,36570,58350,86450
2015,45220,"Tallahassee, FL",4,12,159930,18320,21950,33100,50400,77250
2015,45300,"Tampa-St. Petersburg-Clearwater, FL",4,12,1216290,18420,22230,33240,52770,80520
2015,45460,"Terre Haute, IN",4,18,66300,17410,20820,30930,47650,68780
2015,45500,"Texarkana, TX-AR",4,48,56760,17190,19740,30400,46580,64040
2015,45540,"The Villages, FL",4,12,24020,18010,20250,29040,46270,63520
2015,45780,"Toledo, OH",4,39,294510,18380,21960,33930,52880,74960
2015,45820,"Topeka, KS",4,20,108910,18110,23170,34720,52070,72730
2015,45940,"Trenton, NJ",4,34,222240,20490,29570,50310,78500,113190
2015,46060,"Tucson, AZ",4,04,356010,18440,22240,33000,51650,78360
2015,46140,"Tulsa, OK",4,40,434090,17970,22560,33490,51570,78520
2015,46220,"Tuscaloosa, AL",4,01,99530,17440,20780,32300,50760,69880
2015,46340,"Tyler, TX",4,48,98350,17180,19860,30910,48550,72790
2015,46520,"Urban Honolulu, HI",4,15,453490,19150,26000,39690,61180,90740
2015,46540,"Utica-Rome, NY",4,36,118680,19170,22870,33920,52210,76440
2015,46660,"Valdosta, GA",4,13,51050,16880,19020,27040,43260,63920
2015,46700,"Vallejo-Fairfield, CA",4,06,125020,19590,24010,39310,65450,100430
2015,47020,"Victoria, TX",4,48,42290,17620,21360,30910,47890,71580
2015,47220,"Vineland-Bridgeton, NJ",4,34,59190,18940,23060,36150,58140,82570
2015,47260,"Virginia Beach-Norfolk-Newport News, VA-NC",4,51,730010,17980,22830,35620,56680,83750
2015,47300,"Visalia-Porterville, CA",4,06,141020,19240,20090,28780,46580,73230
2015,47380,"Waco, TX",4,48,109740,17570,21180,31030,47720,72550
2015,47460,"Walla Walla, WA",4,53,24580,21990,26600,36770,58040,85340
2015,47580,"Warner Robins, GA",4,13,67490,17350,20610,35930,56780,79540
2015,47900,"Washington-Arlington-Alexandria, DC-VA-MD-WV",4,11,2991960,20010,29240,50690,88600,132360
2015,47940,"Waterloo-Cedar Falls, IA",4,19,88990,18080,22980,33010,47700,70480
2015,48060,"Watertown-Fort Drum, NY",4,36,41570,19010,21900,32420,51170,75530
2015,48140,"Wausau, WI",4,55,68230,18160,23250,33880,49620,71160
2015,48260,"Weirton-Steubenville, WV-OH",4,54,41360,17990,20130,30890,47820,69160
2015,48300,"Wenatchee, WA",4,53,42000,21150,24480,33910,51490,76270
2015,48540,"Wheeling, WV-OH",4,54,63110,17990,20070,29730,47090,67430
2015,48620,"Wichita, KS",4,20,294060,18110,22850,33650,51390,75400
2015,48660,"Wichita Falls, TX",4,48,56400,17410,20500,30390,47190,69820
2015,48700,"Williamsport, PA",4,42,52740,17850,22460,33070,49480,72760
2015,48900,"Wilmington, NC",4,37,121520,17470,21110,32410,49930,76170
2015,49020,"Winchester, VA-WV",4,51,54240,17960,22670,34030,49390,73250
2015,49180,"Winston-Salem, NC",4,37,257460,17580,21430,32240,49950,77240
2015,49420,"Yakima, WA",4,53,84870,21070,24040,32670,48560,70990
2015,49620,"York-Hanover, PA",4,42,176960,18180,23410,34640,50260,75640
2015,49660,"Youngstown-Warren-Boardman, OH-PA",4,39,218370,17970,20120,30640,47610,68240
2015,49700,"Yuba City, CA",4,06,38540,19450,22670,34270,56010,85660
2015,49740,"Yuma, AZ",4,04,61470,17730,19100,26650,43620,72050
2015,70750,"Bangor, ME",4,23,63740,18340,22630,32920,50300,74390
2015,70900,"Barnstable Town, MA",4,25,101000,19650,25000,37780,59770,87950
2015,71650,"Boston-Cambridge-Nashua, MA-NH",4,25,2625570,21000,29510,48020,77940,119670
2015,71950,"Bridgeport-Stamford-Norwalk, CT",4,09,417260,20440,28400,46980,76270,119280
2015,72400,"Burlington-South Burlington, VT",4,50,120920,21390,27550,39300,59860,88180
2015,72850,"Danbury, CT",4,09,79240,19860,25730,39790,62320,95420
2015,73050,"Dover-Durham, NH-ME",4,33,50720,18830,24520,37120,57730,89050
2015,73450,"Hartford-West Hartford-East Hartford, CT",4,09,578000,20100,28100,45570,72160,103220
2015,74500,"Leominster-Gardner, MA",4,25,49610,19480,24080,36010,58460,85820
2015,74650,"Lewiston-Auburn, ME",4,23,49440,19100,24140,33040,48710,70990
2015,74950,"Manchester, NH",4,33,108050,19310,25490,38900,61630,91550
2015,75550,"New Bedford, MA",4,25,63440,19350,22970,34670,54690,83790
2015,75700,"New Haven, CT",4,09,279890,20330,27550,42870,66990,96390
2015,76450,"Norwich-New London-Westerly, CT-RI",4,09,127260,19580,23970,38630,63170,96120
2015,76600,"Pittsfield, MA",4,25,40680,19440,24560,36900,58350,84120
2015,76750,"Portland-South Portland, ME",4,23,198580,19120,24810,36710,56570,82240
2015,76900,"Portsmouth, NH-ME",4,33,87990,19250,25950,39100,62670,94930
2015,77200,"Providence-Warwick, RI-MA",4,44,559190,19520,24800,38350,61760,92720
2015,78100,"Springfield, MA-CT",4,25,314080,19730,25820,39390,61420,90110
2015,78700,"Waterbury, CT",4,09,67640,19770,24760,37280,61020,88940
2015,79600,"Worcester, MA-CT",4,25,273210,19990,26800,40590,62650,93840
2015,5400001,Southern West Virginia nonmetropolitan area,6,54,79250,17830,19710,28200,42820,60710
2015,5400002,Northern West Virginia nonmetropolitan area,6,54,148420,17900,19940,29000,45610,66160
2015,5600001,Northwest Wyoming nonmetropolitan area,6,56,40750,18340,24170,35030,51130,70600
2015,5600002,Southwest Wyoming nonmetropolitan area,6,56,62190,20100,27650,40080,60460,81410
2015,5600003,Northeast Wyoming nonmetropolitan area,6,56,50270,19940,27320,40270,61710,78350
2015,5600004,Central-Southeast Wyoming nonmetropolitan area,6,56,38130,18040,23160,36170,55260,77150
2015,0100001,Northwest Alabama nonmetropolitan area,6,01,62200,17320,20200,28360,40460,58680
2015,0100002,Northeast Alabama nonmetropolitan area,6,01,143180,17240,20010,27690,41880,59890
2015,0100003,Southwest Alabama nonmetropolitan area,6,01,66280,16960,19180,28480,44920,64120
2015,0100004,Southeast Alabama nonmetropolitan area,6,01,83800,17200,19840,29090,47470,72080
2015,0200001,Southeast Alaska nonmetropolitan area,6,02,36100,22640,30060,44460,65570,90650
2015,0200002,Balance of Alaska nonmetropolitan area,6,02,76020,22040,31990,48340,70310,94090
2015,0400001,Arizona nonmetropolitan area,6,04,92450,18440,22390,33010,49170,72940
2015,0500001,North Arkansas nonmetropolitan area,6,05,116360,17010,19150,26140,39050,55970
2015,0500002,East Arkansas nonmetropolitan area,6,05,70280,16940,18950,26670,38580,55690
2015,0500003,West Arkansas nonmetropolitan area,6,05,89590,17080,19280,26260,38920,58680
2015,0500004,South Arkansas nonmetropolitan area,6,05,98220,17140,19580,27640,41870,59570
2015,0600001,Mother Lode Region of California nonmetropolitan area,6,06,40040,19670,24370,36630,56030,83730
2015,0600002,Eastern Sierra Region of California nonmetropolitan area,6,06,12790,19430,23340,34570,55140,80660
2015,0600003,North Coast Region of California nonmetropolitan area,6,06,95040,19660,23440,33580,51150,77130
2015,0600004,North Valley Region of California nonmetropolitan area,6,06,28790,19440,22490,33000,48850,73500
2015,0600005,Northern Mountains Region of California nonmetropolitan area,6,06,62340,19840,25420,37440,56410,80770
2015,0800001,Eastern and Southern Colorado nonmetropolitan area,6,08,67400,18490,21530,30510,44920,62980
2015,0800002,Southwest Colorado nonmetropolitan area,6,08,93570,18730,22950,33460,49040,69330
2015,0800003,Northwest Colorado nonmetropolitan area,6,08,115640,20140,26280,36980,54620,77370
2015,0900001,Connecticut nonmetropolitan area,6,09,34320,19800,25790,37650,58720,87220
2015,1200001,Northwest Florida nonmetropolitan area,6,12,30200,18160,20600,29010,39540,58810
2015,1200002,Northeast Florida nonmetropolitan area,6,12,86330,18280,21290,30160,41790,60820
2015,1200003,South Florida nonmetropolitan area,6,12,74520,18090,20440,28970,43630,63390
2015,1300001,North Georgia nonmetropolitan area,6,13,154610,17260,19960,27700,39840,61540
2015,1300002,Middle Georgia nonmetropolitan area,6,13,127350,17140,19670,28920,43900,62630
2015,1300003,East Georgia nonmetropolitan area,6,13,83510,16920,19040,26450,40360,61510
2015,1300004,South Georgia nonmetropolitan area,6,13,183360,17070,19440,27320,42530,62570
2015,1500001,Hawaii / Kauai nonmetropolitan area,6,15,94710,19590,26380,36880,51360,74930
2015,1600001,Panhandle of Idaho nonmetropolitan area,6,16,45340,17900,22280,32520,48960,72440
2015,1600002,Southwest Idaho nonmetropolitan area,6,16,18800,17360,20780,31280,45100,63480
2015,1600003,South Central Idaho nonmetropolitan area,6,16,75620,17800,22130,31310,45560,67700
2015,1600004,Southeast Idaho nonmetropolitan area,6,16,46030,17290,20070,29810,45640,63570
2015,1700001,Northwest Illinois nonmetropolitan area,6,17,133870,18750,21700,31890,49950,72800
2015,1700002,West Central Illinois nonmetropolitan area,6,17,175530,18740,21450,31230,48630,71590
2015,1700003,East Central Illinois nonmetropolitan area,6,17,118500,18760,21590,30840,46860,69160
2015,1700004,South Illinois nonmetropolitan area,6,17,90810,18740,21770,32540,49750,72890
2015,1800001,Northern Indiana nonmetropolitan area,6,18,214540,17820,21970,30590,43280,61300
2015,1800002,Central Indiana nonmetropolitan area,6,18,159820,17580,21140,29940,44230,62790
2015,1800003,Southern Indiana nonmetropolitan area,6,18,184410,17740,21880,31050,46900,67420
2015,1900001,Northeast Iowa nonmetropolitan area,6,19,100500,17860,22230,31210,45210,62450
2015,1900002,Northwest Iowa nonmetropolitan area,6,19,138890,18220,23300,31490,45260,62570
2015,1900003,Southwest Iowa nonmetropolitan area,6,19,86530,17720,21580,30380,43660,60550
2015,1900004,Southeast Iowa nonmetropolitan area,6,19,228830,17810,21970,30870,45780,64570
2015,2000001,Southwest Kansas nonmetropolitan area,6,20,77850,17930,22310,29830,42540,60560
2015,2000002,Northwest Kansas nonmetropolitan area,6,20,62350,17400,20730,29730,43570,62970
2015,2000003,Northeast Kansas nonmetropolitan area,6,20,144000,17790,21880,31020,45280,63690
2015,2000004,Southeast Kansas nonmetropolitan area,6,20,120870,17580,21180,29720,44400,62860
2015,2100001,West Kentucky nonmetropolitan area,6,21,152940,17420,20730,30270,47000,66860
2015,2100002,South Central Kentucky nonmetropolitan area,6,21,165900,17440,20580,28330,41250,59210
2015,2100003,Central Kentucky nonmetropolitan area,6,21,179130,17500,21030,30840,46600,66310
2015,2100004,East Kentucky nonmetropolitan area,6,21,105600,17180,19790,29370,46150,62050
2015,2200001,Washington Parish Louisiana nonmetropolitan area,6,22,9640,16820,18880,26430,41630,56790
2015,2200002,Central Louisiana nonmetropolitan area,6,22,79010,16990,19220,28570,45000,62340
2015,2200003,Northeast Louisiana nonmetropolitan area,6,22,66820,16780,18740,26570,42030,60410
2015,2200004,Southwest Louisiana nonmetropolitan area,6,22,64490,17190,19940,30900,47020,68150
2015,2300001,Northeast Maine nonmetropolitan area,6,23,70690,18710,22910,31340,45680,63990
2015,2300002,Southwest Maine nonmetropolitan area,6,23,189250,18740,23890,34250,50520,70720
2015,2400001,Upper Eastern Shore of Maryland nonmetropolitan area,6,24,47260,18360,22310,34010,51980,76240
2015,2400002,"Garrett County, Maryland nonmetropolitan area",6,24,10850,18020,20610,29640,45390,64080
2015,2500001,Nantucket Island and Martha's Vineyard nonmetropolitan area,6,25,17600,20650,28770,41300,60670,85580
2015,2500002,Southwest Massachusetts nonmetropolitan area,6,25,9200,19700,25100,35510,51270,76020
2015,2500003,Northwest Massachusetts nonmetropolitan area,6,25,25970,19650,25060,36160,55560,79670
2015,2500004,North Central Massachusetts nonmetropolitan area,6,25,5810,19630,25190,34550,49960,72830
2015,2600001,Upper Peninsula of Michigan nonmetropolitan area,6,26,114120,18300,20890,31320,48550,68180
2015,2600002,Northeast Lower Peninsula of Michigan nonmetropolitan area,6,26,73090,18150,19930,28560,43310,63100
2015,2600003,Northwest Lower Peninsula of Michigan nonmetropolitan area,6,26,118030,18490,21790,31070,46340,67080
2015,2600004,Balance of Lower Peninsula of Michigan nonmetropolitan area,6,26,274040,18580,22060,31050,47180,68520
2015,2700001,Northwest Minnesota nonmetropolitan area,6,27,187010,18760,23190,32530,46930,65290
2015,2700002,Northeast Minnesota nonmetropolitan area,6,27,42810,18380,22040,33210,49530,68380
2015,2700003,Southwest Minnesota nonmetropolitan area,6,27,122450,18700,23030,32860,46950,65990
2015,2700004,Southeast Minnesota nonmetropolitan area,6,27,159270,18780,23240,33390,48300,71160
2015,2800001,Northeast Mississippi nonmetropolitan area,6,28,223720,17190,19780,28880,42720,61400
2015,2800002,Northwest Mississippi nonmetropolitan area,6,28,98710,16830,18840,25820,38930,59290
2015,2800003,Southeast Mississippi nonmetropolitan area,6,28,153050,17040,19350,27440,41690,61110
2015,2800004,Southwest Mississippi nonmetropolitan area,6,28,74080,16990,19250,28160,43860,65480
2015,2900001,Central Missouri nonmetropolitan area,6,29,155020,17430,19800,28380,40870,62800
2015,2900002,North Missouri nonmetropolitan area,6,29,110340,17530,20130,28570,40420,60340
2015,2900003,Southeast Missouri nonmetropolitan area,6,29,162790,17280,19330,27290,40260,59240
2015,2900004,Southwest Missouri nonmetropolitan area,6,29,71050,17170,19040,24920,37390,57270
2015,3000001,East Montana nonmetropolitan area,6,30,34570,18790,23240,33570,50910,72330
2015,3000002,Central Montana nonmetropolitan area,6,30,34510,18370,22020,32000,49730,70120
2015,3000003,Southwest Montana nonmetropolitan area,6,30,128400,18690,22870,32620,50450,73620
2015,3000004,West Montana nonmetropolitan area,6,30,69350,18480,22010,30980,46000,66780
2015,3100001,Northwest Nebraska nonmetropolitan area,6,31,41300,18130,21000,29280,43940,62480
2015,3100002,Central Nebraska nonmetropolitan area,6,31,107070,18240,21500,30140,43810,62330
2015,3100003,Northeast Nebraska nonmetropolitan area,6,31,92880,18460,22410,30650,43500,61990
2015,3100004,Southeast Nebraska nonmetropolitan area,6,31,45340,18410,22380,30710,42370,62380
2015,3200001,South Nevada nonmetropolitan area,6,32,51340,17940,22680,34010,53740,75410
2015,3200002,North Nevada nonmetropolitan area,6,32,42740,18510,25100,42510,64350,79890
2015,3300001,Northern New Hampshire nonmetropolitan area,6,33,36300,18240,22580,31320,46160,65970
2015,3300002,Central New Hampshire nonmetropolitan area,6,33,95440,19180,25590,37510,55990,79700
2015,3300003,West Central New Hampshire nonmetropolitan area,6,33,63360,19560,26290,37830,58990,90110
2015,3300004,Southwest New Hampshire nonmetropolitan area,6,33,40300,18410,23720,35520,53860,79240
2015,3500001,North and West Central New Mexico nonmetropolitan area,6,35,62650,17360,19400,27470,42210,65540
2015,3500002,Eastern New Mexico nonmetropolitan area,6,35,134030,17790,21100,31370,49470,72480
2015,3500003,Southwestern New Mexico nonmetropolitan area,6,35,26730,17380,19400,27640,44160,70200
2015,3500004,"Los Alamos County, New Mexico nonmetropolitan area",6,35,14810,24460,54000,81890,121760,153660
2015,3600001,Capital/Northern New York nonmetropolitan area,6,36,144170,19210,23030,33730,50700,73840
2015,3600002,East Central New York nonmetropolitan area,6,36,33860,19360,24410,35430,52370,76400
2015,3600003,Central New York nonmetropolitan area,6,36,125460,19120,22770,33230,50140,74560
2015,3600004,Southwest New York nonmetropolitan area,6,36,182670,19020,22020,32810,49470,72930
2015,3700001,Southeast Coastal North Carolina nonmetropolitan area,6,37,244390,17190,19820,28100,41250,59940
2015,3700002,Northeast Coastal North Carolina nonmetropolitan area,6,37,96460,17220,19910,28710,41770,59660
2015,3700003,Piedmont North Carolina nonmetropolitan area,6,37,249550,17410,20570,29240,43610,62130
2015,3700004,Mountain North Carolina nonmetropolitan area,6,37,123820,17370,20480,28800,41570,59980
2015,3800001,Far West North Dakota nonmetropolitan area,6,38,84660,25430,34330,46440,60800,84540
2015,3800002,West Central North Dakota nonmetropolitan area,6,38,63830,20780,27550,38860,57370,80810
2015,3800003,East Central North Dakota nonmetropolitan area,6,38,41150,18780,24410,34410,48160,68280
2015,3800004,Far East North Dakota nonmetropolitan area,6,38,24560,19380,25810,35200,48000,67140
2015,3900001,West Northwestern Ohio nonmetropolitan area,6,39,252410,18520,22740,33280,47890,64790
2015,3900002,North Northeastern Ohio non-metropolitan area (non-contiguous),6,39,328890,18320,21520,31380,46390,65550
2015,3900003,Eastern Ohio nonmetropolitan area,6,39,136290,18120,20380,30540,46080,66620
2015,3900004,Southern Ohio non-metropolitan area,6,39,153150,18120,20330,31930,50290,70350
2015,4000001,Northeast Oklahoma nonmetropolitan area,6,40,115950,17250,19990,29160,44660,65430
2015,4000002,Northwest Oklahoma nonmetropolitan area,6,40,126610,17450,21000,31410,46420,69570
2015,4000003,Southwest Oklahoma nonmetropolitan area,6,40,67750,17410,20750,31820,46800,70300
2015,4000004,Southeast Oklahoma nonmetropolitan area,6,40,167900,17260,20090,29380,43620,61980
2015,4100001,North Coast Oregon nonmetropolitan area,6,41,42790,19710,22360,30370,45060,65960
2015,4100002,South Coast Oregon nonmetropolitan area,6,41,63310,19860,23090,32080,46610,68190
2015,4100003,Central Oregon nonmetropolitan area,6,41,57420,19840,23280,32050,48110,72430
2015,4100004,Eastern Oregon nonmetropolitan area,6,41,67680,19940,23560,32760,48690,68580
2015,4200001,Western Pennsylvania nonmetropolitan area,6,42,159990,17620,21550,31680,48760,69680
2015,4200002,Northern Pennsylvania nonmetropolitan area,6,42,165790,17630,21350,30800,46020,65920
2015,4200003,Southern Pennsylvania nonmetropolitan area,6,42,190320,17650,21720,31580,46660,66150
2015,4400001,"New Shoreham Town, Rhode Island nonmetropolitan area",6,44,460,20290,23970,33470,52270,75900
2015,4500001,Low Country South Carolina nonmetropolitan area,6,45,45830,16890,19050,27440,42790,63260
2015,4500002,Upper Savannah South Carolina nonmetropolitan area,6,45,80020,17300,20290,29540,44970,66490
2015,4500003,Pee Dee South Carolina nonmetropolitan area,6,45,45150,17100,19650,28460,42080,59720
2015,4500004,Lower Savannah South Carolina nonmetropolitan area,6,45,53800,17310,20280,29580,42830,62130
2015,4600002,East South Dakota nonmetropolitan area,6,46,131400,18970,22350,30030,42240,61000
2015,4600003,West South Dakota nonmetropolitan area,6,46,60270,18880,21650,29130,41930,59680
2015,4700001,West Tennessee nonmetropolitan area,6,47,128230,17150,19630,28240,40830,58820
2015,4700002,South Central Tennessee nonmetropolitan area,6,47,106700,17340,20320,29170,43060,62410
2015,4700003,North Central Tennessee nonmetropolitan area,6,47,104340,17230,19910,27270,39160,58410
2015,4700004,East Tennessee nonmetropolitan area,6,47,127980,17040,19380,26660,38570,56660
2015,4800001,West Texas Region of Texas nonmetropolitan area,6,48,204950,17690,21640,32570,48280,69490
2015,4800002,North Texas Region of Texas nonmetropolitan area,6,48,272210,17390,20450,29870,44450,64040
2015,4800003,Big Thicket Region of Texas nonmetropolitan area,6,48,106740,17210,19950,29090,44170,63170
2015,4800004,Hill Country Region of Texas nonmetropolitan area,6,48,197960,17680,21500,30810,44740,64650
2015,4800005,Border Region of Texas nonmetropolitan area,6,48,57920,16930,19100,27390,45650,71710
2015,4800006,Coastal Plains Region of Texas nonmetropolitan area,6,48,156060,17270,20080,30740,47340,72270
2015,4900001,Wasatch Back nonmetropolitan area,6,49,31140,18380,22980,30440,47040,71790
2015,4900002,Central Utah nonmetropolitan area,6,49,20140,17200,19980,31530,48030,66750
2015,4900003,Southwest Utah nonmetropolitan area,6,49,21950,17230,19760,28020,41550,60800
2015,4900004,Eastern Utah nonmetropolitan area,6,49,45680,18160,23420,35260,52500,73040
2015,5000001,Southern Vermont nonmetropolitan area,6,50,107400,20730,26060,36110,52110,73590
2015,5000002,Northern Vermont nonmetropolitan area,6,50,70220,20650,26020,36100,51610,73140
2015,5100001,Southwest Virginia nonmetropolitan area,6,51,126560,17170,19710,28510,42360,61800
2015,5100002,Southside Virginia nonmetropolitan area,6,51,106260,17110,19520,28740,43190,62020
2015,5100003,Northeast Virginia nonmetropolitan area,6,51,48700,17790,21650,31760,54930,98160
2015,5100004,Northwest Virginia nonmetropolitan area,6,51,63790,17410,20630,30450,45760,69340
2015,5300001,Northwest Washington nonmetropolitan area,6,53,48920,21380,25050,35980,53830,75260
2015,5300002,Southwest Washington nonmetropolitan area,6,53,61940,21260,25440,36520,51680,71960
2015,5300003,Central Washington nonmetropolitan area,6,53,32660,20590,24020,33150,49790,73480
2015,5300004,East Washington nonmetropolitan area,6,53,58630,21440,25640,36090,53620,77400
2015,5500001,Northwestern Wisconsin nonmetropolitan area,6,55,49480,17780,21610,30130,43520,60790
2015,5500002,Northeastern Wisconsin nonmetropolitan area,6,55,203180,17930,22370,32050,46750,66110
2015,5500003,South Central Wisconsin nonmetropolitan area,6,55,207350,17680,21770,31540,46950,66120
2015,5500004,Western Wisconsin nonmetropolitan area,6,55,139250,18100,22990,32700,46300,63890
2016,31080,"Los Angeles-Long Beach-Anaheim, CA",4,06,5783690,21190,25180,39680,68420,108250
2016,41860,"San Francisco-Oakland-Hayward, CA",4,06,2263090,23770,31480,51780,88390,137920
2016,47900,"Washington-Arlington-Alexandria, DC-VA-MD-WV",4,11,3072060,21470,30040,52270,91310,136060
2016,33100,"Miami-Fort Lauderdale-West Palm Beach, FL",4,12,2512990,18710,22710,33900,55190,84500
2016,16980,"Chicago-Naperville-Elgin, IL-IN-WI",4,17,4552180,19450,24440,39380,66920,101260
2016,71650,"Boston-Cambridge-Nashua, MA-NH",4,25,2677320,22450,30210,49340,79930,123490
2016,19820,"Detroit-Warren-Dearborn, MI",4,26,1925090,19150,24360,38630,63930,97580
2016,35620,"New York-Newark-Jersey City, NY-NJ-PA",4,36,9169850,19950,26760,45220,76990,121850
2016,37980,"Philadelphia-Camden-Wilmington, PA-NJ-DE-MD",4,42,2777730,19410,25780,40360,65970,101160
2016,19100,"Dallas-Fort Worth-Arlington, TX",4,48,3410610,18480,24030,37430,61430,97350
2016,42660,"Seattle-Tacoma-Bellevue, WA",4,53,1874250,23780,31090,47650,77310,117820
2016,11260,"Anchorage, AK",4,02,176200,22550,30420,46690,73500,104370
2016,21820,"Fairbanks, AK",4,02,37080,23570,32360,47970,71520,96180
2016,11500,"Anniston-Oxford-Jacksonville, AL",4,01,41150,17300,20150,30950,47250,62450
2016,12220,"Auburn-Opelika, AL",4,01,53940,17090,19420,28170,45600,72600
2016,13820,"Birmingham-Hoover, AL",4,01,504600,18030,22870,35340,55880,83420
2016,19300,"Daphne-Fairhope-Foley, AL",4,01,69840,17260,19880,27510,41570,60890
2016,19460,"Decatur, AL",4,01,53050,17520,20990,31420,51430,79650
2016,20020,"Dothan, AL",4,01,55810,17170,19560,28690,44760,65020
2016,22520,"Florence-Muscle Shoals, AL",4,01,53210,17190,19680,29150,44250,63160
2016,23460,"Gadsden, AL",4,01,35970,17000,19250,26930,43030,60400
2016,26620,"Huntsville, AL",4,01,218260,17880,22710,38070,68330,111730
2016,33660,"Mobile, AL",4,01,173090,17710,21820,33710,52340,75160
2016,33860,"Montgomery, AL",4,01,165010,17520,20930,32070,49600,73970
2016,46220,"Tuscaloosa, AL",4,01,99790,17600,21270,32770,51730,69360
2016,22220,"Fayetteville-Springdale-Rogers, AR-MO",4,05,233110,18340,21900,32600,52670,82430
2016,22900,"Fort Smith, AR-OK",4,05,109910,17860,20100,28090,42390,60390
2016,26300,"Hot Springs, AR",4,05,35380,17690,19280,26100,40570,61240
2016,27860,"Jonesboro, AR",4,05,53730,17870,19810,28410,43410,62570
2016,30780,"Little Rock-North Little Rock-Conway, AR",4,05,340810,18290,22010,33380,52250,77250
2016,38220,"Pine Bluff, AR",4,05,30720,17990,20320,30910,45100,64840
2016,22380,"Flagstaff, AZ",4,04,62390,18610,22400,33910,52590,78080
2016,29420,"Lake Havasu City-Kingman, AZ",4,04,46680,18340,21080,29770,44170,65900
2016,38060,"Phoenix-Mesa-Scottsdale, AZ",4,04,1935280,19100,24210,36390,57710,89000
2016,39140,"Prescott, AZ",4,04,59270,18660,22400,31910,47870,72570
2016,43420,"Sierra Vista-Douglas, AZ",4,04,32570,18770,23030,36430,61650,90040
2016,46060,"Tucson, AZ",4,04,358590,18740,22740,33970,53640,81780
2016,49740,"Yuma, AZ",4,04,60620,18020,19440,27810,45160,74970
2016,12540,"Bakersfield, CA",4,06,294060,20820,23080,34440,59640,91700
2016,17020,"Chico, CA",4,06,73850,20820,24000,34310,53770,85980
2016,20940,"El Centro, CA",4,06,53890,20810,22040,31520,56160,84320
2016,23420,"Fresno, CA",4,06,350730,20820,23170,32900,54000,86950
2016,25260,"Hanford-Corcoran, CA",4,06,40190,20810,23350,35730,59310,85760
2016,31460,"Madera, CA",4,06,42160,20820,23240,32270,54670,84300
2016,32900,"Merced, CA",4,06,65550,20820,23340,34280,53280,83170
2016,33700,"Modesto, CA",4,06,172380,20820,23860,34950,52570,84630
2016,34900,"Napa, CA",4,06,70770,22150,27060,39220,63030,102230
2016,37100,"Oxnard-Thousand Oaks-Ventura, CA",4,06,299940,21160,24950,38420,63820,101730
2016,39820,"Redding, CA",4,06,60620,20840,24150,35460,57030,90680
2016,40140,"Riverside-San Bernardino-Ontario, CA",4,06,1362440,20820,24030,35450,56770,88980
2016,40900,"Sacramento--Roseville--Arden-Arcade, CA",4,06,912970,21390,26520,42140,69500,104410
2016,41500,"Salinas, CA",4,06,164840,21070,23880,34680,58390,90150
2016,41740,"San Diego-Carlsbad, CA",4,06,1387120,21580,26150,41190,68810,106510
2016,41940,"San Jose-Sunnyvale-Santa Clara, CA",4,06,1045430,23840,33450,59700,108390,161230
2016,42020,"San Luis Obispo-Paso Robles-Arroyo Grande, CA",4,06,112900,21130,24740,36170,59520,94960
2016,42100,"Santa Cruz-Watsonville, CA",4,06,92980,21320,25270,37930,62030,99670
2016,42200,"Santa Maria-Santa Barbara, CA",4,06,182310,21280,24780,37900,63780,102900
2016,42220,"Santa Rosa, CA",4,06,193650,22100,27610,40290,63290,98920
2016,44700,"Stockton-Lodi, CA",4,06,227840,20820,24250,35250,55010,84460
2016,46700,"Vallejo-Fairfield, CA",4,06,128790,21320,25340,40170,65530,103680
2016,47300,"Visalia-Porterville, CA",4,06,146020,20810,22380,29840,47940,74230
2016,49700,"Yuba City, CA",4,06,40320,20820,23860,35490,57890,91600
2016,14500,"Boulder, CO",4,08,176230,20650,28360,46190,76440,120530
2016,17820,"Colorado Springs, CO",4,08,269080,19250,24460,37240,60460,95330
2016,19740,"Denver-Aurora-Lakewood, CO",4,08,1415570,19830,26600,42140,69020,106360
2016,22660,"Fort Collins, CO",4,08,149830,19430,24630,37560,59810,91290
2016,24300,"Grand Junction, CO",4,08,58700,19110,23470,34990,53390,78120
2016,24540,"Greeley, CO",4,08,96050,19540,25710,37400,54860,78620
2016,39380,"Pueblo, CO",4,08,57410,18720,22100,34000,52370,76890
2016,71950,"Bridgeport-Stamford-Norwalk, CT",4,09,418840,21500,28940,48070,78090,124780
2016,72850,"Danbury, CT",4,09,79610,21040,27270,41910,66140,100590
2016,73450,"Hartford-West Hartford-East Hartford, CT",4,09,580440,21380,29050,47070,74050,105520
2016,75700,"New Haven, CT",4,09,281720,21350,28130,44080,68920,99940
2016,76450,"Norwich-New London-Westerly, CT-RI",4,09,127040,20110,24390,39360,63620,96290
2016,78700,"Waterbury, CT",4,09,68360,20310,25170,37760,61320,89170
2016,20100,"Dover, DE",4,10,63600,18890,22920,34030,52360,76950
2016,15980,"Cape Coral-Fort Myers, FL",4,12,250190,18690,22340,31150,47290,70000
2016,18880,"Crestview-Fort Walton Beach-Destin, FL",4,12,105970,18540,21820,31680,51800,80050
2016,19660,"Deltona-Daytona Beach-Ormond Beach, FL",4,12,189800,18440,20970,29030,43450,64230
2016,23540,"Gainesville, FL",4,12,127750,18640,22560,34640,54850,85610
2016,26140,"Homosassa Springs, FL",4,12,31940,18210,20170,29120,45120,67230
2016,27260,"Jacksonville, FL",4,12,645160,18950,23350,34670,55070,80580
2016,29460,"Lakeland-Winter Haven, FL",4,12,211730,18610,22110,31460,47700,69430
2016,34940,"Naples-Immokalee-Marco Island, FL",4,12,138130,19010,23530,33180,49970,76410
2016,35840,"North Port-Sarasota-Bradenton, FL",4,12,282720,18890,22930,31920,48480,73380
2016,36100,"Ocala, FL",4,12,97760,18510,21460,29560,43460,64170
2016,36740,"Orlando-Kissimmee-Sanford, FL",4,12,1169880,18660,21990,31410,50230,78890
2016,37340,"Palm Bay-Melbourne-Titusville, FL",4,12,200690,18800,22790,33610,55170,92360
2016,37460,"Panama City, FL",4,12,81110,18560,21510,29840,44900,66540
2016,37860,"Pensacola-Ferry Pass-Brent, FL",4,12,165390,18530,21710,31440,48350,70640
2016,38940,"Port St. Lucie, FL",4,12,136800,18750,22340,31320,47250,70350
2016,39460,"Punta Gorda, FL",4,12,44850,18450,21130,29510,45090,63850
2016,42680,"Sebastian-Vero Beach, FL",4,12,48240,18530,21520,30230,46260,69370
2016,42700,"Sebring, FL",4,12,25050,18270,20140,26740,40510,60970
2016,45220,"Tallahassee, FL",4,12,164140,18790,22980,34580,52140,79670
2016,45300,"Tampa-St. Petersburg-Clearwater, FL",4,12,1264740,18750,22870,34070,53870,81790
2016,45540,"The Villages, FL",4,12,25070,18220,20230,29900,47320,65290
2016,10500,"Albany, GA",4,13,58230,17290,20050,30100,48140,70580
2016,12020,"Athens-Clarke County, GA",4,13,82830,17600,21430,32150,50740,77140
2016,12060,"Atlanta-Sandy Springs-Roswell, GA",4,13,2553370,18130,23440,37310,61630,98440
2016,12260,"Augusta-Richmond County, GA-SC",4,13,213890,17490,20900,32320,54150,79960
2016,15260,"Brunswick, GA",4,13,39770,17100,19550,29110,49260,78120
2016,17980,"Columbus, GA-AL",4,13,112170,17300,20170,31210,50470,77150
2016,19140,"Dalton, GA",4,13,68310,17840,22290,31160,42710,66370
2016,23580,"Gainesville, GA",4,13,81530,17960,21800,30570,47710,71340
2016,25980,"Hinesville, GA",4,13,16780,17820,22830,36380,54510,77540
2016,31420,"Macon, GA",4,13,97820,17360,20240,30920,47700,71960
2016,40660,"Rome, GA",4,13,36450,17610,21330,31200,49580,73890
2016,42340,"Savannah, GA",4,13,165610,17470,20900,32960,53970,79750
2016,46660,"Valdosta, GA",4,13,52410,17070,19360,27580,43200,63310
2016,47580,"Warner Robins, GA",4,13,68800,17560,21260,36900,57480,80490
2016,27980,"Kahului-Wailuku-Lahaina, HI",4,15,72760,20060,27320,38720,53080,76040
2016,46520,"Urban Honolulu, HI",4,15,462500,19790,26710,41030,63190,93880
2016,11180,"Ames, IA",4,19,43690,18400,24270,38360,59460,87670
2016,16300,"Cedar Rapids, IA",4,19,142320,19060,25800,38190,59060,86830
2016,19340,"Davenport-Moline-Rock Island, IA-IL",4,19,180750,18760,23220,34650,55530,80540
2016,19780,"Des Moines-West Des Moines, IA",4,19,353570,19220,25840,38850,59860,88980
2016,20220,"Dubuque, IA",4,19,57580,18240,23150,33450,48160,68220
2016,26980,"Iowa City, IA",4,19,90630,18560,24300,36850,57390,81410
2016,43580,"Sioux City, IA-NE-SD",4,19,85530,18940,23820,32780,48070,68890
2016,47940,"Waterloo-Cedar Falls, IA",4,19,88420,18440,23480,34020,48980,72910
2016,14260,"Boise City, ID",4,16,296390,18160,23080,33310,52120,78230
2016,17660,"Coeur d'Alene, ID",4,16,57940,18030,22160,31260,46560,68340
2016,26820,"Idaho Falls, ID",4,16,62390,17570,21180,32410,55600,84670
2016,30300,"Lewiston, ID-WA",4,16,26180,18960,23600,34420,50140,70060
2016,38540,"Pocatello, ID",4,16,32700,17600,21070,31460,49190,74090
2016,14010,"Bloomington, IL",4,17,90060,19110,23500,38980,64740,97700
2016,16060,"Carbondale-Marion, IL",4,17,52150,18630,19900,28320,48370,72940
2016,16580,"Champaign-Urbana, IL",4,17,97970,19020,22850,36170,57110,82650
2016,19180,"Danville, IL",4,17,25950,19000,23420,34560,50550,74730
2016,19500,"Decatur, IL",4,17,48670,18900,22100,33830,51190,76150
2016,28100,"Kankakee, IL",4,17,41210,19000,22580,33660,54790,79730
2016,37900,"Peoria, IL",4,17,174300,19170,23820,37580,62010,96860
2016,40420,"Rockford, IL",4,17,148300,19210,23160,34230,54040,79460
2016,44100,"Springfield, IL",4,17,106420,19230,24140,39090,62170,92410
2016,14020,"Bloomington, IN",4,18,67450,17770,21780,32960,51080,77380
2016,18020,"Columbus, IN",4,18,49140,18830,23900,34290,49330,72960
2016,21140,"Elkhart-Goshen, IN",4,18,126730,19690,24930,33850,49060,68790
2016,21780,"Evansville, IN-KY",4,18,153010,18120,22680,33200,50620,74620
2016,23060,"Fort Wayne, IN",4,18,211950,18160,22900,33710,50890,73420
2016,26900,"Indianapolis-Carmel-Anderson, IN",4,18,1014780,18370,23700,36030,57190,84360
2016,29020,"Kokomo, IN",4,18,39670,17940,22390,35390,57650,76110
2016,29200,"Lafayette-West Lafayette, IN",4,18,90670,18030,22800,34220,52640,75740
2016,33140,"Michigan City-La Porte, IN",4,18,40290,17700,21570,31520,47160,69400
2016,34620,"Muncie, IN",4,18,44890,17690,21540,31630,47900,71530
2016,43780,"South Bend-Mishawaka, IN-MI",4,18,132670,18170,22590,33380,51470,75020
2016,45460,"Terre Haute, IN",4,18,66260,17550,21090,31440,48490,70740
2016,29940,"Lawrence, KS",4,20,49500,17460,20890,31990,50900,79580
2016,31740,"Manhattan, KS",4,20,37820,17410,20490,31020,48770,74600
2016,45820,"Topeka, KS",4,20,109920,18510,23910,35420,53000,74840
2016,48620,"Wichita, KS",4,20,296980,18330,23190,34400,52820,77340
2016,14540,"Bowling Green, KY",4,21,72040,17720,21350,31340,47810,67310
2016,21060,"Elizabethtown-Fort Knox, KY",4,21,53200,17770,21910,33550,50180,73070
2016,30460,"Lexington-Fayette, KY",4,21,269790,18060,22760,34840,53580,77550
2016,31140,"Louisville/Jefferson County, KY-IN",4,21,643840,18480,23660,35030,53560,77610
2016,36980,"Owensboro, KY",4,21,48500,17530,21060,30670,47190,65420
2016,10780,"Alexandria, LA",4,22,61110,17260,19860,29950,46430,66060
2016,12940,"Baton Rouge, LA",4,22,395980,17650,21940,35670,55770,79250
2016,25220,"Hammond, LA",4,22,41590,16960,19030,27290,44680,63360
2016,26380,"Houma-Thibodaux, LA",4,22,89900,17750,22350,35040,52510,79730
2016,29180,"Lafayette, LA",4,22,204100,17590,21310,31700,47940,67300
2016,29340,"Lake Charles, LA",4,22,102460,17390,20580,32070,49640,71230
2016,33740,"Monroe, LA",4,22,76780,17170,19690,29250,45850,65820
2016,35380,"New Orleans-Metairie, LA",4,22,558100,17660,21650,32690,52090,78730
2016,43340,"Shreveport-Bossier City, LA",4,22,178000,17230,19700,29680,47680,66950
2016,70900,"Barnstable Town, MA",4,25,101910,21180,26210,39090,60540,89000
2016,74500,"Leominster-Gardner, MA",4,25,50140,21010,25120,37080,59720,88420
2016,75550,"New Bedford, MA",4,25,63960,20820,23980,34570,54480,85890
2016,76600,"Pittsfield, MA",4,25,40480,20820,25440,37490,59840,88110
2016,78100,"Springfield, MA-CT",4,25,318630,21090,26560,39700,62360,92970
2016,79600,"Worcester, MA-CT",4,25,277400,21710,27660,41450,64120,94630
2016,12580,"Baltimore-Columbia-Towson, MD",4,24,1343320,19400,26530,42560,68200,104420
2016,15680,"California-Lexington Park, MD",4,24,44000,19850,28910,56040,95560,127130
2016,19060,"Cumberland, MD-WV",4,24,36210,18620,21480,33050,54030,75450
2016,25180,"Hagerstown-Martinsburg, MD-WV",4,24,101470,19050,23370,35050,52240,80220
2016,41540,"Salisbury, MD-DE",4,24,155040,18660,21990,30890,48830,74240
2016,70750,"Bangor, ME",4,23,64230,18600,22980,32790,49670,72810
2016,74650,"Lewiston-Auburn, ME",4,23,49720,19510,24690,33670,49370,71370
2016,76750,"Portland-South Portland, ME",4,23,201620,19850,25730,37500,57840,84410
2016,11460,"Ann Arbor, MI",4,26,210990,19610,25760,42240,68450,106370
2016,12980,"Battle Creek, MI",4,26,54360,19030,23900,35780,57060,80480
2016,13020,"Bay City, MI",4,26,34730,18600,20670,31500,52390,79820
2016,22420,"Flint, MI",4,26,134830,18740,21570,33170,55820,78480
2016,24340,"Grand Rapids-Wyoming, MI",4,26,552370,19220,23600,34140,52440,77400
2016,27100,"Jackson, MI",4,26,59110,18830,22450,36210,58100,87830
2016,28020,"Kalamazoo-Portage, MI",4,26,136650,18930,22750,34130,54470,79330
2016,29620,"Lansing-East Lansing, MI",4,26,205760,19090,24060,37700,60360,84080
2016,33220,"Midland, MI",4,26,34300,18900,22210,33290,53010,77910
2016,33780,"Monroe, MI",4,26,39220,18730,21420,32510,52550,78430
2016,34740,"Muskegon, MI",4,26,61380,19010,22880,33250,49340,68940
2016,35660,"Niles-Benton Harbor, MI",4,26,61190,18920,22530,33120,54000,82570
2016,40980,"Saginaw, MI",4,26,85720,18800,21820,31470,51740,73520
2016,20260,"Duluth, MN-WI",4,27,125510,19520,23220,35420,54680,77140
2016,31860,"Mankato-North Mankato, MN",4,27,51640,19680,23830,34830,51320,73620
2016,33460,"Minneapolis-St. Paul-Bloomington, MN-WI",4,27,1910250,20410,27730,43170,68080,101380
2016,40340,"Rochester, MN",4,27,114630,20220,26940,42150,62710,92510
2016,41060,"St. Cloud, MN",4,27,102490,19940,25300,35980,51120,75220
2016,16020,"Cape Girardeau, MO-IL",4,29,42840,17810,20300,29700,46930,65010
2016,17860,"Columbia, MO",4,29,91670,18150,22240,33760,52280,79520
2016,27620,"Jefferson City, MO",4,29,72140,18280,22980,33050,48210,69010
2016,27900,"Joplin, MO",4,29,76990,17780,20440,30130,45270,63720
2016,28140,"Kansas City, MO-KS",4,29,1043300,19000,25000,37830,60000,90850
2016,41140,"St. Joseph, MO-KS",4,29,52940,18200,22180,31230,47000,69250
2016,41180,"St. Louis, MO-IL",4,29,1345100,18780,23700,37090,59690,89290
2016,44180,"Springfield, MO",4,29,201270,18010,21400,31070,47210,68860
2016,25060,"Gulfport-Biloxi-Pascagoula, MS",4,28,149640,17580,21340,33340,52890,75520
2016,25620,"Hattiesburg, MS",4,28,59250,17030,19240,27330,42450,62450
2016,27140,"Jackson, MS",4,28,262530,17700,21470,31910,49910,75340
2016,13740,"Billings, MT",4,30,86300,19220,23570,34500,52570,76220
2016,24500,"Great Falls, MT",4,30,35760,18760,21940,30610,48120,68020
2016,33540,"Missoula, MT",4,30,57980,18530,21510,30600,48190,71330
2016,11700,"Asheville, NC",4,37,185430,18090,22340,31200,46880,68890
2016,15500,"Burlington, NC",4,37,59210,17420,20400,29590,45310,67080
2016,16740,"Charlotte-Concord-Gastonia, NC-SC",4,37,1160870,18310,23710,36970,58970,94900
2016,20500,"Durham-Chapel Hill, NC",4,37,292800,19340,26970,43780,71630,113230
2016,22180,"Fayetteville, NC",4,37,125910,17470,20700,31940,49460,75610
2016,24140,"Goldsboro, NC",4,37,40600,17750,21530,30130,43400,61980
2016,24660,"Greensboro-High Point, NC",4,37,356890,17800,21920,32920,50190,76130
2016,24780,"Greenville, NC",4,37,73950,17570,21040,32310,50520,76620
2016,25860,"Hickory-Lenoir-Morganton, NC",4,37,148590,18020,22290,31030,44940,63430
2016,27340,"Jacksonville, NC",4,37,45200,17050,19340,27400,44040,63130
2016,35100,"New Bern, NC",4,37,42720,17480,21360,32660,51070,75030
2016,39580,"Raleigh, NC",4,37,595370,18250,23680,37570,61590,99190
2016,40580,"Rocky Mount, NC",4,37,54480,17450,20620,29750,45400,66420
2016,48900,"Wilmington, NC",4,37,123150,17680,21450,32120,49750,75270
2016,49180,"Winston-Salem, NC",4,37,258860,17780,22000,33140,50980,78680
2016,13900,"Bismarck, ND",4,38,74310,21940,28050,39000,57950,80310
2016,22020,"Fargo, ND-MN",4,38,137160,20040,25900,37070,54970,78760
2016,24220,"Grand Forks, ND-MN",4,38,50120,19500,25220,35930,52360,75920
2016,24260,"Grand Island, NE",4,31,41290,19510,23290,31350,46050,64080
2016,30700,"Lincoln, NE",4,31,175230,19500,24010,35870,53870,77010
2016,36540,"Omaha-Council Bluffs, NE-IA",4,31,483320,19720,24790,36480,57100,82620
2016,73050,"Dover-Durham, NH-ME",4,33,51120,19070,25040,38240,59850,90720
2016,74950,"Manchester, NH",4,33,110560,19820,26560,40070,62990,95210
2016,76900,"Portsmouth, NH-ME",4,33,91340,20200,27320,41090,65280,99270
2016,12100,"Atlantic City-Hammonton, NJ",4,34,125950,19040,22870,34470,59460,90610
2016,36140,"Ocean City, NJ",4,34,38460,19720,23770,32540,50970,76700
2016,45940,"Trenton, NJ",4,34,225950,20860,29590,50730,79650,113700
2016,47220,"Vineland-Bridgeton, NJ",4,34,59840,19300,23960,37410,59800,84280
2016,10740,"Albuquerque, NM",4,35,381570,18370,22810,34110,55890,88450
2016,22140,"Farmington, NM",4,35,49620,17830,21300,33880,52960,77810
2016,29740,"Las Cruces, NM",4,35,70350,17520,19830,29390,52260,81260
2016,42140,"Santa Fe, NM",4,35,61710,19490,24840,34980,53390,78080
2016,16180,"Carson City, NV",4,32,27820,19870,26630,38780,59120,82370
2016,29820,"Las Vegas-Henderson-Paradise, NV",4,32,935420,18370,23530,34080,51340,79670
2016,39900,"Reno, NV",4,32,212530,18540,23660,34910,54810,80810
2016,10580,"Albany-Schenectady-Troy, NY",4,36,442510,20360,26700,41250,64590,95480
2016,13780,"Binghamton, NY",4,36,101790,19390,22720,33670,54020,80370
2016,15380,"Buffalo-Cheektowaga-Niagara Falls, NY",4,36,548620,19550,23930,36130,57040,83650
2016,21300,"Elmira, NY",4,36,36060,19430,23280,35870,54780,77670
2016,24020,"Glens Falls, NY",4,36,51510,19790,23840,34490,51340,75920
2016,27060,"Ithaca, NY",4,36,50590,20170,28170,43950,66830,106050
2016,28740,"Kingston, NY",4,36,58700,19830,24140,35780,55910,81430
2016,40380,"Rochester, NY",4,36,512090,19800,25070,38010,59860,88370
2016,45060,"Syracuse, NY",4,36,301720,19720,24670,37700,59740,88410
2016,46540,"Utica-Rome, NY",4,36,119640,19520,23210,35000,53940,78250
2016,48060,"Watertown-Fort Drum, NY",4,36,41200,19410,22700,33770,52800,78120
2016,10420,"Akron, OH",4,39,327340,18780,23460,35420,56780,81870
2016,15940,"Canton-Massillon, OH",4,39,166170,18430,21150,32230,49390,71850
2016,17140,"Cincinnati, OH-KY-IN",4,39,1042560,18860,23910,37200,59090,88430
2016,17460,"Cleveland-Elyria, OH",4,39,1027410,18950,24070,37830,60090,85840
2016,18140,"Columbus, OH",4,39,1023480,19120,24240,37490,60220,90100
2016,19380,"Dayton, OH",4,39,370840,18790,23130,36010,58450,87570
2016,30620,"Lima, OH",4,39,48110,18500,21750,33160,50590,72080
2016,31900,"Mansfield, OH",4,39,50700,18610,21850,31560,46800,66780
2016,44220,"Springfield, OH",4,39,48120,18710,21970,31440,48530,68320
2016,45780,"Toledo, OH",4,39,300940,18670,22760,34810,53640,76310
2016,49660,"Youngstown-Warren-Boardman, OH-PA",4,39,216850,18270,20700,30810,48470,70540
2016,30020,"Lawton, OK",4,40,43570,17400,20230,29840,46690,67870
2016,36420,"Oklahoma City, OK",4,40,607280,18120,23140,35160,55150,81090
2016,46140,"Tulsa, OK",4,40,433190,18120,23010,34150,52790,80320
2016,10540,"Albany, OR",4,41,42650,20740,24380,34850,50230,73470
2016,13460,"Bend-Redmond, OR",4,41,75070,20820,24750,35100,52810,80860
2016,18700,"Corvallis, OR",4,41,32930,20970,24740,38150,62300,96410
2016,21660,"Eugene, OR",4,41,145740,20650,24260,34540,52070,78200
2016,24420,"Grants Pass, OR",4,41,24190,20560,23060,29630,41620,71500
2016,32780,"Medford, OR",4,41,82180,20770,24440,34130,50900,78970
2016,38900,"Portland-Vancouver-Hillsboro, OR-WA",4,41,1133350,21910,27720,41370,65800,100700
2016,41420,"Salem, OR",4,41,160640,20980,24950,36480,56420,83060
2016,10900,"Allentown-Bethlehem-Easton, PA-NJ",4,42,354700,18740,24140,35650,56350,84820
2016,11020,"Altoona, PA",4,42,58110,17520,20920,30690,47130,68880
2016,14100,"Bloomsburg-Berwick, PA",4,42,42200,19080,24790,35970,55720,80800
2016,16540,"Chambersburg-Waynesboro, PA",4,42,57360,18570,24180,35030,50440,72990
2016,20700,"East Stroudsburg, PA",4,42,54490,17670,21260,30680,49270,73490
2016,21500,"Erie, PA",4,42,125960,17570,21150,31190,47980,70220
2016,23900,"Gettysburg, PA",4,42,32380,17930,22180,31860,46910,69480
2016,25420,"Harrisburg-Carlisle, PA",4,42,319120,18950,25060,37850,58200,84380
2016,27780,"Johnstown, PA",4,42,53970,17520,20910,30220,47900,70670
2016,29540,"Lancaster, PA",4,42,234240,18820,24200,34770,50910,75410
2016,30140,"Lebanon, PA",4,42,48580,18350,23410,33560,49040,70700
2016,38300,"Pittsburgh, PA",4,42,1133760,18450,24160,36870,58630,86210
2016,39740,"Reading, PA",4,42,171900,18760,24670,36770,54410,77920
2016,42540,"Scranton--Wilkes-Barre--Hazleton, PA",4,42,256640,18240,23110,33460,50160,73390
2016,44300,"State College, PA",4,42,68380,18280,23630,35750,56850,83900
2016,48700,"Williamsport, PA",4,42,51320,18070,22680,32850,50340,74290
2016,49620,"York-Hanover, PA",4,42,179420,18510,23810,35100,51870,78580
2016,77200,"Providence-Warwick, RI-MA",4,44,565270,20800,25390,39040,62870,94650
2016,16700,"Charleston-North Charleston, SC",4,45,327710,17910,22730,34970,55040,80990
2016,17900,"Columbia, SC",4,45,373700,17900,22520,34360,52820,77100
2016,22500,"Florence, SC",4,45,83590,17280,20120,30380,49330,76380
2016,24860,"Greenville-Anderson-Mauldin, SC",4,45,396140,17810,21870,32370,49790,75610
2016,25940,"Hilton Head Island-Bluffton-Beaufort, SC",4,45,72460,17530,20770,29290,45310,66380
2016,34820,"Myrtle Beach-Conway-North Myrtle Beach, SC-NC",4,45,152590,17040,19300,26320,40020,64200
2016,43900,"Spartanburg, SC",4,45,142140,18120,22760,33160,49500,73220
2016,44940,"Sumter, SC",4,45,35830,17190,19750,28690,44860,64170
2016,39660,"Rapid City, SD",4,46,65320,19280,22610,30930,47420,69130
2016,43620,"Sioux Falls, SD",4,46,149310,19790,24310,33370,50230,74020
2016,16860,"Chattanooga, TN-GA",4,47,237500,17820,22040,32720,49690,75350
2016,17300,"Clarksville, TN-KY",4,47,84570,17490,20790,30470,46700,67740
2016,17420,"Cleveland, TN",4,47,46610,17760,21340,29700,44640,64250
2016,27180,"Jackson, TN",4,47,63770,17550,21190,30820,45920,64980
2016,27740,"Johnson City, TN",4,47,78140,17400,20370,30110,46210,71960
2016,28700,"Kingsport-Bristol-Bristol, TN-VA",4,47,118470,17630,21390,31760,49550,71610
2016,28940,"Knoxville, TN",4,47,382310,17790,21960,32370,50430,77590
2016,32820,"Memphis, TN-MS-AR",4,47,623860,17970,22370,33010,51580,76160
2016,34100,"Morristown, TN",4,47,42370,17560,20960,29550,43150,59620
2016,34980,"Nashville-Davidson--Murfreesboro--Franklin, TN",4,47,912370,18460,23980,35620,54930,81050
2016,10180,"Abilene, TX",4,48,63960,17470,20700,31170,48290,71330
2016,11100,"Amarillo, TX",4,48,115420,17860,22070,32360,52060,75120
2016,12420,"Austin-Round Rock, TX",4,48,965100,19220,24870,37800,61710,98620
2016,13140,"Beaumont-Port Arthur, TX",4,48,162390,17880,22640,36690,58580,86900
2016,15180,"Brownsville-Harlingen, TX",4,48,137640,16710,18430,23360,40140,64040
2016,17780,"College Station-Bryan, TX",4,48,107040,17450,20530,30370,49300,77670
2016,18580,"Corpus Christi, TX",4,48,185890,17620,21290,32140,54160,80880
2016,21340,"El Paso, TX",4,48,297560,16980,19110,27270,45930,70610
2016,26420,"Houston-The Woodlands-Sugar Land, TX",4,48,2934990,18490,24220,38470,63780,101860
2016,28660,"Killeen-Temple, TX",4,48,136970,17580,21180,32710,49580,73060
2016,29700,"Laredo, TX",4,48,97630,16880,18840,25840,43730,71240
2016,30980,"Longview, TX",4,48,95770,17970,22620,33300,50040,72170
2016,31180,"Lubbock, TX",4,48,140240,17540,20780,30840,48820,73920
2016,32580,"McAllen-Edinburg-Mission, TX",4,48,249710,16790,18610,24710,42120,64870
2016,33260,"Midland, TX",4,48,86440,19750,26760,39290,61470,98610
2016,36220,"Odessa, TX",4,48,67970,19630,26160,37410,55040,79860
2016,41660,"San Angelo, TX",4,48,46870,17660,21140,29890,45810,66690
2016,41700,"San Antonio-New Braunfels, TX",4,48,977580,18020,22480,33890,55540,82780
2016,43300,"Sherman-Denison, TX",4,48,43270,17720,21470,31140,48850,71610
2016,45500,"Texarkana, TX-AR",4,48,55890,17560,20220,31530,48620,65830
2016,46340,"Tyler, TX",4,48,99150,17410,20440,31470,49570,74760
2016,47020,"Victoria, TX",4,48,41600,17820,21870,31440,48190,71770
2016,47380,"Waco, TX",4,48,113010,17880,21920,31800,48840,73650
2016,48660,"Wichita Falls, TX",4,48,56130,17590,21230,31280,48580,71470
2016,30860,"Logan, UT-ID",4,49,53920,17890,21860,30530,46570,71860
2016,36260,"Ogden-Clearfield, UT",4,49,243190,18340,23330,34600,53710,78370
2016,39340,"Provo-Orem, UT",4,49,219610,18310,22880,32900,53460,83080
2016,41100,"St. George, UT",4,49,60210,17960,21830,29700,43780,62960
2016,41620,"Salt Lake City, UT",4,49,679430,19410,25250,37210,59070,90790
2016,13980,"Blacksburg-Christiansburg-Radford, VA",4,51,69280,17810,22000,33130,50650,77290
2016,16820,"Charlottesville, VA",4,51,108230,19360,25670,38930,61440,95120
2016,25500,"Harrisonburg, VA",4,51,61360,18070,22670,32250,47340,68330
2016,31340,"Lynchburg, VA",4,51,98690,17440,20740,31370,48380,74400
2016,40060,"Richmond, VA",4,51,638840,18630,24560,38070,60510,91620
2016,40220,"Roanoke, VA",4,51,153130,18160,23070,33740,50010,75910
2016,44420,"Staunton-Waynesboro, VA",4,51,47710,18020,22640,33510,48900,70240
2016,47260,"Virginia Beach-Norfolk-Newport News, VA-NC",4,51,738300,18180,23350,36500,57710,84620
2016,49020,"Winchester, VA-WV",4,51,56650,18560,23700,35110,50910,76260
2016,72400,"Burlington-South Burlington, VT",4,50,123220,22260,28280,40290,61370,92350
2016,13380,"Bellingham, WA",4,53,82170,22230,26500,38170,58250,84510
2016,14740,"Bremerton-Silverdale, WA",4,53,83880,22750,28680,43990,65920,88810
2016,28420,"Kennewick-Richland, WA",4,53,107300,22230,26570,39120,65730,101700
2016,31020,"Longview, WA",4,53,35740,22130,26260,38210,58010,79670
2016,34580,"Mount Vernon-Anacortes, WA",4,53,44720,22420,26990,38360,58470,81610
2016,36500,"Olympia-Tumwater, WA",4,53,103320,22370,27560,41150,62870,86310
2016,44060,"Spokane-Spokane Valley, WA",4,53,225730,22010,25580,37020,56560,80460
2016,47460,"Walla Walla, WA",4,53,24910,22550,26950,37280,58840,85580
2016,48300,"Wenatchee, WA",4,53,42790,21970,25190,34780,52860,78460
2016,49420,"Yakima, WA",4,53,85100,21940,24890,33640,49850,72210
2016,11540,"Appleton, WI",4,55,122800,18710,24280,36190,52940,76350
2016,20740,"Eau Claire, WI",4,55,81690,18290,23240,34280,51030,72030
2016,22540,"Fond du Lac, WI",4,55,45500,18670,24570,37050,54520,76330
2016,24580,"Green Bay, WI",4,55,170880,18540,24610,36330,53190,74860
2016,27500,"Janesville-Beloit, WI",4,55,64830,17940,22430,33520,52460,77480
2016,29100,"La Crosse-Onalaska, WI-MN",4,55,72500,18360,23350,33940,51010,72320
2016,31540,"Madison, WI",4,55,381890,19630,26920,40540,63370,92260
2016,33340,"Milwaukee-Waukesha-West Allis, WI",4,55,840850,18820,24950,38160,60680,88970
2016,36780,"Oshkosh-Neenah, WI",4,55,91880,19270,25760,37520,55080,75740
2016,39540,"Racine, WI",4,55,74500,18000,22800,34340,50480,72950
2016,43100,"Sheboygan, WI",4,55,58890,18520,24950,37160,53220,76960
2016,48140,"Wausau, WI",4,55,69570,18960,24660,35540,50830,72290
2016,13220,"Beckley, WV",4,54,42990,18820,20050,28920,46580,67190
2016,16620,"Charleston, WV",4,54,113790,19080,22290,33400,52300,75100
2016,26580,"Huntington-Ashland, WV-KY-OH",4,54,131140,18700,20550,30860,49460,71640
2016,34060,"Morgantown, WV",4,54,64010,19010,21730,33080,54140,77960
2016,37620,"Parkersburg-Vienna, WV",4,54,38480,18810,19950,28360,45290,71030
2016,48260,"Weirton-Steubenville, WV-OH",4,54,39200,18630,20090,29850,47370,67700
2016,48540,"Wheeling, WV-OH",4,54,62610,18730,20490,29850,48040,69070
2016,16220,"Casper, WY",4,56,40640,20430,26810,38770,57420,78970
2016,16940,"Cheyenne, WY",4,56,45430,19080,25310,37670,57310,79330
2016,0200001,Southeast Alaska nonmetropolitan area,6,02,35180,23690,31230,45500,67130,93000
2016,0200002,Balance of Alaska nonmetropolitan area,6,02,73700,23070,32520,48690,70640,96500
2016,0100001,Northwest Alabama nonmetropolitan area,6,01,64270,17440,20390,28740,40560,59000
2016,0100002,Northeast Alabama nonmetropolitan area,6,01,145450,17390,20330,28260,42890,60930
2016,0100003,Southwest Alabama nonmetropolitan area,6,01,67640,17170,19610,29050,45370,64620
2016,0100004,Southeast Alabama nonmetropolitan area,6,01,84280,17240,19920,29390,48630,73500
2016,0500001,North Arkansas nonmetropolitan area,6,05,116450,17800,19640,26850,40440,58400
2016,0500002,East Arkansas nonmetropolitan area,6,05,68710,17720,19430,27230,39580,57090
2016,0500003,West Arkansas nonmetropolitan area,6,05,89330,17870,19830,27210,40520,60390
2016,0500004,South Arkansas nonmetropolitan area,6,05,98140,17910,20090,28640,43240,61380
2016,0400001,Arizona nonmetropolitan area,6,04,91150,18730,22720,33450,50370,74270
2016,0600001,Mother Lode Region of California nonmetropolitan area,6,06,40030,21350,25700,37330,56760,85870
2016,0600002,Eastern Sierra Region of California nonmetropolitan area,6,06,13090,20820,24210,34380,54660,80850
2016,0600003,North Coast Region of California nonmetropolitan area,6,06,97230,21200,24390,34860,53270,80490
2016,0600004,North Valley Region of California nonmetropolitan area,6,06,29380,21070,24170,33950,50680,76170
2016,0600005,Northern Mountains Region of California nonmetropolitan area,6,06,63220,21590,26230,38390,57550,83700
2016,0800001,Eastern and Southern Colorado nonmetropolitan area,6,08,67110,18850,22030,30800,45850,64680
2016,0800002,Southwest Colorado nonmetropolitan area,6,08,95550,19100,23430,34150,50400,71120
2016,0800003,Northwest Colorado nonmetropolitan area,6,08,115090,20650,27760,38460,56430,79480
2016,0900001,Connecticut nonmetropolitan area,6,09,33730,20490,26670,38620,60170,88030
2016,1200001,Northwest Florida nonmetropolitan area,6,12,29650,18530,21250,29490,40270,60120
2016,1200002,Northeast Florida nonmetropolitan area,6,12,88290,18550,21730,30390,41740,61950
2016,1200003,South Florida nonmetropolitan area,6,12,76030,18480,21200,30000,45370,64540
2016,1300001,North Georgia nonmetropolitan area,6,13,158680,17480,20480,28480,41780,63140
2016,1300002,Middle Georgia nonmetropolitan area,6,13,127750,17250,19830,29370,44880,63020
2016,1300003,East Georgia nonmetropolitan area,6,13,83900,17050,19320,27240,41500,62730
2016,1300004,South Georgia nonmetropolitan area,6,13,186100,17250,19890,28140,43420,63660
2016,1500001,Hawaii / Kauai nonmetropolitan area,6,15,96860,20310,27090,37670,53620,77550
2016,1900001,Northeast Iowa nonmetropolitan area,6,19,101080,18220,23040,31910,46220,64250
2016,1900002,Northwest Iowa nonmetropolitan area,6,19,138710,18630,24330,32740,46840,65480
2016,1900003,Southwest Iowa nonmetropolitan area,6,19,84640,18090,22590,31820,46030,63250
2016,1900004,Southeast Iowa nonmetropolitan area,6,19,229020,18100,22860,32010,47510,67670
2016,1600001,Panhandle of Idaho nonmetropolitan area,6,16,46160,18060,22320,32560,49200,74500
2016,1600002,Southwest Idaho nonmetropolitan area,6,16,19120,17520,21240,32290,46220,65200
2016,1600003,South Central Idaho nonmetropolitan area,6,16,76670,18100,23200,33190,48260,69790
2016,1600004,Southeast Idaho nonmetropolitan area,6,16,46660,17690,21440,32090,49270,69190
2016,1700001,Northwest Illinois nonmetropolitan area,6,17,134690,18900,22220,32920,51200,74610
2016,1700002,West Central Illinois nonmetropolitan area,6,17,173680,18870,21870,31900,48930,72450
2016,1700003,East Central Illinois nonmetropolitan area,6,17,117980,18940,22090,31530,47180,68270
2016,1700004,South Illinois nonmetropolitan area,6,17,90590,18830,21990,33220,50840,73270
2016,1800001,Northern Indiana nonmetropolitan area,6,18,215410,18090,22580,31490,44120,62340
2016,1800002,Central Indiana nonmetropolitan area,6,18,158970,17880,21850,30870,45540,63250
2016,1800003,Southern Indiana nonmetropolitan area,6,18,187100,17990,22640,32560,48400,68440
2016,2000001,Southwest Kansas nonmetropolitan area,6,20,77030,18090,22840,30430,43460,62720
2016,2000002,Northwest Kansas nonmetropolitan area,6,20,60560,17530,21010,30140,44670,65030
2016,2000003,Northeast Kansas nonmetropolitan area,6,20,140490,17850,22000,31230,46100,65320
2016,2000004,Southeast Kansas nonmetropolitan area,6,20,119050,17620,21250,30340,45230,64660
2016,2100001,West Kentucky nonmetropolitan area,6,21,152980,17550,20970,30860,47980,68490
2016,2100002,South Central Kentucky nonmetropolitan area,6,21,168070,17610,20950,28880,41680,59370
2016,2100003,Central Kentucky nonmetropolitan area,6,21,181540,17780,21870,32000,48230,67450
2016,2100004,East Kentucky nonmetropolitan area,6,21,102300,17290,20040,29680,46330,62990
2016,2200001,"Washington Parish, Louisiana nonmetropolitan area",6,22,9380,17040,19150,27410,41670,57740
2016,2200002,Central Louisiana nonmetropolitan area,6,22,78490,16980,19150,29100,46400,64650
2016,2200003,Northeast Louisiana nonmetropolitan area,6,22,65770,16800,18690,26650,43230,62330
2016,2200004,Southwest Louisiana nonmetropolitan area,6,22,60510,17250,19880,30720,47840,68650
2016,2500001,Nantucket Island and Martha's Vineyard nonmetropolitan area,6,25,17380,22310,29580,43340,62790,90180
2016,2500002,Southwest Massachusetts nonmetropolitan area,6,25,9000,20820,26290,37130,54340,78690
2016,2500003,Northwest Massachusetts nonmetropolitan area,6,25,26710,21240,25880,37330,56260,81260
2016,2500004,North Central Massachusetts nonmetropolitan area,6,25,6180,21210,25830,34050,48630,71760
2016,2400001,Upper Eastern Shore of Maryland nonmetropolitan area,6,24,47190,18760,22760,33960,53060,78640
2016,2400002,"Garrett County, Maryland nonmetropolitan area",6,24,10630,18520,21630,30920,48190,70540
2016,2300001,Northeast Maine nonmetropolitan area,6,23,69790,18820,23170,31670,46170,64360
2016,2300002,Southwest Maine nonmetropolitan area,6,23,190880,19040,24570,35050,51960,72670
2016,2600001,Upper Peninsula of Michigan nonmetropolitan area,6,26,111850,18740,21590,32010,49880,70180
2016,2600002,Northeast Lower Peninsula of Michigan nonmetropolitan area,6,26,74170,18600,20380,28960,44240,64680
2016,2600003,Northwest Lower Peninsula of Michigan nonmetropolitan area,6,26,119800,18950,22570,31680,47030,68400
2016,2600004,Balance of Lower Peninsula of Michigan nonmetropolitan area,6,26,278540,18950,22650,31680,48200,69830
2016,2700001,Northwest Minnesota nonmetropolitan area,6,27,187540,19700,24200,34050,49020,69240
2016,2700002,Northeast Minnesota nonmetropolitan area,6,27,42370,19490,22650,33750,51100,70940
2016,2700003,Southwest Minnesota nonmetropolitan area,6,27,122770,19620,23770,33690,48300,67940
2016,2700004,Southeast Minnesota nonmetropolitan area,6,27,159250,19730,23920,34520,50270,73520
2016,2900001,Central Missouri nonmetropolitan area,6,29,156920,17760,20200,28720,42010,63170
2016,2900002,North Missouri nonmetropolitan area,6,29,110210,17810,20380,28720,40870,60920
2016,2900003,Southeast Missouri nonmetropolitan area,6,29,161680,17600,19670,27490,39860,59860
2016,2900004,Southwest Missouri nonmetropolitan area,6,29,72620,17520,19450,25370,38520,57670
2016,2800001,Northeast Mississippi nonmetropolitan area,6,28,229360,17370,20170,29400,43800,62810
2016,2800002,Northwest Mississippi nonmetropolitan area,6,28,98400,17050,19260,26730,40010,60690
2016,2800003,Southeast Mississippi nonmetropolitan area,6,28,151290,17200,19620,27650,42570,62030
2016,2800004,Southwest Mississippi nonmetropolitan area,6,28,71930,17110,19440,28530,44400,64910
2016,3000001,East Montana nonmetropolitan area,6,30,33360,19250,24070,34800,52650,73980
2016,3000002,Central Montana nonmetropolitan area,6,30,34190,18710,22190,32280,49470,70030
2016,3000003,Southwest Montana nonmetropolitan area,6,30,131900,18980,23230,33330,51260,74290
2016,3000004,West Montana nonmetropolitan area,6,30,72500,18770,22460,31720,47320,68520
2016,3700001,Southeast Coastal North Carolina nonmetropolitan area,6,37,248040,17380,20250,28840,42510,61480
2016,3700002,Northeast Coastal North Carolina nonmetropolitan area,6,37,95460,17360,20150,28350,41540,59740
2016,3700003,Piedmont North Carolina nonmetropolitan area,6,37,255060,17510,20820,29620,44290,62740
2016,3700004,Mountain North Carolina nonmetropolitan area,6,37,125800,17480,20680,29320,42250,61060
2016,3800001,Far West North Dakota nonmetropolitan area,6,38,65130,25170,34270,47270,62330,86030
2016,3800002,West Central North Dakota nonmetropolitan area,6,38,59490,22230,29050,40590,59840,82100
2016,3800003,East Central North Dakota nonmetropolitan area,6,38,40350,19700,25820,35980,50040,70660
2016,3800004,Far East North Dakota nonmetropolitan area,6,38,25030,19850,26490,36330,49760,70280
2016,3100001,Northwest Nebraska nonmetropolitan area,6,31,41180,19340,22050,30670,45190,64180
2016,3100002,Central Nebraska nonmetropolitan area,6,31,107380,19430,22670,31280,45640,65000
2016,3100003,Northeast Nebraska nonmetropolitan area,6,31,92110,19480,23070,31810,45780,64380
2016,3100004,Southeast Nebraska nonmetropolitan area,6,31,45620,19470,23230,32140,44430,63860
2016,3300001,Northern New Hampshire nonmetropolitan area,6,33,37120,18370,22900,31690,46460,65190
2016,3300002,Central New Hampshire nonmetropolitan area,6,33,96680,19560,26320,38070,56790,80340
2016,3300003,West Central New Hampshire nonmetropolitan area,6,33,64280,20140,26910,38660,60420,93030
2016,3300004,Southwest New Hampshire nonmetropolitan area,6,33,38980,18720,24300,36140,54520,79590
2016,3500001,North and West Central New Mexico nonmetropolitan area,6,35,63740,17560,19770,28320,42920,64890
2016,3500002,Eastern New Mexico nonmetropolitan area,6,35,129650,17760,20880,31010,49360,73750
2016,3500003,Southwestern New Mexico nonmetropolitan area,6,35,26750,17520,19650,29210,48280,73770
2016,3500004,"Los Alamos County, New Mexico nonmetropolitan area",6,35,15110,26890,55560,86550,126440,160310
2016,3200001,South Nevada nonmetropolitan area,6,32,50810,18160,23060,34470,54670,78390
2016,3200002,North Nevada nonmetropolitan area,6,32,42510,18690,25330,42080,63480,80210
2016,3600001,Capital/Northern New York nonmetropolitan area,6,36,143940,19610,23670,34390,51460,74470
2016,3600002,East Central New York nonmetropolitan area,6,36,34320,19960,25780,36520,53520,76690
2016,3600003,Central New York nonmetropolitan area,6,36,125240,19520,23330,33990,51430,77060
2016,3600004,Southwest New York nonmetropolitan area,6,36,183290,19340,22440,33800,51360,75540
2016,3900001,West Northwestern Ohio nonmetropolitan area,6,39,252940,18860,23790,34570,49750,66350
2016,3900002,North Northeastern Ohio non-metropolitan area (non-contiguous),6,39,330300,18590,21950,32010,47690,66490
2016,3900003,Eastern Ohio nonmetropolitan area,6,39,135600,18420,20940,31020,47370,67570
2016,3900004,Southern Ohio non-metropolitan area,6,39,156190,18360,20760,32350,50570,71230
2016,4000001,Northeast Oklahoma nonmetropolitan area,6,40,116080,17330,20170,29370,45150,67020
2016,4000002,Northwest Oklahoma nonmetropolitan area,6,40,121970,17710,21670,32280,47770,71790
2016,4000003,Southwest Oklahoma nonmetropolitan area,6,40,63320,17540,21030,31780,47290,69730
2016,4000004,Southeast Oklahoma nonmetropolitan area,6,40,168420,17420,20500,29650,43660,62570
2016,4100001,North Coast Oregon nonmetropolitan area,6,41,43550,20270,23280,31590,46880,69020
2016,4100002,South Coast Oregon nonmetropolitan area,6,41,64420,20660,23990,33110,47280,68380
2016,4100003,Central Oregon nonmetropolitan area,6,41,57990,20610,24100,32870,48980,74600
2016,4100004,Eastern Oregon nonmetropolitan area,6,41,68300,20680,23980,32490,48580,69340
2016,4200001,Western Pennsylvania nonmetropolitan area,6,42,154710,17840,21890,32010,49500,70700
2016,4200002,Northern Pennsylvania nonmetropolitan area,6,42,161350,17980,22170,31550,47000,66580
2016,4200003,Southern Pennsylvania nonmetropolitan area,6,42,189180,17850,22070,32030,47520,67160
2016,4400001,"New Shoreham Town, Rhode Island nonmetropolitan area",6,44,510,23190,28840,39170,50910,75590
2016,4500001,Low Country South Carolina nonmetropolitan area,6,45,47210,17060,19440,28490,44550,64680
2016,4500002,Upper Savannah South Carolina nonmetropolitan area,6,45,79720,17350,20360,30210,45610,65960
2016,4500003,Pee Dee South Carolina nonmetropolitan area,6,45,45310,17240,19970,28380,42000,59850
2016,4500004,Lower Savannah South Carolina nonmetropolitan area,6,45,52850,17520,20970,30310,45820,64550
2016,4600002,East South Dakota nonmetropolitan area,6,46,132020,19420,23250,30980,43580,62370
2016,4600003,West South Dakota nonmetropolitan area,6,46,60960,19230,22250,29700,42900,61230
2016,4700001,West Tennessee nonmetropolitan area,6,47,128340,17300,20020,28650,41350,59740
2016,4700002,South Central Tennessee nonmetropolitan area,6,47,107410,17670,21270,30160,44120,64150
2016,4700003,North Central Tennessee nonmetropolitan area,6,47,106560,17390,20220,28220,41070,60900
2016,4700004,East Tennessee nonmetropolitan area,6,47,133170,17320,19990,27700,40020,59270
2016,4800001,West Texas Region of Texas nonmetropolitan area,6,48,194450,17920,22320,33010,49290,71740
2016,4800002,North Texas Region of Texas nonmetropolitan area,6,48,266350,17550,20970,30420,45560,65940
2016,4800003,Big Thicket Region of Texas nonmetropolitan area,6,48,104830,17390,20340,29860,45500,65140
2016,4800004,Hill Country Region of Texas nonmetropolitan area,6,48,193320,17990,22180,31880,46300,66240
2016,4800005,Border Region of Texas nonmetropolitan area,6,48,57650,17130,19430,28500,47190,72790
2016,4800006,Coastal Plains Region of Texas nonmetropolitan area,6,48,147170,17470,20480,31440,48690,73800
2016,4900001,Wasatch Back nonmetropolitan area,6,49,32930,18610,23360,31200,47350,70910
2016,4900002,Central Utah nonmetropolitan area,6,49,20370,17450,20740,32310,48370,65900
2016,4900003,Southwest Utah nonmetropolitan area,6,49,23170,17310,20040,28600,42810,62010
2016,4900004,Eastern Utah nonmetropolitan area,6,49,42900,18340,23360,35270,53370,74630
2016,5100001,Southwest Virginia nonmetropolitan area,6,51,125060,17280,19930,29320,42820,62820
2016,5100002,Southside Virginia nonmetropolitan area,6,51,107820,17280,19940,29550,44190,65170
2016,5100003,Northeast Virginia nonmetropolitan area,6,51,49470,17900,22190,32630,56470,99990
2016,5100004,Northwest Virginia nonmetropolitan area,6,51,64230,17630,21390,31170,47040,69570
2016,5000001,Southern Vermont nonmetropolitan area,6,50,107450,21430,26700,36850,53030,75020
2016,5000002,Northern Vermont nonmetropolitan area,6,50,69870,21500,26730,36770,53210,75740
2016,5300001,Northwest Washington nonmetropolitan area,6,53,49710,22210,26050,36910,55250,76650
2016,5300002,Southwest Washington nonmetropolitan area,6,53,64170,22090,25750,36670,52330,74170
2016,5300003,Central Washington nonmetropolitan area,6,53,32660,21960,25080,34400,51340,75250
2016,5300004,East Washington nonmetropolitan area,6,53,58940,22570,27110,37330,55210,79240
2016,5500001,Northwestern Wisconsin nonmetropolitan area,6,55,48550,18130,22480,31480,45090,62230
2016,5500002,Northeastern Wisconsin nonmetropolitan area,6,55,202490,18220,23010,33200,48150,67360
2016,5500003,South Central Wisconsin nonmetropolitan area,6,55,208510,18000,22480,32480,47910,67110
2016,5500004,Western Wisconsin nonmetropolitan area,6,55,139990,18570,23880,33730,47150,64540
2016,5400001,Southern West Virginia nonmetropolitan area,6,54,75450,18780,19790,28030,42510,61000
2016,5400002,Northern West Virginia nonmetropolitan area,6,54,145300,18890,20390,29740,46370,67970
2016,5600001,Northwest Wyoming nonmetropolitan area,6,56,39610,18630,24520,35350,51970,72020
2016,5600002,Southwest Wyoming nonmetropolitan area,6,56,60670,20960,28480,40760,61510,84430
2016,5600003,Northeast Wyoming nonmetropolitan area,6,56,47990,20200,27580,40510,62870,80210
2016,5600004,Central-Southeast Wyoming nonmetropolitan area,6,56,38340,18600,24030,36580,56290,78490
2017,31080,"Los Angeles-Long Beach-Anaheim, CA",4,06,6047050,22310,25640,39800,68440,109000
2017,41860,"San Francisco-Oakland-Hayward, CA",4,06,2369450,24530,31660,51750,88740,139510
2017,47900,"Washington-Arlington-Alexandria, DC-VA-MD-WV",4,11,3103530,22080,30480,53310,92990,138400
2017,33100,"Miami-Fort Lauderdale-West Palm Beach, FL",4,12,2561390,18960,23270,34670,56110,84920
2017,16980,"Chicago-Naperville-Elgin, IL-IN-WI",4,17,4589690,19920,25080,39990,67690,101830
2017,71650,"Boston-Cambridge-Nashua, MA-NH",4,25,2726490,24200,30990,50250,80990,124610
2017,19820,"Detroit-Warren-Dearborn, MI",4,26,1966680,19620,24930,39240,65070,99380
2017,35620,"New York-Newark-Jersey City, NY-NJ-PA",4,36,9302710,20900,27310,45900,78090,123990
2017,37980,"Philadelphia-Camden-Wilmington, PA-NJ-DE-MD",4,42,2813460,19910,26660,41540,67970,103600
2017,19100,"Dallas-Fort Worth-Arlington, TX",4,48,3485200,18890,24540,38020,62660,98750
2017,42660,"Seattle-Tacoma-Bellevue, WA",4,53,1944150,25240,32400,48890,78670,120840
2017,11260,"Anchorage, AK",4,02,173420,23170,30820,47340,74470,105760
2017,21820,"Fairbanks, AK",4,02,36650,23960,32500,48150,72470,98360
2017,11500,"Anniston-Oxford-Jacksonville, AL",4,01,43110,17380,20430,30760,47260,63120
2017,12220,"Auburn-Opelika, AL",4,01,56410,17270,19870,29400,47090,74780
2017,13820,"Birmingham-Hoover, AL",4,01,504290,18300,23420,36220,57010,84950
2017,19300,"Daphne-Fairhope-Foley, AL",4,01,71190,17510,20590,28230,42480,61040
2017,19460,"Decatur, AL",4,01,52310,17520,20800,31380,51130,78970
2017,20020,"Dothan, AL",4,01,56400,17300,20020,29320,44990,65960
2017,22520,"Florence-Muscle Shoals, AL",4,01,53450,17430,20380,29870,45420,65890
2017,23460,"Gadsden, AL",4,01,35630,17120,19450,26760,41850,59330
2017,26620,"Huntsville, AL",4,01,222080,18020,23210,38720,69160,114240
2017,33660,"Mobile, AL",4,01,172750,18040,22740,34680,53010,76540
2017,33860,"Montgomery, AL",4,01,164610,17680,21470,32560,50460,75670
2017,46220,"Tuscaloosa, AL",4,01,100100,17730,21580,32740,50190,69660
2017,22220,"Fayetteville-Springdale-Rogers, AR-MO",4,05,239920,19050,22810,33510,53670,84970
2017,22900,"Fort Smith, AR-OK",4,05,107840,18530,20780,28360,43350,62920
2017,26300,"Hot Springs, AR",4,05,35400,18480,19780,26910,41310,61850
2017,27860,"Jonesboro, AR",4,05,54890,18640,20590,28870,43350,63290
2017,30780,"Little Rock-North Little Rock-Conway, AR",4,05,347590,18910,22770,34070,53060,78260
2017,38220,"Pine Bluff, AR",4,05,30960,18770,21460,30920,46290,65350
2017,22380,"Flagstaff, AZ",4,04,60810,20810,22920,32470,51430,77630
2017,29420,"Lake Havasu City-Kingman, AZ",4,04,47430,20810,22530,29950,44600,69000
2017,38060,"Phoenix-Mesa-Scottsdale, AZ",4,04,1980010,20820,25010,37280,59310,92080
2017,39140,"Prescott, AZ",4,04,61560,20820,23490,32500,49380,73430
2017,43420,"Sierra Vista-Douglas, AZ",4,04,32000,20820,23950,36520,63180,93440
2017,46060,"Tucson, AZ",4,04,364930,20820,23700,34650,55020,84210
2017,49740,"Yuma, AZ",4,04,60430,20810,21460,28690,45110,75590
2017,12540,"Bakersfield, CA",4,06,303620,21650,23730,33940,59590,94660
2017,17020,"Chico, CA",4,06,80110,21690,24310,34020,52950,84110
2017,20940,"El Centro, CA",4,06,60240,21320,23100,30710,54610,85130
2017,23420,"Fresno, CA",4,06,372770,21680,23880,32860,54350,87450
2017,25260,"Hanford-Corcoran, CA",4,06,42140,21960,23940,35560,59020,85620
2017,31460,"Madera, CA",4,06,43730,21960,23690,31710,56610,88800
2017,32900,"Merced, CA",4,06,69200,21800,24030,34620,55980,87070
2017,33700,"Modesto, CA",4,06,181330,21920,24460,35560,53700,86180
2017,34900,"Napa, CA",4,06,72870,23060,27930,39920,63810,102700
2017,37100,"Oxnard-Thousand Oaks-Ventura, CA",4,06,309860,22260,25590,38840,64110,102530
2017,39820,"Redding, CA",4,06,64640,21870,24500,35500,56540,90740
2017,40140,"Riverside-San Bernardino-Ontario, CA",4,06,1435200,21980,24480,35480,56920,90350
2017,40900,"Sacramento--Roseville--Arden-Arcade, CA",4,06,960180,22480,26440,41910,69570,104940
2017,41500,"Salinas, CA",4,06,171870,22070,24610,34900,58410,92000
2017,41740,"San Diego-Carlsbad, CA",4,06,1433340,22610,26930,41920,69630,108350
2017,41940,"San Jose-Sunnyvale-Santa Clara, CA",4,06,1089070,24460,33110,57540,104110,158400
2017,42020,"San Luis Obispo-Paso Robles-Arroyo Grande, CA",4,06,116630,22250,25200,36320,59140,93730
2017,42100,"Santa Cruz-Watsonville, CA",4,06,97370,22550,26270,38610,62570,101580
2017,42200,"Santa Maria-Santa Barbara, CA",4,06,185530,22380,25520,38590,64550,104680
2017,42220,"Santa Rosa, CA",4,06,202410,23070,28270,40630,64440,102180
2017,44700,"Stockton-Lodi, CA",4,06,242740,22000,24750,35880,56200,85510
2017,46700,"Vallejo-Fairfield, CA",4,06,136020,22440,25850,40290,66500,103170
2017,47300,"Visalia-Porterville, CA",4,06,152430,21630,23580,31160,47940,75650
2017,49700,"Yuba City, CA",4,06,42770,22060,24650,36700,59480,96580
2017,14500,"Boulder, CO",4,08,178460,21770,29810,48050,79000,123860
2017,17820,"Colorado Springs, CO",4,08,274870,20000,24940,37760,60940,95650
2017,19740,"Denver-Aurora-Lakewood, CO",4,08,1443130,20870,27930,43790,71000,108100
2017,22660,"Fort Collins, CO",4,08,154510,20280,25610,38430,60760,92930
2017,24300,"Grand Junction, CO",4,08,59580,19950,24030,34570,53390,78530
2017,24540,"Greeley, CO",4,08,97180,20300,26230,38200,56520,81630
2017,39380,"Pueblo, CO",4,08,59750,19740,23250,35010,53260,77930
2017,71950,"Bridgeport-Stamford-Norwalk, CT",4,09,415670,22680,29320,49630,82210,131090
2017,72850,"Danbury, CT",4,09,78660,22340,27560,42400,66700,99990
2017,73450,"Hartford-West Hartford-East Hartford, CT",4,09,581750,22740,29580,48050,75730,108420
2017,75700,"New Haven, CT",4,09,273160,22410,27890,43550,68450,100340
2017,76450,"Norwich-New London-Westerly, CT-RI",4,09,127780,21310,24990,40160,65820,96740
2017,78700,"Waterbury, CT",4,09,68260,21860,25810,38760,62240,92670
2017,20100,"Dover, DE",4,10,63290,19390,23790,35110,54590,78950
2017,15980,"Cape Coral-Fort Myers, FL",4,12,258370,19070,23050,32120,48400,71330
2017,18880,"Crestview-Fort Walton Beach-Destin, FL",4,12,106850,18910,22720,32270,52010,80320
2017,19660,"Deltona-Daytona Beach-Ormond Beach, FL",4,12,192010,18620,21480,29560,44290,65150
2017,23540,"Gainesville, FL",4,12,131830,18590,21840,33180,53040,81020
2017,26140,"Homosassa Springs, FL",4,12,32220,18610,21070,29850,45200,66460
2017,27260,"Jacksonville, FL",4,12,668140,19270,23770,34910,55160,81470
2017,29460,"Lakeland-Winter Haven, FL",4,12,214340,18930,22700,31840,48210,69170
2017,34940,"Naples-Immokalee-Marco Island, FL",4,12,142480,19250,23890,33790,51010,79000
2017,35840,"North Port-Sarasota-Bradenton, FL",4,12,289580,19090,23430,32690,49540,74090
2017,36100,"Ocala, FL",4,12,100260,18640,21670,29770,44060,64210
2017,36740,"Orlando-Kissimmee-Sanford, FL",4,12,1209250,18980,22670,32270,51170,80290
2017,37340,"Palm Bay-Melbourne-Titusville, FL",4,12,206760,19050,23400,35050,57510,94730
2017,37460,"Panama City, FL",4,12,80480,18740,21800,30250,46220,69940
2017,37860,"Pensacola-Ferry Pass-Brent, FL",4,12,169930,18770,22210,31540,48750,72170
2017,38940,"Port St. Lucie, FL",4,12,141190,18990,22890,32490,49510,73310
2017,39460,"Punta Gorda, FL",4,12,46530,18860,22290,30440,45930,65950
2017,42680,"Sebastian-Vero Beach, FL",4,12,50590,18890,22340,30700,46700,69280
2017,42700,"Sebring, FL",4,12,25610,18550,20820,27240,40010,61630
2017,45220,"Tallahassee, FL",4,12,168720,18870,22950,34300,52320,79510
2017,45300,"Tampa-St. Petersburg-Clearwater, FL",4,12,1280170,19030,23460,34730,54950,82700
2017,45540,"The Villages, FL",4,12,26170,18480,20910,30480,47410,68410
2017,10500,"Albany, GA",4,13,60720,17410,20400,29950,47520,70130
2017,12020,"Athens-Clarke County, GA",4,13,86140,17760,21880,33620,54050,80920
2017,12060,"Atlanta-Sandy Springs-Roswell, GA",4,13,2619440,18440,23950,37960,62600,99500
2017,12260,"Augusta-Richmond County, GA-SC",4,13,218410,17680,21690,33390,54960,80780
2017,15260,"Brunswick, GA",4,13,41140,17320,20110,29960,51190,81120
2017,17980,"Columbus, GA-AL",4,13,113410,17350,20210,31390,50140,77000
2017,19140,"Dalton, GA",4,13,65890,17950,22660,31670,44140,68910
2017,23580,"Gainesville, GA",4,13,84620,18180,22350,31590,49740,74310
2017,25980,"Hinesville, GA",4,13,17340,17610,21950,36180,53260,76380
2017,31420,"Macon, GA",4,13,98750,17550,21170,32210,49530,73190
2017,40660,"Rome, GA",4,13,37070,17710,21680,31330,50260,75070
2017,42340,"Savannah, GA",4,13,170620,17750,21900,33850,55010,79660
2017,46660,"Valdosta, GA",4,13,53290,17280,19820,28220,44210,65160
2017,47580,"Warner Robins, GA",4,13,69530,17720,21880,37560,58250,81940
2017,27980,"Kahului-Wailuku-Lahaina, HI",4,15,74120,21660,28830,40300,55900,80020
2017,46520,"Urban Honolulu, HI",4,15,460520,20770,27750,42880,66430,99990
2017,11180,"Ames, IA",4,19,43960,18880,24820,39830,60630,88000
2017,16300,"Cedar Rapids, IA",4,19,140640,19370,26100,38720,59840,87080
2017,19340,"Davenport-Moline-Rock Island, IA-IL",4,19,181490,19020,23820,35600,57340,83180
2017,19780,"Des Moines-West Des Moines, IA",4,19,363420,20070,26960,40020,61470,91230
2017,20220,"Dubuque, IA",4,19,57150,18730,24270,35180,50570,72560
2017,26980,"Iowa City, IA",4,19,92010,19380,25400,38460,58310,83920
2017,43580,"Sioux City, IA-NE-SD",4,19,84630,19510,25070,34740,49190,71640
2017,47940,"Waterloo-Cedar Falls, IA",4,19,88160,18930,23960,34420,49310,72040
2017,14260,"Boise City, ID",4,16,308170,18430,23520,34180,53550,79420
2017,17660,"Coeur d'Alene, ID",4,16,59700,18450,22900,32150,48120,72080
2017,26820,"Idaho Falls, ID",4,16,64860,17720,21510,31830,54040,83420
2017,30300,"Lewiston, ID-WA",4,16,26820,19380,24400,35000,51110,73210
2017,38540,"Pocatello, ID",4,16,33260,17560,20890,30450,47540,71010
2017,14010,"Bloomington, IL",4,17,89000,19380,24380,40190,66940,101290
2017,16060,"Carbondale-Marion, IL",4,17,52370,19030,22210,32810,53230,77750
2017,16580,"Champaign-Urbana, IL",4,17,99030,19370,24190,37490,59400,88010
2017,19180,"Danville, IL",4,17,26120,19170,24030,35100,51700,75950
2017,19500,"Decatur, IL",4,17,48870,19170,22870,34940,53950,78990
2017,28100,"Kankakee, IL",4,17,44000,19310,23200,34390,55420,78270
2017,37900,"Peoria, IL",4,17,170630,19320,24190,37730,62370,97480
2017,40420,"Rockford, IL",4,17,143470,19390,23590,34420,54480,80380
2017,44100,"Springfield, IL",4,17,106710,19430,23790,38170,62570,93200
2017,14020,"Bloomington, IN",4,18,68210,17980,22510,33390,50360,75370
2017,18020,"Columbus, IN",4,18,48960,19610,24590,35270,51030,75410
2017,21140,"Elkhart-Goshen, IN",4,18,127200,20300,25650,34730,50450,70710
2017,21780,"Evansville, IN-KY",4,18,153740,18650,23630,34270,51650,75500
2017,23060,"Fort Wayne, IN",4,18,213660,18490,23470,34660,52160,75660
2017,26900,"Indianapolis-Carmel-Anderson, IN",4,18,1029390,18840,24420,36760,58180,86470
2017,29020,"Kokomo, IN",4,18,39430,17930,22440,36030,58750,78330
2017,29200,"Lafayette-West Lafayette, IN",4,18,91980,18280,23570,35340,54910,76510
2017,33140,"Michigan City-La Porte, IN",4,18,39590,18020,22400,31700,46480,68480
2017,34620,"Muncie, IN",4,18,46240,17700,21560,31950,48550,72740
2017,43780,"South Bend-Mishawaka, IN-MI",4,18,134230,18670,23410,34510,52930,77260
2017,45460,"Terre Haute, IN",4,18,67380,17750,21640,32290,49760,71610
2017,29940,"Lawrence, KS",4,20,49520,17780,21850,32920,51940,80660
2017,31740,"Manhattan, KS",4,20,37660,17490,20730,31070,48620,75810
2017,45820,"Topeka, KS",4,20,109400,18870,24240,36000,52890,75400
2017,48620,"Wichita, KS",4,20,296330,18680,23750,34900,53760,78430
2017,14540,"Bowling Green, KY",4,21,74020,17970,21980,32290,48370,68240
2017,21060,"Elizabethtown-Fort Knox, KY",4,21,53810,18240,23070,34810,51200,74170
2017,30460,"Lexington-Fayette, KY",4,21,272410,18250,23020,34730,53700,76900
2017,31140,"Louisville/Jefferson County, KY-IN",4,21,646670,18640,23910,35340,54280,79240
2017,36980,"Owensboro, KY",4,21,50520,17760,21750,31810,48830,67400
2017,10780,"Alexandria, LA",4,22,60460,17490,20550,30620,46930,65840
2017,12940,"Baton Rouge, LA",4,22,392000,17800,22350,35550,55810,79650
2017,25220,"Hammond, LA",4,22,42700,17110,19400,28230,45920,65300
2017,26380,"Houma-Thibodaux, LA",4,22,84000,17880,22340,34770,52480,78610
2017,29180,"Lafayette, LA",4,22,196240,17590,21330,31810,48730,69070
2017,29340,"Lake Charles, LA",4,22,111890,17690,21890,35140,54600,74220
2017,33740,"Monroe, LA",4,22,77070,17320,20100,29870,46350,66050
2017,35380,"New Orleans-Metairie, LA",4,22,552840,17650,21600,32950,52850,79060
2017,43340,"Shreveport-Bossier City, LA",4,22,174330,17340,20180,30320,48380,68860
2017,70900,"Barnstable Town, MA",4,25,103120,23670,27560,40060,61840,92070
2017,74500,"Leominster-Gardner, MA",4,25,50600,23410,25850,37260,59680,87640
2017,75550,"New Bedford, MA",4,25,65490,23470,25670,35820,58600,90160
2017,76600,"Pittsfield, MA",4,25,39900,23270,26000,37430,60670,89970
2017,78100,"Springfield, MA-CT",4,25,328300,23540,27420,39570,62120,92230
2017,79600,"Worcester, MA-CT",4,25,281770,23800,28260,41390,64970,96570
2017,12580,"Baltimore-Columbia-Towson, MD",4,24,1360320,19910,27000,43600,70430,107370
2017,15680,"California-Lexington Park, MD",4,24,45460,20330,30710,62820,103070,134430
2017,19060,"Cumberland, MD-WV",4,24,37220,19250,22150,33370,53840,76330
2017,25180,"Hagerstown-Martinsburg, MD-WV",4,24,102640,19530,24050,35880,53700,80790
2017,41540,"Salisbury, MD-DE",4,24,157980,19340,22740,31060,49340,75410
2017,70750,"Bangor, ME",4,23,64450,19690,23900,34140,50780,75970
2017,74650,"Lewiston-Auburn, ME",4,23,50140,19990,25090,34910,50450,73140
2017,76750,"Portland-South Portland, ME",4,23,203740,20680,26730,38280,58870,87040
2017,11460,"Ann Arbor, MI",4,26,213990,20010,25500,39910,65130,101400
2017,12980,"Battle Creek, MI",4,26,55980,19600,24790,36730,58420,82070
2017,13020,"Bay City, MI",4,26,34100,19130,21250,31470,51870,80130
2017,22420,"Flint, MI",4,26,138240,19270,22490,34220,58080,80680
2017,24340,"Grand Rapids-Wyoming, MI",4,26,551620,19830,24590,35020,53830,78510
2017,27100,"Jackson, MI",4,26,59280,19370,23380,37610,60150,95000
2017,28020,"Kalamazoo-Portage, MI",4,26,139130,19440,23540,34850,55620,81150
2017,29620,"Lansing-East Lansing, MI",4,26,215080,19470,24380,37940,60720,85310
2017,33220,"Midland, MI",4,26,34730,19460,22920,34040,54310,79020
2017,33780,"Monroe, MI",4,26,38290,19320,22660,33410,54000,80810
2017,34740,"Muskegon, MI",4,26,61690,19450,22840,32270,49340,70490
2017,35660,"Niles-Benton Harbor, MI",4,26,62750,19360,23080,33320,54540,83670
2017,40980,"Saginaw, MI",4,26,85160,19290,22450,32940,52390,73830
2017,20260,"Duluth, MN-WI",4,27,126020,20320,24490,36730,56210,79000
2017,31860,"Mankato-North Mankato, MN",4,27,52390,20320,24450,35630,53130,75970
2017,33460,"Minneapolis-St. Paul-Bloomington, MN-WI",4,27,1932310,21790,28750,44220,69160,102370
2017,40340,"Rochester, MN",4,27,114770,21290,27610,43030,66770,100830
2017,41060,"St. Cloud, MN",4,27,104890,21090,26120,37590,53600,76970
2017,16020,"Cape Girardeau, MO-IL",4,29,42620,18080,20910,30260,48040,66040
2017,17860,"Columbia, MO",4,29,92910,18400,22750,34470,54050,80770
2017,27620,"Jefferson City, MO",4,29,73950,18780,23780,33750,48780,69550
2017,27900,"Joplin, MO",4,29,78040,18190,21630,31190,45990,64260
2017,28140,"Kansas City, MO-KS",4,29,1055320,19320,25520,38410,60860,91360
2017,41140,"St. Joseph, MO-KS",4,29,53270,18750,23330,32750,48420,71970
2017,41180,"St. Louis, MO-IL",4,29,1356630,19170,24370,37910,60580,90850
2017,44180,"Springfield, MO",4,29,204320,18290,22040,31860,48150,70820
2017,25060,"Gulfport-Biloxi-Pascagoula, MS",4,28,150080,17670,21640,34160,54210,77980
2017,25620,"Hattiesburg, MS",4,28,61210,17210,19680,28190,43950,63600
2017,27140,"Jackson, MS",4,28,262680,17930,22120,32950,51060,76660
2017,13740,"Billings, MT",4,30,86350,19800,24430,36050,55180,79090
2017,24500,"Great Falls, MT",4,30,35570,19050,22510,30960,47740,68230
2017,33540,"Missoula, MT",4,30,59580,18820,22020,31410,49540,72170
2017,11700,"Asheville, NC",4,37,191430,18540,23130,32150,48130,70650
2017,15500,"Burlington, NC",4,37,60000,17630,21020,29950,46070,69040
2017,16740,"Charlotte-Concord-Gastonia, NC-SC",4,37,1186840,18480,24120,37510,59770,96660
2017,20500,"Durham-Chapel Hill, NC",4,37,298540,19770,27790,44660,73120,116890
2017,22180,"Fayetteville, NC",4,37,127420,17660,21320,32230,49630,76830
2017,24140,"Goldsboro, NC",4,37,39150,17980,21900,30540,44750,63780
2017,24660,"Greensboro-High Point, NC",4,37,363510,18010,22540,33790,51210,77210
2017,24780,"Greenville, NC",4,37,74540,17840,22010,33610,52010,78070
2017,25860,"Hickory-Lenoir-Morganton, NC",4,37,153900,18260,22740,31480,45830,63850
2017,27340,"Jacksonville, NC",4,37,46070,17230,19690,27710,44750,64110
2017,35100,"New Bern, NC",4,37,43930,17670,21910,33600,52600,75750
2017,39580,"Raleigh, NC",4,37,606510,18620,24420,38520,62480,99890
2017,40580,"Rocky Mount, NC",4,37,55270,17620,21320,30420,46430,66720
2017,48900,"Wilmington, NC",4,37,123730,17800,21810,32720,50170,76390
2017,49180,"Winston-Salem, NC",4,37,263840,18060,22700,34000,52290,79770
2017,13900,"Bismarck, ND",4,38,73020,22550,29240,40550,59500,82140
2017,22020,"Fargo, ND-MN",4,38,137890,20960,27140,38220,57040,80180
2017,24220,"Grand Forks, ND-MN",4,38,49370,20200,26100,36950,53850,77480
2017,24260,"Grand Island, NE",4,31,38670,19880,23860,33610,49320,72280
2017,30700,"Lincoln, NE",4,31,175310,19910,24830,36680,55570,78670
2017,36540,"Omaha-Council Bluffs, NE-IA",4,31,486650,20320,25780,37500,58570,84260
2017,73050,"Dover-Durham, NH-ME",4,33,50670,20240,26250,38330,60800,91380
2017,74950,"Manchester, NH",4,33,112670,20510,27020,40690,64000,96510
2017,76900,"Portsmouth, NH-ME",4,33,92360,20890,28130,42330,66320,99690
2017,12100,"Atlantic City-Hammonton, NJ",4,34,125080,19330,23310,35070,60540,91490
2017,36140,"Ocean City, NJ",4,34,38760,19860,23840,33100,51420,77170
2017,45940,"Trenton, NJ",4,34,229450,21490,30310,51440,80300,114880
2017,47220,"Vineland-Bridgeton, NJ",4,34,58880,19560,24250,37570,58270,83210
2017,10740,"Albuquerque, NM",4,35,381200,18660,23260,34280,56240,88910
2017,22140,"Farmington, NM",4,35,48610,18030,21660,33580,55160,80730
2017,29740,"Las Cruces, NM",4,35,70940,17730,20300,29820,51790,81790
2017,42140,"Santa Fe, NM",4,35,61340,19740,25660,36020,54210,78210
2017,16180,"Carson City, NV",4,32,28100,20120,27370,40190,60700,85590
2017,29820,"Las Vegas-Henderson-Paradise, NV",4,32,962720,18600,23830,34400,52450,81180
2017,39900,"Reno, NV",4,32,224130,18880,24280,35550,56170,81510
2017,10580,"Albany-Schenectady-Troy, NY",4,36,448160,21540,27290,41660,65480,96350
2017,13780,"Binghamton, NY",4,36,100550,20260,23770,34770,55680,83040
2017,15380,"Buffalo-Cheektowaga-Niagara Falls, NY",4,36,547750,20470,24640,36950,58740,87010
2017,21300,"Elmira, NY",4,36,34860,20250,24230,36580,56340,78570
2017,24020,"Glens Falls, NY",4,36,52990,20950,24560,34940,51850,76610
2017,27060,"Ithaca, NY",4,36,50120,21630,28600,44730,68480,110080
2017,28740,"Kingston, NY",4,36,59230,20990,24800,36300,56270,81730
2017,40380,"Rochester, NY",4,36,510010,20960,25740,38490,60440,88860
2017,45060,"Syracuse, NY",4,36,302070,20670,25560,38560,61020,90600
2017,46540,"Utica-Rome, NY",4,36,124540,20360,23840,35350,55090,79980
2017,48060,"Watertown-Fort Drum, NY",4,36,39490,20300,23610,34920,54280,80030
2017,10420,"Akron, OH",4,39,328230,19040,24110,36360,58530,84480
2017,15940,"Canton-Massillon, OH",4,39,168230,18690,22030,33150,51160,74630
2017,17140,"Cincinnati, OH-KY-IN",4,39,1056680,19150,24530,37800,59720,90260
2017,17460,"Cleveland-Elyria, OH",4,39,1029230,19250,24460,38330,60890,87300
2017,18140,"Columbus, OH",4,39,1038240,19520,24880,38240,61320,92410
2017,19380,"Dayton, OH",4,39,371610,19100,23850,36880,60240,91310
2017,30620,"Lima, OH",4,39,49870,18770,22460,33770,51830,75500
2017,31900,"Mansfield, OH",4,39,49970,18830,22240,31840,47600,65980
2017,44220,"Springfield, OH",4,39,47910,19020,22970,34000,52880,75250
2017,45780,"Toledo, OH",4,39,296990,18900,23250,35180,54070,77680
2017,49660,"Youngstown-Warren-Boardman, OH-PA",4,39,213630,18540,21590,31930,49650,71880
2017,21420,"Enid, OK",4,40,25560,17890,22740,33150,51620,76330
2017,30020,"Lawton, OK",4,40,43190,17630,21010,29760,46450,69740
2017,36420,"Oklahoma City, OK",4,40,603780,18340,23540,35770,56500,82850
2017,46140,"Tulsa, OK",4,40,427880,18300,23410,34740,53460,80890
2017,10540,"Albany, OR",4,41,42780,21820,25620,36070,52650,76430
2017,13460,"Bend-Redmond, OR",4,41,78520,21880,25640,35910,54740,84030
2017,18700,"Corvallis, OR",4,41,36240,21960,25730,39750,63970,99640
2017,21660,"Eugene, OR",4,41,152110,21810,25370,36200,55020,81770
2017,24420,"Grants Pass, OR",4,41,24810,21450,23830,30360,43050,67670
2017,32780,"Medford, OR",4,41,84240,21720,25050,34530,50750,78760
2017,38900,"Portland-Vancouver-Hillsboro, OR-WA",4,41,1157060,23150,28580,42460,68120,103070
2017,41420,"Salem, OR",4,41,165560,21870,25420,37270,58260,86440
2017,10900,"Allentown-Bethlehem-Easton, PA-NJ",4,42,358910,19260,24990,36440,57080,84170
2017,11020,"Altoona, PA",4,42,57160,17720,21470,31230,47640,69330
2017,14100,"Bloomsburg-Berwick, PA",4,42,42640,19180,25110,36580,57130,82970
2017,16540,"Chambersburg-Waynesboro, PA",4,42,56920,18920,24730,35910,51380,74210
2017,20700,"East Stroudsburg, PA",4,42,55630,17990,21970,31240,49850,74290
2017,21500,"Erie, PA",4,42,123710,17830,21830,31600,48950,72170
2017,23900,"Gettysburg, PA",4,42,32880,18400,23260,33300,47880,71150
2017,25420,"Harrisburg-Carlisle, PA",4,42,323720,19400,25920,38720,60020,86420
2017,27780,"Johnstown, PA",4,42,49120,17660,21030,30000,46410,67640
2017,29540,"Lancaster, PA",4,42,241190,19040,24450,35250,51800,76280
2017,30140,"Lebanon, PA",4,42,48870,18600,23990,34150,50040,72230
2017,38300,"Pittsburgh, PA",4,42,1132950,18790,24920,37700,59940,89440
2017,39740,"Reading, PA",4,42,172860,19040,24970,37270,55490,80560
2017,42540,"Scranton--Wilkes-Barre--Hazleton, PA",4,42,257730,18650,23810,34090,50540,73830
2017,44300,"State College, PA",4,42,69300,18800,24630,36880,58380,85720
2017,48700,"Williamsport, PA",4,42,50770,18360,23080,33430,51620,76850
2017,49620,"York-Hanover, PA",4,42,180080,18870,24510,35820,53680,80390
2017,77200,"Providence-Warwick, RI-MA",4,44,567620,22230,26180,39540,63790,95990
2017,16700,"Charleston-North Charleston, SC",4,45,336560,18100,23190,35160,55110,81660
2017,17900,"Columbia, SC",4,45,370160,18070,22710,34670,53470,78410
2017,22500,"Florence, SC",4,45,84850,17320,20080,30000,48200,73470
2017,24860,"Greenville-Anderson-Mauldin, SC",4,45,401590,18100,22710,33380,51100,77650
2017,25940,"Hilton Head Island-Bluffton-Beaufort, SC",4,45,72700,17730,21500,29980,46960,71790
2017,34820,"Myrtle Beach-Conway-North Myrtle Beach, SC-NC",4,45,157450,17240,19740,26710,40200,63680
2017,43900,"Spartanburg, SC",4,45,149130,18440,23640,34230,50120,73520
2017,44940,"Sumter, SC",4,45,37000,17470,20640,29570,47020,67160
2017,39660,"Rapid City, SD",4,46,65680,19670,23220,31490,47150,68230
2017,43620,"Sioux Falls, SD",4,46,151480,20310,24980,34170,51030,75550
2017,16860,"Chattanooga, TN-GA",4,47,241810,18130,22610,33350,50750,77410
2017,17300,"Clarksville, TN-KY",4,47,83970,17630,21290,31100,47520,70240
2017,17420,"Cleveland, TN",4,47,45690,17770,21470,29730,44120,63230
2017,27180,"Jackson, TN",4,47,65040,17750,21710,31640,47640,68090
2017,27740,"Johnson City, TN",4,47,77050,17480,20810,30760,47380,74150
2017,28700,"Kingsport-Bristol-Bristol, TN-VA",4,47,116510,17860,21940,32600,51220,73680
2017,28940,"Knoxville, TN",4,47,380260,17980,22390,33460,52280,80240
2017,32820,"Memphis, TN-MS-AR",4,47,617990,18310,22920,33830,52720,77880
2017,34100,"Morristown, TN",4,47,42710,17820,21490,30470,44480,61280
2017,34980,"Nashville-Davidson--Murfreesboro--Franklin, TN",4,47,940810,18820,24770,36750,56130,82640
2017,10180,"Abilene, TX",4,48,64450,17850,21920,32180,49150,72460
2017,11100,"Amarillo, TX",4,48,114490,18330,22910,34260,52810,76480
2017,12420,"Austin-Round Rock, TX",4,48,996540,19650,25500,38610,62830,99830
2017,13140,"Beaumont-Port Arthur, TX",4,48,160260,18100,23450,37560,59920,89070
2017,15180,"Brownsville-Harlingen, TX",4,48,139690,16900,18820,24100,41560,65250
2017,17780,"College Station-Bryan, TX",4,48,111780,17750,21310,31130,50020,78960
2017,18580,"Corpus Christi, TX",4,48,189030,17940,22000,33180,55770,82550
2017,21340,"El Paso, TX",4,48,301590,17150,19510,28080,47250,74270
2017,26420,"Houston-The Woodlands-Sugar Land, TX",4,48,2929400,18870,24730,38970,64620,102960
2017,28660,"Killeen-Temple, TX",4,48,138710,17960,22070,32860,50250,74680
2017,29700,"Laredo, TX",4,48,97520,17060,19270,26760,45850,72080
2017,30980,"Longview, TX",4,48,89270,17880,22100,33040,49840,72470
2017,31180,"Lubbock, TX",4,48,142850,17760,21670,31920,50340,75830
2017,32580,"McAllen-Edinburg-Mission, TX",4,48,254190,16950,18980,25600,43830,68000
2017,33260,"Midland, TX",4,48,88270,19900,27580,40210,62250,100040
2017,36220,"Odessa, TX",4,48,68280,19890,26680,38440,55720,78690
2017,41660,"San Angelo, TX",4,48,45990,17930,21820,30700,47230,69920
2017,41700,"San Antonio-New Braunfels, TX",4,48,1003370,18440,23250,34630,56610,84420
2017,43300,"Sherman-Denison, TX",4,48,45050,18040,22540,32740,50840,73620
2017,45500,"Texarkana, TX-AR",4,48,55800,18110,21010,32550,50270,68240
2017,46340,"Tyler, TX",4,48,100780,17590,20980,31270,49670,74620
2017,47020,"Victoria, TX",4,48,39880,18060,22680,33130,50240,73750
2017,47380,"Waco, TX",4,48,116260,18190,22520,32140,49770,76080
2017,48660,"Wichita Falls, TX",4,48,56640,17620,21320,31330,48150,70920
2017,30860,"Logan, UT-ID",4,49,54570,18140,22090,30490,47100,70520
2017,36260,"Ogden-Clearfield, UT",4,49,249250,18800,24030,35290,55030,81020
2017,39340,"Provo-Orem, UT",4,49,229480,18670,23380,33430,54810,86790
2017,41100,"St. George, UT",4,49,63190,18440,22440,30550,45680,65290
2017,41620,"Salt Lake City, UT",4,49,695050,19970,25870,37840,59850,92010
2017,13980,"Blacksburg-Christiansburg-Radford, VA",4,51,69370,17970,22380,33520,51340,79160
2017,16820,"Charlottesville, VA",4,51,111050,19810,26210,39880,62910,98170
2017,25500,"Harrisonburg, VA",4,51,63440,18460,23420,32930,48690,72070
2017,31340,"Lynchburg, VA",4,51,97940,17750,21580,32270,49170,75500
2017,40060,"Richmond, VA",4,51,643860,18740,24720,38400,60620,92860
2017,40220,"Roanoke, VA",4,51,152640,18350,23440,34170,50660,76270
2017,44420,"Staunton-Waynesboro, VA",4,51,47760,18300,23380,35560,50660,73030
2017,47260,"Virginia Beach-Norfolk-Newport News, VA-NC",4,51,743960,18210,23520,37220,59530,87470
2017,49020,"Winchester, VA-WV",4,51,58160,19040,24410,35820,52300,78700
2017,72400,"Burlington-South Burlington, VT",4,50,124030,23270,29270,41550,62670,94390
2017,13380,"Bellingham, WA",4,53,85600,24080,27600,38920,58040,82020
2017,14740,"Bremerton-Silverdale, WA",4,53,86700,24180,29330,45360,67750,92680
2017,28420,"Kennewick-Richland, WA",4,53,111340,23960,26980,39660,67390,102440
2017,31020,"Longview, WA",4,53,37100,23920,26620,38890,58970,81500
2017,34580,"Mount Vernon-Anacortes, WA",4,53,46650,24190,28340,39310,59080,81590
2017,36500,"Olympia-Tumwater, WA",4,53,109400,24220,28920,43140,65630,90020
2017,44060,"Spokane-Spokane Valley, WA",4,53,232920,23910,26340,37500,57610,81160
2017,47460,"Walla Walla, WA",4,53,25260,24180,28060,38780,59380,83690
2017,48300,"Wenatchee, WA",4,53,45710,23820,25710,34890,53350,78840
2017,49420,"Yakima, WA",4,53,89640,23810,25610,34850,50670,74190
2017,11540,"Appleton, WI",4,55,123460,19510,25670,37160,55090,78800
2017,20740,"Eau Claire, WI",4,55,81980,18680,23810,34610,51430,74450
2017,22540,"Fond du Lac, WI",4,55,45600,19220,25700,38110,55700,77460
2017,24580,"Green Bay, WI",4,55,173030,19010,25260,36740,53810,75470
2017,27500,"Janesville-Beloit, WI",4,55,64560,18330,23410,35310,55010,79900
2017,29100,"La Crosse-Onalaska, WI-MN",4,55,73800,18800,24430,35460,53100,76200
2017,31540,"Madison, WI",4,55,387300,20470,28270,41670,64740,94130
2017,33340,"Milwaukee-Waukesha-West Allis, WI",4,55,841550,19320,25440,38670,61450,91020
2017,36780,"Oshkosh-Neenah, WI",4,55,95240,19810,26410,38140,55920,76790
2017,39540,"Racine, WI",4,55,74850,18360,23300,34670,51100,74310
2017,43100,"Sheboygan, WI",4,55,57980,18810,25730,38550,55720,79300
2017,48140,"Wausau, WI",4,55,70020,19740,26000,36480,52350,75030
2017,13220,"Beckley, WV",4,54,42670,19090,20500,29150,46690,67500
2017,16620,"Charleston, WV",4,54,111090,19300,22710,33880,53530,76970
2017,26580,"Huntington-Ashland, WV-KY-OH",4,54,130770,19000,21460,31740,50680,73440
2017,34060,"Morgantown, WV",4,54,64520,19390,23380,36490,59730,83080
2017,37620,"Parkersburg-Vienna, WV",4,54,37160,19110,20750,29750,48480,74960
2017,48260,"Weirton-Steubenville, WV-OH",4,54,37250,18890,20590,29780,49600,72630
2017,48540,"Wheeling, WV-OH",4,54,61310,19050,21390,30640,49300,70380
2017,16220,"Casper, WY",4,56,37590,20560,27230,39380,58650,80080
2017,16940,"Cheyenne, WY",4,56,45310,20100,26310,38390,58630,81470
2017,0200001,Southeast Alaska nonmetropolitan area,6,02,34990,24420,32290,46980,69490,96830
2017,0200002,Balance of Alaska nonmetropolitan area,6,02,71160,23390,32570,47740,70190,97610
2017,0100001,Northwest Alabama nonmetropolitan area,6,01,64830,17630,21110,29810,41800,59950
2017,0100002,Northeast Alabama nonmetropolitan area,6,01,144540,17550,20680,28600,43610,61600
2017,0100003,Southwest Alabama nonmetropolitan area,6,01,66950,17490,20630,30110,46590,66180
2017,0100004,Southeast Alabama nonmetropolitan area,6,01,84720,17280,19930,29090,48280,71060
2017,0500001,North Arkansas nonmetropolitan area,6,05,115560,18560,20160,27300,40170,58790
2017,0500002,East Arkansas nonmetropolitan area,6,05,67710,18590,20240,29040,42320,59800
2017,0500003,West Arkansas nonmetropolitan area,6,05,89240,18610,20350,28040,42190,61900
2017,0500004,South Arkansas nonmetropolitan area,6,05,95120,18630,20460,28880,43980,61680
2017,0400001,Arizona nonmetropolitan area,6,04,91140,20820,23740,34830,52430,78250
2017,0600001,Mother Lode Region of California nonmetropolitan area,6,06,42580,22490,26160,37800,57750,87010
2017,0600002,Eastern Sierra Region of California nonmetropolitan area,6,06,14050,21840,25020,35780,54450,81560
2017,0600003,North Coast Region of California nonmetropolitan area,6,06,103950,22240,24760,35250,55000,82800
2017,0600004,North Valley Region of California nonmetropolitan area,6,06,31370,22130,24610,33920,51320,78700
2017,0600005,Northern Mountains Region of California nonmetropolitan area,6,06,64610,22660,26840,38900,58920,86860
2017,0800001,Eastern and Southern Colorado nonmetropolitan area,6,08,66870,19800,22760,31440,46110,66100
2017,0800002,Southwest Colorado nonmetropolitan area,6,08,97520,19940,24370,35120,51760,73390
2017,0800003,Northwest Colorado nonmetropolitan area,6,08,116350,21160,28050,38670,56730,79520
2017,0900001,Connecticut nonmetropolitan area,6,09,32680,22200,27610,40110,61310,89210
2017,1200001,Northwest Florida nonmetropolitan area,6,12,30470,18690,21810,30070,41910,62010
2017,1200002,Northeast Florida nonmetropolitan area,6,12,88610,18710,21820,30250,41860,62430
2017,1200003,South Florida nonmetropolitan area,6,12,77590,18820,22300,30780,45850,65700
2017,1300001,North Georgia nonmetropolitan area,6,13,162440,17630,21050,28830,41820,63340
2017,1300002,Middle Georgia nonmetropolitan area,6,13,127900,17390,20310,30290,45610,63980
2017,1300003,East Georgia nonmetropolitan area,6,13,84590,17110,19450,27720,41890,63450
2017,1300004,South Georgia nonmetropolitan area,6,13,184660,17370,20170,28620,43890,63990
2017,1500001,Hawaii / Kauai nonmetropolitan area,6,15,98350,21630,28110,38500,55090,79300
2017,1900001,Northeast Iowa nonmetropolitan area,6,19,100570,18580,24060,33220,47860,66410
2017,1900002,Northwest Iowa nonmetropolitan area,6,19,136620,18800,24740,33750,48080,67150
2017,1900003,Southwest Iowa nonmetropolitan area,6,19,83750,18550,23640,33070,46840,64220
2017,1900004,Southeast Iowa nonmetropolitan area,6,19,226790,18460,23730,33650,48860,69500
2017,1600001,Panhandle of Idaho nonmetropolitan area,6,16,46560,18410,23070,33260,49300,73500
2017,1600002,Southwest Idaho nonmetropolitan area,6,16,20220,17700,21450,32080,45890,65410
2017,1600003,South Central Idaho nonmetropolitan area,6,16,77700,18210,23320,33420,48850,70760
2017,1600004,Southeast Idaho nonmetropolitan area,6,16,48620,17650,21350,31700,48520,69340
2017,1700001,Northwest Illinois nonmetropolitan area,6,17,135250,19080,22790,33690,51310,75330
2017,1700002,West Central Illinois nonmetropolitan area,6,17,171760,18980,22280,32040,48530,70840
2017,1700003,East Central Illinois nonmetropolitan area,6,17,119010,19100,22690,32160,47990,71480
2017,1700004,South Illinois nonmetropolitan area,6,17,89190,19000,22450,33820,51950,75050
2017,1800001,Northern Indiana nonmetropolitan area,6,18,215730,18500,23360,32390,45130,63240
2017,1800002,Central Indiana nonmetropolitan area,6,18,157940,18170,22510,31970,46700,64410
2017,1800003,Southern Indiana nonmetropolitan area,6,18,187610,18360,23510,33710,50150,70720
2017,2000001,Southwest Kansas nonmetropolitan area,6,20,75100,18320,23470,32360,44740,63860
2017,2000002,Northwest Kansas nonmetropolitan area,6,20,59550,17710,21420,30510,45250,65870
2017,2000003,Northeast Kansas nonmetropolitan area,6,20,136970,18060,22530,31990,46820,65460
2017,2000004,Southeast Kansas nonmetropolitan area,6,20,117790,17780,21640,30740,45570,65930
2017,2100001,West Kentucky nonmetropolitan area,6,21,152040,17790,21580,31340,48040,69000
2017,2100002,South Central Kentucky nonmetropolitan area,6,21,167630,17810,21510,29720,43350,60770
2017,2100003,Central Kentucky nonmetropolitan area,6,21,177760,17970,22230,32530,48820,68920
2017,2100004,East Kentucky nonmetropolitan area,6,21,100290,17460,20410,29990,46770,64260
2017,2200001,"Washington Parish, Louisiana nonmetropolitan area",6,22,9500,16980,19210,29060,45300,63680
2017,2200002,Central Louisiana nonmetropolitan area,6,22,77560,17110,19440,29540,47210,66000
2017,2200003,Northeast Louisiana nonmetropolitan area,6,22,65590,16830,18740,26200,42510,61660
2017,2200004,Southwest Louisiana nonmetropolitan area,6,22,57920,17350,20280,31820,48360,68330
2017,2500001,Nantucket Island and Martha's Vineyard nonmetropolitan area,6,25,17880,24290,30390,44430,63750,92570
2017,2500002,Southwest Massachusetts nonmetropolitan area,6,25,8830,23820,27810,38900,56860,81970
2017,2500003,Northwest Massachusetts nonmetropolitan area,6,25,27430,23650,27010,37760,58290,88100
2017,2500004,North Central Massachusetts nonmetropolitan area,6,25,5740,23520,25970,34350,51700,75390
2017,2400001,Upper Eastern Shore of Maryland nonmetropolitan area,6,24,47600,19480,23610,34570,52720,77380
2017,2400002,"Garrett County, Maryland nonmetropolitan area",6,24,11330,19300,22520,31930,49270,73210
2017,2300001,Northeast Maine nonmetropolitan area,6,23,69730,19650,23710,32530,46820,65040
2017,2300002,Southwest Maine nonmetropolitan area,6,23,191370,19850,25100,35740,52730,73410
2017,2600001,Upper Peninsula of Michigan nonmetropolitan area,6,26,111760,19270,22570,33160,51010,71060
2017,2600002,Northeast Lower Peninsula of Michigan nonmetropolitan area,6,26,74210,19150,21300,29550,44860,66380
2017,2600003,Northwest Lower Peninsula of Michigan nonmetropolitan area,6,26,122090,19470,23540,33110,49270,72060
2017,2600004,Balance of Lower Peninsula of Michigan nonmetropolitan area,6,26,278180,19400,23230,32320,48470,70180
2017,2700001,Northwest Minnesota nonmetropolitan area,6,27,188930,20710,25640,35670,50580,72200
2017,2700002,Northeast Minnesota nonmetropolitan area,6,27,43080,20190,23830,34740,52530,74650
2017,2700003,Southwest Minnesota nonmetropolitan area,6,27,122720,20390,25080,34950,49690,70400
2017,2700004,Southeast Minnesota nonmetropolitan area,6,27,158600,20680,25280,36040,52050,75960
2017,2900001,Central Missouri nonmetropolitan area,6,29,158290,18040,20820,29190,42830,63690
2017,2900002,North Missouri nonmetropolitan area,6,29,110160,18150,21370,30130,42850,62050
2017,2900003,Southeast Missouri nonmetropolitan area,6,29,164280,17870,20180,28230,40830,61380
2017,2900004,Southwest Missouri nonmetropolitan area,6,29,73400,17820,20000,26580,40400,60470
2017,2800001,Northeast Mississippi nonmetropolitan area,6,28,231170,17500,20650,29810,44140,63230
2017,2800002,Northwest Mississippi nonmetropolitan area,6,28,97320,17090,19320,26960,40330,60590
2017,2800003,Southeast Mississippi nonmetropolitan area,6,28,149720,17250,19790,27890,42430,62150
2017,2800004,Southwest Mississippi nonmetropolitan area,6,28,71190,17220,19730,28690,45220,66550
2017,3000001,East Montana nonmetropolitan area,6,30,32850,19670,24690,35690,53740,75110
2017,3000002,Central Montana nonmetropolitan area,6,30,33190,18990,23000,33180,50950,73030
2017,3000003,Southwest Montana nonmetropolitan area,6,30,135140,19300,23860,34480,53050,76190
2017,3000004,West Montana nonmetropolitan area,6,30,73790,19210,23340,32160,47370,69210
2017,3700001,Southeast Coastal North Carolina nonmetropolitan area,6,37,247530,17560,20980,29770,44060,63070
2017,3700002,Northeast Coastal North Carolina nonmetropolitan area,6,37,93060,17430,20480,28750,42000,60820
2017,3700003,Piedmont North Carolina nonmetropolitan area,6,37,256490,17700,21420,30290,45290,63690
2017,3700004,Mountain North Carolina nonmetropolitan area,6,37,124870,17660,21160,29850,42920,61600
2017,3800001,Far West North Dakota nonmetropolitan area,6,38,60900,25300,34520,48050,62780,86320
2017,3800002,West Central North Dakota nonmetropolitan area,6,38,56690,21320,29140,41740,61170,86490
2017,3800003,East Central North Dakota nonmetropolitan area,6,38,40410,20380,26440,36620,50600,71350
2017,3800004,Far East North Dakota nonmetropolitan area,6,38,24510,20260,26880,36470,49030,65550
2017,3100001,Northwest Nebraska nonmetropolitan area,6,31,40180,19660,23200,32330,47870,69130
2017,3100002,Central Nebraska nonmetropolitan area,6,31,108360,19840,23790,32500,47500,68140
2017,3100003,Northeast Nebraska nonmetropolitan area,6,31,93610,19860,24020,33390,47270,66800
2017,3100004,Southeast Nebraska nonmetropolitan area,6,31,45230,19840,24310,33460,45990,65510
2017,3300001,Northern New Hampshire nonmetropolitan area,6,33,36590,18560,23280,32720,47220,67190
2017,3300002,Central New Hampshire nonmetropolitan area,6,33,96940,19900,26890,38520,57500,80740
2017,3300003,West Central New Hampshire nonmetropolitan area,6,33,64560,20750,27740,39220,61380,94390
2017,3300004,Southwest New Hampshire nonmetropolitan area,6,33,38080,19210,25110,36540,55020,81970
2017,3500001,North and West Central New Mexico nonmetropolitan area,6,35,61880,17610,20030,28640,43470,64440
2017,3500002,Eastern New Mexico nonmetropolitan area,6,35,127210,17900,21440,32110,50790,76020
2017,3500003,Southwestern New Mexico nonmetropolitan area,6,35,26570,17590,20090,30030,49260,75450
2017,3500004,"Los Alamos County, New Mexico nonmetropolitan area",6,35,16050,28620,55350,88890,129600,164270
2017,3200001,South Nevada nonmetropolitan area,6,32,51290,18510,23800,35200,55330,79610
2017,3200002,North Nevada nonmetropolitan area,6,32,42170,18960,25790,43490,65470,81980
2017,3600001,Capital/Northern New York nonmetropolitan area,6,36,144450,20380,24330,35000,52500,76270
2017,3600002,East Central New York nonmetropolitan area,6,36,34340,21090,26670,37820,55290,77810
2017,3600003,Central New York nonmetropolitan area,6,36,125870,20450,24410,35490,53570,78280
2017,3600004,Southwest New York nonmetropolitan area,6,36,180360,20220,23440,34730,52460,76750
2017,3900001,West Northwestern Ohio nonmetropolitan area,6,39,252860,19110,24480,35330,51280,69850
2017,3900002,North Northeastern Ohio non-metropolitan area (non-contiguous),6,39,331770,18850,22710,33010,48620,67830
2017,3900003,Eastern Ohio nonmetropolitan area,6,39,136170,18690,21850,31920,48370,69500
2017,3900004,Southern Ohio non-metropolitan area,6,39,157680,18590,21410,32630,49860,72340
2017,4000001,Northeast Oklahoma nonmetropolitan area,6,40,114530,17460,20560,29590,45640,69250
2017,4000002,Northwest Oklahoma nonmetropolitan area,6,40,95420,17620,21130,31300,47360,72080
2017,4000003,Southwest Oklahoma nonmetropolitan area,6,40,62110,17730,21640,32110,48070,71060
2017,4000004,Southeast Oklahoma nonmetropolitan area,6,40,168920,17640,21090,30480,44690,63910
2017,4100001,North Coast Oregon nonmetropolitan area,6,41,44370,21410,24470,32620,48510,72250
2017,4100002,South Coast Oregon nonmetropolitan area,6,41,65540,21420,24280,33630,48420,71050
2017,4100003,Central Oregon nonmetropolitan area,6,41,59650,21820,25160,34400,49910,75890
2017,4100004,Eastern Oregon nonmetropolitan area,6,41,69360,21600,24650,33400,49000,70300
2017,4200001,Western Pennsylvania nonmetropolitan area,6,42,152000,18060,22370,32810,50260,71810
2017,4200002,Northern Pennsylvania nonmetropolitan area,6,42,158890,18240,22710,32220,48130,69430
2017,4200003,Southern Pennsylvania nonmetropolitan area,6,42,190150,18170,22720,32470,47890,68240
2017,4400001,"New Shoreham Town, Rhode Island nonmetropolitan area",6,44,530,23860,29060,41050,52320,70110
2017,4500001,Low Country South Carolina nonmetropolitan area,6,45,47140,17200,19700,28960,45680,66650
2017,4500002,Upper Savannah South Carolina nonmetropolitan area,6,45,78110,17520,20900,31190,47540,67610
2017,4500003,Pee Dee South Carolina nonmetropolitan area,6,45,44490,17230,19760,28930,42460,60100
2017,4500004,Lower Savannah South Carolina nonmetropolitan area,6,45,53240,17490,20730,30240,46120,65160
2017,4600002,East South Dakota nonmetropolitan area,6,46,131410,19720,23820,31720,44870,63030
2017,4600003,West South Dakota nonmetropolitan area,6,46,61040,19470,22830,30350,43450,62110
2017,4700001,West Tennessee nonmetropolitan area,6,47,127640,17520,20800,30100,43650,61870
2017,4700002,South Central Tennessee nonmetropolitan area,6,47,105490,18100,22270,30650,44370,64510
2017,4700003,North Central Tennessee nonmetropolitan area,6,47,107520,17670,20980,29020,43150,63120
2017,4700004,East Tennessee nonmetropolitan area,6,47,132900,17580,20770,28770,41300,60060
2017,4800001,West Texas Region of Texas nonmetropolitan area,6,48,191200,18060,22710,33420,50400,74520
2017,4800002,North Texas Region of Texas nonmetropolitan area,6,48,269410,17780,21680,31370,46760,69100
2017,4800003,Big Thicket Region of Texas nonmetropolitan area,6,48,105130,17530,20690,30590,47010,67230
2017,4800004,Hill Country Region of Texas nonmetropolitan area,6,48,192900,18040,22360,32060,46690,67360
2017,4800005,Border Region of Texas nonmetropolitan area,6,48,56710,17230,19660,28700,47730,73710
2017,4800006,Coastal Plains Region of Texas nonmetropolitan area,6,48,143530,17530,21000,32300,49880,75190
2017,4900001,Wasatch Back nonmetropolitan area,6,49,33900,19080,23920,32020,48990,73870
2017,4900002,Central Utah nonmetropolitan area,6,49,20720,17540,21240,32910,50560,69380
2017,4900003,Southwest Utah nonmetropolitan area,6,49,23960,17720,21040,28870,42810,61640
2017,4900004,Eastern Utah nonmetropolitan area,6,49,41600,18820,24090,35410,54060,75920
2017,5100001,Southwest Virginia nonmetropolitan area,6,51,122000,17330,20160,29930,44140,63890
2017,5100002,Southside Virginia nonmetropolitan area,6,51,106680,17430,20600,30620,45740,67050
2017,5100003,Northeast Virginia nonmetropolitan area,6,51,49480,17970,22540,33450,57380,102410
2017,5100004,Northwest Virginia nonmetropolitan area,6,51,63420,17960,22760,32850,48440,72160
2017,5000001,Southern Vermont nonmetropolitan area,6,50,106860,22520,27100,36900,53660,76830
2017,5000002,Northern Vermont nonmetropolitan area,6,50,69810,22710,27870,38130,55820,78770
2017,5300001,Northwest Washington nonmetropolitan area,6,53,51610,24130,27550,37780,56180,77300
2017,5300002,Southwest Washington nonmetropolitan area,6,53,66050,23980,26680,36990,53090,75130
2017,5300003,Central Washington nonmetropolitan area,6,53,33280,23850,25870,35610,53350,77100
2017,5300004,East Washington nonmetropolitan area,6,53,60090,24110,27580,38020,56360,80290
2017,5500001,Northwestern Wisconsin nonmetropolitan area,6,55,48330,18490,23180,32500,46600,63580
2017,5500002,Northeastern Wisconsin nonmetropolitan area,6,55,201380,18670,23750,33920,49380,69950
2017,5500003,South Central Wisconsin nonmetropolitan area,6,55,208120,18350,23430,33730,48940,69440
2017,5500004,Western Wisconsin nonmetropolitan area,6,55,141270,19100,24700,34710,47990,65340
2017,5400001,Southern West Virginia nonmetropolitan area,6,54,74070,19030,20080,28470,43350,62410
2017,5400002,Northern West Virginia nonmetropolitan area,6,54,145140,19150,21060,30450,47480,69650
2017,5600001,Northwest Wyoming nonmetropolitan area,6,56,39160,19200,25580,36330,53020,72680
2017,5600002,Southwest Wyoming nonmetropolitan area,6,56,60090,21030,28730,40830,61800,88310
2017,5600003,Northeast Wyoming nonmetropolitan area,6,56,45950,20510,27690,40240,62390,79620
2017,5600004,Central-Southeast Wyoming nonmetropolitan area,6,56,36260,18960,24620,37020,57310,80130
2018,11260,"Anchorage, AK",4,02,171770,23740,31070,47170,74510,106510
2018,21820,"Fairbanks, AK",4,02,35410,24530,33120,49750,74200,98290
2018,11500,"Anniston-Oxford-Jacksonville, AL",4,01,43800,17520,20890,32130,48610,65060
2018,12220,"Auburn-Opelika, AL",4,01,57650,17330,20120,30310,47850,72480
2018,13820,"Birmingham-Hoover, AL",4,01,510560,18650,24060,37050,58080,85300
2018,19300,"Daphne-Fairhope-Foley, AL",4,01,72450,17830,21300,28960,43910,62520
2018,19460,"Decatur, AL",4,01,52690,17710,21360,31410,50650,73840
2018,20020,"Dothan, AL",4,01,57640,17470,20440,29810,46130,66910
2018,22520,"Florence-Muscle Shoals, AL",4,01,54340,17670,21290,30900,46190,65170
2018,23460,"Gadsden, AL",4,01,36160,17380,19960,28310,44520,61900
2018,26620,"Huntsville, AL",4,01,226330,18440,24080,39820,69650,116070
2018,33660,"Mobile, AL",4,01,173190,18180,23110,35310,54370,78380
2018,33860,"Montgomery, AL",4,01,164030,18030,22320,33670,51960,77700
2018,46220,"Tuscaloosa, AL",4,01,102020,17950,22200,33740,52280,72140
2018,22220,"Fayetteville-Springdale-Rogers, AR-MO",4,05,244900,19450,23680,34300,54760,84260
2018,22900,"Fort Smith, AR-OK",4,05,108310,18890,21670,29730,45420,65220
2018,26300,"Hot Springs, AR",4,05,35850,18810,20280,27260,40950,61930
2018,27860,"Jonesboro, AR",4,05,56650,18950,21350,30060,44830,64320
2018,30780,"Little Rock-North Little Rock-Conway, AR",4,05,346430,19250,23700,35140,54740,79930
2018,38220,"Pine Bluff, AR",4,05,30370,19100,22280,31830,48220,68730
2018,22380,"Flagstaff, AZ",4,04,61910,22050,24210,33650,53270,79760
2018,29420,"Lake Havasu City-Kingman, AZ",4,04,49340,21860,23990,31090,45700,69320
2018,38060,"Phoenix-Mesa-Scottsdale, AZ",4,04,2054550,22620,26010,37980,60110,93520
2018,39140,"Prescott, AZ",4,04,63710,22380,24730,33700,49410,73570
2018,43420,"Sierra Vista-Douglas, AZ",4,04,32240,22290,24340,36180,63710,94180
2018,46060,"Tucson, AZ",4,04,369480,22260,24680,35430,56370,87150
2018,49740,"Yuma, AZ",4,04,61260,21860,23310,29540,45570,75630
2018,12540,"Bakersfield, CA",4,06,307220,22920,24640,35450,61090,97420
2018,17020,"Chico, CA",4,06,81120,22840,25030,34730,54200,87560
2018,20940,"El Centro, CA",4,06,58590,22740,24180,32250,57010,89320
2018,23420,"Fresno, CA",4,06,376720,22890,24750,34390,56970,90250
2018,25260,"Hanford-Corcoran, CA",4,06,42900,22950,24780,36200,61900,90490
2018,31080,"Los Angeles-Long Beach-Anaheim, CA",4,06,6118830,23490,27210,40970,70830,113910
2018,31460,"Madera, CA",4,06,44980,22870,24500,32990,59000,94810
2018,32900,"Merced, CA",4,06,72510,22810,24620,35150,56620,90010
2018,33700,"Modesto, CA",4,06,184590,22910,25010,36210,55570,88680
2018,34900,"Napa, CA",4,06,75510,24160,29420,41780,66140,103630
2018,37100,"Oxnard-Thousand Oaks-Ventura, CA",4,06,313890,23310,26640,39260,65240,105190
2018,39820,"Redding, CA",4,06,66080,23030,25340,36700,59190,95630
2018,40140,"Riverside-San Bernardino-Ontario, CA",4,06,1493230,23080,25370,36610,58740,94110
2018,40900,"Sacramento--Roseville--Arden-Arcade, CA",4,06,984620,23480,27620,42950,71000,107030
2018,41500,"Salinas, CA",4,06,179660,23310,26000,35750,59450,95160
2018,41740,"San Diego-Carlsbad, CA",4,06,1463420,23660,28100,43390,72370,112820
2018,41860,"San Francisco-Oakland-Hayward, CA",4,06,2419090,25820,33240,54090,92820,145460
2018,41940,"San Jose-Sunnyvale-Santa Clara, CA",4,06,1119210,25870,35040,60110,108790,163260
2018,42020,"San Luis Obispo-Paso Robles-Arroyo Grande, CA",4,06,117450,23310,26260,37390,61340,97240
2018,42100,"Santa Cruz-Watsonville, CA",4,06,97890,23650,27860,40270,65240,104000
2018,42200,"Santa Maria-Santa Barbara, CA",4,06,187040,23360,26700,39340,65390,105510
2018,42220,"Santa Rosa, CA",4,06,205010,24250,29620,42150,66610,103960
2018,44700,"Stockton-Lodi, CA",4,06,246770,23140,25720,37330,58870,90910
2018,46700,"Vallejo-Fairfield, CA",4,06,138060,23500,27270,41340,67680,105280
2018,47300,"Visalia-Porterville, CA",4,06,153660,22670,24220,31680,48970,77340
2018,49700,"Yuba City, CA",4,06,44380,23050,25340,37450,62230,99860
2018,14500,"Boulder, CO",4,08,182160,23370,30720,49090,81510,127660
2018,17820,"Colorado Springs, CO",4,08,280940,21940,25830,38720,62450,98540
2018,19740,"Denver-Aurora-Lakewood, CO",4,08,1478110,22820,29290,45420,73300,112350
2018,22660,"Fort Collins, CO",4,08,160420,22230,26770,39240,62070,93550
2018,24300,"Grand Junction, CO",4,08,61670,21820,25210,36160,55490,80320
2018,24540,"Greeley, CO",4,08,103410,22520,27760,39370,57750,82710
2018,39380,"Pueblo, CO",4,08,59980,21440,24310,36000,54570,79360
2018,71950,"Bridgeport-Stamford-Norwalk, CT",4,09,416050,23480,29890,50450,83490,132180
2018,72850,"Danbury, CT",4,09,78240,23370,28770,43390,67810,101160
2018,73450,"Hartford-West Hartford-East Hartford, CT",4,09,584860,23560,30330,48820,76470,110360
2018,75700,"New Haven, CT",4,09,284270,23320,28690,44640,70770,103700
2018,76450,"Norwich-New London-Westerly, CT-RI",4,09,119260,22960,27860,43610,69470,99880
2018,78700,"Waterbury, CT",4,09,68110,22860,27000,39920,62830,91970
2018,47900,"Washington-Arlington-Alexandria, DC-VA-MD-WV",4,11,3135160,23030,31240,54680,95020,142050
2018,20100,"Dover, DE",4,10,63240,19840,24600,36060,55360,79420
2018,15980,"Cape Coral-Fort Myers, FL",4,12,265780,19420,23740,32930,50510,75270
2018,18880,"Crestview-Fort Walton Beach-Destin, FL",4,12,110570,19190,23440,33110,53780,81470
2018,19660,"Deltona-Daytona Beach-Ormond Beach, FL",4,12,196470,18870,22110,30470,45330,66510
2018,23540,"Gainesville, FL",4,12,133130,19050,23370,35080,56140,82500
2018,26140,"Homosassa Springs, FL",4,12,32310,18900,21970,30420,45400,67590
2018,27260,"Jacksonville, FL",4,12,686520,19590,24400,35790,56580,83860
2018,29460,"Lakeland-Winter Haven, FL",4,12,219840,19370,23680,33210,49980,72180
2018,33100,"Miami-Fort Lauderdale-West Palm Beach, FL",4,12,2590260,19260,24050,35780,57430,87830
2018,34940,"Naples-Immokalee-Marco Island, FL",4,12,146040,19890,25240,35160,52870,79980
2018,35840,"North Port-Sarasota-Bradenton, FL",4,12,295620,19460,24100,34090,51480,76650
2018,36100,"Ocala, FL",4,12,102650,18980,22310,30470,45360,65400
2018,36740,"Orlando-Kissimmee-Sanford, FL",4,12,1257240,19230,23040,33150,52500,82060
2018,37340,"Palm Bay-Melbourne-Titusville, FL",4,12,213840,19460,24160,35820,57770,95400
2018,37460,"Panama City, FL",4,12,82360,19000,22490,30850,47330,72820
2018,37860,"Pensacola-Ferry Pass-Brent, FL",4,12,174380,19070,22910,33120,50530,75130
2018,38940,"Port St. Lucie, FL",4,12,145080,19480,23950,34360,51530,76530
2018,39460,"Punta Gorda, FL",4,12,46990,19260,23370,31830,48380,71490
2018,42680,"Sebastian-Vero Beach, FL",4,12,51200,19250,23230,31620,47500,70600
2018,42700,"Sebring, FL",4,12,26500,18750,21370,27880,40030,61060
2018,45220,"Tallahassee, FL",4,12,172810,19220,23780,35510,53950,80000
2018,45300,"Tampa-St. Petersburg-Clearwater, FL",4,12,1312680,19460,24370,35910,57450,86910
2018,45540,"The Villages, FL",4,12,27300,18920,22260,31950,49030,71430
2018,10500,"Albany, GA",4,13,60190,17580,20750,30660,49890,72900
2018,12020,"Athens-Clarke County, GA",4,13,87980,18050,22610,33950,55060,83510
2018,12060,"Atlanta-Sandy Springs-Roswell, GA",4,13,2682910,18840,24650,39080,64320,102700
2018,12260,"Augusta-Richmond County, GA-SC",4,13,223380,17900,22300,34240,56070,82830
2018,15260,"Brunswick, GA",4,13,41950,17710,21170,30880,52890,82380
2018,17980,"Columbus, GA-AL",4,13,114920,17600,20900,31460,50650,78140
2018,19140,"Dalton, GA",4,13,64600,18170,23140,32410,45190,68410
2018,23580,"Gainesville, GA",4,13,87810,18770,23370,32310,50190,75150
2018,25980,"Hinesville, GA",4,13,18050,17980,22740,36430,53770,77600
2018,31420,"Macon, GA",4,13,99690,17740,21810,32750,50350,74190
2018,40660,"Rome, GA",4,13,37570,17980,22120,31740,51090,75990
2018,42340,"Savannah, GA",4,13,175540,18000,22470,34290,55240,80170
2018,46660,"Valdosta, GA",4,13,52630,17300,19940,28840,45170,67230
2018,47580,"Warner Robins, GA",4,13,71680,18000,22490,38380,59390,83300
2018,27980,"Kahului-Wailuku-Lahaina, HI",4,15,75350,23780,29890,41350,58230,81580
2018,46520,"Urban Honolulu, HI",4,15,466310,22780,29050,43840,67740,100410
2018,11180,"Ames, IA",4,19,43710,19130,24830,40530,61740,89880
2018,16300,"Cedar Rapids, IA",4,19,141170,19940,26780,39590,61390,88600
2018,19340,"Davenport-Moline-Rock Island, IA-IL",4,19,182780,19330,24560,36480,58680,85830
2018,19780,"Des Moines-West Des Moines, IA",4,19,368870,20840,27680,40950,62870,93880
2018,20220,"Dubuque, IA",4,19,57760,19240,25080,36280,54250,78880
2018,26980,"Iowa City, IA",4,19,92440,20220,26530,39870,60580,89500
2018,43580,"Sioux City, IA-NE-SD",4,19,84330,19750,25340,35150,49780,72670
2018,47940,"Waterloo-Cedar Falls, IA",4,19,87350,19320,24640,35400,50910,75290
2018,14260,"Boise City, ID",4,16,321520,19240,24610,35280,55370,82000
2018,17660,"Coeur d'Alene, ID",4,16,61580,18950,23660,33460,49980,75100
2018,26820,"Idaho Falls, ID",4,16,65910,18270,22600,32650,55110,85210
2018,30300,"Lewiston, ID-WA",4,16,26660,20240,25330,36670,53500,74430
2018,38540,"Pocatello, ID",4,16,33990,18180,22060,31450,48670,72850
2018,14010,"Bloomington, IL",4,17,89000,19500,24940,40620,67300,101530
2018,16060,"Carbondale-Marion, IL",4,17,52290,19270,22790,33220,53660,79560
2018,16580,"Champaign-Urbana, IL",4,17,99990,19930,25620,39190,60930,92590
2018,16980,"Chicago-Naperville-Elgin, IL-IN-WI",4,17,4641830,20500,26200,41210,69940,104350
2018,19180,"Danville, IL",4,17,26630,19320,24510,35590,52330,76640
2018,19500,"Decatur, IL",4,17,50200,19540,23410,35510,55170,80760
2018,28100,"Kankakee, IL",4,17,42880,19760,24400,35920,58150,80810
2018,37900,"Peoria, IL",4,17,170850,19660,24870,38410,63180,97330
2018,40420,"Rockford, IL",4,17,148810,19670,24550,35820,55650,78530
2018,44100,"Springfield, IL",4,17,103540,19670,24390,39010,63700,94450
2018,14020,"Bloomington, IN",4,18,69160,18480,23330,34410,52010,77740
2018,18020,"Columbus, IN",4,18,50850,19940,25470,36150,51960,75910
2018,21140,"Elkhart-Goshen, IN",4,18,138500,21280,26990,36050,52590,73560
2018,21780,"Evansville, IN-KY",4,18,156570,18950,24080,34710,52370,76460
2018,23060,"Fort Wayne, IN",4,18,216170,19230,24480,35950,54290,78030
2018,26900,"Indianapolis-Carmel-Anderson, IN",4,18,1040670,19590,25600,37750,59620,89380
2018,29020,"Kokomo, IN",4,18,39560,18220,23160,37920,59690,78870
2018,29200,"Lafayette-West Lafayette, IN",4,18,90720,18530,23800,35930,55980,77840
2018,33140,"Michigan City-La Porte, IN",4,18,39660,18190,22880,33190,48900,72170
2018,34620,"Muncie, IN",4,18,45350,17990,22260,33170,50970,77800
2018,43780,"South Bend-Mishawaka, IN-MI",4,18,133210,19380,24440,35520,54090,79310
2018,45460,"Terre Haute, IN",4,18,66770,18100,22310,32930,50720,73760
2018,29940,"Lawrence, KS",4,20,49350,18130,22830,32670,51080,77960
2018,31740,"Manhattan, KS",4,20,37700,17790,21460,31960,50240,77950
2018,45820,"Topeka, KS",4,20,109840,19130,24690,36700,53620,76140
2018,48620,"Wichita, KS",4,20,295970,18910,24190,35770,54940,79320
2018,14540,"Bowling Green, KY",4,21,74160,18290,22500,32690,48120,69200
2018,21060,"Elizabethtown-Fort Knox, KY",4,21,54790,18680,23610,35380,53080,76540
2018,30460,"Lexington-Fayette, KY",4,21,272980,18570,23640,35940,55500,78750
2018,31140,"Louisville/Jefferson County, KY-IN",4,21,652100,19100,24760,36350,55610,80510
2018,36980,"Owensboro, KY",4,21,52240,18250,23160,34740,52000,71510
2018,10780,"Alexandria, LA",4,22,60720,17640,20950,31290,48370,68310
2018,12940,"Baton Rouge, LA",4,22,395570,18120,23020,36500,56690,80700
2018,25220,"Hammond, LA",4,22,43180,17280,19780,28980,47350,66860
2018,26380,"Houma-Thibodaux, LA",4,22,84370,18180,22990,35730,53830,79200
2018,29180,"Lafayette, LA",4,22,196150,17730,21630,32400,49410,70780
2018,29340,"Lake Charles, LA",4,22,115950,18060,23010,37430,58520,78540
2018,33740,"Monroe, LA",4,22,77540,17400,20340,30040,46820,66410
2018,35380,"New Orleans-Metairie, LA",4,22,552720,17850,22040,34020,55320,82050
2018,43340,"Shreveport-Bossier City, LA",4,22,174660,17550,20950,31090,49420,70400
2018,70900,"Barnstable Town, MA",4,25,103530,24550,29050,41800,62830,94070
2018,71650,"Boston-Cambridge-Nashua, MA-NH",4,25,2758780,24960,32030,51510,83490,128260
2018,74500,"Leominster-Gardner, MA",4,25,52370,24340,27470,38360,60890,92210
2018,75550,"New Bedford, MA",4,25,65540,24270,26890,36920,60100,91930
2018,76600,"Pittsfield, MA",4,25,40380,24210,27140,38260,62490,94560
2018,78100,"Springfield, MA-CT",4,25,331340,24420,28470,40780,63750,95000
2018,79600,"Worcester, MA-CT",4,25,284590,24490,29190,42660,66400,97820
2018,12580,"Baltimore-Columbia-Towson, MD",4,24,1370990,20860,27780,44520,72390,109890
2018,15680,"California-Lexington Park, MD",4,24,46710,21210,30240,61840,103800,136510
2018,19060,"Cumberland, MD-WV",4,24,37250,19840,23200,34800,55070,77580
2018,25180,"Hagerstown-Martinsburg, MD-WV",4,24,103740,20180,24760,36380,54130,81360
2018,41540,"Salisbury, MD-DE",4,24,160520,19890,23440,31970,50520,77540
2018,70750,"Bangor, ME",4,23,65080,21160,24710,34890,51460,77620
2018,74650,"Lewiston-Auburn, ME",4,23,48540,21530,25430,35210,50560,73430
2018,76750,"Portland-South Portland, ME",4,23,208520,22320,27940,39670,60930,91700
2018,11460,"Ann Arbor, MI",4,26,218510,20870,26470,41390,66910,103380
2018,12980,"Battle Creek, MI",4,26,53750,20320,25710,37630,59110,81950
2018,13020,"Bay City, MI",4,26,33350,19730,22450,32230,52360,80140
2018,19820,"Detroit-Warren-Dearborn, MI",4,26,1971940,20290,26020,40600,67310,101190
2018,22420,"Flint, MI",4,26,137420,19810,23120,34830,58730,81490
2018,24340,"Grand Rapids-Wyoming, MI",4,26,567840,20880,25860,36050,54800,79150
2018,27100,"Jackson, MI",4,26,57200,20090,24960,37890,60440,92070
2018,28020,"Kalamazoo-Portage, MI",4,26,141750,20110,24330,35900,56940,82710
2018,29620,"Lansing-East Lansing, MI",4,26,215250,20100,25330,38800,61880,87900
2018,33220,"Midland, MI",4,26,34780,19920,24260,38010,63490,102730
2018,33780,"Monroe, MI",4,26,37710,19840,23410,33830,54390,82880
2018,34740,"Muskegon, MI",4,26,63790,20040,23690,33760,50750,73090
2018,35660,"Niles-Benton Harbor, MI",4,26,61680,19860,23410,33220,52160,78040
2018,40980,"Saginaw, MI",4,26,85400,19970,23360,33860,53040,75160
2018,20260,"Duluth, MN-WI",4,27,127660,21460,25760,38020,58010,80340
2018,31860,"Mankato-North Mankato, MN",4,27,52630,21680,25760,37520,55330,78430
2018,33460,"Minneapolis-St. Paul-Bloomington, MN-WI",4,27,1956300,23010,29900,45520,71220,104300
2018,40340,"Rochester, MN",4,27,116600,22300,28020,42240,68910,100430
2018,41060,"St. Cloud, MN",4,27,105110,22370,27930,39280,56270,78930
2018,16020,"Cape Girardeau, MO-IL",4,29,42720,18390,21710,30670,47310,66660
2018,17860,"Columbia, MO",4,29,94210,18820,23260,35070,55320,82200
2018,27620,"Jefferson City, MO",4,29,75050,19190,24650,34630,50090,73120
2018,27900,"Joplin, MO",4,29,79940,18560,22140,31490,45850,64300
2018,28140,"Kansas City, MO-KS",4,29,1061410,19670,26150,39280,61830,92560
2018,41140,"St. Joseph, MO-KS",4,29,53900,19110,24200,34130,49700,73210
2018,41180,"St. Louis, MO-IL",4,29,1363160,19780,25320,38870,62000,92540
2018,44180,"Springfield, MO",4,29,206070,18800,22920,33060,49460,72900
2018,25060,"Gulfport-Biloxi-Pascagoula, MS",4,28,150080,17710,21700,34560,54540,78260
2018,25620,"Hattiesburg, MS",4,28,62620,17460,20190,28890,45200,66080
2018,27140,"Jackson, MS",4,28,262380,18080,22490,33140,51690,77860
2018,13740,"Billings, MT",4,30,85410,20350,25510,36980,57120,81250
2018,24500,"Great Falls, MT",4,30,34950,19350,22980,31830,48400,71790
2018,33540,"Missoula, MT",4,30,60130,19090,23390,33470,51610,75260
2018,11700,"Asheville, NC",4,37,194660,19100,24000,33400,49810,73460
2018,15500,"Burlington, NC",4,37,61140,17810,21530,30840,46620,69280
2018,16740,"Charlotte-Concord-Gastonia, NC-SC",4,37,1214980,19070,24910,38050,60490,97270
2018,20500,"Durham-Chapel Hill, NC",4,37,308480,20570,29000,45640,73790,117500
2018,22180,"Fayetteville, NC",4,37,128940,18010,22160,33620,51400,79420
2018,24140,"Goldsboro, NC",4,37,41610,18050,22230,31430,46060,66020
2018,24660,"Greensboro-High Point, NC",4,37,361150,18400,23320,34900,53310,79560
2018,24780,"Greenville, NC",4,37,76580,18080,22590,34070,53950,78950
2018,25860,"Hickory-Lenoir-Morganton, NC",4,37,154110,18750,23520,32480,47320,65920
2018,27340,"Jacksonville, NC",4,37,47050,17400,20210,28450,45660,65620
2018,35100,"New Bern, NC",4,37,43590,18020,22620,34840,55180,78260
2018,39580,"Raleigh, NC",4,37,629570,19090,25340,39460,64040,101470
2018,40580,"Rocky Mount, NC",4,37,54830,17960,21860,30850,45910,65640
2018,48900,"Wilmington, NC",4,37,127910,18160,22610,33860,51590,78690
2018,49180,"Winston-Salem, NC",4,37,264480,18350,23410,35090,54160,81460
2018,13900,"Bismarck, ND",4,38,69720,22970,29830,41410,60380,83670
2018,22020,"Fargo, ND-MN",4,38,138000,21770,28280,39560,59360,84760
2018,24220,"Grand Forks, ND-MN",4,38,49050,20840,26370,37430,55120,78430
2018,24260,"Grand Island, NE",4,31,41970,20610,25450,35180,49110,72910
2018,30700,"Lincoln, NE",4,31,179040,20530,26020,37960,57090,80420
2018,36540,"Omaha-Council Bluffs, NE-IA",4,31,490060,21050,26490,38410,59710,86730
2018,73050,"Dover-Durham, NH-ME",4,33,51990,21270,27540,39830,63180,98560
2018,74950,"Manchester, NH",4,33,114140,20920,28010,41510,64900,97600
2018,76900,"Portsmouth, NH-ME",4,33,94250,21840,28900,43970,69900,105400
2018,12100,"Atlantic City-Hammonton, NJ",4,34,125660,19470,23900,35460,60570,92750
2018,36140,"Ocean City, NJ",4,34,39040,20330,24380,33700,52800,78780
2018,45940,"Trenton, NJ",4,34,231400,22000,30700,51920,80840,116990
2018,47220,"Vineland-Bridgeton, NJ",4,34,60110,19810,24570,38570,60090,84480
2018,10740,"Albuquerque, NM",4,35,386050,18850,23570,34930,56700,89570
2018,22140,"Farmington, NM",4,35,48270,18280,22230,34410,55310,80450
2018,29740,"Las Cruces, NM",4,35,70430,18050,21110,30190,52790,83180
2018,42140,"Santa Fe, NM",4,35,61590,19800,25990,36700,55760,79680
2018,16180,"Carson City, NV",4,32,29080,20550,28010,42000,62330,90270
2018,29820,"Las Vegas-Henderson-Paradise, NV",4,32,986850,18970,24270,34900,54160,83440
2018,39900,"Reno, NV",4,32,233140,19680,25440,36440,57480,82780
2018,10580,"Albany-Schenectady-Troy, NY",4,36,451810,23280,28510,43340,67010,98340
2018,13780,"Binghamton, NY",4,36,100110,22390,24970,35880,57940,87310
2018,15380,"Buffalo-Cheektowaga-Niagara Falls, NY",4,36,551090,22690,25730,38010,60270,89260
2018,21300,"Elmira, NY",4,36,35060,22510,25310,36750,56950,78730
2018,24020,"Glens Falls, NY",4,36,52720,22710,25570,35750,53860,78930
2018,27060,"Ithaca, NY",4,36,49710,23470,29230,44350,68280,108910
2018,28740,"Kingston, NY",4,36,60720,22890,26400,37860,59000,86040
2018,35620,"New York-Newark-Jersey City, NY-NJ-PA",4,36,9498420,22780,28680,47080,79960,126570
2018,40380,"Rochester, NY",4,36,514570,22950,26780,39230,61780,90810
2018,45060,"Syracuse, NY",4,36,303830,22870,26830,39730,62310,92200
2018,46540,"Utica-Rome, NY",4,36,124550,22400,25080,36290,55880,81280
2018,48060,"Watertown-Fort Drum, NY",4,36,39990,22480,24860,36010,55320,80140
2018,10420,"Akron, OH",4,39,327510,19460,24960,37510,59980,87400
2018,15940,"Canton-Massillon, OH",4,39,169950,19060,22840,33610,51380,75560
2018,17140,"Cincinnati, OH-KY-IN",4,39,1071650,19500,25340,38370,60900,92290
2018,17460,"Cleveland-Elyria, OH",4,39,1035770,19710,25310,38980,61970,90870
2018,18140,"Columbus, OH",4,39,1051570,20020,25950,39300,62650,94680
2018,19380,"Dayton, OH",4,39,377930,19400,24690,38020,62160,94650
2018,30620,"Lima, OH",4,39,50390,19060,23520,35380,54920,78370
2018,31900,"Mansfield, OH",4,39,51050,19040,22700,32680,48580,67560
2018,44220,"Springfield, OH",4,39,47740,19270,23850,35300,54790,77060
2018,45780,"Toledo, OH",4,39,296160,19180,23950,36040,55800,79510
2018,49660,"Youngstown-Warren-Boardman, OH-PA",4,39,214000,18780,22180,32690,50590,73020
2018,21420,"Enid, OK",4,40,24880,18180,23310,34150,52290,76040
2018,30020,"Lawton, OK",4,40,43200,17640,21200,30750,50240,68540
2018,36420,"Oklahoma City, OK",4,40,617190,18640,24260,36500,57750,84790
2018,46140,"Tulsa, OK",4,40,433520,18570,24240,35890,54970,82500
2018,10540,"Albany, OR",4,41,45860,23030,26730,36970,54660,78610
2018,13460,"Bend-Redmond, OR",4,41,83160,23170,27220,37280,56680,86110
2018,18700,"Corvallis, OR",4,41,36800,22890,26430,40020,63650,99720
2018,21660,"Eugene, OR",4,41,157150,22900,26360,36740,55890,83810
2018,24420,"Grants Pass, OR",4,41,26240,22470,24760,32410,44790,70120
2018,32780,"Medford, OR",4,41,85730,22920,26380,36000,52650,80400
2018,38900,"Portland-Vancouver-Hillsboro, OR-WA",4,41,1190180,24250,29670,43420,69650,103640
2018,41420,"Salem, OR",4,41,170130,22940,26420,38030,59430,88750
2018,10900,"Allentown-Bethlehem-Easton, PA-NJ",4,42,363230,19790,25870,37260,58160,85570
2018,11020,"Altoona, PA",4,42,58370,18120,22370,32410,48470,70380
2018,14100,"Bloomsburg-Berwick, PA",4,42,40670,19100,25100,36850,57190,81620
2018,16540,"Chambersburg-Waynesboro, PA",4,42,57840,19170,25150,36870,52770,75440
2018,20700,"East Stroudsburg, PA",4,42,55120,18120,22570,32800,51340,75330
2018,21500,"Erie, PA",4,42,123760,18290,22670,32110,49700,73840
2018,23900,"Gettysburg, PA",4,42,33020,19090,24280,34510,48850,72940
2018,25420,"Harrisburg-Carlisle, PA",4,42,324960,19800,26420,39320,61640,89290
2018,27780,"Johnstown, PA",4,42,51040,17930,22110,32140,50050,73220
2018,29540,"Lancaster, PA",4,42,245480,19590,25320,36380,53490,77630
2018,30140,"Lebanon, PA",4,42,49400,19040,24490,34190,51110,73060
2018,37980,"Philadelphia-Camden-Wilmington, PA-NJ-DE-MD",4,42,2848650,20420,27300,42580,69500,106040
2018,38300,"Pittsburgh, PA",4,42,1145060,19310,25990,38980,61570,92200
2018,39740,"Reading, PA",4,42,176700,19350,25410,38010,58920,88030
2018,42540,"Scranton--Wilkes-Barre--Hazleton, PA",4,42,259670,19020,24350,34670,51490,75660
2018,44300,"State College, PA",4,42,69210,19280,25090,37690,60220,88910
2018,48700,"Williamsport, PA",4,42,52030,18490,23520,34480,52480,78280
2018,49620,"York-Hanover, PA",4,42,181110,19430,25660,37480,56790,83960
2018,77200,"Providence-Warwick, RI-MA",4,44,577900,23410,27370,40860,65960,98400
2018,16700,"Charleston-North Charleston, SC",4,45,347760,18470,24020,36240,56800,84080
2018,17900,"Columbia, SC",4,45,379770,18500,23510,35140,54690,79920
2018,22500,"Florence, SC",4,45,86490,17630,20840,30500,48820,74460
2018,24860,"Greenville-Anderson-Mauldin, SC",4,45,413300,18520,23510,34420,52090,78670
2018,25940,"Hilton Head Island-Bluffton-Beaufort, SC",4,45,75490,18080,22150,30870,48790,73520
2018,34820,"Myrtle Beach-Conway-North Myrtle Beach, SC-NC",4,45,162920,17560,20470,27810,42440,65200
2018,43900,"Spartanburg, SC",4,45,153660,18800,24450,35390,52360,75610
2018,44940,"Sumter, SC",4,45,36820,17640,21240,30940,47990,70370
2018,39660,"Rapid City, SD",4,46,65850,20060,23860,32640,48370,70410
2018,43620,"Sioux Falls, SD",4,46,155010,20870,25920,35410,51970,76220
2018,16860,"Chattanooga, TN-GA",4,47,246180,18550,23460,34420,52330,78270
2018,17300,"Clarksville, TN-KY",4,47,86100,17920,21940,31560,48190,71410
2018,17420,"Cleveland, TN",4,47,46100,18150,22350,31110,46380,65330
2018,27180,"Jackson, TN",4,47,65310,18160,22770,32840,48990,70540
2018,27740,"Johnson City, TN",4,47,77020,17670,21280,31980,49560,77530
2018,28700,"Kingsport-Bristol-Bristol, TN-VA",4,47,116150,18090,22620,33700,52700,76540
2018,28940,"Knoxville, TN",4,47,383890,18350,23210,34640,53920,82370
2018,32820,"Memphis, TN-MS-AR",4,47,623120,18450,23180,34550,54190,79190
2018,34100,"Morristown, TN",4,47,44240,18210,22400,31590,45950,62700
2018,34980,"Nashville-Davidson--Murfreesboro--Franklin, TN",4,47,968600,19210,25780,37680,57770,85330
2018,10180,"Abilene, TX",4,48,64300,18090,22100,32360,49660,73040
2018,11100,"Amarillo, TX",4,48,114830,18610,23350,34750,53970,78000
2018,12420,"Austin-Round Rock, TX",4,48,1028500,20500,26800,40070,65520,102170
2018,13140,"Beaumont-Port Arthur, TX",4,48,159560,18320,24020,38180,61120,90650
2018,15180,"Brownsville-Harlingen, TX",4,48,138510,17200,19540,24550,41790,65040
2018,17780,"College Station-Bryan, TX",4,48,114040,18660,23640,35520,55920,88610
2018,18580,"Corpus Christi, TX",4,48,187540,18240,22720,34120,55790,79040
2018,19100,"Dallas-Fort Worth-Arlington, TX",4,48,3568180,19530,25570,39230,63860,99820
2018,21340,"El Paso, TX",4,48,304900,17260,19750,28270,48200,75760
2018,26420,"Houston-The Woodlands-Sugar Land, TX",4,48,2982420,19240,25200,39630,64850,103140
2018,28660,"Killeen-Temple, TX",4,48,138520,18350,22840,33640,51370,78260
2018,29700,"Laredo, TX",4,48,99900,17440,20160,28260,48580,74650
2018,30980,"Longview, TX",4,48,91920,18280,22890,33740,51220,74830
2018,31180,"Lubbock, TX",4,48,142240,18000,22230,32770,51790,77940
2018,32580,"McAllen-Edinburg-Mission, TX",4,48,260260,17290,19710,25700,44170,66480
2018,33260,"Midland, TX",4,48,101580,20480,28990,42230,63790,102310
2018,36220,"Odessa, TX",4,48,76540,20140,27300,39130,56310,78180
2018,41660,"San Angelo, TX",4,48,45880,17760,21430,31120,48480,71790
2018,41700,"San Antonio-New Braunfels, TX",4,48,1011640,19050,23930,35240,57100,85540
2018,43300,"Sherman-Denison, TX",4,48,44890,18230,22980,33040,51240,74340
2018,45500,"Texarkana, TX-AR",4,48,55680,18430,21860,33520,50850,68360
2018,46340,"Tyler, TX",4,48,101740,18090,22310,32880,51230,76450
2018,47020,"Victoria, TX",4,48,39450,18190,23230,34330,51640,75630
2018,47380,"Waco, TX",4,48,116430,18650,23150,33050,51770,77420
2018,48660,"Wichita Falls, TX",4,48,57020,17690,21200,31400,48810,71910
2018,30860,"Logan, UT-ID",4,49,56780,18570,22870,31490,47770,71570
2018,36260,"Ogden-Clearfield, UT",4,49,254400,19150,24980,36350,57150,83960
2018,39340,"Provo-Orem, UT",4,49,243520,19380,24370,34920,57760,92620
2018,41100,"St. George, UT",4,49,64850,18730,23180,31760,48800,69330
2018,41620,"Salt Lake City, UT",4,49,713060,20880,27150,38700,61420,94010
2018,13980,"Blacksburg-Christiansburg-Radford, VA",4,51,70060,18200,22920,34680,52690,79880
2018,16820,"Charlottesville, VA",4,51,113010,20440,27130,41170,65180,101640
2018,25500,"Harrisonburg, VA",4,51,63830,18980,24160,33500,49710,74010
2018,31340,"Lynchburg, VA",4,51,100420,17940,22140,32990,50450,77790
2018,40060,"Richmond, VA",4,51,645380,19190,25500,39580,62300,96210
2018,40220,"Roanoke, VA",4,51,153550,18730,24120,34870,51600,77550
2018,44420,"Staunton-Waynesboro, VA",4,51,47920,18740,24160,35750,51130,74040
2018,47260,"Virginia Beach-Norfolk-Newport News, VA-NC",4,51,754600,18530,24150,38130,60730,89310
2018,49020,"Winchester, VA-WV",4,51,58840,19470,24780,36340,54990,83020
2018,72400,"Burlington-South Burlington, VT",4,50,122920,24230,30220,42670,63390,95390
2018,13380,"Bellingham, WA",4,53,88580,24880,28930,39630,59360,84160
2018,14740,"Bremerton-Silverdale, WA",4,53,88620,24890,30220,46480,69260,95480
2018,28420,"Kennewick-Richland, WA",4,53,114100,24630,27840,40340,68350,103750
2018,31020,"Longview, WA",4,53,37540,24630,27910,40430,60420,84390
2018,34580,"Mount Vernon-Anacortes, WA",4,53,47530,24850,29320,40360,61130,85160
2018,36500,"Olympia-Tumwater, WA",4,53,112820,24950,29900,44370,67730,93610
2018,42660,"Seattle-Tacoma-Bellevue, WA",4,53,1984320,26560,34240,50860,81390,124250
2018,44060,"Spokane-Spokane Valley, WA",4,53,235940,24710,28160,38840,59720,84290
2018,47460,"Walla Walla, WA",4,53,25350,24880,28870,39220,60010,84320
2018,48300,"Wenatchee, WA",4,53,47100,24640,26780,35450,54540,80810
2018,49420,"Yakima, WA",4,53,92880,24520,26510,35250,51080,75230
2018,11540,"Appleton, WI",4,55,122160,20010,26510,38010,55990,79980
2018,20740,"Eau Claire, WI",4,55,82940,19260,24650,35450,52320,75500
2018,22540,"Fond du Lac, WI",4,55,45000,19160,25950,38520,56240,78800
2018,24580,"Green Bay, WI",4,55,174270,19750,26300,37840,55580,77570
2018,27500,"Janesville-Beloit, WI",4,55,66410,18870,24810,36320,54560,79440
2018,29100,"La Crosse-Onalaska, WI-MN",4,55,75440,19320,25010,36870,56150,79700
2018,31540,"Madison, WI",4,55,392260,21510,29420,42770,65620,95290
2018,33340,"Milwaukee-Waukesha-West Allis, WI",4,55,848510,19970,26160,39320,62590,93220
2018,36780,"Oshkosh-Neenah, WI",4,55,93090,20450,27420,39030,57270,78050
2018,39540,"Racine, WI",4,55,77140,19170,24500,35980,53620,78530
2018,43100,"Sheboygan, WI",4,55,59790,19380,26210,39320,55880,79520
2018,48140,"Wausau, WI",4,55,71220,20700,27320,37880,53780,78000
2018,13220,"Beckley, WV",4,54,42430,19380,21230,30100,46650,67230
2018,16620,"Charleston, WV",4,54,111600,19560,23450,34750,54320,78870
2018,26580,"Huntington-Ashland, WV-KY-OH",4,54,130750,19250,22180,32770,52300,75660
2018,34060,"Morgantown, WV",4,54,66230,19530,23380,35720,58630,81970
2018,37620,"Parkersburg-Vienna, WV",4,54,37290,19410,21390,30270,49330,76990
2018,48260,"Weirton-Steubenville, WV-OH",4,54,37050,19320,22000,31040,51780,75880
2018,48540,"Wheeling, WV-OH",4,54,61610,19410,22530,32510,52740,75110
2018,16220,"Casper, WY",4,56,38240,20730,27550,40530,59930,82360
2018,16940,"Cheyenne, WY",4,56,45280,20680,27480,39760,60510,83070
2018,0200006,Alaska nonmetropolitan area,6,02,106140,24950,33120,48510,71710,99570
2018,0100001,Northwest Alabama nonmetropolitan area,6,01,64900,17970,21820,30300,43100,60260
2018,0100002,Northeast Alabama nonmetropolitan area,6,01,145670,17740,21170,29520,44910,61920
2018,0100003,Southwest Alabama nonmetropolitan area,6,01,68060,17470,20730,30530,47720,68110
2018,0100004,Southeast Alabama nonmetropolitan area,6,01,84300,17630,20750,29750,49220,72440
2018,0500001,North Arkansas nonmetropolitan area,6,05,115380,18920,20860,28520,41540,61010
2018,0500002,East Arkansas nonmetropolitan area,6,05,68960,18890,21050,30010,44300,61620
2018,0500003,West Arkansas nonmetropolitan area,6,05,89610,18990,21420,29430,42410,61790
2018,0500004,South Arkansas nonmetropolitan area,6,05,96230,18920,21110,29830,44420,62490
2018,0400001,Arizona nonmetropolitan area,6,04,91600,22230,24750,35760,53510,79870
2018,0600003,North Coast Region of California nonmetropolitan area,6,06,105800,23200,25680,36260,56000,84290
2018,0600006,Eastern Sierra-Mother Lode Region of California nonmetropolitan area,6,06,59000,23340,26710,38000,59730,90490
2018,0600007,North Valley-Northern Mountains Region of California nonmetropolitan area,6,06,99070,23480,27150,38420,58520,87860
2018,0800001,Eastern and Southern Colorado nonmetropolitan area,6,08,67750,21590,24110,32570,47330,68890
2018,0800002,Southwest Colorado nonmetropolitan area,6,08,98990,21780,25530,36150,52210,74610
2018,0800003,Northwest Colorado nonmetropolitan area,6,08,120110,22820,29330,39860,58610,82120
2018,0900001,Connecticut nonmetropolitan area,6,09,33010,23270,28550,40760,62070,88990
2018,1200003,South Florida nonmetropolitan area,6,12,75240,19140,23060,32050,46560,65820
2018,1200006,North Florida nonmetropolitan area,6,12,118880,18930,22370,30950,43410,62980
2018,1300001,North Georgia nonmetropolitan area,6,13,167880,18060,21930,29900,42740,64010
2018,1300002,Middle Georgia nonmetropolitan area,6,13,127530,17600,20930,30420,46480,66020
2018,1300003,East Georgia nonmetropolitan area,6,13,85310,17230,19670,28460,43070,64880
2018,1300004,South Georgia nonmetropolitan area,6,13,185770,17550,20600,29050,44530,65290
2018,1500001,Hawaii / Kauai nonmetropolitan area,6,15,100130,22900,28370,38590,56030,79980
2018,1900001,Northeast Iowa nonmetropolitan area,6,19,101010,19060,24940,34530,49090,68570
2018,1900002,Northwest Iowa nonmetropolitan area,6,19,136160,19480,25660,35310,49730,69620
2018,1900003,Southwest Iowa nonmetropolitan area,6,19,83450,19070,24740,34320,48410,66710
2018,1900004,Southeast Iowa nonmetropolitan area,6,19,226690,19080,25000,35760,50570,71610
2018,1600006,Northwestern Idaho nonmetropolitan area,6,16,68620,18560,23530,33490,49570,72650
2018,1600007,Southeast-Central Idaho nonmetropolitan area,6,16,128270,18210,22920,33490,49830,71240
2018,1700001,Northwest Illinois nonmetropolitan area,6,17,136030,19370,23590,35010,53530,77320
2018,1700002,West Central Illinois nonmetropolitan area,6,17,173910,19100,23000,33900,50840,73590
2018,1700003,East Central Illinois nonmetropolitan area,6,17,119120,19280,23280,33650,49390,75090
2018,1700004,South Illinois nonmetropolitan area,6,17,90740,19170,23170,35370,52620,75290
2018,1800001,Northern Indiana nonmetropolitan area,6,18,216670,18870,24220,33700,46870,66180
2018,1800002,Central Indiana nonmetropolitan area,6,18,159500,18760,23480,33220,47950,66500
2018,1800003,Southern Indiana nonmetropolitan area,6,18,187890,18870,24300,34510,50920,71420
2018,2000006,Kansas nonmetropolitan area,6,20,392340,18220,22890,32350,46830,66220
2018,2100001,West Kentucky nonmetropolitan area,6,21,150160,18080,22240,32060,48840,69550
2018,2100002,South Central Kentucky nonmetropolitan area,6,21,170820,18040,21960,30300,44200,61980
2018,2100003,Central Kentucky nonmetropolitan area,6,21,178620,18310,23030,33770,49940,71540
2018,2100004,East Kentucky nonmetropolitan area,6,21,100060,17630,20940,30450,46820,64650
2018,2200002,Central Louisiana nonmetropolitan area,6,22,77900,17220,19580,29870,47590,66580
2018,2200003,Northeast Louisiana nonmetropolitan area,6,22,65490,16970,18970,27000,43730,63920
2018,2200006,Southwest Louisiana nonmetropolitan area,6,22,69520,17490,20450,31220,48340,68100
2018,2500006,Massachusetts nonmetropolitan area,6,25,60250,24520,28640,40360,61580,90450
2018,2400006,Maryland nonmetropolitan area,6,24,60320,20120,24390,35180,54060,79080
2018,2300001,Northeast Maine nonmetropolitan area,6,23,71280,21080,24830,33720,47930,66830
2018,2300002,Southwest Maine nonmetropolitan area,6,23,191210,21480,26030,36450,53310,74640
2018,2600001,Upper Peninsula of Michigan nonmetropolitan area,6,26,112210,19830,23740,34510,52380,73550
2018,2600002,Northeast Lower Peninsula of Michigan nonmetropolitan area,6,26,74820,19790,22390,30280,45970,67270
2018,2600003,Northwest Lower Peninsula of Michigan nonmetropolitan area,6,26,122880,20130,24550,34080,50850,73810
2018,2600004,Balance of Lower Peninsula of Michigan nonmetropolitan area,6,26,272140,19950,23970,33560,49740,71910
2018,2700001,Northwest Minnesota nonmetropolitan area,6,27,191350,21800,26660,36720,51990,74490
2018,2700002,Northeast Minnesota nonmetropolitan area,6,27,43800,21010,24860,35470,53230,76260
2018,2700003,Southwest Minnesota nonmetropolitan area,6,27,123040,21660,26510,36400,51190,73270
2018,2700004,Southeast Minnesota nonmetropolitan area,6,27,157520,21900,26700,37240,54050,77670
2018,2900001,Central Missouri nonmetropolitan area,6,29,158080,18400,21720,30000,44000,64040
2018,2900002,North Missouri nonmetropolitan area,6,29,109690,18520,22390,31300,44150,63360
2018,2900003,Southeast Missouri nonmetropolitan area,6,29,164150,18150,20880,29100,42220,62120
2018,2900004,Southwest Missouri nonmetropolitan area,6,29,75660,18280,20990,27800,42670,62970
2018,2800001,Northeast Mississippi nonmetropolitan area,6,28,233090,17580,20870,30190,44690,63870
2018,2800002,Northwest Mississippi nonmetropolitan area,6,28,96170,17250,19760,28160,41930,62160
2018,2800003,Southeast Mississippi nonmetropolitan area,6,28,149990,17450,20300,28870,43710,63600
2018,2800004,Southwest Mississippi nonmetropolitan area,6,28,71730,17390,20150,29560,45680,68990
2018,3000003,Southwest Montana nonmetropolitan area,6,30,137660,19570,24750,35690,54060,77270
2018,3000004,West Montana nonmetropolitan area,6,30,75320,19720,24120,33080,48550,70980
2018,3000006,East-Central Montana nonmetropolitan area,6,30,65600,19720,24710,36040,54280,76580
2018,3700001,Southeast Coastal North Carolina nonmetropolitan area,6,37,249400,17750,21500,30540,45270,64030
2018,3700002,Northeast Coastal North Carolina nonmetropolitan area,6,37,93970,17670,21140,29750,43890,62510
2018,3700003,Piedmont North Carolina nonmetropolitan area,6,37,259000,17960,22130,31070,46760,65540
2018,3700004,Mountain North Carolina nonmetropolitan area,6,37,126900,18000,22020,30660,44010,63060
2018,3800006,West North Dakota nonmetropolitan area,6,38,121160,23640,32660,46780,63170,88180
2018,3800007,East North Dakota nonmetropolitan area,6,38,64900,21160,27630,37400,51510,72770
2018,3100001,Northwest Nebraska nonmetropolitan area,6,31,40100,20130,24370,33570,49260,71520
2018,3100003,Northeast Nebraska nonmetropolitan area,6,31,92730,20380,25170,35070,49430,70180
2018,3100006,South Nebraska nonmetropolitan area,6,31,151530,20270,24740,33490,47850,69490
2018,3300001,Northern New Hampshire nonmetropolitan area,6,33,35910,19170,23920,33380,48290,69710
2018,3300002,Central New Hampshire nonmetropolitan area,6,33,96630,20320,26930,38980,58510,82400
2018,3300006,West Central-Southwest New Hampshire nonmetropolitan area,6,33,102090,20980,27590,39210,60330,91950
2018,3500006,Northern New Mexico nonmetropolitan area,6,35,80030,17960,21650,33540,58950,104500
2018,3500007,Eastern New Mexico nonmetropolitan area,6,35,158230,18110,21980,32560,51210,76870
2018,3200006,Nevada nonmetropolitan area,6,32,96240,18890,24830,38970,61640,81510
2018,3600001,Capital/Northern New York nonmetropolitan area,6,36,146260,22540,25600,36770,54950,79310
2018,3600004,Southwest New York nonmetropolitan area,6,36,184740,22240,24730,35800,53350,78010
2018,3600006,Central East New York nonmetropolitan area,6,36,160180,22640,25840,37120,56150,80210
2018,3900001,West Northwestern Ohio nonmetropolitan area,6,39,257400,19390,25250,36130,52260,72320
2018,3900002,North Northeastern Ohio non-metropolitan area (non-contiguous),6,39,334820,19190,23730,33890,49080,69680
2018,3900003,Eastern Ohio nonmetropolitan area,6,39,135830,18970,23020,33560,50770,73010
2018,3900004,Southern Ohio non-metropolitan area,6,39,158130,18850,22160,33160,50680,74760
2018,4000001,Northeast Oklahoma nonmetropolitan area,6,40,115410,17610,20880,30040,46290,70710
2018,4000002,Northwest Oklahoma nonmetropolitan area,6,40,96360,17920,22000,33050,49720,76210
2018,4000003,Southwest Oklahoma nonmetropolitan area,6,40,63810,18000,22490,33130,48690,71510
2018,4000004,Southeast Oklahoma nonmetropolitan area,6,40,169160,17710,21260,30850,45070,64110
2018,4100006,Coast Oregon nonmetropolitan area,6,41,113060,22630,25280,34330,49290,72650
2018,4100007,Central Oregon nonmetropolitan area,6,41,62770,22820,25880,35040,50690,77160
2018,4100008,Eastern Oregon nonmetropolitan area,6,41,70270,22550,25130,33910,50000,72280
2018,4200001,Western Pennsylvania nonmetropolitan area,6,42,151770,18290,23000,33790,51750,73950
2018,4200002,Northern Pennsylvania nonmetropolitan area,6,42,160280,18720,23590,33800,49700,71460
2018,4200003,Southern Pennsylvania nonmetropolitan area,6,42,190420,18330,23270,32880,48510,69040
2018,4500002,Upper Savannah South Carolina nonmetropolitan area,6,45,81250,17790,21650,32130,48740,69570
2018,4500004,Lower Savannah South Carolina nonmetropolitan area,6,45,53080,17600,21020,30560,47300,66680
2018,4500006,Northeast South Carolina nonmetropolitan area,6,45,92940,17390,20230,30120,44890,63840
2018,4600002,East South Dakota nonmetropolitan area,6,46,131450,20160,24640,32600,46150,64670
2018,4600003,West South Dakota nonmetropolitan area,6,46,60450,19780,23470,31170,44850,63580
2018,4700001,West Tennessee nonmetropolitan area,6,47,128760,17950,22000,31140,44570,62830
2018,4700002,South Central Tennessee nonmetropolitan area,6,47,106970,18260,23090,31910,46060,66890
2018,4700003,North Central Tennessee nonmetropolitan area,6,47,109150,18010,21780,30110,45000,64960
2018,4700004,East Tennessee nonmetropolitan area,6,47,132810,17980,21630,29640,41730,60420
2018,4800001,West Texas Region of Texas nonmetropolitan area,6,48,194520,18300,23220,34890,51940,77010
2018,4800002,North Texas Region of Texas nonmetropolitan area,6,48,272020,17940,22050,31890,47540,69760
2018,4800003,Big Thicket Region of Texas nonmetropolitan area,6,48,104110,17630,21030,30400,46710,67170
2018,4800004,Hill Country Region of Texas nonmetropolitan area,6,48,191510,18140,22730,33240,47930,69850
2018,4800005,Border Region of Texas nonmetropolitan area,6,48,57960,17410,20190,29300,48390,73880
2018,4800006,Coastal Plains Region of Texas nonmetropolitan area,6,48,145780,17810,21690,33140,50690,75830
2018,4900006,Eastern Utah nonmetropolitan area,6,49,77230,19740,25580,36070,54320,78260
2018,4900007,Central Utah nonmetropolitan area,6,49,47480,17880,21520,30330,46360,64980
2018,5100001,Southwest Virginia nonmetropolitan area,6,51,122310,17590,20900,30370,44500,64240
2018,5100002,Southside Virginia nonmetropolitan area,6,51,105300,17810,21660,31910,47080,69120
2018,5100003,Northeast Virginia nonmetropolitan area,6,51,49440,18330,23190,34340,59770,105810
2018,5100004,Northwest Virginia nonmetropolitan area,6,51,64890,18260,23390,33810,49540,74160
2018,5000001,Southern Vermont nonmetropolitan area,6,50,106620,23780,28380,38080,55860,79800
2018,5000002,Northern Vermont nonmetropolitan area,6,50,71170,23870,29160,39460,57900,81110
2018,5300006,Western Washington nonmetropolitan area,6,53,121780,24790,28290,38300,56450,79130
2018,5300007,Eastern Washington nonmetropolitan area,6,53,95820,24670,28090,38370,57390,80820
2018,5500001,Northwestern Wisconsin nonmetropolitan area,6,55,48690,19530,24150,33800,47840,64950
2018,5500002,Northeastern Wisconsin nonmetropolitan area,6,55,202370,19240,24700,35360,51120,72730
2018,5500003,South Central Wisconsin nonmetropolitan area,6,55,209020,19080,24600,34970,49750,71520
2018,5500004,Western Wisconsin nonmetropolitan area,6,55,141390,19770,25830,35560,48890,66560
2018,5400001,Southern West Virginia nonmetropolitan area,6,54,74780,19370,20860,29580,44450,63850
2018,5400002,Northern West Virginia nonmetropolitan area,6,54,148080,19470,22070,31760,48780,71610
2018,5600006,Western Wyoming nonmetropolitan area,6,56,98930,20690,28100,39740,59570,83920
2018,5600007,Eastern Wyoming nonmetropolitan area,6,56,83280,20070,27050,40070,61340,81000
2019,0100001,Northwest Alabama nonmetropolitan area,6,01,65640,18260,22410,31330,43910,61120
2019,0100002,Northeast Alabama nonmetropolitan area,6,01,147210,18040,21800,30190,46190,63330
2019,0100003,Southwest Alabama nonmetropolitan area,6,01,67440,17740,21450,31350,49140,70480
2019,0100004,Southeast Alabama nonmetropolitan area,6,01,86340,18010,21790,31350,52100,75520
2019,10180,"Abilene, TX",4,48,66510,18580,22810,32530,50030,73230
2019,10420,"Akron, OH",4,39,329610,19840,25680,38640,61100,88180
2019,10500,"Albany, GA",4,13,59000,17640,20960,31320,51820,76090
2019,10540,"Albany, OR",4,41,45140,24250,28300,38580,57560,81130
2019,10580,"Albany-Schenectady-Troy, NY",4,36,452910,24580,29900,44580,68620,100460
2019,10740,"Albuquerque, NM",4,35,392110,19370,24310,36260,59140,92680
2019,10780,"Alexandria, LA",4,22,60380,17700,21560,32560,49880,71060
2019,10900,"Allentown-Bethlehem-Easton, PA-NJ",4,42,365740,20320,26620,38020,59000,86040
2019,11020,"Altoona, PA",4,42,58360,18500,23180,33540,49900,73220
2019,11100,"Amarillo, TX",4,48,116150,19090,23940,35050,52630,78120
2019,11180,"Ames, IA",4,19,44900,19930,26090,41750,62750,91740
2019,11260,"Anchorage, AK",4,02,174500,24240,31980,48140,75630,108240
2019,11460,"Ann Arbor, MI",4,26,223970,22120,28150,43550,70020,104550
2019,11500,"Anniston-Oxford-Jacksonville, AL",4,01,43990,17890,22090,33860,49460,67080
2019,11540,"Appleton, WI",4,55,122860,20730,27530,38910,57840,81270
2019,11700,"Asheville, NC",4,37,198430,19800,25120,35070,52110,76910
2019,1200003,South Florida nonmetropolitan area,6,12,77900,19450,23880,33420,47850,70030
2019,1200006,North Florida nonmetropolitan area,6,12,120350,19210,23020,31830,45260,64660
2019,12020,"Athens-Clarke County, GA",4,13,88020,18380,23400,34700,56260,84990
2019,12060,"Atlanta-Sandy Springs-Roswell, GA",4,13,2743550,19370,25610,40000,65960,105480
2019,12100,"Atlantic City-Hammonton, NJ",4,34,131960,19660,24070,35650,61000,94350
2019,12220,"Auburn-Opelika, AL",4,01,58450,17560,20500,31090,49400,75180
2019,12260,"Augusta-Richmond County, GA-SC",4,13,224620,18230,23340,35180,56690,86230
2019,12420,"Austin-Round Rock, TX",4,48,1073340,21130,27810,41560,67420,104460
2019,12540,"Bakersfield, CA",4,06,316680,23980,25770,35960,61440,98570
2019,12580,"Baltimore-Columbia-Towson, MD",4,24,1376070,22810,28690,45810,74460,113130
2019,12940,"Baton Rouge, LA",4,22,395100,18410,23910,37570,57950,82010
2019,12980,"Battle Creek, MI",4,26,53500,21620,27030,38860,59660,83090
2019,1300001,North Georgia nonmetropolitan area,6,13,170970,18550,22990,30780,44670,66850
2019,1300002,Middle Georgia nonmetropolitan area,6,13,130960,17790,21610,30610,46130,68280
2019,1300003,East Georgia nonmetropolitan area,6,13,86010,17450,20200,29200,43420,63670
2019,1300004,South Georgia nonmetropolitan area,6,13,188370,17820,21540,30420,46940,68240
2019,13020,"Bay City, MI",4,26,33200,20420,23680,33370,53900,80190
2019,13140,"Beaumont-Port Arthur, TX",4,48,160840,18530,24320,38330,60750,90160
2019,13220,"Beckley, WV",4,54,43560,19520,22120,31130,48160,67990
2019,13380,"Bellingham, WA",4,53,89600,25830,30230,40780,60840,87910
2019,13460,"Bend-Redmond, OR",4,41,84220,24500,28760,38540,58790,89850
2019,13740,"Billings, MT",4,30,86230,20780,26400,37940,58730,83960
2019,13780,"Binghamton, NY",4,36,100630,24000,26340,37280,60280,91760
2019,13820,"Birmingham-Hoover, AL",4,01,518210,18840,24700,38020,59270,88030
2019,13900,"Bismarck, ND",4,38,70680,23390,30750,42990,61620,87560
2019,13980,"Blacksburg-Christiansburg-Radford, VA",4,51,71470,18620,23850,36490,56190,82730
2019,14010,"Bloomington, IL",4,17,88620,19890,25920,40390,70470,109400
2019,14020,"Bloomington, IN",4,18,70530,19290,24640,35770,55870,82360
2019,14100,"Bloomsburg-Berwick, PA",4,42,40310,19640,26090,37790,57960,81610
2019,14260,"Boise City, ID",4,16,335550,20160,25770,36660,57100,84720
2019,14500,"Boulder, CO",4,08,185810,24740,32760,51520,84340,130810
2019,14540,"Bowling Green, KY",4,21,74430,18620,23040,33250,49370,71810
2019,14740,"Bremerton-Silverdale, WA",4,53,89730,25940,31890,47930,71330,97940
2019,1500001,Hawaii / Kauai nonmetropolitan area,6,15,101590,23790,29360,40340,58580,84350
2019,15180,"Brownsville-Harlingen, TX",4,48,138640,17300,19800,24910,41800,63520
2019,15260,"Brunswick, GA",4,13,42590,17990,22120,32350,53150,84210
2019,15380,"Buffalo-Cheektowaga-Niagara Falls, NY",4,36,550890,24170,27420,39470,61580,90650
2019,15500,"Burlington, NC",4,37,62130,18120,22460,32110,48250,70560
2019,15680,"California-Lexington Park, MD",4,24,47670,23010,31320,63040,104570,138330
2019,15940,"Canton-Massillon, OH",4,39,169060,19450,23870,34260,51870,76450
2019,15980,"Cape Coral-Fort Myers, FL",4,12,270210,20120,25290,35080,53000,78120
2019,1600006,Northwestern Idaho nonmetropolitan area,6,16,69120,18980,24520,34800,50690,73690
2019,1600007,Southeast-Central Idaho nonmetropolitan area,6,16,85130,18440,23320,34660,51590,75350
2019,16020,"Cape Girardeau, MO-IL",4,29,43390,18830,22500,32360,49220,69450
2019,16060,"Carbondale-Marion, IL",4,17,52660,19450,23320,34830,55400,80710
2019,16180,"Carson City, NV",4,32,29540,20940,28770,42400,63360,91260
2019,16220,"Casper, WY",4,56,38940,21590,28770,41820,60870,84060
2019,16300,"Cedar Rapids, IA",4,19,143820,20920,28120,40490,62960,93410
2019,16540,"Chambersburg-Waynesboro, PA",4,42,58710,19610,25550,37280,54640,78460
2019,16580,"Champaign-Urbana, IL",4,17,101140,20380,26510,40370,62020,94180
2019,16620,"Charleston, WV",4,54,110480,19750,23990,35820,55740,79800
2019,16700,"Charleston-North Charleston, SC",4,45,359310,19070,25310,37430,58850,86810
2019,16740,"Charlotte-Concord-Gastonia, NC-SC",4,37,1245660,19690,25970,39230,62220,99660
2019,16820,"Charlottesville, VA",4,51,115230,20960,27480,41600,66300,103820
2019,16860,"Chattanooga, TN-GA",4,47,251590,18880,24210,35420,53800,80530
2019,16940,"Cheyenne, WY",4,56,46170,21290,28250,40440,61300,84590
2019,16980,"Chicago-Naperville-Elgin, IL-IN-WI",4,17,4676440,21480,27780,42500,71680,107140
2019,1700001,Northwest Illinois nonmetropolitan area,6,17,135160,19840,24610,36340,54630,78480
2019,1700002,West Central Illinois nonmetropolitan area,6,17,173220,19350,23660,34730,50980,73540
2019,1700003,East Central Illinois nonmetropolitan area,6,17,119050,19450,23780,34370,50110,75070
2019,1700004,South Illinois nonmetropolitan area,6,17,91560,19390,23670,35470,51730,73580
2019,17020,"Chico, CA",4,06,79320,24230,26890,36420,57870,90800
2019,17140,"Cincinnati, OH-KY-IN",4,39,1083650,20160,26770,39620,62050,93910
2019,17300,"Clarksville, TN-KY",4,47,86390,18200,22640,32810,48510,72800
2019,17420,"Cleveland, TN",4,47,46230,18170,22150,30530,46340,66380
2019,17460,"Cleveland-Elyria, OH",4,39,1047350,20270,26530,40440,63700,93910
2019,17660,"Coeur d'Alene, ID",4,16,63360,19310,24230,34260,52170,76460
2019,17780,"College Station-Bryan, TX",4,48,112660,18690,23570,35880,55730,87300
2019,17820,"Colorado Springs, CO",4,08,287740,23090,27210,39750,63490,99810
2019,17860,"Columbia, MO",4,29,94740,19220,23890,35100,56100,83630
2019,17900,"Columbia, SC",4,45,382550,18920,24250,35860,56390,82030
2019,17980,"Columbus, GA-AL",4,13,115960,17840,21700,32720,52790,81070
2019,1800001,Northern Indiana nonmetropolitan area,6,18,217330,19490,25310,35200,48780,69980
2019,1800002,Central Indiana nonmetropolitan area,6,18,160430,19310,24610,34510,48640,67880
2019,1800003,Southern Indiana nonmetropolitan area,6,18,188540,19440,25260,35530,51450,73390
2019,18020,"Columbus, IN",4,18,51190,21100,27560,39070,62250,97820
2019,18140,"Columbus, OH",4,39,1059620,20730,27230,40380,64070,96640
2019,18580,"Corpus Christi, TX",4,48,188940,18550,23310,34540,56350,80440
2019,18700,"Corvallis, OR",4,41,36910,24180,28170,41990,67720,105710
2019,18880,"Crestview-Fort Walton Beach-Destin, FL",4,12,112540,19800,24750,35160,57040,84700
2019,1900001,Northeast Iowa nonmetropolitan area,6,19,102020,19520,26200,36490,51430,71660
2019,1900002,Northwest Iowa nonmetropolitan area,6,19,136010,20130,26790,36520,50580,70620
2019,1900003,Southwest Iowa nonmetropolitan area,6,19,82300,19510,25360,35420,49200,67750
2019,1900004,Southeast Iowa nonmetropolitan area,6,19,224720,19680,25760,36690,51710,73170
2019,19060,"Cumberland, MD-WV",4,24,36820,21480,24340,35540,56010,79580
2019,19100,"Dallas-Fort Worth-Arlington, TX",4,48,3656860,19990,26540,40430,65120,102020
2019,19140,"Dalton, GA",4,13,64340,18590,23890,33790,46840,70250
2019,19180,"Danville, IL",4,17,26570,19750,25690,36570,53370,76440
2019,19300,"Daphne-Fairhope-Foley, AL",4,01,74470,17890,21630,29750,45360,64340
2019,19340,"Davenport-Moline-Rock Island, IA-IL",4,19,182600,19640,25680,37420,58450,85500
2019,19380,"Dayton, OH",4,39,380500,20020,26060,39550,64240,97130
2019,19460,"Decatur, AL",4,01,55110,18120,22520,33590,53200,77860
2019,19500,"Decatur, IL",4,17,49240,19840,24970,37570,54880,79440
2019,19660,"Deltona-Daytona Beach-Ormond Beach, FL",4,12,198950,19290,22960,31430,46780,68160
2019,19740,"Denver-Aurora-Lakewood, CO",4,08,1513360,24150,31010,47440,75750,116950
2019,19780,"Des Moines-West Des Moines, IA",4,19,371710,21540,28690,42370,63960,95260
2019,19820,"Detroit-Warren-Dearborn, MI",4,26,1980730,21650,27330,41620,68710,103100
2019,2000006,Kansas nonmetropolitan area,6,20,394090,18560,23550,33180,47630,67050
2019,0200006,Alaska nonmetropolitan area,6,02,108460,25250,32940,49060,72970,101020
2019,20020,"Dothan, AL",4,01,57270,17690,21060,30600,47200,70270
2019,20100,"Dover, DE",4,10,64480,20270,25450,37390,57260,80980
2019,20220,"Dubuque, IA",4,19,59130,20220,26710,37730,55890,80600
2019,20260,"Duluth, MN-WI",4,27,128510,22380,27120,39590,60380,80920
2019,20500,"Durham-Chapel Hill, NC",4,37,314220,21220,29660,46760,75450,121000
2019,20700,"East Stroudsburg, PA",4,42,56810,18560,23350,34070,52940,78430
2019,20740,"Eau Claire, WI",4,55,83660,19960,25690,36520,53610,76390
2019,20940,"El Centro, CA",4,06,58900,23830,25200,33750,58790,91590
2019,2100001,West Kentucky nonmetropolitan area,6,21,149340,18560,23360,33050,49650,71090
2019,2100002,South Central Kentucky nonmetropolitan area,6,21,170460,18390,22650,31390,45580,63380
2019,2100003,Central Kentucky nonmetropolitan area,6,21,178690,18930,24050,34890,50840,73450
2019,2100004,East Kentucky nonmetropolitan area,6,21,100790,17880,21540,31020,47530,65220
2019,21060,"Elizabethtown-Fort Knox, KY",4,21,55280,19250,24540,36070,54280,77870
2019,21140,"Elkhart-Goshen, IN",4,18,136830,22170,28230,37160,53450,74460
2019,21300,"Elmira, NY",4,36,34510,24040,26660,37810,57930,79310
2019,21340,"El Paso, TX",4,48,314710,17370,20080,29120,50170,77870
2019,21420,"Enid, OK",4,40,24700,18870,23820,34810,55350,78180
2019,21500,"Erie, PA",4,42,123700,18670,23600,33420,50870,75310
2019,21660,"Eugene, OR",4,41,157690,24110,27410,37920,57590,86800
2019,21780,"Evansville, IN-KY",4,18,157440,19450,24760,35670,54060,77710
2019,21820,"Fairbanks, AK",4,02,33480,24470,32730,48580,73680,99080
2019,2200002,Central Louisiana nonmetropolitan area,6,22,77830,17360,20050,30840,48360,67990
2019,2200003,Northeast Louisiana nonmetropolitan area,6,22,65330,17190,19430,28500,46700,68680
2019,2200006,Southwest Louisiana nonmetropolitan area,6,22,71130,17770,21250,32450,49820,71780
2019,22020,"Fargo, ND-MN",4,38,139930,22570,29300,40770,60330,85320
2019,22140,"Farmington, NM",4,35,47470,18660,23700,36020,57390,82810
2019,22180,"Fayetteville, NC",4,37,129270,18260,22690,34110,52590,81610
2019,22220,"Fayetteville-Springdale-Rogers, AR-MO",4,05,248970,19940,24740,35620,56140,86080
2019,22380,"Flagstaff, AZ",4,04,62200,23600,25390,34470,52970,79120
2019,22420,"Flint, MI",4,26,137040,20680,24340,35690,59030,81700
2019,22500,"Florence, SC",4,45,88000,17940,21950,32100,52110,79270
2019,22520,"Florence-Muscle Shoals, AL",4,01,55110,17800,21680,31580,48280,67300
2019,22540,"Fond du Lac, WI",4,55,45740,19970,27480,40400,59490,84370
2019,22660,"Fort Collins, CO",4,08,164700,23470,28630,41250,64050,97810
2019,22900,"Fort Smith, AR-OK",4,05,106700,19390,22600,30690,47460,67090
2019,2300001,Northeast Maine nonmetropolitan area,6,23,70490,23560,25990,34730,49800,70630
2019,2300002,Southwest Maine nonmetropolitan area,6,23,193480,23790,27390,37620,54630,76590
2019,23060,"Fort Wayne, IN",4,18,218510,20120,25560,37240,56280,79890
2019,23420,"Fresno, CA",4,06,387920,24050,26070,35170,58400,93500
2019,23460,"Gadsden, AL",4,01,36340,17430,20330,29210,46070,64210
2019,23540,"Gainesville, FL",4,12,141690,19760,24980,36530,58400,89920
2019,23580,"Gainesville, GA",4,13,89420,19190,24770,34110,51650,77020
2019,23900,"Gettysburg, PA",4,42,33330,19590,24580,35110,50340,75110
2019,2400006,Maryland nonmetropolitan area,6,24,60820,22170,25700,36370,54650,79330
2019,24020,"Glens Falls, NY",4,36,52270,24170,27140,37130,56070,81080
2019,24140,"Goldsboro, NC",4,37,43250,18160,22660,32340,47640,68450
2019,24220,"Grand Forks, ND-MN",4,38,48820,22000,27800,38780,56800,78770
2019,24260,"Grand Island, NE",4,31,41700,21220,26390,36060,50870,74740
2019,24300,"Grand Junction, CO",4,08,62170,22840,26380,37230,56680,81680
2019,24340,"Grand Rapids-Wyoming, MI",4,26,567640,22080,27000,37410,56860,80820
2019,24420,"Grants Pass, OR",4,41,26600,23770,25590,33420,48250,74440
2019,24500,"Great Falls, MT",4,30,35860,19660,23660,33420,51370,75500
2019,24540,"Greeley, CO",4,08,106490,23700,29740,41020,59280,85110
2019,24580,"Green Bay, WI",4,55,174620,20760,27310,38690,57400,80880
2019,24660,"Greensboro-High Point, NC",4,37,365450,18860,24340,35870,54550,80930
2019,24780,"Greenville, NC",4,37,77810,18390,23390,35250,56070,81240
2019,24860,"Greenville-Anderson-Mauldin, SC",4,45,418430,18840,24230,35270,53550,80200
2019,2500006,Massachusetts nonmetropolitan area,6,25,60760,25650,30140,41740,63260,94040
2019,25060,"Gulfport-Biloxi-Pascagoula, MS",4,28,150070,17890,22080,35080,55840,79740
2019,25180,"Hagerstown-Martinsburg, MD-WV",4,24,104780,21930,25850,36550,55690,82350
2019,25220,"Hammond, LA",4,22,44160,17340,20060,29880,48090,70400
2019,25260,"Hanford-Corcoran, CA",4,06,43690,24080,26250,37220,64410,94140
2019,25420,"Harrisburg-Carlisle, PA",4,42,329510,20420,27410,40180,62770,90490
2019,25500,"Harrisonburg, VA",4,51,64210,19110,24770,35290,51670,77840
2019,25620,"Hattiesburg, MS",4,28,63610,17710,20910,29520,46620,68920
2019,25860,"Hickory-Lenoir-Morganton, NC",4,37,153530,19090,24070,33480,48960,69840
2019,25940,"Hilton Head Island-Bluffton-Beaufort, SC",4,45,78600,18460,23230,32510,50350,76680
2019,25980,"Hinesville, GA",4,13,18100,17960,22470,36010,52870,77850
2019,2600001,Upper Peninsula of Michigan nonmetropolitan area,6,26,111260,20630,24650,35610,53690,74180
2019,2600002,Northeast Lower Peninsula of Michigan nonmetropolitan area,6,26,74230,20580,23540,31680,47810,69650
2019,2600003,Northwest Lower Peninsula of Michigan nonmetropolitan area,6,26,123760,21330,26030,35600,52450,75750
2019,2600004,Balance of Lower Peninsula of Michigan nonmetropolitan area,6,26,273140,20910,25130,34740,50570,73510
2019,26140,"Homosassa Springs, FL",4,12,32120,19240,22850,31480,46690,71740
2019,26300,"Hot Springs, AR",4,05,36780,19340,21360,28190,42580,63110
2019,26380,"Houma-Thibodaux, LA",4,22,85070,18160,23470,36930,55710,83680
2019,26420,"Houston-The Woodlands-Sugar Land, TX",4,48,3052170,19670,25980,40570,65230,102790
2019,26580,"Huntington-Ashland, WV-KY-OH",4,54,129710,19520,22930,34150,53340,76370
2019,26620,"Huntsville, AL",4,01,232990,18900,25100,41090,71980,116490
2019,26820,"Idaho Falls, ID",4,16,67040,18790,23510,33970,57730,91460
2019,26900,"Indianapolis-Carmel-Anderson, IN",4,18,1057780,20640,26790,39030,61320,92960
2019,26980,"Iowa City, IA",4,19,91690,21030,27460,41150,62140,91880
2019,2700001,Northwest Minnesota nonmetropolitan area,6,27,191560,22820,27750,37630,52970,74270
2019,2700002,Northeast Minnesota nonmetropolitan area,6,27,43420,21790,25240,35540,52400,75730
2019,2700003,Southwest Minnesota nonmetropolitan area,6,27,121520,22710,27570,37220,52020,73730
2019,2700004,Southeast Minnesota nonmetropolitan area,6,27,157030,22880,28040,38670,55670,79120
2019,27060,"Ithaca, NY",4,36,49920,24800,30890,46370,71180,114560
2019,27100,"Jackson, MI",4,26,56020,21470,26870,39450,61920,92590
2019,27140,"Jackson, MS",4,28,265090,18290,22730,33790,52380,77670
2019,27180,"Jackson, TN",4,47,66000,18360,23090,33610,50260,72540
2019,27260,"Jacksonville, FL",4,12,703140,20020,25250,36770,57690,86150
2019,27340,"Jacksonville, NC",4,37,47230,17820,21250,29910,47330,67350
2019,27500,"Janesville-Beloit, WI",4,55,67080,19410,25990,37840,57280,81410
2019,27620,"Jefferson City, MO",4,29,73890,19810,25360,35380,50930,73420
2019,27740,"Johnson City, TN",4,47,77580,18170,22460,32930,49290,75630
2019,27780,"Johnstown, PA",4,42,50830,18480,23340,34130,51900,74950
2019,27860,"Jonesboro, AR",4,05,57170,19370,22100,30860,46160,66240
2019,27900,"Joplin, MO",4,29,80730,19060,23110,32340,46340,65390
2019,27980,"Kahului-Wailuku-Lahaina, HI",4,15,76300,24710,30860,42220,59700,83600
2019,2800001,Northeast Mississippi nonmetropolitan area,6,28,234590,17760,21360,30640,45530,64720
2019,2800002,Northwest Mississippi nonmetropolitan area,6,28,93920,17410,20090,28900,43930,64010
2019,2800003,Southeast Mississippi nonmetropolitan area,6,28,151480,17730,21040,29740,44990,65630
2019,2800004,Southwest Mississippi nonmetropolitan area,6,28,72120,17510,20390,30100,46890,72560
2019,28020,"Kalamazoo-Portage, MI",4,26,143950,21250,25480,37360,58210,84760
2019,28100,"Kankakee, IL",4,17,44820,20250,25230,36340,58630,81560
2019,28140,"Kansas City, MO-KS",4,29,1077300,20430,27340,40640,63530,95370
2019,28420,"Kennewick-Richland, WA",4,53,118300,25570,29290,41450,68920,103210
2019,28660,"Killeen-Temple, TX",4,48,141020,18450,23320,34830,53600,80350
2019,28700,"Kingsport-Bristol-Bristol, TN-VA",4,47,115780,18360,22920,34060,53140,77760
2019,28740,"Kingston, NY",4,36,60220,24340,28130,39380,60270,87210
2019,28940,"Knoxville, TN",4,47,381940,18860,24080,35280,53790,81060
2019,2900001,Central Missouri nonmetropolitan area,6,29,157810,18760,22520,31190,45600,66090
2019,2900002,North Missouri nonmetropolitan area,6,29,109350,18940,23120,32240,45170,64510
2019,2900003,Southeast Missouri nonmetropolitan area,6,29,163760,18610,21840,30450,44710,64470
2019,2900004,Southwest Missouri nonmetropolitan area,6,29,75110,18560,21630,28920,44370,66570
2019,29020,"Kokomo, IN",4,18,38230,18570,24120,37980,59980,79780
2019,29100,"La Crosse-Onalaska, WI-MN",4,55,76490,20170,26290,37760,57420,79790
2019,29180,"Lafayette, LA",4,22,198590,17900,21970,33060,50210,73760
2019,29200,"Lafayette-West Lafayette, IN",4,18,93810,19190,25740,37690,57070,81320
2019,29340,"Lake Charles, LA",4,22,115770,18280,23620,38590,60930,81970
2019,29420,"Lake Havasu City-Kingman, AZ",4,04,50740,23590,25240,32280,46320,69640
2019,29460,"Lakeland-Winter Haven, FL",4,12,229890,19680,24180,34420,50620,73920
2019,29540,"Lancaster, PA",4,42,249060,20100,25960,37330,55230,79510
2019,29620,"Lansing-East Lansing, MI",4,26,216480,21150,26400,40340,64230,91760
2019,29700,"Laredo, TX",4,48,104410,17690,20800,28590,48320,70090
2019,29740,"Las Cruces, NM",4,35,71160,18500,21950,30670,52960,83180
2019,29820,"Las Vegas-Henderson-Paradise, NV",4,32,1019890,19300,24750,35660,55620,86020
2019,29940,"Lawrence, KS",4,20,48930,18410,23370,33380,52120,78600
2019,3000003,Southwest Montana nonmetropolitan area,6,30,139810,20140,26160,37310,56550,80580
2019,3000004,West Montana nonmetropolitan area,6,30,75840,20040,24690,34000,50320,74430
2019,3000006,East-Central Montana nonmetropolitan area,6,30,65320,19940,25530,37040,56360,79010
2019,30020,"Lawton, OK",4,40,42620,17900,21530,31430,51160,70960
2019,30140,"Lebanon, PA",4,42,50620,20000,25800,35660,53010,76320
2019,30300,"Lewiston, ID-WA",4,16,26320,21260,26310,38110,55920,78750
2019,30460,"Lexington-Fayette, KY",4,21,273120,19290,24520,36520,55600,79490
2019,30620,"Lima, OH",4,39,50390,19530,24770,36190,56510,78110
2019,30700,"Lincoln, NE",4,31,181660,21280,27160,38890,59020,82410
2019,30780,"Little Rock-North Little Rock-Conway, AR",4,05,350110,19690,24190,35920,56160,80990
2019,30860,"Logan, UT-ID",4,49,57510,18970,23780,32910,49200,75290
2019,30980,"Longview, TX",4,48,94510,18670,23610,34900,52640,77070
2019,3100001,Northwest Nebraska nonmetropolitan area,6,31,39900,20410,25030,34120,50500,72870
2019,3100003,Northeast Nebraska nonmetropolitan area,6,31,93690,20900,26290,36360,50820,71470
2019,3100006,South Nebraska nonmetropolitan area,6,31,149790,20590,25380,34710,49600,72390
2019,31020,"Longview, WA",4,53,38230,25540,29330,41380,61340,89260
2019,31080,"Los Angeles-Long Beach-Anaheim, CA",4,06,6239690,24790,28960,42680,73500,118010
2019,31140,"Louisville/Jefferson County, KY-IN",4,21,656250,19910,25730,37460,56980,81330
2019,31180,"Lubbock, TX",4,48,145040,18260,22700,33050,52100,77890
2019,31340,"Lynchburg, VA",4,51,103170,18530,23310,34470,52900,79960
2019,31420,"Macon, GA",4,13,99140,18060,22660,33500,52120,75850
2019,31460,"Madera, CA",4,06,46690,23850,25520,35080,61170,98680
2019,31540,"Madison, WI",4,55,395290,22400,30580,44080,67230,97720
2019,31740,"Manhattan, KS",4,20,37920,18130,22270,32810,52650,80660
2019,31860,"Mankato-North Mankato, MN",4,27,53430,22610,27200,39010,57520,80970
2019,31900,"Mansfield, OH",4,39,50330,19290,23500,33950,49970,69690
2019,3200006,Nevada nonmetropolitan area,6,32,98290,19230,25810,40510,62390,83170
2019,32580,"McAllen-Edinburg-Mission, TX",4,48,263960,17650,20550,26810,45370,67350
2019,32780,"Medford, OR",4,41,86050,24220,27680,37440,55320,83540
2019,32820,"Memphis, TN-MS-AR",4,47,632600,18820,23950,35540,55220,80070
2019,32900,"Merced, CA",4,06,76520,24020,25870,35030,57460,93840
2019,3300001,Northern New Hampshire nonmetropolitan area,6,33,36520,19990,24810,34500,49600,71670
2019,3300002,Central New Hampshire nonmetropolitan area,6,33,96680,21070,27940,40540,60750,86160
2019,3300006,West Central-Southwest New Hampshire nonmetropolitan area,6,33,102440,21840,28640,40200,61030,93810
2019,33100,"Miami-Fort Lauderdale-West Palm Beach, FL",4,12,2642310,19720,25000,36930,59620,92390
2019,33140,"Michigan City-La Porte, IN",4,18,40400,18500,23310,33640,49030,71570
2019,33220,"Midland, MI",4,26,34030,20870,25080,39370,67050,109040
2019,33260,"Midland, TX",4,48,110820,21940,30980,44910,67550,108650
2019,33340,"Milwaukee-Waukesha-West Allis, WI",4,55,856800,20780,27410,40720,64360,95810
2019,33460,"Minneapolis-St. Paul-Bloomington, MN-WI",4,27,1971370,24260,31300,47010,73570,107770
2019,33540,"Missoula, MT",4,30,61020,19510,24220,35060,52780,77150
2019,33660,"Mobile, AL",4,01,175870,18280,23330,35710,55260,80110
2019,33700,"Modesto, CA",4,06,186350,24190,26820,37290,58080,92730
2019,33740,"Monroe, LA",4,22,76570,17420,20430,30730,47490,67050
2019,33780,"Monroe, MI",4,26,38780,20810,24850,35930,58190,85190
2019,33860,"Montgomery, AL",4,01,163560,18250,22760,34250,52940,79920
2019,34060,"Morgantown, WV",4,54,65370,19850,24020,36540,59310,86670
2019,34100,"Morristown, TN",4,47,45090,18720,23100,32210,46080,63130
2019,34580,"Mount Vernon-Anacortes, WA",4,53,50000,25900,30920,43380,64840,93800
2019,34620,"Muncie, IN",4,18,44930,18420,22920,34030,52430,78810
2019,34740,"Muskegon, MI",4,26,62590,21060,24630,35240,53120,75830
2019,34820,"Myrtle Beach-Conway-North Myrtle Beach, SC-NC",4,45,167390,17890,21230,28480,43420,66940
2019,34900,"Napa, CA",4,06,77290,25560,31510,44180,67760,103340
2019,34940,"Naples-Immokalee-Marco Island, FL",4,12,151160,20710,26530,36460,56100,83960
2019,34980,"Nashville-Davidson--Murfreesboro--Franklin, TN",4,47,999030,19820,26820,38900,59580,89240
2019,3500006,Northern New Mexico nonmetropolitan area,6,35,79400,18300,22260,33530,57800,98920
2019,3500007,Eastern New Mexico nonmetropolitan area,6,35,163840,18560,23280,34310,53170,79090
2019,35100,"New Bern, NC",4,37,43460,18420,23640,36140,57020,78760
2019,35380,"New Orleans-Metairie, LA",4,22,557190,18090,22830,35620,57620,86330
2019,35620,"New York-Newark-Jersey City, NY-NJ-PA",4,36,9655330,24470,30720,48840,82770,130210
2019,35660,"Niles-Benton Harbor, MI",4,26,61470,20730,24570,34640,53220,78960
2019,35840,"North Port-Sarasota-Bradenton, FL",4,12,303850,20160,25140,35370,53060,79220
2019,3600001,Capital/Northern New York nonmetropolitan area,6,36,146410,24050,26980,37940,56650,81160
2019,3600004,Southwest New York nonmetropolitan area,6,36,182750,23930,25950,37190,54900,79320
2019,3600006,Central East New York nonmetropolitan area,6,36,159920,24120,27180,38010,57290,80710
2019,36100,"Ocala, FL",4,12,105580,19310,22930,31050,46430,66780
2019,36140,"Ocean City, NJ",4,34,39650,20360,24780,33800,53350,80490
2019,36220,"Odessa, TX",4,48,81300,20990,28960,40930,57790,82320
2019,36260,"Ogden-Clearfield, UT",4,49,263230,19480,25720,36910,57740,84410
2019,36420,"Oklahoma City, OK",4,40,627500,19310,25280,37640,59060,87350
2019,36500,"Olympia-Tumwater, WA",4,53,113980,26240,31660,46810,71250,97210
2019,36540,"Omaha-Council Bluffs, NE-IA",4,31,492880,21900,27760,39880,61980,90480
2019,36740,"Orlando-Kissimmee-Sanford, FL",4,12,1291630,19660,23890,34320,54980,84580
2019,36780,"Oshkosh-Neenah, WI",4,55,94890,21170,28750,39970,58540,80230
2019,36980,"Owensboro, KY",4,21,51370,18570,23650,34880,51920,72260
2019,3700001,Southeast Coastal North Carolina nonmetropolitan area,6,37,248740,18030,22050,31030,45500,64230
2019,3700002,Northeast Coastal North Carolina nonmetropolitan area,6,37,93890,17800,21680,30690,45390,64360
2019,3700003,Piedmont North Carolina nonmetropolitan area,6,37,259930,18280,22960,32230,48170,67560
2019,3700004,Mountain North Carolina nonmetropolitan area,6,37,128740,18480,22880,31520,45380,64400
2019,37100,"Oxnard-Thousand Oaks-Ventura, CA",4,06,316670,24540,28540,40540,67090,107610
2019,37340,"Palm Bay-Melbourne-Titusville, FL",4,12,224210,20020,25300,37410,60720,100100
2019,37460,"Panama City, FL",4,12,76970,19620,24220,33840,52180,80100
2019,37620,"Parkersburg-Vienna, WV",4,54,37510,19710,22340,31490,51420,78270
2019,37860,"Pensacola-Ferry Pass-Brent, FL",4,12,177570,19580,23910,34430,52350,77410
2019,37900,"Peoria, IL",4,17,169890,20010,25890,39200,64400,99630
2019,37980,"Philadelphia-Camden-Wilmington, PA-NJ-DE-MD",4,42,2876370,21180,28230,43840,71420,109010
2019,3800006,West North Dakota nonmetropolitan area,6,38,125660,24140,33290,46880,62880,87960
2019,3800007,East North Dakota nonmetropolitan area,6,38,64000,22030,28720,38270,52550,73290
2019,38060,"Phoenix-Mesa-Scottsdale, AZ",4,04,2121110,24020,27710,39420,61750,96390
2019,38220,"Pine Bluff, AR",4,05,30540,19460,22830,32490,48490,71320
2019,38300,"Pittsburgh, PA",4,42,1153620,20080,27060,40570,63580,95100
2019,38540,"Pocatello, ID",4,16,34790,18580,22850,32500,50260,75870
2019,38900,"Portland-Vancouver-Hillsboro, OR-WA",4,41,1209420,25730,31350,45350,72100,106920
2019,38940,"Port St. Lucie, FL",4,12,149560,19760,24660,35720,54320,79900
2019,3900001,West Northwestern Ohio nonmetropolitan area,6,39,256670,19780,26040,37110,53840,74940
2019,3900002,North Northeastern Ohio non-metropolitan area (non-contiguous),6,39,334110,19400,24390,34950,49880,71310
2019,3900003,Eastern Ohio nonmetropolitan area,6,39,135490,19230,23690,34720,52160,75310
2019,3900004,Southern Ohio non-metropolitan area,6,39,158690,19200,23230,34040,52330,77540
2019,39140,"Prescott, AZ",4,04,64460,23780,25800,34630,49790,73140
2019,39340,"Provo-Orem, UT",4,49,254060,19920,25210,35950,59070,95290
2019,39380,"Pueblo, CO",4,08,61110,22830,25950,37340,56150,80890
2019,39460,"Punta Gorda, FL",4,12,48130,19670,24090,32640,50140,75180
2019,39540,"Racine, WI",4,55,76610,19710,25380,37400,57390,83120
2019,39580,"Raleigh, NC",4,37,650330,19830,26800,41640,67450,106120
2019,39660,"Rapid City, SD",4,46,65600,20280,24320,33820,49910,72830
2019,39740,"Reading, PA",4,42,178290,19830,26210,38710,60560,91060
2019,39820,"Redding, CA",4,06,66840,24210,27140,37730,60130,97060
2019,39900,"Reno, NV",4,32,243220,20310,26650,37390,58020,85070
2019,4000001,Northeast Oklahoma nonmetropolitan area,6,40,116140,17950,21780,31170,48400,73030
2019,4000002,Northwest Oklahoma nonmetropolitan area,6,40,97660,18340,22820,34090,50490,77110
2019,4000003,Southwest Oklahoma nonmetropolitan area,6,40,65060,18180,22870,34220,50150,74110
2019,4000004,Southeast Oklahoma nonmetropolitan area,6,40,169640,18050,22220,32220,47640,67490
2019,0400001,Arizona nonmetropolitan area,6,04,92100,23670,25730,37040,54730,81280
2019,40060,"Richmond, VA",4,51,656320,19740,26260,40590,63640,98430
2019,40140,"Riverside-San Bernardino-Ontario, CA",4,06,1538400,24270,27200,37780,60400,96390
2019,40220,"Roanoke, VA",4,51,153860,19180,24900,36020,54070,79600
2019,40340,"Rochester, MN",4,27,117830,23630,29770,44490,71160,102360
2019,40380,"Rochester, NY",4,36,517670,24320,28000,40070,62850,92820
2019,40420,"Rockford, IL",4,17,148380,20090,25440,36990,57800,82120
2019,40580,"Rocky Mount, NC",4,37,54910,18090,22200,31640,47170,68060
2019,40660,"Rome, GA",4,13,38020,17980,22610,32670,51470,76670
2019,40900,"Sacramento--Roseville--Arden-Arcade, CA",4,06,1013730,24650,29140,44590,73390,111180
2019,40980,"Saginaw, MI",4,26,85440,20820,24230,35030,55490,77820
2019,4100006,Coast Oregon nonmetropolitan area,6,41,113480,23970,26440,35230,50380,74850
2019,4100007,Central Oregon nonmetropolitan area,6,41,61580,24120,27050,36240,52100,76780
2019,4100008,Eastern Oregon nonmetropolitan area,6,41,70020,23840,25990,35510,51830,74730
2019,41060,"St. Cloud, MN",4,27,104500,23230,28990,40460,58010,80720
2019,41100,"St. George, UT",4,49,68120,19250,24090,33020,49680,71910
2019,41140,"St. Joseph, MO-KS",4,29,53900,19800,25460,35700,50760,74320
2019,41180,"St. Louis, MO-IL",4,29,1370390,20330,26420,40170,63860,95550
2019,41420,"Salem, OR",4,41,173050,24160,27960,39360,61430,90870
2019,41500,"Salinas, CA",4,06,182940,24600,27770,37230,62030,99510
2019,41540,"Salisbury, MD-DE",4,24,163160,21370,24370,32850,51770,78960
2019,41620,"Salt Lake City, UT",4,49,734560,21290,28250,40120,63070,97550
2019,41660,"San Angelo, TX",4,48,47180,18020,22180,31990,49080,71500
2019,41700,"San Antonio-New Braunfels, TX",4,48,1037060,19580,24830,36130,57790,86120
2019,41740,"San Diego-Carlsbad, CA",4,06,1494940,24890,29480,45050,74800,117750
2019,41860,"San Francisco-Oakland-Hayward, CA",4,06,2472110,27580,35830,57040,97890,152550
2019,41940,"San Jose-Sunnyvale-Santa Clara, CA",4,06,1140880,28050,36670,61980,114500,170540
2019,4200001,Western Pennsylvania nonmetropolitan area,6,42,152900,18790,23780,34490,52190,74670
2019,4200002,Northern Pennsylvania nonmetropolitan area,6,42,158640,19220,24270,34850,50360,73270
2019,4200003,Southern Pennsylvania nonmetropolitan area,6,42,192790,18820,24070,34050,49040,70440
2019,42020,"San Luis Obispo-Paso Robles-Arroyo Grande, CA",4,06,118150,24520,27900,38390,63120,98690
2019,42100,"Santa Cruz-Watsonville, CA",4,06,99000,24950,29270,41610,68690,112120
2019,42140,"Santa Fe, NM",4,35,62160,21240,27580,38110,58300,83560
2019,42200,"Santa Maria-Santa Barbara, CA",4,06,191670,24640,28570,40680,68190,110530
2019,42220,"Santa Rosa, CA",4,06,207870,25610,30840,43430,68200,107110
2019,42340,"Savannah, GA",4,13,178260,18260,23230,35210,56400,81560
2019,42540,"Scranton--Wilkes-Barre--Hazleton, PA",4,42,259700,19460,24850,35190,52610,77670
2019,42660,"Seattle-Tacoma-Bellevue, WA",4,53,2020930,28570,36020,53360,85800,131030
2019,42680,"Sebastian-Vero Beach, FL",4,12,52950,20020,24420,33170,49160,71980
2019,42700,"Sebring, FL",4,12,25700,19080,21860,28990,41780,62530
2019,43100,"Sheboygan, WI",4,55,60210,20510,27610,39420,54220,78050
2019,43300,"Sherman-Denison, TX",4,48,46830,18430,23360,32610,50870,72790
2019,43340,"Shreveport-Bossier City, LA",4,22,174830,17760,21490,32300,51410,73640
2019,43420,"Sierra Vista-Douglas, AZ",4,04,32440,23540,25070,36160,62640,94610
2019,43580,"Sioux City, IA-NE-SD",4,19,84490,20270,26320,36500,51450,74690
2019,43620,"Sioux Falls, SD",4,46,156820,21600,26880,36710,53720,77960
2019,43780,"South Bend-Mishawaka, IN-MI",4,18,133980,20080,25210,36300,55000,79980
2019,43900,"Spartanburg, SC",4,45,159090,19420,25540,36390,53650,77090
2019,44060,"Spokane-Spokane Valley, WA",4,53,240280,25670,29770,40060,61290,88070
2019,44100,"Springfield, IL",4,17,104580,19920,25090,39750,64400,93780
2019,44180,"Springfield, MO",4,29,209610,19360,23760,33930,50580,74590
2019,44220,"Springfield, OH",4,39,48150,19600,24120,35460,55280,81360
2019,44300,"State College, PA",4,42,68080,19900,26320,39720,62530,93070
2019,44420,"Staunton-Waynesboro, VA",4,51,48680,19270,25240,36790,52270,74600
2019,44700,"Stockton-Lodi, CA",4,06,252850,24370,27490,38080,59580,92370
2019,44940,"Sumter, SC",4,45,37570,18070,22400,32210,48420,69400
2019,4500002,Upper Savannah South Carolina nonmetropolitan area,6,45,82310,18370,23010,33120,49880,72140
2019,4500004,Lower Savannah South Carolina nonmetropolitan area,6,45,55220,17800,21530,30990,47490,67050
2019,4500006,Northeast South Carolina nonmetropolitan area,6,45,95380,17590,20750,30720,46530,64560
2019,45060,"Syracuse, NY",4,36,306130,24170,27900,40520,63230,92500
2019,45220,"Tallahassee, FL",4,12,174700,19730,24730,36130,55090,81350
2019,45300,"Tampa-St. Petersburg-Clearwater, FL",4,12,1336000,20010,25320,37170,59570,91580
2019,45460,"Terre Haute, IN",4,18,65990,18280,22800,33910,51350,74720
2019,45500,"Texarkana, TX-AR",4,48,56940,18750,22230,33360,51550,70750
2019,45540,"The Villages, FL",4,12,29270,19240,23000,31580,48750,72280
2019,45780,"Toledo, OH",4,39,298520,19710,25080,37330,57300,80540
2019,45820,"Topeka, KS",4,20,109820,19750,25670,37620,55370,77960
2019,45940,"Trenton, NJ",4,34,240200,22760,31970,52970,82690,121620
2019,4600002,East South Dakota nonmetropolitan area,6,46,132210,20620,25440,33860,47580,66680
2019,4600003,West South Dakota nonmetropolitan area,6,46,60380,20150,24040,32150,46310,65300
2019,46060,"Tucson, AZ",4,04,376420,23680,25730,36900,58130,90060
2019,46140,"Tulsa, OK",4,40,444400,19000,25080,36830,57600,86400
2019,46220,"Tuscaloosa, AL",4,01,106200,18170,22820,35030,53800,75300
2019,46300,"Twin Falls, ID",4,16,46550,19010,23660,32230,47190,67800
2019,46340,"Tyler, TX",4,48,103180,18490,22870,32980,50640,75660
2019,46520,"Urban Honolulu, HI",4,15,457610,24240,30870,45900,70380,103640
2019,46540,"Utica-Rome, NY",4,36,128180,23940,26300,36750,56820,83740
2019,46660,"Valdosta, GA",4,13,52810,17650,20720,30230,46900,68620
2019,46700,"Vallejo-Fairfield, CA",4,06,141960,24640,28850,44140,72430,111120
2019,4700001,West Tennessee nonmetropolitan area,6,47,128620,18210,22760,32190,45590,63350
2019,4700002,South Central Tennessee nonmetropolitan area,6,47,108840,18690,23910,33110,47480,68350
2019,4700003,North Central Tennessee nonmetropolitan area,6,47,109960,18310,22580,31140,45750,65410
2019,4700004,East Tennessee nonmetropolitan area,6,47,134900,18270,22250,30090,42940,61710
2019,47020,"Victoria, TX",4,48,39300,18320,23480,35020,52980,77480
2019,47220,"Vineland-Bridgeton, NJ",4,34,60780,20050,25050,38750,60670,88760
2019,47260,"Virginia Beach-Norfolk-Newport News, VA-NC",4,51,758420,19120,24810,38960,62490,92380
2019,47300,"Visalia-Porterville, CA",4,06,155660,23880,25420,32470,49470,80900
2019,47380,"Waco, TX",4,48,117870,18960,23600,33790,52000,77970
2019,47460,"Walla Walla, WA",4,53,26040,25870,29990,39970,61120,85670
2019,47580,"Warner Robins, GA",4,13,73250,18330,23560,38070,60760,85800
2019,47900,"Washington-Arlington-Alexandria, DC-VA-MD-WV",4,11,3179340,24210,32340,56320,97080,145150
2019,47940,"Waterloo-Cedar Falls, IA",4,19,88610,19910,26270,37120,53970,78790
2019,4800001,West Texas Region of Texas nonmetropolitan area,6,48,201640,18640,24120,36160,52900,78020
2019,4800002,North Texas Region of Texas nonmetropolitan area,6,48,276710,18200,22650,32820,48210,70030
2019,4800003,Big Thicket Region of Texas nonmetropolitan area,6,48,106410,17880,21570,30760,46710,66550
2019,4800004,Hill Country Region of Texas nonmetropolitan area,6,48,197040,18370,23260,33860,48360,70210
2019,4800005,Border Region of Texas nonmetropolitan area,6,48,60580,17500,20550,29540,48270,74550
2019,4800006,Coastal Plains Region of Texas nonmetropolitan area,6,48,151820,18040,22160,34000,51980,77940
2019,48060,"Watertown-Fort Drum, NY",4,36,39860,24070,26470,37080,57060,82580
2019,48140,"Wausau, WI",4,55,71040,21450,28550,39160,56830,79080
2019,48260,"Weirton-Steubenville, WV-OH",4,54,35980,19670,23180,34170,53920,77150
2019,48300,"Wenatchee, WA",4,53,48020,25480,28280,36830,56560,85060
2019,48540,"Wheeling, WV-OH",4,54,64620,19700,23830,35420,55850,79900
2019,48620,"Wichita, KS",4,20,303290,19300,25080,36980,57140,81540
2019,48660,"Wichita Falls, TX",4,48,57080,17990,21950,32260,49350,73680
2019,48700,"Williamsport, PA",4,42,50270,18700,24160,34710,52120,77280
2019,48900,"Wilmington, NC",4,37,132490,18370,23230,34780,53180,80850
2019,4900006,Eastern Utah nonmetropolitan area,6,49,78910,20300,27040,37770,56980,83040
2019,4900007,Central Utah nonmetropolitan area,6,49,48940,18230,22520,31630,48170,68500
2019,49020,"Winchester, VA-WV",4,51,59910,20060,25480,37270,58010,86980
2019,49180,"Winston-Salem, NC",4,37,268360,18960,24270,36150,56120,84550
2019,49420,"Yakima, WA",4,53,93570,25360,28090,36840,52950,78370
2019,49620,"York-Hanover, PA",4,42,182790,19930,26510,38420,58680,86910
2019,49660,"Youngstown-Warren-Boardman, OH-PA",4,39,210990,19020,22760,33660,51280,73670
2019,49700,"Yuba City, CA",4,06,44810,24250,27210,38130,62260,100440
2019,49740,"Yuma, AZ",4,04,61940,23350,24620,30840,45840,72430
2019,5000001,Southern Vermont nonmetropolitan area,6,50,107280,24650,29710,39360,58200,81940
2019,5000002,Northern Vermont nonmetropolitan area,6,50,71680,24620,30290,41020,59660,83160
2019,0500001,North Arkansas nonmetropolitan area,6,05,116280,19380,22040,29690,43100,61990
2019,0500002,East Arkansas nonmetropolitan area,6,05,68530,19390,22330,31550,45710,62830
2019,0500003,West Arkansas nonmetropolitan area,6,05,87470,19400,22460,30270,43700,62460
2019,0500004,South Arkansas nonmetropolitan area,6,05,96260,19280,21970,30840,45290,63960
2019,5100001,Southwest Virginia nonmetropolitan area,6,51,122270,17980,21790,30980,45620,65620
2019,5100002,Southside Virginia nonmetropolitan area,6,51,105450,18080,22470,33040,48810,71040
2019,5100003,Northeast Virginia nonmetropolitan area,6,51,49290,18890,24310,36250,63510,109900
2019,5100004,Northwest Virginia nonmetropolitan area,6,51,64420,18840,24200,35110,51190,77560
2019,5300006,Western Washington nonmetropolitan area,6,53,123010,25770,29830,40070,58910,83190
2019,5300007,Eastern Washington nonmetropolitan area,6,53,96460,25560,29560,40040,60070,83830
2019,5400001,Southern West Virginia nonmetropolitan area,6,54,74760,19500,21660,30420,45910,65160
2019,5400002,Northern West Virginia nonmetropolitan area,6,54,148890,19780,23090,33100,50060,73470
2019,5500001,Northwestern Wisconsin nonmetropolitan area,6,55,48510,20310,25230,34800,49880,68670
2019,5500002,Northeastern Wisconsin nonmetropolitan area,6,55,202610,19860,25710,36520,53170,75320
2019,5500003,South Central Wisconsin nonmetropolitan area,6,55,211110,19720,25720,35860,51230,73710
2019,5500004,Western Wisconsin nonmetropolitan area,6,55,141570,20270,26880,36840,50080,69220
2019,5600006,Western Wyoming nonmetropolitan area,6,56,99760,21130,28980,41500,61300,86150
2019,5600007,Eastern Wyoming nonmetropolitan area,6,56,85160,20810,28210,41460,62430,82360
2019,0600003,North Coast Region of California nonmetropolitan area,6,06,107310,24360,27560,37310,56960,86200
2019,0600006,Eastern Sierra-Mother Lode Region of California nonmetropolitan area,6,06,59230,24260,27630,38880,61140,92220
2019,0600007,North Valley-Northern Mountains Region of California nonmetropolitan area,6,06,100640,24530,28620,39820,59790,89800
2019,70750,"Bangor, ME",4,23,65810,23590,26100,36370,54140,80040
2019,70900,"Barnstable Town, MA",4,25,104090,25640,30390,43150,64920,97170
2019,71650,"Boston-Cambridge-Nashua, MA-NH",4,25,2798000,26130,33480,53300,86480,131740
2019,71950,"Bridgeport-Stamford-Norwalk, CT",4,09,413900,24320,31660,53040,87650,137830
2019,72400,"Burlington-South Burlington, VT",4,50,122280,25090,31050,43400,63660,95050
2019,72850,"Danbury, CT",4,09,77440,23880,29760,44440,68210,101470
2019,73050,"Dover-Durham, NH-ME",4,33,52730,22260,28960,40900,64090,99420
2019,73450,"Hartford-West Hartford-East Hartford, CT",4,09,584080,24250,31800,50630,78970,114190
2019,74500,"Leominster-Gardner, MA",4,25,52600,25470,29170,39820,61610,91290
2019,74650,"Lewiston-Auburn, ME",4,23,49880,23740,26840,36530,52000,76070
2019,74950,"Manchester, NH",4,33,116910,21660,29180,43710,66900,100090
2019,75550,"New Bedford, MA",4,25,66100,25410,28400,37850,61610,93560
2019,75700,"New Haven, CT",4,09,284650,23860,29600,45970,72500,104580
2019,76450,"Norwich-New London-Westerly, CT-RI",4,09,129050,23070,27520,42590,69810,101030
2019,76600,"Pittsfield, MA",4,25,40850,25420,28730,39690,64670,97130
2019,76750,"Portland-South Portland, ME",4,23,210180,24230,29400,41160,62220,93470
2019,76900,"Portsmouth, NH-ME",4,33,96120,23500,31260,46690,73220,107610
2019,77200,"Providence-Warwick, RI-MA",4,44,579060,24480,28940,42700,69050,102050
2019,78100,"Springfield, MA-CT",4,25,334500,25510,29910,42230,64870,94890
2019,78700,"Waterbury, CT",4,09,67790,23650,28350,41830,64830,94700
2019,79600,"Worcester, MA-CT",4,25,287340,25630,30450,44000,68140,99900
2019,0800001,Eastern and Southern Colorado nonmetropolitan area,6,08,68230,22690,25400,34820,49110,71300
2019,0800002,Southwest Colorado nonmetropolitan area,6,08,99080,22840,26510,37050,53110,75710
2019,0800003,Northwest Colorado nonmetropolitan area,6,08,122920,24320,30770,41400,60320,85190
2019,0900001,Connecticut nonmetropolitan area,6,09,32540,24210,30250,42770,63990,93610
2020,10180,"Abilene, TX",4,48,66060,18990,23710,34130,51620,75370
2020,10420,"Akron, OH",4,39,311480,20500,27230,40440,63500,91100
2020,10500,"Albany, GA",4,13,58610,17930,21810,32810,54740,79730
2020,10540,"Albany, OR",4,41,42700,25020,29560,39780,59650,86220
2020,10580,"Albany-Schenectady-Troy, NY",4,36,420400,25840,31930,47650,72880,104380
2020,10740,"Albuquerque, NM",4,35,374380,20270,25610,38490,62720,97850
2020,10780,"Alexandria, LA",4,22,57130,17800,21640,32970,51090,74230
2020,10900,"Allentown-Bethlehem-Easton, PA-NJ",4,42,343850,21820,28290,40240,62200,91270
2020,11020,"Altoona, PA",4,42,54850,19430,24860,35810,52670,78090
2020,11100,"Amarillo, TX",4,48,113070,19480,24670,35630,53710,80220
2020,11180,"Ames, IA",4,19,43500,20860,27790,41360,62990,91860
2020,11260,"Anchorage, AK",4,02,164520,25220,33520,50180,79030,112860
2020,11460,"Ann Arbor, MI",4,26,208320,23420,30030,47230,74700,108020
2020,11500,"Anniston-Oxford-Jacksonville, AL",4,01,41960,18220,22910,34560,51080,69430
2020,11540,"Appleton, WI",4,55,116530,21800,28880,40480,60100,83300
2020,11700,"Asheville, NC",4,37,184120,20610,26380,36580,53760,79310
2020,12020,"Athens-Clarke County, GA",4,13,84840,18800,24770,36860,59300,87850
2020,12060,"Atlanta-Sandy Springs-Roswell, GA",4,13,2632850,20120,27230,42220,69370,111050
2020,12100,"Atlantic City-Hammonton, NJ",4,34,110820,23150,26390,38710,65240,100350
2020,12220,"Auburn-Opelika, AL",4,01,57090,17980,21820,32780,51600,78740
2020,12260,"Augusta-Richmond County, GA-SC",4,13,222710,18610,24410,36870,60090,89550
2020,12420,"Austin-Round Rock, TX",4,48,1054230,22260,29530,44020,71200,109830
2020,12540,"Bakersfield, CA",4,06,305350,27080,29220,38070,65450,104500
2020,12580,"Baltimore-Columbia-Towson, MD",4,24,1287630,24110,30660,48470,78290,118940
2020,12940,"Baton Rouge, LA",4,22,371540,18890,25360,40020,61730,87930
2020,12980,"Battle Creek, MI",4,26,48540,22640,28030,40220,62540,87540
2020,13020,"Bay City, MI",4,26,30330,21730,25180,35970,57720,83980
2020,13140,"Beaumont-Port Arthur, TX",4,48,152780,18930,25060,39210,62650,92210
2020,13220,"Beckley, WV",4,54,40400,19850,23320,32850,50080,72540
2020,13380,"Bellingham, WA",4,53,80770,28980,31960,42570,63870,94610
2020,13460,"Bend-Redmond, OR",4,41,80190,25590,30760,40830,62130,95080
2020,13740,"Billings, MT",4,30,84170,21560,27610,39250,60420,87150
2020,13780,"Binghamton, NY",4,36,92330,25110,28090,39330,62870,94390
2020,13820,"Birmingham-Hoover, AL",4,01,497560,19260,25980,39530,61510,93150
2020,13900,"Bismarck, ND",4,38,67930,24220,31700,44450,63510,89670
2020,13980,"Blacksburg-Christiansburg-Radford, VA",4,51,65780,19400,25630,38050,58060,86670
2020,14010,"Bloomington, IL",4,17,82520,20550,27160,42010,75050,116160
2020,14020,"Bloomington, IN",4,18,68060,20530,26780,39290,60910,88720
2020,14100,"Bloomsburg-Berwick, PA",4,42,38670,20860,28070,40320,62630,94590
2020,14260,"Boise City, ID",4,16,333920,20970,26920,38080,59080,87970
2020,14500,"Boulder, CO",4,08,181420,26520,34900,54770,89170,136510
2020,14540,"Bowling Green, KY",4,21,68070,19290,24020,34020,51200,74430
2020,14740,"Bremerton-Silverdale, WA",4,53,86510,29360,34100,51060,75490,103290
2020,15180,"Brownsville-Harlingen, TX",4,48,134860,17620,20410,25680,43150,65090
2020,15260,"Brunswick, GA",4,13,39480,18440,23110,33700,55850,88900
2020,15380,"Buffalo-Cheektowaga-Niagara Falls, NY",4,36,496720,25310,29530,42040,64620,94860
2020,15500,"Burlington, NC",4,37,60640,18710,23760,33950,50980,75800
2020,15680,"California-Lexington Park, MD",4,24,45180,24020,32420,63750,106480,140490
2020,15940,"Canton-Massillon, OH",4,39,157510,19950,25080,35700,53210,78310
2020,15980,"Cape Coral-Fort Myers, FL",4,12,261490,20980,26790,36580,55110,81220
2020,16020,"Cape Girardeau, MO-IL",4,29,41920,20030,23290,33170,50870,74060
2020,16060,"Carbondale-Marion, IL",4,17,50480,20160,24680,36550,57720,84400
2020,16180,"Carson City, NV",4,32,28930,22180,30260,44550,66550,92970
2020,16220,"Casper, WY",4,56,36870,22310,29000,42110,62320,87310
2020,16300,"Cedar Rapids, IA",4,19,137160,21990,29710,42480,65290,97720
2020,16540,"Chambersburg-Waynesboro, PA",4,42,56060,20740,27660,39650,57880,81840
2020,16580,"Champaign-Urbana, IL",4,17,95650,20980,27620,42290,64660,97720
2020,16620,"Charleston, WV",4,54,102850,20270,25700,37750,58530,84510
2020,16700,"Charleston-North Charleston, SC",4,45,342730,19840,27010,39580,62020,92590
2020,16740,"Charlotte-Concord-Gastonia, NC-SC",4,37,1211240,20830,27910,41410,65950,105940
2020,16820,"Charlottesville, VA",4,51,107820,21930,29350,44640,69490,109390
2020,16860,"Chattanooga, TN-GA",4,47,242810,19590,25770,37850,56490,83760
2020,16940,"Cheyenne, WY",4,56,44880,21980,29350,41870,62920,87750
2020,16980,"Chicago-Naperville-Elgin, IL-IN-WI",4,17,4362110,22930,29830,45420,75560,112930
2020,17020,"Chico, CA",4,06,73600,27080,29660,38040,59940,95060
2020,17140,"Cincinnati, OH-KY-IN",4,39,1028260,21420,28680,41660,64770,97380
2020,17300,"Clarksville, TN-KY",4,47,84090,18770,23980,34460,50880,75950
2020,17420,"Cleveland, TN",4,47,47030,18580,22780,30330,45970,67150
2020,17460,"Cleveland-Elyria, OH",4,39,982240,21060,28210,42740,66610,98440
2020,17660,"Coeur d'Alene, ID",4,16,60630,20280,25510,35990,53980,77920
2020,17780,"College Station-Bryan, TX",4,48,108420,19030,24390,36550,56650,88240
2020,17820,"Colorado Springs, CO",4,08,278210,25350,29270,41860,66920,105020
2020,17860,"Columbia, MO",4,29,88200,20340,25580,37080,57950,84800
2020,17900,"Columbia, SC",4,45,373090,19570,25570,37070,57470,84410
2020,17980,"Columbus, GA-AL",4,13,110900,18280,23120,33600,53800,81520
2020,18020,"Columbus, IN",4,18,46710,21930,29000,40760,64970,102300
2020,18140,"Columbus, OH",4,39,1026540,21880,28890,42370,66520,100120
2020,18580,"Corpus Christi, TX",4,48,180430,19060,24080,35430,58190,83240
2020,18700,"Corvallis, OR",4,41,35030,25150,30790,45360,72570,107090
2020,18880,"Crestview-Fort Walton Beach-Destin, FL",4,12,109210,20510,26220,37080,60960,92080
2020,19060,"Cumberland, MD-WV",4,24,33580,22420,25210,36600,59070,84670
2020,19100,"Dallas-Fort Worth-Arlington, TX",4,48,3588450,20860,28060,42710,68080,107030
2020,19140,"Dalton, GA",4,13,60030,19520,25790,34710,47840,70840
2020,19180,"Danville, IL",4,17,25190,20660,27740,38940,58740,80220
2020,19300,"Daphne-Fairhope-Foley, AL",4,01,73100,18140,22440,31250,47740,67350
2020,19340,"Davenport-Moline-Rock Island, IA-IL",4,19,170010,20440,27390,39600,61570,90410
2020,19380,"Dayton, OH",4,39,357650,20710,27420,41430,66830,101410
2020,19460,"Decatur, AL",4,01,54150,18600,23770,35380,55690,81750
2020,19500,"Decatur, IL",4,17,44310,20520,26580,39460,58220,83960
2020,19660,"Deltona-Daytona Beach-Ormond Beach, FL",4,12,192430,19930,24540,33120,48750,71900
2020,19740,"Denver-Aurora-Lakewood, CO",4,08,1457420,26010,33010,50170,79680,122970
2020,19780,"Des Moines-West Des Moines, IA",4,19,354460,22700,30150,44700,67080,100820
2020,19820,"Detroit-Warren-Dearborn, MI",4,26,1779580,23150,29530,44840,72320,107010
2020,20020,"Dothan, AL",4,01,56180,18020,21960,31550,48720,72050
2020,20100,"Dover, DE",4,10,61290,21400,26960,38760,59950,85190
2020,20220,"Dubuque, IA",4,19,56210,21240,28060,39110,56940,82090
2020,20260,"Duluth, MN-WI",4,27,118400,23200,29000,42180,63390,83590
2020,20500,"Durham-Chapel Hill, NC",4,37,309780,23050,31730,49460,79640,126370
2020,20700,"East Stroudsburg, PA",4,42,49630,19530,25090,37200,56590,81360
2020,20740,"Eau Claire, WI",4,55,79110,20960,27280,37970,55060,78140
2020,20940,"El Centro, CA",4,06,57410,27070,28770,35510,60680,93890
2020,21060,"Elizabethtown-Fort Knox, KY",4,21,50810,19720,25500,37460,57100,81460
2020,21140,"Elkhart-Goshen, IN",4,18,125930,23440,29420,38490,53610,75870
2020,21300,"Elmira, NY",4,36,31770,25150,28120,39040,59410,81960
2020,21340,"El Paso, TX",4,48,303110,17640,20720,30590,51920,78950
2020,21420,"Enid, OK",4,40,22970,19430,24720,34600,54230,77790
2020,21500,"Erie, PA",4,42,114070,19410,24770,35520,53610,79110
2020,21660,"Eugene, OR",4,41,147690,24890,29040,39720,60460,90680
2020,21780,"Evansville, IN-KY",4,18,146320,19910,25850,36930,56200,80750
2020,21820,"Fairbanks, AK",4,02,30890,25200,33950,50660,75610,101610
2020,22020,"Fargo, ND-MN",4,38,134540,23690,30740,42720,62910,89490
2020,22140,"Farmington, NM",4,35,43410,19650,24260,37040,58180,84160
2020,22180,"Fayetteville, NC",4,37,122660,18750,23890,35800,54960,85350
2020,22220,"Fayetteville-Springdale-Rogers, AR-MO",4,05,247200,21510,26030,37530,60240,94400
2020,22380,"Flagstaff, AZ",4,04,56910,25320,28130,37750,58160,86570
2020,22420,"Flint, MI",4,26,121490,22000,25690,37420,60490,83480
2020,22500,"Florence, SC",4,45,83810,18370,22970,33360,53380,79910
2020,22520,"Florence-Muscle Shoals, AL",4,01,51970,18120,22410,33040,51180,70370
2020,22540,"Fond du Lac, WI",4,55,42960,20610,28780,42540,62220,86550
2020,22660,"Fort Collins, CO",4,08,156030,25470,30580,43780,67550,102120
2020,22900,"Fort Smith, AR-OK",4,05,103240,20810,23700,31930,48820,67390
2020,23060,"Fort Wayne, IN",4,18,205560,21310,27210,38580,57340,81460
2020,23420,"Fresno, CA",4,06,376220,27080,29050,37050,61110,98870
2020,23460,"Gadsden, AL",4,01,31800,17710,20800,29520,46230,65830
2020,23540,"Gainesville, FL",4,12,136950,20690,26490,38400,59670,89680
2020,23580,"Gainesville, GA",4,13,88890,19910,25980,35350,52990,77910
2020,23900,"Gettysburg, PA",4,42,30480,20820,26630,37850,54340,80960
2020,24020,"Glens Falls, NY",4,36,47040,25370,29410,39800,59210,84570
2020,24140,"Goldsboro, NC",4,37,41580,18750,23740,32910,49020,71480
2020,24220,"Grand Forks, ND-MN",4,38,46610,23040,29440,40480,59520,82510
2020,24260,"Grand Island, NE",4,31,38920,21880,27690,37780,53730,77530
2020,24300,"Grand Junction, CO",4,08,58920,25260,28220,38800,57910,84040
2020,24340,"Grand Rapids-Wyoming, MI",4,26,516520,23220,28590,39430,60290,85090
2020,24420,"Grants Pass, OR",4,41,26010,24440,26860,35320,50210,78670
2020,24500,"Great Falls, MT",4,30,34440,20120,24500,34920,54220,79000
2020,24540,"Greeley, CO",4,08,104510,25620,31540,42930,61840,90090
2020,24580,"Green Bay, WI",4,55,163460,21870,29190,40820,60400,84210
2020,24660,"Greensboro-High Point, NC",4,37,349370,19750,25800,37780,58090,87210
2020,24780,"Greenville, NC",4,37,73830,18760,24280,36780,58270,83320
2020,24860,"Greenville-Anderson-Mauldin, SC",4,45,390860,19610,25570,36680,55880,83770
2020,25060,"Gulfport-Biloxi-Pascagoula, MS",4,28,141610,18310,23240,37160,58630,83350
2020,25180,"Hagerstown-Martinsburg, MD-WV",4,24,96090,23000,27190,38070,57740,86340
2020,25220,"Hammond, LA",4,22,42050,17690,21130,31490,49610,73740
2020,25260,"Hanford-Corcoran, CA",4,06,42690,27080,29760,39150,66970,100910
2020,25420,"Harrisburg-Carlisle, PA",4,42,311430,21620,28930,42570,65720,94250
2020,25500,"Harrisonburg, VA",4,51,61780,20040,26230,37400,54320,81060
2020,25620,"Hattiesburg, MS",4,28,60880,18040,21840,31370,48240,72070
2020,25860,"Hickory-Lenoir-Morganton, NC",4,37,144550,20050,25550,35100,50410,73080
2020,25940,"Hilton Head Island-Bluffton-Beaufort, SC",4,45,74310,19250,24520,33930,51380,76560
2020,25980,"Hinesville, GA",4,13,17600,18480,24160,37530,56190,81920
2020,26140,"Homosassa Springs, FL",4,12,30260,19470,22970,31390,46700,72590
2020,26300,"Hot Springs, AR",4,05,35480,20820,22950,29560,44780,65260
2020,26380,"Houma-Thibodaux, LA",4,22,81660,18330,23960,38140,57780,89920
2020,26420,"Houston-The Woodlands-Sugar Land, TX",4,48,2968750,20160,27060,42090,67330,105870
2020,26580,"Huntington-Ashland, WV-KY-OH",4,54,122080,19800,23980,35500,55110,78820
2020,26620,"Huntsville, AL",4,01,230800,19470,26530,43590,76440,122580
2020,26820,"Idaho Falls, ID",4,16,68820,19950,25000,36710,61380,97190
2020,26900,"Indianapolis-Carmel-Anderson, IN",4,18,1019100,21930,28730,40910,63590,95450
2020,26980,"Iowa City, IA",4,19,86410,22210,29250,43520,64560,94480
2020,27060,"Ithaca, NY",4,36,45930,26610,33620,49880,76960,119680
2020,27100,"Jackson, MI",4,26,46460,22690,28040,40470,63090,93660
2020,27140,"Jackson, MS",4,28,251530,18600,23570,35380,54200,80540
2020,27180,"Jackson, TN",4,47,63780,19000,24220,34720,50380,71470
2020,27260,"Jacksonville, FL",4,12,683490,20590,26540,38280,60180,89520
2020,27340,"Jacksonville, NC",4,37,45520,18350,22540,31830,49930,71650
2020,27500,"Janesville-Beloit, WI",4,55,64240,20260,27610,39650,60340,85440
2020,27620,"Jefferson City, MO",4,29,72590,20660,26670,37920,56390,83600
2020,27740,"Johnson City, TN",4,47,75190,18770,23820,34220,50940,78920
2020,27780,"Johnstown, PA",4,42,46780,18980,24420,35410,53200,78020
2020,27860,"Jonesboro, AR",4,05,54880,20820,23470,32180,47950,70560
2020,27900,"Joplin, MO",4,29,76300,20210,24200,33660,47870,68590
2020,27980,"Kahului-Wailuku-Lahaina, HI",4,15,66990,25770,32190,44130,62330,89250
2020,28020,"Kalamazoo-Portage, MI",4,26,130590,22680,27610,39730,62460,92420
2020,28100,"Kankakee, IL",4,17,42340,21310,26910,37540,59530,86210
2020,28140,"Kansas City, MO-KS",4,29,1031300,21560,29010,43200,66700,100350
2020,28420,"Kennewick-Richland, WA",4,53,113850,28790,31410,44330,72700,107290
2020,28660,"Killeen-Temple, TX",4,48,135650,19000,24690,37290,57460,84930
2020,28700,"Kingsport-Bristol-Bristol, TN-VA",4,47,108080,18910,24130,35650,55390,81330
2020,28740,"Kingston, NY",4,36,54740,25490,29730,40880,62670,90730
2020,28940,"Knoxville, TN",4,47,376480,19430,25320,36810,56710,85480
2020,29020,"Kokomo, IN",4,18,36270,19480,25810,39740,61900,81920
2020,29100,"La Crosse-Onalaska, WI-MN",4,55,71710,21380,27980,39750,60160,82830
2020,29180,"Lafayette, LA",4,22,189180,18190,22880,34100,51770,77240
2020,29200,"Lafayette-West Lafayette, IN",4,18,89480,20170,27220,39460,60120,86630
2020,29340,"Lake Charles, LA",4,22,101870,18530,24170,38390,59800,83910
2020,29420,"Lake Havasu City-Kingman, AZ",4,04,50410,25160,26530,33360,48240,71650
2020,29460,"Lakeland-Winter Haven, FL",4,12,234460,20570,25790,36350,52860,77970
2020,29540,"Lancaster, PA",4,42,232350,21390,27930,39170,57480,82310
2020,29620,"Lansing-East Lansing, MI",4,26,196980,23070,29470,44640,68410,97370
2020,29700,"Laredo, TX",4,48,99220,17920,21430,29790,51140,72350
2020,29740,"Las Cruces, NM",4,35,68620,19810,22980,32100,55920,86820
2020,29820,"Las Vegas-Henderson-Paradise, NV",4,32,902570,20000,25770,37690,60110,93960
2020,29940,"Lawrence, KS",4,20,44720,19000,24390,35390,54680,80790
2020,30020,"Lawton, OK",4,40,40970,18300,22580,34150,55190,78840
2020,30140,"Lebanon, PA",4,42,47860,21390,27620,38120,57120,81590
2020,30300,"Lewiston, ID-WA",4,16,25980,22410,28700,39700,58130,80730
2020,30460,"Lexington-Fayette, KY",4,21,258350,20380,26550,39110,59020,83010
2020,30620,"Lima, OH",4,39,46100,19880,25500,37500,58370,81210
2020,30700,"Lincoln, NE",4,31,174160,22050,28520,40700,61360,85590
2020,30780,"Little Rock-North Little Rock-Conway, AR",4,05,334860,21060,25320,37410,58200,83460
2020,30860,"Logan, UT-ID",4,49,58430,19150,24820,33400,49440,76050
2020,30980,"Longview, TX",4,48,92710,19190,24660,36290,54530,79800
2020,31020,"Longview, WA",4,53,36550,28740,31500,42920,63690,92590
2020,31080,"Los Angeles-Long Beach-Anaheim, CA",4,06,5822510,27530,31080,45550,78540,125220
2020,31140,"Louisville/Jefferson County, KY-IN",4,21,614720,21210,27760,39330,59260,84190
2020,31180,"Lubbock, TX",4,48,140600,18700,23700,34500,53140,79700
2020,31340,"Lynchburg, VA",4,51,96140,19020,24450,36040,56890,84420
2020,31420,"Macon, GA",4,13,96520,18510,23840,34940,53050,77960
2020,31460,"Madera, CA",4,06,45960,27070,28820,36580,61440,100670
2020,31540,"Madison, WI",4,55,382410,24300,32750,47200,71630,103020
2020,31740,"Manhattan, KS",4,20,36640,18570,23290,35280,55720,82010
2020,31860,"Mankato-North Mankato, MN",4,27,50440,23700,29050,40670,59780,84530
2020,31900,"Mansfield, OH",4,39,45720,19820,24700,35530,51290,72100
2020,32580,"McAllen-Edinburg-Mission, TX",4,48,259710,18170,21480,27880,47440,70070
2020,32780,"Medford, OR",4,41,84070,25040,29300,38940,57610,86580
2020,32820,"Memphis, TN-MS-AR",4,47,608140,19620,25420,37110,56620,82690
2020,32900,"Merced, CA",4,06,71370,27080,28880,36040,57580,96550
2020,33100,"Miami-Fort Lauderdale-West Palm Beach, FL",4,12,2507900,20380,26460,38690,62780,98370
2020,33140,"Michigan City-La Porte, IN",4,18,38570,19160,24750,35360,51440,74700
2020,33220,"Midland, MI",4,26,30990,22050,26730,40900,68500,113080
2020,33260,"Midland, TX",4,48,99400,23030,32010,45980,67220,110420
2020,33340,"Milwaukee-Waukesha-West Allis, WI",4,55,802610,21820,29200,43380,67460,99830
2020,33460,"Minneapolis-St. Paul-Bloomington, MN-WI",4,27,1848960,25840,33530,49700,77340,113770
2020,33540,"Missoula, MT",4,30,59110,20070,25780,36390,54430,80480
2020,33660,"Mobile, AL",4,01,169770,18720,24300,36820,56820,82710
2020,33700,"Modesto, CA",4,06,179540,27080,29690,39200,61720,98250
2020,33740,"Monroe, LA",4,22,72170,17580,20740,31490,49870,71470
2020,33780,"Monroe, MI",4,26,34900,22000,26600,38510,62020,90820
2020,33860,"Montgomery, AL",4,01,155120,18730,23990,35720,55260,83210
2020,34060,"Morgantown, WV",4,54,62010,20210,24960,38070,60710,92950
2020,34100,"Morristown, TN",4,47,43680,19000,23850,31890,45440,63410
2020,34580,"Mount Vernon-Anacortes, WA",4,53,46050,29140,32570,45780,67850,97880
2020,34620,"Muncie, IN",4,18,43590,19230,24810,36160,55080,82820
2020,34740,"Muskegon, MI",4,26,54510,22170,25840,36770,54490,76710
2020,34820,"Myrtle Beach-Conway-North Myrtle Beach, SC-NC",4,45,154590,18530,22350,30120,44970,67600
2020,34900,"Napa, CA",4,06,69130,28690,34000,47420,74450,113480
2020,34940,"Naples-Immokalee-Marco Island, FL",4,12,145800,22030,28280,38260,58170,86690
2020,34980,"Nashville-Davidson--Murfreesboro--Franklin, TN",4,47,965690,20810,28340,40650,62100,94130
2020,35100,"New Bern, NC",4,37,41710,18920,24570,37310,59660,82570
2020,35380,"New Orleans-Metairie, LA",4,22,515520,18560,24280,38280,61490,93140
2020,35620,"New York-Newark-Jersey City, NY-NJ-PA",4,36,8834370,26140,33140,52020,88270,138190
2020,35660,"Niles-Benton Harbor, MI",4,26,54540,22090,25880,36450,56200,82150
2020,35840,"North Port-Sarasota-Bradenton, FL",4,12,293250,21060,26640,36970,55190,82770
2020,36100,"Ocala, FL",4,12,102890,19940,24510,32350,48670,72480
2020,36140,"Ocean City, NJ",4,34,34850,23630,26810,36300,57310,85300
2020,36220,"Odessa, TX",4,48,73720,21420,29430,41710,59840,86340
2020,36260,"Ogden-Clearfield, UT",4,49,260230,20180,27200,38330,59200,86490
2020,36420,"Oklahoma City, OK",4,40,611010,19900,26570,39080,61100,89630
2020,36500,"Olympia-Tumwater, WA",4,53,109000,29450,33910,50070,76970,103660
2020,36540,"Omaha-Council Bluffs, NE-IA",4,31,473340,22870,29440,41730,64470,94820
2020,36740,"Orlando-Kissimmee-Sanford, FL",4,12,1193260,20500,25540,36580,58070,89400
2020,36780,"Oshkosh-Neenah, WI",4,55,91320,22650,30920,42600,61540,83360
2020,36980,"Owensboro, KY",4,21,47560,19550,25530,37050,54230,76420
2020,37100,"Oxnard-Thousand Oaks-Ventura, CA",4,06,298840,27080,30830,43540,73400,115730
2020,37340,"Palm Bay-Melbourne-Titusville, FL",4,12,216090,20780,26550,38410,61830,101410
2020,37460,"Panama City, FL",4,12,75360,20350,26020,35220,53650,82020
2020,37620,"Parkersburg-Vienna, WV",4,54,33960,19880,23480,33800,53030,81560
2020,37860,"Pensacola-Ferry Pass-Brent, FL",4,12,175850,20210,24880,35630,54710,79680
2020,37900,"Peoria, IL",4,17,158100,20670,27130,40850,66480,102090
2020,37980,"Philadelphia-Camden-Wilmington, PA-NJ-DE-MD",4,42,2696700,22980,29960,46500,75180,113730
2020,38060,"Phoenix-Mesa-Scottsdale, AZ",4,04,2108810,25470,29650,41300,64430,100650
2020,38220,"Pine Bluff, AR",4,05,28140,20820,24090,33260,50920,74400
2020,38300,"Pittsburgh, PA",4,42,1068070,21330,28720,43200,66530,99500
2020,38540,"Pocatello, ID",4,16,33610,19170,24540,35090,52460,77910
2020,38900,"Portland-Vancouver-Hillsboro, OR-WA",4,41,1142100,28110,33580,48050,76830,113080
2020,38940,"Port St. Lucie, FL",4,12,146280,20250,25650,35980,54410,81940
2020,39140,"Prescott, AZ",4,04,62220,25320,27990,36780,52230,78570
2020,39340,"Provo-Orem, UT",4,49,253100,20750,26680,37450,60420,96010
2020,39380,"Pueblo, CO",4,08,59490,25270,28040,38980,58600,84880
2020,39460,"Punta Gorda, FL",4,12,46340,20300,25250,34370,52740,79500
2020,39540,"Racine, WI",4,55,71350,20520,27210,39270,60050,86340
2020,39580,"Raleigh, NC",4,37,621270,20690,28340,43500,69640,108990
2020,39660,"Rapid City, SD",4,46,63420,21050,25770,35980,52090,76730
2020,39740,"Reading, PA",4,42,165300,20950,28080,40810,63210,94670
2020,39820,"Redding, CA",4,06,64180,27080,29680,39940,63150,101190
2020,39900,"Reno, NV",4,32,225650,21710,28660,39810,61800,91000
2020,40060,"Richmond, VA",4,51,625850,20970,28150,43090,67610,104510
2020,40140,"Riverside-San Bernardino-Ontario, CA",4,06,1489720,27080,29940,39630,63210,100770
2020,40220,"Roanoke, VA",4,51,144420,19790,26170,37890,57340,85940
2020,40340,"Rochester, MN",4,27,114980,25250,31940,47310,72040,104130
2020,40380,"Rochester, NY",4,36,475500,25370,29640,42430,65330,96830
2020,40420,"Rockford, IL",4,17,134580,21120,27420,39650,61730,85980
2020,40580,"Rocky Mount, NC",4,37,52820,18850,23550,33100,48850,70330
2020,40660,"Rome, GA",4,13,36710,18540,24150,34880,54600,80560
2020,40900,"Sacramento--Roseville--Arden-Arcade, CA",4,06,968520,27400,31560,48070,78330,120020
2020,40980,"Saginaw, MI",4,26,75790,22270,26200,38170,62010,87290
2020,41060,"St. Cloud, MN",4,27,99600,24450,30730,42010,61110,85630
2020,41100,"St. George, UT",4,49,68550,20060,25580,34890,51740,75450
2020,41140,"St. Joseph, MO-KS",4,29,51880,20720,26540,36980,52800,78150
2020,41180,"St. Louis, MO-IL",4,29,1300210,21460,28090,42060,66820,99630
2020,41420,"Salem, OR",4,41,166960,24960,29790,41140,64590,95400
2020,41500,"Salinas, CA",4,06,171470,27350,30060,38880,64520,103530
2020,41540,"Salisbury, MD-DE",4,24,148080,22200,25920,35460,55190,83420
2020,41620,"Salt Lake City, UT",4,49,724900,22300,29810,42280,66200,102470
2020,41660,"San Angelo, TX",4,48,46220,18570,23170,33510,51220,75410
2020,41700,"San Antonio-New Braunfels, TX",4,48,1003730,20390,26110,37920,60480,91000
2020,41740,"San Diego-Carlsbad, CA",4,06,1399990,27550,31460,48200,79430,124460
2020,41860,"San Francisco-Oakland-Hayward, CA",4,06,2330800,30420,38720,61790,105570,163460
2020,41940,"San Jose-Sunnyvale-Santa Clara, CA",4,06,1102970,31080,39860,69620,130290,188330
2020,42020,"San Luis Obispo-Paso Robles-Arroyo Grande, CA",4,06,108330,27150,30340,40890,67560,106530
2020,42100,"Santa Cruz-Watsonville, CA",4,06,91050,28020,31700,45320,73270,117470
2020,42140,"Santa Fe, NM",4,35,57600,22710,28970,39910,60770,87490
2020,42200,"Santa Maria-Santa Barbara, CA",4,06,182510,27370,30720,42820,72000,115050
2020,42220,"Santa Rosa, CA",4,06,193830,28380,33040,46990,73510,116030
2020,42340,"Savannah, GA",4,13,170480,18890,24670,36940,58300,85130
2020,42540,"Scranton--Wilkes-Barre--Hazleton, PA",4,42,242400,20230,26380,37110,55780,81150
2020,42660,"Seattle-Tacoma-Bellevue, WA",4,53,1955810,31170,38460,58330,94960,142070
2020,42680,"Sebastian-Vero Beach, FL",4,12,51040,20870,25920,35080,51180,76060
2020,42700,"Sebring, FL",4,12,24570,19590,22850,30780,45100,67310
2020,43100,"Sheboygan, WI",4,55,57720,21720,29100,40800,56470,81050
2020,43300,"Sherman-Denison, TX",4,48,45570,18920,24210,32810,51360,73860
2020,43340,"Shreveport-Bossier City, LA",4,22,164210,18120,22700,34560,54400,77940
2020,43420,"Sierra Vista-Douglas, AZ",4,04,31630,25270,27150,37780,62510,94080
2020,43580,"Sioux City, IA-NE-SD",4,19,78320,21180,27640,37490,53170,77190
2020,43620,"Sioux Falls, SD",4,46,153530,22530,28540,39050,56720,81350
2020,43780,"South Bend-Mishawaka, IN-MI",4,18,126850,20920,26580,37600,56940,82170
2020,43900,"Spartanburg, SC",4,45,154970,20170,26730,37750,56270,80950
2020,44060,"Spokane-Spokane Valley, WA",4,53,232480,28930,31700,42140,64480,93780
2020,44100,"Springfield, IL",4,17,98410,20450,27120,42490,67250,97820
2020,44180,"Springfield, MO",4,29,204680,20380,24820,35590,52700,77850
2020,44220,"Springfield, OH",4,39,45040,20140,25040,35700,52890,79650
2020,44300,"State College, PA",4,42,64300,20920,28030,42080,66130,97850
2020,44420,"Staunton-Waynesboro, VA",4,51,46260,20050,26300,37750,54320,78400
2020,44700,"Stockton-Lodi, CA",4,06,247880,27080,30030,39540,62380,97650
2020,44940,"Sumter, SC",4,45,36050,18350,23350,34120,50300,72380
2020,45060,"Syracuse, NY",4,36,280900,25350,30140,43560,66250,96290
2020,45220,"Tallahassee, FL",4,12,169680,20530,26050,37860,56740,83680
2020,45300,"Tampa-St. Petersburg-Clearwater, FL",4,12,1303530,20990,26980,38930,61920,95780
2020,45460,"Terre Haute, IN",4,18,62940,18800,23980,35440,52970,76400
2020,45500,"Texarkana, TX-AR",4,48,54550,19630,23370,34790,53550,72540
2020,45540,"The Villages, FL",4,12,29970,19790,24440,33160,50800,77990
2020,45780,"Toledo, OH",4,39,274370,20300,26760,39210,60600,84240
2020,45820,"Topeka, KS",4,20,105010,20190,26810,39290,58590,81820
2020,45940,"Trenton, NJ",4,34,230540,24980,34580,55220,87910,130530
2020,46060,"Tucson, AZ",4,04,368440,25300,28160,38900,60260,93050
2020,46140,"Tulsa, OK",4,40,427890,19730,26340,38210,60190,89680
2020,46220,"Tuscaloosa, AL",4,01,100170,18660,23960,37170,55890,78180
2020,46300,"Twin Falls, ID",4,16,45930,19920,24810,33290,48470,70240
2020,46340,"Tyler, TX",4,48,98180,19080,24000,34600,52230,77730
2020,46520,"Urban Honolulu, HI",4,15,414470,25600,32830,48310,74630,108240
2020,46540,"Utica-Rome, NY",4,36,115300,25140,28230,38930,59730,87760
2020,46660,"Valdosta, GA",4,13,51690,18000,21770,31540,48490,72450
2020,46700,"Vallejo-Fairfield, CA",4,06,132910,27160,31110,47720,78970,124140
2020,47020,"Victoria, TX",4,48,36450,18780,23920,35870,54710,81190
2020,47220,"Vineland-Bridgeton, NJ",4,34,57270,23310,26470,40420,64170,87690
2020,47260,"Virginia Beach-Norfolk-Newport News, VA-NC",4,51,719480,20170,26820,41520,65190,97210
2020,47300,"Visalia-Porterville, CA",4,06,148600,27070,28300,33830,52330,85130
2020,47380,"Waco, TX",4,48,114920,19530,24660,35740,53710,80430
2020,47460,"Walla Walla, WA",4,53,24840,29180,32020,40820,63410,90510
2020,47580,"Warner Robins, GA",4,13,72650,18840,24700,39400,63670,91170
2020,47900,"Washington-Arlington-Alexandria, DC-VA-MD-WV",4,11,3022200,26040,35170,60480,103490,153440
2020,47940,"Waterloo-Cedar Falls, IA",4,19,83440,20970,28040,38990,57460,81820
2020,48060,"Watertown-Fort Drum, NY",4,36,36200,25200,28320,38920,59520,86060
2020,48140,"Wausau, WI",4,55,68520,22760,30150,41360,59600,81910
2020,48260,"Weirton-Steubenville, WV-OH",4,54,34880,19930,24410,35910,54230,77030
2020,48300,"Wenatchee, WA",4,53,45030,28650,30950,38730,60070,90740
2020,48540,"Wheeling, WV-OH",4,54,56540,19950,24760,36140,56440,81630
2020,48620,"Wichita, KS",4,20,288540,20010,26080,38220,59140,83700
2020,48660,"Wichita Falls, TX",4,48,54350,18440,22830,33360,51820,78630
2020,48700,"Williamsport, PA",4,42,47090,19560,25730,36930,55570,80900
2020,48900,"Wilmington, NC",4,37,126760,19070,24780,36650,56170,83420
2020,49020,"Winchester, VA-WV",4,51,59100,20820,27110,38900,60840,90860
2020,49180,"Winston-Salem, NC",4,37,257270,19770,25780,37930,58720,87720
2020,49420,"Yakima, WA",4,53,90260,28280,30570,38170,55440,82660
2020,49620,"York-Hanover, PA",4,42,170960,21040,28000,40280,61240,89870
2020,49660,"Youngstown-Warren-Boardman, OH-PA",4,39,193230,19510,23740,34660,52460,76230
2020,49700,"Yuba City, CA",4,06,44130,27080,29900,39860,65040,104480
2020,49740,"Yuma, AZ",4,04,60620,25190,26140,32390,49020,76730
2020,70750,"Bangor, ME",4,23,60940,25350,28750,38650,58020,83880
2020,70900,"Barnstable Town, MA",4,25,92530,27750,32330,45840,68830,100760
2020,71650,"Boston-Cambridge-Nashua, MA-NH",4,25,2601780,28580,36100,57080,92860,140880
2020,71950,"Bridgeport-Stamford-Norwalk, CT",4,09,376830,25420,33820,55630,91240,143550
2020,72400,"Burlington-South Burlington, VT",4,50,113730,26440,33140,46250,66590,98290
2020,72850,"Danbury, CT",4,09,70910,25010,31860,47730,73530,107780
2020,73050,"Dover-Durham, NH-ME",4,33,48860,22950,30120,42810,66890,103160
2020,73450,"Hartford-West Hartford-East Hartford, CT",4,09,550210,25430,33800,53030,82560,119090
2020,74500,"Leominster-Gardner, MA",4,25,48270,27370,31100,42010,65030,96030
2020,74650,"Lewiston-Auburn, ME",4,23,47250,25430,29270,38480,54420,78610
2020,74950,"Manchester, NH",4,33,108710,23250,31140,46460,69870,104440
2020,75550,"New Bedford, MA",4,25,59440,27040,30530,40410,64910,98210
2020,75700,"New Haven, CT",4,09,269760,25170,31590,48410,76420,110710
2020,76450,"Norwich-New London-Westerly, CT-RI",4,09,111200,24840,30720,48070,75840,107430
2020,76600,"Pittsfield, MA",4,25,36220,27250,31150,42480,69120,102510
2020,76750,"Portland-South Portland, ME",4,23,197300,25930,31610,44180,65140,97880
2020,76900,"Portsmouth, NH-ME",4,33,89450,25300,33280,49640,77550,113180
2020,77200,"Providence-Warwick, RI-MA",4,44,529470,25590,31000,46000,73210,106250
2020,78100,"Springfield, MA-CT",4,25,304620,27320,31690,43910,67190,97800
2020,78700,"Waterbury, CT",4,09,62820,24830,29800,43010,66960,97350
2020,79600,"Worcester, MA-CT",4,25,266080,27700,32320,46500,72620,105760
2020,0100001,Northwest Alabama nonmetropolitan area,6,01,64310,18730,23500,32220,44840,62520
2020,0100002,Northeast Alabama nonmetropolitan area,6,01,142110,18390,22650,31410,47730,65600
2020,0100003,Southwest Alabama nonmetropolitan area,6,01,64820,17980,21720,31980,50210,72560
2020,0100004,Southeast Alabama nonmetropolitan area,6,01,84010,18400,22900,32770,53530,78060
2020,1200003,South Florida nonmetropolitan area,6,12,73440,19980,25190,34960,49900,73420
2020,1200006,North Florida nonmetropolitan area,6,12,118970,19620,23970,33020,46110,67080
2020,1300001,North Georgia nonmetropolitan area,6,13,164320,19190,23950,31750,46770,69150
2020,1300002,Middle Georgia nonmetropolitan area,6,13,123940,18150,22560,31980,48000,71290
2020,1300003,East Georgia nonmetropolitan area,6,13,83840,17830,21360,30870,46770,66930
2020,1300004,South Georgia nonmetropolitan area,6,13,184990,18170,22370,31590,48460,70580
2020,1500001,Hawaii / Kauai nonmetropolitan area,6,15,92550,24510,30470,42030,61280,90260
2020,1600006,Northwestern Idaho nonmetropolitan area,6,16,67140,20210,26670,37000,53260,76760
2020,1600007,Southeast-Central Idaho nonmetropolitan area,6,16,83950,19000,24700,36000,53120,77830
2020,1700001,Northwest Illinois nonmetropolitan area,6,17,125580,20510,25960,38080,56460,81120
2020,1700002,West Central Illinois nonmetropolitan area,6,17,163800,19940,24720,36160,52460,76010
2020,1700003,East Central Illinois nonmetropolitan area,6,17,112600,20070,24770,36130,52470,77180
2020,1700004,South Illinois nonmetropolitan area,6,17,84060,20010,24460,36720,53350,75440
2020,1800001,Northern Indiana nonmetropolitan area,6,18,202540,20060,26530,36680,50910,73870
2020,1800002,Central Indiana nonmetropolitan area,6,18,151280,20060,25670,35620,50020,70310
2020,1800003,Southern Indiana nonmetropolitan area,6,18,179810,20310,26590,37020,53780,76230
2020,1900001,Northeast Iowa nonmetropolitan area,6,19,97640,20310,27340,38140,53510,75410
2020,1900002,Northwest Iowa nonmetropolitan area,6,19,131000,21010,28010,37870,51880,71730
2020,1900003,Southwest Iowa nonmetropolitan area,6,19,79360,20660,26950,37280,51040,70520
2020,1900004,Southeast Iowa nonmetropolitan area,6,19,210590,20680,27130,37960,53000,74410
2020,2000006,Kansas nonmetropolitan area,6,20,378350,19070,24560,34570,49580,70840
2020,0200006,Alaska nonmetropolitan area,6,02,,26510,34760,51820,76110,104210
2020,2100001,West Kentucky nonmetropolitan area,6,21,140060,19080,24550,34180,50580,72680
2020,2100002,South Central Kentucky nonmetropolitan area,6,21,159030,18780,23110,31840,47130,66270
2020,2100003,Central Kentucky nonmetropolitan area,6,21,168620,19690,25230,36150,52310,74720
2020,2100004,East Kentucky nonmetropolitan area,6,21,95620,18120,22000,31990,48710,66490
2020,2200002,Central Louisiana nonmetropolitan area,6,22,,17620,20720,32650,50050,71820
2020,2200003,Northeast Louisiana nonmetropolitan area,6,22,62320,17380,19970,30380,49170,71990
2020,2200006,Southwest Louisiana nonmetropolitan area,6,22,68420,17540,21000,31670,48880,71030
2020,2300001,Northeast Maine nonmetropolitan area,6,23,66350,25280,27990,36400,52270,74540
2020,2300002,Southwest Maine nonmetropolitan area,6,23,182430,25440,29440,39510,57690,80490
2020,2400006,Maryland nonmetropolitan area,6,24,56370,23090,26150,36740,54790,80120
2020,2500006,Massachusetts nonmetropolitan area,6,25,56350,27930,32470,44630,65700,97810
2020,2600001,Upper Peninsula of Michigan nonmetropolitan area,6,26,101130,21910,25810,36740,55340,76560
2020,2600002,Northeast Lower Peninsula of Michigan nonmetropolitan area,6,26,67100,21770,24810,33520,50590,72760
2020,2600003,Northwest Lower Peninsula of Michigan nonmetropolitan area,6,26,109140,22930,27940,37260,54290,78690
2020,2600004,Balance of Lower Peninsula of Michigan nonmetropolitan area,6,26,246000,22230,26660,36420,52220,75650
2020,2700001,Northwest Minnesota nonmetropolitan area,6,27,180370,23470,28880,38890,55180,77190
2020,2700002,Northeast Minnesota nonmetropolitan area,6,27,39520,22610,27150,37890,56430,79580
2020,2700003,Southwest Minnesota nonmetropolitan area,6,27,116310,23600,28960,38630,53600,76660
2020,2700004,Southeast Minnesota nonmetropolitan area,6,27,148220,23700,29240,39750,57580,81850
2020,2800001,Northeast Mississippi nonmetropolitan area,6,28,224110,18140,22260,31730,46960,67010
2020,2800002,Northwest Mississippi nonmetropolitan area,6,28,89730,17740,20980,30240,45550,66320
2020,2800003,Southeast Mississippi nonmetropolitan area,6,28,146300,18020,21970,31350,47450,68450
2020,2800004,Southwest Mississippi nonmetropolitan area,6,28,69220,17770,21240,32590,48360,74680
2020,2900001,Central Missouri nonmetropolitan area,6,29,151610,20050,23450,32690,48210,68970
2020,2900002,North Missouri nonmetropolitan area,6,29,105660,20120,24160,33410,46710,67420
2020,2900003,Southeast Missouri nonmetropolitan area,6,29,159990,20040,22890,31230,46250,66640
2020,2900004,Southwest Missouri nonmetropolitan area,6,29,68260,19980,22800,30600,46210,68510
2020,3000003,Southwest Montana nonmetropolitan area,6,30,135440,21060,27760,39280,58760,83210
2020,3000004,West Montana nonmetropolitan area,6,30,74700,20790,26020,35580,52430,77660
2020,3000006,East-Central Montana nonmetropolitan area,6,30,63840,20390,25940,37480,56830,80620
2020,3100001,Northwest Nebraska nonmetropolitan area,6,31,37480,20730,26030,35160,51450,74040
2020,3100003,Northeast Nebraska nonmetropolitan area,6,31,91110,21870,27650,37370,52690,74290
2020,3100006,South Nebraska nonmetropolitan area,6,31,145110,21190,26470,36070,51450,75720
2020,3200006,Nevada nonmetropolitan area,6,32,92240,20240,27590,42660,64270,84810
2020,3300001,Northern New Hampshire nonmetropolitan area,6,33,32910,21110,26900,36440,52130,76470
2020,3300002,Central New Hampshire nonmetropolitan area,6,33,90480,22560,29850,42910,63660,90330
2020,3300006,West Central-Southwest New Hampshire nonmetropolitan area,6,33,98740,23360,30540,42600,63690,96960
2020,3500006,Northern New Mexico nonmetropolitan area,6,35,77930,19600,23990,36320,63270,107400
2020,3500007,Eastern New Mexico nonmetropolitan area,6,35,156020,19680,24560,35860,54790,81830
2020,3600001,Capital/Northern New York nonmetropolitan area,6,36,133710,25210,28680,39820,59300,85210
2020,3600004,Southwest New York nonmetropolitan area,6,36,165290,25090,27740,38800,56860,81850
2020,3600006,Central East New York nonmetropolitan area,6,36,150680,25250,28850,39600,59250,83420
2020,3700001,Southeast Coastal North Carolina nonmetropolitan area,6,37,240520,18370,23010,32350,47150,66490
2020,3700002,Northeast Coastal North Carolina nonmetropolitan area,6,37,89080,18200,22700,31950,47600,67770
2020,3700003,Piedmont North Carolina nonmetropolitan area,6,37,245610,18810,24100,33690,49680,69910
2020,3700004,Mountain North Carolina nonmetropolitan area,6,37,121600,19120,24090,32930,47410,66350
2020,3800006,West North Dakota nonmetropolitan area,6,38,115620,25200,34140,47870,65180,91970
2020,3800007,East North Dakota nonmetropolitan area,6,38,61060,22930,30010,40270,57400,76340
2020,3900001,West Northwestern Ohio nonmetropolitan area,6,39,238740,20350,27230,38330,54460,76300
2020,3900002,North Northeastern Ohio nonmetropolitan area (noncontiguous),6,39,311820,20000,25920,36660,52420,75570
2020,3900003,Eastern Ohio nonmetropolitan area,6,39,126930,19570,24590,36050,54030,78340
2020,3900004,Southern Ohio nonmetropolitan area,6,39,149680,19630,24400,35690,54180,80160
2020,4000001,Northeast Oklahoma nonmetropolitan area,6,40,114470,18330,22740,33140,50780,76110
2020,4000002,Northwest Oklahoma nonmetropolitan area,6,40,92090,19030,24100,35580,52910,81660
2020,4000003,Southwest Oklahoma nonmetropolitan area,6,40,59770,18310,23000,34800,51580,75210
2020,4000004,Southeast Oklahoma nonmetropolitan area,6,40,165610,18250,22750,32820,49560,71050
2020,0400001,Arizona nonmetropolitan area,6,04,90310,25250,27660,37780,55260,81720
2020,4100006,Coast Oregon nonmetropolitan area,6,41,105710,24730,28170,37390,52910,79850
2020,4100007,Central Oregon nonmetropolitan area,6,41,58060,24850,28530,37800,54250,81140
2020,4100008,Eastern Oregon nonmetropolitan area,6,41,68470,24510,27260,36990,53910,78230
2020,4200001,Western Pennsylvania nonmetropolitan area,6,42,140290,19440,24810,35790,53140,77390
2020,4200002,Northern Pennsylvania nonmetropolitan area,6,42,146540,19830,25400,36620,52720,77170
2020,4200003,Southern Pennsylvania nonmetropolitan area,6,42,180140,19430,25340,35470,50600,73080
2020,4500002,Upper Savannah South Carolina nonmetropolitan area,6,45,77860,18940,24230,34470,50930,74970
2020,4500004,Lower Savannah South Carolina nonmetropolitan area,6,45,51120,18120,22670,32460,48640,68180
2020,4500006,Northeast South Carolina nonmetropolitan area,6,45,94360,18080,22180,32130,47930,67210
2020,4600002,East South Dakota nonmetropolitan area,6,46,127360,21530,26740,35610,49410,69800
2020,4600003,West South Dakota nonmetropolitan area,6,46,57960,20820,25140,33810,48450,67650
2020,4700001,West Tennessee nonmetropolitan area,6,47,124040,18650,23700,33540,47030,64720
2020,4700002,South Central Tennessee nonmetropolitan area,6,47,101950,18940,24160,34150,48400,68640
2020,4700003,North Central Tennessee nonmetropolitan area,6,47,105620,18590,23090,31720,46720,66540
2020,4700004,East Tennessee nonmetropolitan area,6,47,125400,18630,23050,31390,45380,64400
2020,4800001,West Texas Region of Texas nonmetropolitan area,6,48,192440,19240,25510,37850,54550,79710
2020,4800002,North Texas Region of Texas nonmetropolitan area,6,48,269050,18510,23240,33670,49310,71590
2020,4800003,Big Thicket Region of Texas nonmetropolitan area,6,48,103570,18270,22380,31650,47590,68070
2020,4800004,Hill Country Region of Texas nonmetropolitan area,6,48,191670,19060,24310,35220,50110,73420
2020,4800005,Border Region of Texas nonmetropolitan area,6,48,56760,17810,21100,30450,49560,76730
2020,4800006,Coastal Plains Region of Texas nonmetropolitan area,6,48,144590,18310,22690,34050,52240,79180
2020,4900006,Eastern Utah nonmetropolitan area,6,49,75590,21040,28250,38940,58390,85160
2020,4900007,Central Utah nonmetropolitan area,6,49,49530,18780,23690,33550,50200,71340
2020,5000001,Southern Vermont nonmetropolitan area,6,50,,25620,31110,41020,59980,84850
2020,5000002,Northern Vermont nonmetropolitan area,6,50,65450,25440,31720,43080,62050,85520
2020,0500001,North Arkansas nonmetropolitan area,6,05,113610,20820,23510,31220,45160,65050
2020,0500002,East Arkansas nonmetropolitan area,6,05,65950,20820,23370,32050,46430,65090
2020,0500003,West Arkansas nonmetropolitan area,6,05,85190,20820,23700,31170,45290,64520
2020,0500004,South Arkansas nonmetropolitan area,6,05,92960,20810,23510,31570,45740,65710
2020,5100001,Southwest Virginia nonmetropolitan area,6,51,116850,18570,23030,31900,46970,69200
2020,5100002,Southside Virginia nonmetropolitan area,6,51,98840,18440,23260,34190,50010,72950
2020,5100003,Northeast Virginia nonmetropolitan area,6,51,47650,19950,25720,38610,68770,117350
2020,5100004,Northwest Virginia nonmetropolitan area,6,51,61770,19650,25580,36470,53490,82970
2020,5300006,Western Washington nonmetropolitan area,6,53,117730,28970,31830,42730,62210,89510
2020,5300007,Eastern Washington nonmetropolitan area,6,53,92390,28700,31440,41050,61740,87850
2020,5400001,Southern West Virginia nonmetropolitan area,6,54,70430,19820,22990,31670,47330,67220
2020,5400002,Northern West Virginia nonmetropolitan area,6,54,135600,20090,24010,34460,51550,76600
2020,5500001,Northwestern Wisconsin nonmetropolitan area,6,55,46140,21170,26510,36410,52210,73740
2020,5500002,Northeastern Wisconsin nonmetropolitan area,6,55,189160,20420,26810,37610,54550,77760
2020,5500003,South Central Wisconsin nonmetropolitan area,6,55,195560,20830,27500,37690,53130,76250
2020,5500004,Western Wisconsin nonmetropolitan area,6,55,133150,21060,28080,38290,51820,72440
2020,5600006,Western Wyoming nonmetropolitan area,6,56,94170,22120,30230,43160,63450,88620
2020,5600007,Eastern Wyoming nonmetropolitan area,6,56,82580,21390,29050,43080,63930,84750
2020,0600003,North Coast Region of California nonmetropolitan area,6,06,98090,27080,30050,39310,59340,88840
2020,0600006,Eastern Sierra-Mother Lode Region of California nonmetropolitan area,6,06,55100,27080,30230,41080,64010,94360
2020,0600007,North Valley-Northern Mountains Region of California nonmetropolitan area,6,06,97020,27080,30660,41140,61210,89730
2020,0800001,Eastern and Southern Colorado nonmetropolitan area,6,08,65790,25170,26950,36140,51430,73320
2020,0800002,Southwest Colorado nonmetropolitan area,6,08,94530,25230,28020,38530,55960,79030
2020,0800003,Northwest Colorado nonmetropolitan area,6,08,114480,25890,32560,43400,63260,91100
2020,0900001,Connecticut nonmetropolitan area,6,09,30090,25110,31060,43400,64990,94980
2021,11500,"Anniston-Oxford-Jacksonville, AL",4,01,43140,17720,23480,35640,49960,72960
2021,12220,"Auburn-Opelika, AL",4,01,58940,18160,23660,35770,49010,79190
2021,13820,"Birmingham-Hoover, AL",4,01,482440,20160,28820,38400,61560,97080
2021,19300,"Daphne-Fairhope-Foley, AL",4,01,74400,17920,23040,29960,47730,64510
2021,19460,"Decatur, AL",4,01,55370,18760,27060,37460,60010,80530
2021,20020,"Dothan, AL",4,01,56440,17550,22750,30370,47360,72870
2021,22520,"Florence-Muscle Shoals, AL",4,01,52200,17850,23390,35060,48130,72540
2021,23460,"Gadsden, AL",4,01,31950,17250,21990,29570,45960,62520
2021,26620,"Huntsville, AL",4,01,230260,22290,29450,47260,78210,126190
2021,33660,"Mobile, AL",4,01,162460,18570,27720,37700,59970,79220
2021,33860,"Montgomery, AL",4,01,153880,18350,23990,36880,59090,79970
2021,46220,"Tuscaloosa, AL",4,01,96560,18980,26420,37820,60130,77770
2021,11260,"Anchorage, AK",4,02,161730,28800,36590,48270,77920,109890
2021,21820,"Fairbanks, AK",4,02,34450,29130,36980,49120,77760,101510
2021,22380,"Flagstaff, AZ",4,04,57840,28970,29950,37850,60040,83680
2021,29420,"Lake Havasu City-Kingman, AZ",4,04,52470,27320,28550,35750,47830,74690
2021,38060,"Phoenix-Mesa-Scottsdale, AZ",4,04,2116640,28990,30130,45570,62500,100070
2021,39140,"Prescott, AZ",4,04,64650,28350,29450,37440,57330,77680
2021,43420,"Sierra Vista-Douglas, AZ",4,04,33800,27340,28970,38040,61200,94690
2021,46060,"Tucson, AZ",4,04,365340,28010,29310,38050,60510,96430
2021,49740,"Yuma, AZ",4,04,62410,27360,28390,35840,49730,77320
2021,12540,"Bakersfield, CA",4,06,310640,29120,29680,37530,61970,99770
2021,17020,"Chico, CA",4,06,74500,29120,29820,38380,61880,98600
2021,20940,"El Centro, CA",4,06,58660,29120,29630,36680,61140,98450
2021,23420,"Fresno, CA",4,06,375130,29120,29680,37470,60670,98800
2021,25260,"Hanford-Corcoran, CA",4,06,42740,29470,29940,40200,66780,98980
2021,31080,"Los Angeles-Long Beach-Anaheim, CA",4,06,5719620,29810,31450,47580,78630,127690
2021,31460,"Madera, CA",4,06,47760,29120,29580,37100,61030,97790
2021,32900,"Merced, CA",4,06,71910,29120,29680,36890,59280,95790
2021,33700,"Modesto, CA",4,06,180830,29270,30010,38910,61550,99970
2021,34900,"Napa, CA",4,06,68920,32070,35920,47470,76580,120300
2021,37100,"Oxnard-Thousand Oaks-Ventura, CA",4,06,296670,29740,30790,46490,76520,121890
2021,39820,"Redding, CA",4,06,65140,29120,29840,42330,61570,98540
2021,40140,"Riverside-San Bernardino-Ontario, CA",4,06,1529990,29360,30110,39020,61240,98970
2021,40900,"Sacramento--Roseville--Arden-Arcade, CA",4,06,982540,29950,33980,48570,80170,127110
2021,41500,"Salinas, CA",4,06,169070,29770,31200,38300,63070,103010
2021,41740,"San Diego-Carlsbad, CA",4,06,1390410,29880,34320,48050,79580,128530
2021,41860,"San Francisco-Oakland-Hayward, CA",4,06,2242190,35290,42430,62000,115090,165620
2021,41940,"San Jose-Sunnyvale-Santa Clara, CA",4,06,1068620,35980,44570,75510,132050,200440
2021,42020,"San Luis Obispo-Paso Robles-Arroyo Grande, CA",4,06,111420,29650,30540,45850,74930,107450
2021,42100,"Santa Cruz-Watsonville, CA",4,06,93330,30290,34030,47480,76880,123860
2021,42200,"Santa Maria-Santa Barbara, CA",4,06,194300,29890,30980,46410,76600,124540
2021,42220,"Santa Rosa, CA",4,06,191880,30870,35410,47900,76880,122070
2021,44700,"Stockton-Lodi, CA",4,06,256300,29660,30810,44790,61240,98030
2021,46700,"Vallejo-Fairfield, CA",4,06,129530,30410,34640,48430,78020,122870
2021,47300,"Visalia-Porterville, CA",4,06,149590,29120,29410,36450,57900,94600
2021,49700,"Yuba City, CA",4,06,46790,29530,30230,43950,62710,100620
2021,14500,"Boulder, CO",4,08,181940,30170,37560,59700,96250,133750
2021,17820,"Colorado Springs, CO",4,08,287800,28330,29940,45790,72210,100990
2021,19740,"Denver-Aurora-Lakewood, CO",4,08,1464790,29640,36810,49210,79330,126890
2021,22660,"Fort Collins, CO",4,08,159790,28770,30770,47120,73390,101580
2021,24300,"Grand Junction, CO",4,08,62250,27270,29620,38810,59860,86150
2021,24540,"Greeley, CO",4,08,101870,28610,33980,46210,61200,94690
2021,39380,"Pueblo, CO",4,08,60330,27480,29650,38940,60130,89070
2021,15980,"Cape Coral-Fort Myers, FL",4,12,266560,22960,29130,37640,59260,79410
2021,18880,"Crestview-Fort Walton Beach-Destin, FL",4,12,114190,22610,28770,37720,61250,97690
2021,19660,"Deltona-Daytona Beach-Ormond Beach, FL",4,12,194760,21400,27040,34960,48610,75660
2021,23540,"Gainesville, FL",4,12,133100,22560,28770,38670,58730,91320
2021,26140,"Homosassa Springs, FL",4,12,32010,21080,26210,33760,47310,72060
2021,27260,"Jacksonville, FL",4,12,685570,22780,29020,37960,60660,94730
2021,29460,"Lakeland-Winter Haven, FL",4,12,238370,22300,28350,36900,49410,76890
2021,33100,"Miami-Fort Lauderdale-West Palm Beach, FL",4,12,2452420,22960,29450,38670,62470,99510
2021,34940,"Naples-Immokalee-Marco Island, FL",4,12,146360,23720,29690,38000,59860,84220
2021,35840,"North Port-Sarasota-Bradenton, FL",4,12,293160,23050,29330,37750,59460,80290
2021,36100,"Ocala, FL",4,12,105980,21750,27100,34810,47840,74490
2021,36740,"Orlando-Kissimmee-Sanford, FL",4,12,1173560,22650,28810,37500,60550,96200
2021,37340,"Palm Bay-Melbourne-Titusville, FL",4,12,220930,22640,28900,38220,61710,100400
2021,37460,"Panama City, FL",4,12,78780,22150,28290,36800,57990,80300
2021,37860,"Pensacola-Ferry Pass-Brent, FL",4,12,174560,22130,27980,36750,57770,77630
2021,38940,"Port St. Lucie, FL",4,12,149200,22540,28740,36940,56620,78530
2021,39460,"Punta Gorda, FL",4,12,48970,22370,28250,36300,50640,77540
2021,42680,"Sebastian-Vero Beach, FL",4,12,51320,22630,28650,36870,49150,77680
2021,42700,"Sebring, FL",4,12,25370,19980,23860,31720,47630,71210
2021,45220,"Tallahassee, FL",4,12,170130,21530,27120,37700,55930,79360
2021,45300,"Tampa-St. Petersburg-Clearwater, FL",4,12,1289900,22900,29240,38250,61340,98060
2021,45540,"The Villages, FL",4,12,33440,21480,27110,35370,48580,74820
2021,27980,"Kahului-Wailuku-Lahaina, HI",4,15,64090,28560,32220,47220,64020,98700
2021,46520,"Urban Honolulu, HI",4,15,395060,28560,35630,48200,77450,102860
2021,29940,"Lawrence, KS",4,20,45770,20310,26850,37400,59380,81460
2021,31740,"Manhattan, KS",4,20,37140,18580,24120,36870,59110,81250
2021,45820,"Topeka, KS",4,20,106590,22610,28820,38200,60130,79870
2021,48620,"Wichita, KS",4,20,283900,21780,28470,37950,59640,80060
2021,14540,"Bowling Green, KY",4,21,72260,21610,27430,36070,48550,73800
2021,21060,"Elizabethtown-Fort Knox, KY",4,21,51600,21920,27920,37340,57850,78190
2021,30460,"Lexington-Fayette, KY",4,21,257170,22770,29240,38370,60130,80660
2021,36980,"Owensboro, KY",4,21,49650,22150,28350,37440,57570,78420
2021,10780,"Alexandria, LA",4,22,58310,17630,22920,35120,49120,74880
2021,12940,"Baton Rouge, LA",4,22,367320,19110,28350,39400,61980,97170
2021,25220,"Hammond, LA",4,22,44110,17520,22310,30330,48270,74000
2021,26380,"Houma-Thibodaux, LA",4,22,79650,18480,24300,37930,60100,94980
2021,29180,"Lafayette, LA",4,22,186650,17850,23270,36230,49330,76940
2021,29340,"Lake Charles, LA",4,22,90290,18350,25280,38050,60550,82800
2021,33740,"Monroe, LA",4,22,72910,17330,22090,30230,47910,74310
2021,35380,"New Orleans-Metairie, LA",4,22,505790,18880,25830,38060,61210,96790
2021,43340,"Shreveport-Bossier City, LA",4,22,162240,17950,23400,36430,57620,77880
2021,12580,"Baltimore-Columbia-Towson, MD",4,24,1255770,27180,31600,48060,78220,123190
2021,15680,"California-Lexington Park, MD",4,24,46390,27080,36200,62750,107140,144770
2021,70900,"Barnstable Town, MA",4,25,96900,30330,35840,47740,75090,100440
2021,74500,"Leominster-Gardner, MA",4,25,48960,28980,30540,44750,62000,96270
2021,75550,"New Bedford, MA",4,25,61820,29220,30830,45190,61870,97480
2021,76600,"Pittsfield, MA",4,25,36690,28850,34190,45500,71610,97910
2021,11460,"Ann Arbor, MI",4,26,201540,24170,30450,48170,76840,103280
2021,12980,"Battle Creek, MI",4,26,50510,23760,29810,46030,61240,91690
2021,13020,"Bay City, MI",4,26,32130,23160,28610,37440,60120,85220
2021,19820,"Detroit-Warren-Dearborn, MI",4,26,1801530,24520,30390,47570,75770,102080
2021,22420,"Flint, MI",4,26,124440,23450,29200,37980,61190,80350
2021,24340,"Grand Rapids-Wyoming, MI",4,26,507580,23830,29690,38690,60910,94120
2021,27100,"Jackson, MI",4,26,54410,23440,29160,38210,61030,96480
2021,28020,"Kalamazoo-Portage, MI",4,26,133230,23200,29080,38520,60500,92770
2021,29620,"Lansing-East Lansing, MI",4,26,197180,24030,30180,47440,64940,99040
2021,33220,"Midland, MI",4,26,34750,23420,29490,46390,76170,100720
2021,33780,"Monroe, MI",4,26,36190,23420,29220,38280,61190,96090
2021,34740,"Muskegon, MI",4,26,56750,22900,28350,37250,59010,77020
2021,35660,"Niles-Benton Harbor, MI",4,26,55710,23080,28700,37410,59010,82890
2021,40980,"Saginaw, MI",4,26,76840,22990,28620,37550,59640,78940
2021,25060,"Gulfport-Biloxi-Pascagoula, MS",4,28,145680,18360,23780,37260,59380,79540
2021,25620,"Hattiesburg, MS",4,28,60770,17540,22790,29780,46900,72940
2021,27140,"Jackson, MS",4,28,244300,18240,23910,36920,50190,78510
2021,13740,"Billings, MT",4,30,84370,23250,29710,38890,61940,94690
2021,24500,"Great Falls, MT",4,30,34370,22230,27880,36580,57140,76730
2021,33540,"Missoula, MT",4,30,60040,22470,28680,37350,58990,78910
2021,16180,"Carson City, NV",4,32,29770,23470,30110,46960,66210,95310
2021,29820,"Las Vegas-Henderson-Paradise, NV",4,32,918670,22360,28820,37550,60310,96270
2021,39900,"Reno, NV",4,32,236240,23320,29780,38460,61070,97630
2021,10740,"Albuquerque, NM",4,35,364550,23070,28820,38130,61930,98900
2021,22140,"Farmington, NM",4,35,41210,22600,28080,37300,60130,82180
2021,29740,"Las Cruces, NM",4,35,68190,21840,23510,34880,57150,82640
2021,42140,"Santa Fe, NM",4,35,56310,23870,29420,38880,60630,84770
2021,10580,"Albany-Schenectady-Troy, NY",4,36,419450,28680,32870,48060,77430,102900
2021,13780,"Binghamton, NY",4,36,91500,27710,29570,39180,62030,98030
2021,15380,"Buffalo-Cheektowaga-Niagara Falls, NY",4,36,499240,28170,30010,46410,63510,98990
2021,21300,"Elmira, NY",4,36,32430,27910,29690,39360,61390,81900
2021,24020,"Glens Falls, NY",4,36,48650,27780,29610,38860,60930,81330
2021,27060,"Ithaca, NY",4,36,46450,29690,37070,49910,78900,124420
2021,28740,"Kingston, NY",4,36,53970,28430,30100,40880,62600,95810
2021,40380,"Rochester, NY",4,36,471020,28040,29860,46320,63600,99880
2021,45060,"Syracuse, NY",4,36,279920,28430,30220,46970,66610,100450
2021,46540,"Utica-Rome, NY",4,36,114600,27870,29650,39470,61030,94800
2021,48060,"Watertown-Fort Drum, NY",4,36,37610,27430,29200,38470,60860,84820
2021,13900,"Bismarck, ND",4,38,69490,28350,31350,47270,62210,90400
2021,21420,"Enid, OK",4,40,23100,20490,27290,36480,57990,77490
2021,30020,"Lawton, OK",4,40,41210,18370,23950,36360,58180,77570
2021,36420,"Oklahoma City, OK",4,40,605090,22250,28820,38320,61070,94690
2021,46140,"Tulsa, OK",4,40,417970,22320,29010,38030,60800,87850
2021,39660,"Rapid City, SD",4,46,66580,23120,28910,37370,50970,77170
2021,43620,"Sioux Falls, SD",4,46,155550,23660,29610,38110,59960,78840
2021,10180,"Abilene, TX",4,48,68490,20770,25380,36180,50490,76600
2021,11100,"Amarillo, TX",4,48,115090,20670,26620,36990,57340,77950
2021,12420,"Austin-Round Rock, TX",4,48,1073160,23270,29940,46910,76590,115340
2021,13140,"Beaumont-Port Arthur, TX",4,48,147060,21320,27810,38470,61360,93620
2021,15180,"Brownsville-Harlingen, TX",4,48,141230,17840,22280,28830,47500,70790
2021,17780,"College Station-Bryan, TX",4,48,113710,17820,23450,35400,52010,79690
2021,18580,"Corpus Christi, TX",4,48,175500,20620,26150,36930,59950,81170
2021,19100,"Dallas-Fort Worth-Arlington, TX",4,48,3588960,22950,29480,45470,68640,103520
2021,21340,"El Paso, TX",4,48,301100,17670,22560,30320,49540,76390
2021,26420,"Houston-The Woodlands-Sugar Land, TX",4,48,2897060,22540,29160,44630,66710,103110
2021,28660,"Killeen-Temple, TX",4,48,139610,20800,26830,37340,59620,90230
2021,29700,"Laredo, TX",4,48,97190,17840,22550,29900,49380,74580
2021,30980,"Longview, TX",4,48,90030,21030,26500,36880,56880,78330
2021,31180,"Lubbock, TX",4,48,143050,19890,24170,36010,53200,78780
2021,32580,"McAllen-Edinburg-Mission, TX",4,48,261860,17540,22220,29010,47350,72880
2021,33260,"Midland, TX",4,48,95170,23700,30580,47180,69970,103850
2021,36220,"Odessa, TX",4,48,66830,22220,29450,40310,60570,88780
2021,41660,"San Angelo, TX",4,48,46190,20700,24570,35620,50360,76830
2021,41700,"San Antonio-New Braunfels, TX",4,48,997280,22050,28380,37960,61010,95660
2021,43300,"Sherman-Denison, TX",4,48,48160,19670,23800,35570,54460,77480
2021,46340,"Tyler, TX",4,48,102250,20970,25620,36330,54660,77890
2021,47020,"Victoria, TX",4,48,36570,20140,25830,36710,57450,77840
2021,47380,"Waco, TX",4,48,116230,21330,26870,37020,57050,80110
2021,48660,"Wichita Falls, TX",4,48,54240,18690,23500,34970,48950,76730
2021,36260,"Ogden-Clearfield, UT",4,49,269040,23110,29190,38150,60650,92750
2021,39340,"Provo-Orem, UT",4,49,272560,23070,29080,37790,60540,97630
2021,41100,"St. George, UT",4,49,75570,22290,28120,36450,49240,76600
2021,41620,"Salt Lake City, UT",4,49,743170,24190,30320,46900,64280,101810
2021,72400,"Burlington-South Burlington, VT",4,50,114630,29180,36710,47940,66610,99950
2021,13380,"Bellingham, WA",4,53,82610,29790,34940,46570,68510,98230
2021,14740,"Bremerton-Silverdale, WA",4,53,86330,30140,36760,50140,77280,101860
2021,28420,"Kennewick-Richland, WA",4,53,116970,29800,34220,47160,75920,103710
2021,31020,"Longview, WA",4,53,38470,29650,35080,46750,66950,97420
2021,34580,"Mount Vernon-Anacortes, WA",4,53,47090,30200,36020,47410,70940,98270
2021,36500,"Olympia-Tumwater, WA",4,53,112090,30450,37250,49950,79810,103110
2021,42660,"Seattle-Tacoma-Bellevue, WA",4,53,1917560,34480,38660,60230,98500,147200
2021,44060,"Spokane-Spokane Valley, WA",4,53,235350,29390,33680,45600,62870,97480
2021,47460,"Walla Walla, WA",4,53,25870,29470,35120,44860,63030,96860
2021,48300,"Wenatchee, WA",4,53,46660,29550,30500,38350,61400,97400
2021,49420,"Yakima, WA",4,53,91060,29340,30090,37810,59020,80780
2021,11540,"Appleton, WI",4,55,118110,23320,29780,44740,61140,80680
2021,20740,"Eau Claire, WI",4,55,79980,22770,29050,38400,59640,79360
2021,22540,"Fond du Lac, WI",4,55,44140,22770,29460,45460,60250,80800
2021,24580,"Green Bay, WI",4,55,165100,23270,29780,44980,60640,80140
2021,27500,"Janesville-Beloit, WI",4,55,64360,23070,29530,39280,60550,80660
2021,31540,"Madison, WI",4,55,378200,24900,34320,48150,75670,102000
2021,33340,"Milwaukee-Waukesha-West Allis, WI",4,55,786640,23580,30070,46910,63850,100010
2021,36780,"Oshkosh-Neenah, WI",4,55,90080,23550,30090,46280,61090,81420
2021,39540,"Racine, WI",4,55,71980,22970,29330,38500,60430,80130
2021,43100,"Sheboygan, WI",4,55,57870,23380,29660,38830,59430,78800
2021,48140,"Wausau, WI",4,55,68200,23730,30070,45600,60500,78890
2021,16220,"Casper, WY",4,56,36290,23260,29690,39600,61150,81330
2021,16940,"Cheyenne, WY",4,56,45270,23120,29580,43180,60800,83780
2021,26300,"Hot Springs, AR",4,05,36330,22880,23570,29750,47120,68040
2021,27860,"Jonesboro, AR",4,05,56670,22940,24050,35990,47580,74820
2021,30780,"Little Rock-North Little Rock-Conway, AR",4,05,324190,23480,28400,37620,59970,80060
2021,38220,"Pine Bluff, AR",4,05,29800,22880,25460,36300,48220,76390
2021,22900,"Fort Smith, AR-OK",4,05,102770,22880,23780,34880,47580,71600
2021,45500,"Texarkana, TX-AR",4,48,56030,21310,23980,36190,53350,74820
2021,71950,"Bridgeport-Stamford-Norwalk, CT",4,09,375120,29640,36360,52000,93290,134430
2021,72850,"Danbury, CT",4,09,72380,28210,30190,47290,75940,101960
2021,73450,"Hartford-West Hartford-East Hartford, CT",4,09,544380,28910,36590,49210,79650,124920
2021,75700,"New Haven, CT",4,09,275010,28540,35310,47630,76840,102370
2021,78700,"Waterbury, CT",4,09,64000,27770,29690,45610,69200,97480
2021,78100,"Springfield, MA-CT",4,25,307550,29210,35450,46580,72640,98720
2021,79600,"Worcester, MA-CT",4,25,268770,29590,36060,47630,76240,113930
2021,20100,"Dover, DE",4,10,63420,22800,28820,38210,60230,83030
2021,41540,"Salisbury, MD-DE",4,24,156050,24210,28010,36420,56690,79790
2021,10500,"Albany, GA",4,13,58070,18060,23280,35230,52190,77520
2021,12020,"Athens-Clarke County, GA",4,13,85400,18780,26780,37620,60550,81460
2021,12060,"Atlanta-Sandy Springs-Roswell, GA",4,13,2587890,22740,29530,45800,74680,112260
2021,15260,"Brunswick, GA",4,13,40490,17950,23400,34900,56800,82940
2021,19140,"Dalton, GA",4,13,62460,21580,28650,36990,48410,76800
2021,23580,"Gainesville, GA",4,13,89830,22010,28340,36990,56300,78420
2021,25980,"Hinesville, GA",4,13,19070,18590,27650,37770,59930,79860
2021,31420,"Macon, GA",4,13,94480,18720,25880,36950,54480,77170
2021,40660,"Rome, GA",4,13,38700,18840,27300,37170,56470,77640
2021,42340,"Savannah, GA",4,13,176920,19590,27390,37440,60330,87260
2021,46660,"Valdosta, GA",4,13,52680,17480,22930,31040,47620,73010
2021,47580,"Warner Robins, GA",4,13,73910,18450,26630,37990,61630,90330
2021,17980,"Columbus, GA-AL",4,13,111970,17980,23990,36440,59040,85330
2021,14260,"Boise City, ID",4,16,340310,22890,29160,37850,60140,81190
2021,17660,"Coeur d'Alene, ID",4,16,65520,22340,28800,37340,50520,78870
2021,26820,"Idaho Falls, ID",4,16,72130,22310,27970,37230,60550,99000
2021,38540,"Pocatello, ID",4,16,34100,20550,24310,34930,49860,75440
2021,46300,"Twin Falls, ID",4,16,46150,22100,27810,36380,48600,76440
2021,30860,"Logan, UT-ID",4,49,63620,21480,27220,36340,50480,77960
2021,30300,"Lewiston, ID-WA",4,16,27120,24330,29830,39000,60630,81750
2021,14010,"Bloomington, IL",4,17,83380,23230,28890,44930,75410,119990
2021,16060,"Carbondale-Marion, IL",4,17,51030,22880,27340,37270,59640,82810
2021,16580,"Champaign-Urbana, IL",4,17,98120,23690,29590,45020,65830,99310
2021,19180,"Danville, IL",4,17,25070,23140,28640,38120,59270,77640
2021,19500,"Decatur, IL",4,17,45220,23290,29580,45210,60540,91280
2021,28100,"Kankakee, IL",4,17,42020,23260,28620,37530,59590,79530
2021,37900,"Peoria, IL",4,17,157060,23130,28760,42250,62410,96420
2021,40420,"Rockford, IL",4,17,132090,23620,29260,38650,60680,90290
2021,44100,"Springfield, IL",4,17,96650,23470,29370,46240,74750,101910
2021,70750,"Bangor, ME",4,23,62260,28460,29830,38620,60400,81440
2021,74650,"Lewiston-Auburn, ME",4,23,47530,28440,29840,38050,59380,78670
2021,76750,"Portland-South Portland, ME",4,23,197790,29520,32380,47010,63350,98990
2021,31860,"Mankato-North Mankato, MN",4,27,51880,24120,29650,43850,60550,80970
2021,40340,"Rochester, MN",4,27,115910,28350,35840,47960,77340,116690
2021,41060,"St. Cloud, MN",4,27,98310,26690,30230,45190,61200,91830
2021,22020,"Fargo, ND-MN",4,38,135990,26240,30220,46210,61220,82280
2021,24220,"Grand Forks, ND-MN",4,38,48260,23970,29820,43190,60040,78530
2021,20260,"Duluth, MN-WI",4,27,119050,23700,29570,45470,61980,88230
2021,29100,"La Crosse-Onalaska, WI-MN",4,55,72190,23060,29430,40930,60670,80150
2021,33460,"Minneapolis-St. Paul-Bloomington, MN-WI",4,27,1822920,28950,36570,48640,78150,119440
2021,24260,"Grand Island, NE",4,31,40630,23230,29390,37610,52440,78310
2021,30700,"Lincoln, NE",4,31,170100,23220,29690,39420,61130,82880
2021,11700,"Asheville, NC",4,37,187260,22250,28450,37350,55340,79130
2021,15500,"Burlington, NC",4,37,61740,21020,26320,36290,49680,77150
2021,20500,"Durham-Chapel Hill, NC",4,37,312230,24900,35570,50210,80690,130320
2021,22180,"Fayetteville, NC",4,37,124810,20510,26290,36880,56640,85950
2021,24140,"Goldsboro, NC",4,37,39480,20450,26300,35370,47960,73560
2021,24660,"Greensboro-High Point, NC",4,37,342710,22500,28700,37650,59590,82500
2021,24780,"Greenville, NC",4,37,75360,21810,28080,37730,60500,81980
2021,25860,"Hickory-Lenoir-Morganton, NC",4,37,146500,22260,28350,36850,48490,74530
2021,27340,"Jacksonville, NC",4,37,48100,18490,22970,34010,48720,75050
2021,35100,"New Bern, NC",4,37,43190,20730,26940,37220,58760,79730
2021,39580,"Raleigh, NC",4,37,633260,23250,29910,46910,74160,105000
2021,40580,"Rocky Mount, NC",4,37,53090,20500,26440,36090,55800,78210
2021,48900,"Wilmington, NC",4,37,129170,21230,27980,37340,58980,84320
2021,49180,"Winston-Salem, NC",4,37,258730,22600,28820,37910,60140,94840
2021,10540,"Albany, OR",4,41,44770,28030,29800,38120,59650,82590
2021,13460,"Bend-Redmond, OR",4,41,83650,28780,30280,44300,61730,98680
2021,18700,"Corvallis, OR",4,41,35310,28390,34300,47440,76810,118080
2021,21660,"Eugene, OR",4,41,147990,27990,29770,39350,60680,95850
2021,24420,"Grants Pass, OR",4,41,28170,28090,29450,37170,49330,78790
2021,32780,"Medford, OR",4,41,85650,27950,29780,38200,59680,94310
2021,41420,"Salem, OR",4,41,169370,28580,30140,45850,63090,98870
2021,38900,"Portland-Vancouver-Hillsboro, OR-WA",4,41,1122440,29960,36850,48380,78430,120700
2021,11180,"Ames, IA",4,19,44630,22970,29500,45850,61820,96260
2021,16300,"Cedar Rapids, IA",4,19,136240,23560,30070,46960,62920,98680
2021,19780,"Des Moines-West Des Moines, IA",4,19,357170,23910,30390,47720,64340,100800
2021,20220,"Dubuque, IA",4,19,56540,23050,29470,38460,60050,79710
2021,26980,"Iowa City, IA",4,19,87460,23540,30130,47440,62620,98070
2021,47940,"Waterloo-Cedar Falls, IA",4,19,83890,23120,29460,38050,60550,93460
2021,19340,"Davenport-Moline-Rock Island, IA-IL",4,19,171440,22930,29010,38240,60720,92750
2021,36540,"Omaha-Council Bluffs, NE-IA",4,31,465580,23700,29990,43850,62960,98500
2021,43580,"Sioux City, IA-NE-SD",4,19,83860,23270,29590,37810,57780,77300
2021,17860,"Columbia, MO",4,29,92820,22630,28240,37570,59260,82830
2021,27620,"Jefferson City, MO",4,29,72590,22820,28600,37630,56890,79200
2021,27900,"Joplin, MO",4,29,76880,22230,26670,36310,48520,74400
2021,44180,"Springfield, MO",4,29,206070,22240,26770,36620,52030,76490
2021,28140,"Kansas City, MO-KS",4,29,1016160,23670,29820,45540,63170,99020
2021,41140,"St. Joseph, MO-KS",4,29,52610,23280,28910,37810,52330,79270
2021,22220,"Fayetteville-Springdale-Rogers, AR-MO",4,05,244570,23830,28660,37820,61210,97630
2021,16020,"Cape Girardeau, MO-IL",4,29,43130,21820,26180,35250,48760,75670
2021,41180,"St. Louis, MO-IL",4,29,1277050,23670,29390,44050,63520,99360
2021,12100,"Atlantic City-Hammonton, NJ",4,34,116010,24960,28820,38290,62670,98250
2021,36140,"Ocean City, NJ",4,34,39080,24960,28360,36930,59320,84150
2021,45940,"Trenton, NJ",4,34,227250,28520,36910,57710,93090,130400
2021,47220,"Vineland-Bridgeton, NJ",4,34,58690,24960,28890,40150,63330,94240
2021,10420,"Akron, OH",4,39,308260,22740,29280,39150,61690,97070
2021,15940,"Canton-Massillon, OH",4,39,158000,21840,28000,37000,57940,78250
2021,17460,"Cleveland-Elyria, OH",4,39,963990,23160,29950,46740,64590,99780
2021,18140,"Columbus, OH",4,39,1022310,23190,29940,46770,63940,100010
2021,19380,"Dayton, OH",4,39,354980,22770,29470,45160,63780,99350
2021,30620,"Lima, OH",4,39,48630,22170,28280,37700,59740,79780
2021,31900,"Mansfield, OH",4,39,47630,21770,27570,36760,55370,75060
2021,44220,"Springfield, OH",4,39,44550,22170,28390,37370,58570,77760
2021,45780,"Toledo, OH",4,39,278450,22590,29130,38220,60650,80670
2021,77200,"Providence-Warwick, RI-MA",4,44,535830,28560,30540,47390,76760,101770
2021,76450,"Norwich-New London-Westerly, CT-RI",4,09,115300,27950,29940,47260,76920,102390
2021,16700,"Charleston-North Charleston, SC",4,45,339320,22540,29160,38740,61940,96270
2021,17900,"Columbia, SC",4,45,363760,22150,28380,37490,59400,79630
2021,22500,"Florence, SC",4,45,84670,18560,23740,34920,49410,77640
2021,24860,"Greenville-Anderson-Mauldin, SC",4,45,392480,22290,28800,37500,59380,79890
2021,25940,"Hilton Head Island-Bluffton-Beaufort, SC",4,45,74880,19150,24380,35460,48770,76610
2021,43900,"Spartanburg, SC",4,45,156640,22400,28910,37610,59580,78590
2021,44940,"Sumter, SC",4,45,35530,18770,24430,35870,47990,74850
2021,12260,"Augusta-Richmond County, GA-SC",4,13,223420,19150,27040,37340,60110,80390
2021,16740,"Charlotte-Concord-Gastonia, NC-SC",4,37,1209890,23100,29780,45250,64100,103460
2021,34820,"Myrtle Beach-Conway-North Myrtle Beach, SC-NC",4,45,162280,17810,22920,29680,46480,73040
2021,13980,"Blacksburg-Christiansburg-Radford, VA",4,51,68280,22480,28820,38180,59650,88170
2021,16820,"Charlottesville, VA",4,51,106890,23360,30020,47310,67140,105250
2021,25500,"Harrisonburg, VA",4,51,61580,22690,28910,37610,50270,78580
2021,31340,"Lynchburg, VA",4,51,94650,21980,27480,36900,58020,78800
2021,40060,"Richmond, VA",4,51,617020,23190,29710,45980,64340,102110
2021,40220,"Roanoke, VA",4,51,144570,22370,28550,37620,59640,80720
2021,44420,"Staunton-Waynesboro, VA",4,51,46650,22640,29000,38160,58570,77750
2021,47260,"Virginia Beach-Norfolk-Newport News, VA-NC",4,51,710360,22820,29170,40350,63670,99580
2021,14020,"Bloomington, IN",4,18,68420,22600,29060,38750,61860,93460
2021,18020,"Columbus, IN",4,18,48160,23040,29730,40440,61750,98250
2021,21140,"Elkhart-Goshen, IN",4,18,133710,26570,30380,39070,58840,79230
2021,23060,"Fort Wayne, IN",4,18,208830,22840,29100,38050,60040,79260
2021,26900,"Indianapolis-Carmel-Anderson, IN",4,18,1008040,23530,29900,39550,62020,97870
2021,29020,"Kokomo, IN",4,18,36030,22730,29090,39290,60020,77240
2021,29200,"Lafayette-West Lafayette, IN",4,18,91090,22960,29540,38990,60930,82760
2021,33140,"Michigan City-La Porte, IN",4,18,38290,22010,27770,36940,48790,74900
2021,34620,"Muncie, IN",4,18,43560,21780,27610,36890,56830,76840
2021,45460,"Terre Haute, IN",4,18,62300,21500,27090,36450,55630,76550
2021,21780,"Evansville, IN-KY",4,18,147220,22150,28360,37130,58790,77630
2021,31140,"Louisville/Jefferson County, KY-IN",4,21,625180,23230,29600,38740,61120,86420
2021,43780,"South Bend-Mishawaka, IN-MI",4,18,124820,22750,28930,37800,59840,79310
2021,16980,"Chicago-Naperville-Elgin, IL-IN-WI",4,17,4232830,26720,30380,47300,77450,109300
2021,17140,"Cincinnati, OH-KY-IN",4,39,1023830,23150,29850,42600,62700,99240
2021,74950,"Manchester, NH",4,33,104530,25820,31290,47260,74550,101760
2021,71650,"Boston-Cambridge-Nashua, MA-NH",4,25,2585140,30350,37840,60590,98570,145760
2021,73050,"Dover-Durham, NH-ME",4,33,49330,23590,30000,45860,62160,97780
2021,76900,"Portsmouth, NH-ME",4,33,88680,28120,34680,48410,77180,106410
2021,11020,"Altoona, PA",4,42,56420,21480,27250,36360,55490,76120
2021,14100,"Bloomsburg-Berwick, PA",4,42,39460,22650,29160,40710,61220,96150
2021,16540,"Chambersburg-Waynesboro, PA",4,42,56700,22820,29360,38410,59880,79360
2021,20700,"East Stroudsburg, PA",4,42,52980,22060,27940,37190,58860,80660
2021,21500,"Erie, PA",4,42,114480,21650,27570,36750,57500,77500
2021,23900,"Gettysburg, PA",4,42,31940,22680,29090,37970,59620,79300
2021,25420,"Harrisburg-Carlisle, PA",4,42,312930,23370,30000,45780,62970,96330
2021,27780,"Johnstown, PA",4,42,47490,20220,25940,36100,54400,76700
2021,29540,"Lancaster, PA",4,42,235000,22940,29460,38320,60040,80410
2021,30140,"Lebanon, PA",4,42,49070,22660,28830,37330,57950,77750
2021,38300,"Pittsburgh, PA",4,42,1043000,23120,29800,46210,64420,100070
2021,39740,"Reading, PA",4,42,161440,23090,29600,39280,61090,90900
2021,42540,"Scranton--Wilkes-Barre--Hazleton, PA",4,42,237650,22390,28550,37560,58750,78850
2021,44300,"State College, PA",4,42,63930,22770,29530,46590,67030,97450
2021,48700,"Williamsport, PA",4,42,48140,22290,28560,37680,59450,78300
2021,49620,"York-Hanover, PA",4,42,171740,22990,29430,38940,60880,90140
2021,35620,"New York-Newark-Jersey City, NY-NJ-PA",4,36,8678110,29330,36790,55810,96370,132870
2021,10900,"Allentown-Bethlehem-Easton, PA-NJ",4,42,347070,23590,29880,39540,62350,95780
2021,37980,"Philadelphia-Camden-Wilmington, PA-NJ-DE-MD",4,42,2654680,24960,30720,47530,77030,110170
2021,49660,"Youngstown-Warren-Boardman, OH-PA",4,39,193400,21160,26640,35840,55550,75940
2021,17420,"Cleveland, TN",4,47,44980,21330,27200,35200,47670,74220
2021,27180,"Jackson, TN",4,47,66200,21740,27580,36750,48940,74300
2021,27740,"Johnson City, TN",4,47,77780,20480,26560,36150,49120,77030
2021,28940,"Knoxville, TN",4,47,383020,22290,28610,37650,59830,82500
2021,34100,"Morristown, TN",4,47,45150,20970,26390,35200,47400,62050
2021,34980,"Nashville-Davidson--Murfreesboro--Franklin, TN",4,47,976900,23210,29750,39260,61940,98400
2021,17300,"Clarksville, TN-KY",4,47,89610,21110,26620,36690,49160,75940
2021,32820,"Memphis, TN-MS-AR",4,47,604810,22650,28940,37790,60110,80420
2021,16860,"Chattanooga, TN-GA",4,47,245550,22180,28560,37650,59320,80850
2021,28700,"Kingsport-Bristol-Bristol, TN-VA",4,47,110330,21520,27160,36620,57940,77540
2021,13220,"Beckley, WV",4,54,39680,20340,23210,35180,48770,75280
2021,16620,"Charleston, WV",4,54,99150,22050,26010,37450,59680,79940
2021,34060,"Morgantown, WV",4,54,62410,21610,27340,37440,60040,94660
2021,37620,"Parkersburg-Vienna, WV",4,54,34640,20880,23120,35210,53410,78290
2021,19060,"Cumberland, MD-WV",4,24,35130,24440,27810,37710,59450,81190
2021,25180,"Hagerstown-Martinsburg, MD-WV",4,24,98000,24440,28920,37810,59190,81670
2021,48260,"Weirton-Steubenville, WV-OH",4,54,36230,21620,26980,37760,58830,77450
2021,48540,"Wheeling, WV-OH",4,54,57050,21580,25980,36890,57240,78700
2021,26580,"Huntington-Ashland, WV-KY-OH",4,54,123960,21490,24350,36750,55010,77890
2021,49020,"Winchester, VA-WV",4,51,61850,23150,29770,39080,61890,96250
2021,47900,"Washington-Arlington-Alexandria, DC-VA-MD-WV",4,11,2932600,29260,37420,61630,102440,159270
2021,0100001,Northwest Alabama nonmetropolitan area,6,01,64910,18100,23720,35370,46880,61360
2021,0100002,Northeast Alabama nonmetropolitan area,6,01,141940,17970,23200,29920,47150,61930
2021,0100003,Southwest Alabama nonmetropolitan area,6,01,63280,17870,23150,35820,48570,74580
2021,0100004,Southeast Alabama nonmetropolitan area,6,01,83570,18000,23210,35730,55800,76760
2021,0200006,Alaska nonmetropolitan area,6,02,97320,29110,37130,49560,77540,102110
2021,0400001,Arizona nonmetropolitan area,6,04,90400,27580,29080,37560,57710,78080
2021,0600003,North Coast Region of California nonmetropolitan area,6,06,99940,29730,30270,39080,61640,98140
2021,0600006,Eastern Sierra-Mother Lode Region of California nonmetropolitan area,6,06,57270,29660,30390,43250,63240,98640
2021,0600007,North Valley-Northern Mountains Region of California nonmetropolitan area,6,06,97910,29770,30800,45820,61900,98450
2021,0800001,Eastern and Southern Colorado nonmetropolitan area,6,08,66810,28380,29550,37730,55010,77170
2021,0800002,Southwest Colorado nonmetropolitan area,6,08,98880,28380,29730,38870,60130,78790
2021,0800003,Northwest Colorado nonmetropolitan area,6,08,116710,28490,30430,45980,61130,94380
2021,1200003,South Florida nonmetropolitan area,6,12,75810,22250,28240,36710,48340,76420
2021,1200006,North Florida nonmetropolitan area,6,12,118370,22310,28160,36320,47830,74820
2021,1500001,Hawaii / Kauai nonmetropolitan area,6,15,88930,27710,30060,46060,61120,95720
2021,2000006,Kansas nonmetropolitan area,6,20,375700,21110,27800,36770,48190,74760
2021,2100001,West Kentucky nonmetropolitan area,6,21,143090,20220,26790,36170,48450,75410
2021,2100002,South Central Kentucky nonmetropolitan area,6,21,163460,19820,24060,34920,47330,62790
2021,2100003,Central Kentucky nonmetropolitan area,6,21,173220,21180,27350,36990,49750,75330
2021,2100004,East Kentucky nonmetropolitan area,6,21,95490,18080,23120,33650,47550,67050
2021,2200002,Central Louisiana nonmetropolitan area,6,22,73470,17510,22440,33560,48450,74290
2021,2200003,Northeast Louisiana nonmetropolitan area,6,22,61990,17350,22210,29730,47350,71440
2021,2200006,Southwest Louisiana nonmetropolitan area,6,22,65660,17520,22490,34230,48190,73390
2021,2400006,Maryland nonmetropolitan area,6,24,56840,24440,28820,37700,59060,79980
2021,2500006,Massachusetts nonmetropolitan area,6,25,57760,30370,36750,47780,65680,99740
2021,2600001,Upper Peninsula of Michigan nonmetropolitan area,6,26,103190,22970,28700,37490,58840,77460
2021,2600002,Northeast Lower Peninsula of Michigan nonmetropolitan area,6,26,70750,22810,28380,36700,49410,75500
2021,2600003,Northwest Lower Peninsula of Michigan nonmetropolitan area,6,26,114630,23020,28760,37180,57760,77070
2021,2600004,Balance of Lower Peninsula of Michigan nonmetropolitan area,6,26,252710,23080,29000,37550,57570,77170
2021,2800001,Northeast Mississippi nonmetropolitan area,6,28,221710,17850,23210,32900,47330,70600
2021,2800002,Northwest Mississippi nonmetropolitan area,6,28,87210,17630,22540,29630,46550,61800
2021,2800003,Southeast Mississippi nonmetropolitan area,6,28,143250,17660,22910,29910,46960,61990
2021,2800004,Southwest Mississippi nonmetropolitan area,6,28,69050,17680,22900,34870,47430,75940
2021,3000003,Southwest Montana nonmetropolitan area,6,30,138650,22890,29380,38270,60730,79840
2021,3000004,West Montana nonmetropolitan area,6,30,76330,22730,29060,37480,55200,77900
2021,3000006,East-Central Montana nonmetropolitan area,6,30,62430,22740,29160,38060,60410,78210
2021,3200006,Nevada nonmetropolitan area,6,32,96860,22540,29010,45850,61610,80740
2021,3500006,Northern New Mexico nonmetropolitan area,6,35,76560,22620,27760,37590,62460,118480
2021,3500007,Eastern New Mexico nonmetropolitan area,6,35,145900,22540,27670,37200,59400,79350
2021,3600001,Capital/Northern New York nonmetropolitan area,6,36,135070,28190,29690,41690,60910,83630
2021,3600004,Southwest New York nonmetropolitan area,6,36,166850,27900,29460,38880,60650,80460
2021,3600006,Central East New York nonmetropolitan area,6,36,150050,28330,29720,38940,60890,80660
2021,3800006,West North Dakota nonmetropolitan area,6,38,105910,28560,36590,47640,62770,96520
2021,3800007,East North Dakota nonmetropolitan area,6,38,61010,24010,30220,46120,60800,77700
2021,4000001,Northeast Oklahoma nonmetropolitan area,6,40,112860,18080,23550,34840,48310,75940
2021,4000002,Northwest Oklahoma nonmetropolitan area,6,40,91890,18310,24340,36740,48660,77030
2021,4000003,Southwest Oklahoma nonmetropolitan area,6,40,57900,17880,23360,35910,48450,75960
2021,4000004,Southeast Oklahoma nonmetropolitan area,6,40,162910,18020,23560,35850,47910,74760
2021,4600002,East South Dakota nonmetropolitan area,6,46,126890,23210,29010,37440,48460,75040
2021,4600003,West South Dakota nonmetropolitan area,6,46,59940,22870,28580,36820,48210,73170
2021,4800001,West Texas Region of Texas nonmetropolitan area,6,48,184250,21370,28130,37630,57740,78260
2021,4800002,North Texas Region of Texas nonmetropolitan area,6,48,265920,18510,23860,36270,48280,76110
2021,4800003,Big Thicket Region of Texas nonmetropolitan area,6,48,103820,18530,23620,35530,48650,76220
2021,4800004,Hill Country Region of Texas nonmetropolitan area,6,48,190230,20270,26060,36750,49250,76600
2021,4800005,Border Region of Texas nonmetropolitan area,6,48,55760,18370,23120,33690,53310,78000
2021,4800006,Coastal Plains Region of Texas nonmetropolitan area,6,48,141080,18560,23400,36230,56700,79690
2021,4900006,Eastern Utah nonmetropolitan area,6,49,79630,22500,28690,37500,59290,78630
2021,4900007,Central Utah nonmetropolitan area,6,49,53060,22350,28250,36750,49730,76440
2021,5000001,Southern Vermont nonmetropolitan area,6,50,95780,28600,30960,45850,60780,80420
2021,5000002,Northern Vermont nonmetropolitan area,6,50,65410,28690,35730,46750,61340,80910
2021,5300006,Western Washington nonmetropolitan area,6,53,119510,29610,34730,46290,62080,94900
2021,5300007,Eastern Washington nonmetropolitan area,6,53,94140,29550,31510,45780,62330,97230
2021,5500001,Northwestern Wisconsin nonmetropolitan area,6,55,47190,22660,28820,37260,50770,75410
2021,5500002,Northeastern Wisconsin nonmetropolitan area,6,55,191090,22610,28820,37820,58970,77030
2021,5500003,South Central Wisconsin nonmetropolitan area,6,55,199360,22510,28820,37530,56030,76600
2021,5500004,Western Wisconsin nonmetropolitan area,6,55,133390,22830,29120,37890,56870,76190
2021,5600006,Western Wyoming nonmetropolitan area,6,56,93980,23280,29740,46030,61670,94810
2021,5600007,Eastern Wyoming nonmetropolitan area,6,56,79860,23260,29690,46040,61980,80880
2021,0500001,North Arkansas nonmetropolitan area,6,05,113040,22880,23770,30320,46810,62010
2021,0500002,East Arkansas nonmetropolitan area,6,05,64520,22880,24010,34960,47140,62350
2021,0500003,West Arkansas nonmetropolitan area,6,05,83890,22880,23860,33550,47230,62920
2021,0500004,South Arkansas nonmetropolitan area,6,05,90910,22950,26840,35530,47430,70210
2021,0900001,Connecticut nonmetropolitan area,6,09,31530,27980,30070,45950,63980,97230
2021,1300001,North Georgia nonmetropolitan area,6,13,169910,18070,23560,32280,47440,74760
2021,1300002,Middle Georgia nonmetropolitan area,6,13,126180,18060,23570,35380,47940,75390
2021,1300003,East Georgia nonmetropolitan area,6,13,84230,17840,22930,31140,47510,71930
2021,1300004,South Georgia nonmetropolitan area,6,13,183730,17990,23390,33250,47830,75000
2021,1600006,Northwestern Idaho nonmetropolitan area,6,16,69890,22000,28350,37220,49410,76990
2021,1600007,Southeast-Central Idaho nonmetropolitan area,6,16,86510,22030,28130,37120,49200,76850
2021,1700001,Northwest Illinois nonmetropolitan area,6,17,126260,22970,28430,37720,59170,79340
2021,1700002,West Central Illinois nonmetropolitan area,6,17,158220,22920,28160,37360,57080,77000
2021,1700003,East Central Illinois nonmetropolitan area,6,17,112750,22950,28260,37360,57590,77820
2021,1700004,South Illinois nonmetropolitan area,6,17,84590,22940,28350,37560,59160,77270
2021,2300001,Northeast Maine nonmetropolitan area,6,23,66980,28450,29590,37660,56260,77030
2021,2300002,Southwest Maine nonmetropolitan area,6,23,182560,28500,29830,38540,59770,77920
2021,2700001,Northwest Minnesota nonmetropolitan area,6,27,182010,23760,29460,38240,59290,77500
2021,2700002,Northeast Minnesota nonmetropolitan area,6,27,41370,23210,28830,37910,59800,77730
2021,2700003,Southwest Minnesota nonmetropolitan area,6,27,115850,24010,29690,38050,58490,77360
2021,2700004,Southeast Minnesota nonmetropolitan area,6,27,148210,23970,29630,38730,59720,79390
2021,3100001,Northwest Nebraska nonmetropolitan area,6,31,37800,22500,28380,36770,48630,75740
2021,3100003,Northeast Nebraska nonmetropolitan area,6,31,91550,22940,29030,37270,48860,76030
2021,3100006,South Nebraska nonmetropolitan area,6,31,145280,22720,28820,37060,48790,76550
2021,3700001,Southeast Coastal North Carolina nonmetropolitan area,6,37,240300,18950,24600,36190,47510,72160
2021,3700002,Northeast Coastal North Carolina nonmetropolitan area,6,37,90030,18080,23310,34020,47210,66960
2021,3700003,Piedmont North Carolina nonmetropolitan area,6,37,244220,21470,26910,36360,48140,74820
2021,3700004,Mountain North Carolina nonmetropolitan area,6,37,125540,19540,24050,36060,47790,72970
2021,4100006,Coast Oregon nonmetropolitan area,6,41,109930,27390,29130,37500,56580,78640
2021,4100007,Central Oregon nonmetropolitan area,6,41,60640,27470,29210,37710,58810,79730
2021,4100008,Eastern Oregon nonmetropolitan area,6,41,69710,27250,29050,37710,58520,78800
2021,1900001,Northeast Iowa nonmetropolitan area,6,19,96540,22660,28860,37580,54390,76550
2021,1900002,Northwest Iowa nonmetropolitan area,6,19,131010,22720,29040,37550,49060,76010
2021,1900003,Southwest Iowa nonmetropolitan area,6,19,79920,22580,28920,37480,48920,75220
2021,1900004,Southeast Iowa nonmetropolitan area,6,19,209700,22670,29010,37700,51830,76540
2021,2900001,Central Missouri nonmetropolitan area,6,29,153520,22270,23920,34800,47250,69990
2021,2900002,North Missouri nonmetropolitan area,6,29,103750,22340,26110,36060,47240,67440
2021,2900003,Southeast Missouri nonmetropolitan area,6,29,158240,22270,24170,32220,46880,66650
2021,2900004,Southwest Missouri nonmetropolitan area,6,29,70450,21950,23390,29920,46420,63140
2021,3900001,West Northwestern Ohio nonmetropolitan area,6,39,239600,22370,29010,37810,58810,76840
2021,3900002,North Northeastern Ohio nonmetropolitan area (noncontiguous),6,39,314310,21980,28420,37320,56750,76520
2021,3900003,Eastern Ohio nonmetropolitan area,6,39,127590,21800,28250,37120,57310,77030
2021,3900004,Southern Ohio nonmetropolitan area,6,39,153140,21850,28190,37420,59400,78330
2021,4500002,Upper Savannah South Carolina nonmetropolitan area,6,45,77690,21200,27110,36030,48280,76200
2021,4500004,Lower Savannah South Carolina nonmetropolitan area,6,45,51730,18610,24010,35040,47550,72020
2021,4500006,Northeast South Carolina nonmetropolitan area,6,45,93090,18190,23740,34720,47760,72900
2021,5100001,Southwest Virginia nonmetropolitan area,6,51,113910,22110,23640,35530,47860,74520
2021,5100002,Southside Virginia nonmetropolitan area,6,51,97860,22050,23860,36400,48450,75600
2021,5100003,Northeast Virginia nonmetropolitan area,6,51,48230,22330,28360,37630,64510,119380
2021,5100004,Northwest Virginia nonmetropolitan area,6,51,62390,22200,27970,36910,49240,78000
2021,1800001,Northern Indiana nonmetropolitan area,6,18,204430,22520,28820,37510,48790,76090
2021,1800002,Central Indiana nonmetropolitan area,6,18,151300,22360,28570,37100,48400,74880
2021,1800003,Southern Indiana nonmetropolitan area,6,18,183290,22490,28860,37630,58190,76970
2021,3300001,Northern New Hampshire nonmetropolitan area,6,33,33830,23300,29200,37700,57010,77270
2021,3300002,Central New Hampshire nonmetropolitan area,6,33,88950,23930,29990,45700,61390,92480
2021,3300006,West Central-Southwest New Hampshire nonmetropolitan area,6,33,97050,24040,30130,46190,62550,98680
2021,4200001,Western Pennsylvania nonmetropolitan area,6,42,137890,22080,28350,37300,57820,77410
2021,4200002,Northern Pennsylvania nonmetropolitan area,6,42,146450,22130,28350,37280,56460,77150
2021,4200003,Southern Pennsylvania nonmetropolitan area,6,42,180000,22290,28390,37340,50170,76170
2021,4700001,West Tennessee nonmetropolitan area,6,47,125540,18580,24270,35940,47440,62370
2021,4700002,South Central Tennessee nonmetropolitan area,6,47,104610,19520,27180,36450,47910,72550
2021,4700003,North Central Tennessee nonmetropolitan area,6,47,109590,18890,23860,34840,47200,67670
2021,4700004,East Tennessee nonmetropolitan area,6,47,133220,18210,23390,30340,46800,61600
2021,5400001,Southern West Virginia nonmetropolitan area,6,54,66670,20730,23150,31510,47930,73410
2021,5400002,Northern West Virginia nonmetropolitan area,6,54,130200,21390,23590,36280,48420,76600
2022,10180,"Abilene, TX",4,48,70730,21640,27440,36820,55000,78740
2022,10420,"Akron, OH",4,39,313280,24430,31130,44330,65320,97870
2022,10500,"Albany, GA",4,13,58610,21100,26920,36420,57180,79440
2022,10540,"Albany, OR",4,41,47020,29140,34440,44420,61330,88620
2022,10580,"Albany-Schenectady-Troy, NY",4,36,428460,29930,35980,49940,78990,107810
2022,10740,"Albuquerque, NM",4,35,381260,25330,29630,41200,64880,102460
2022,10780,"Alexandria, LA",4,22,59810,19080,25240,36090,51860,76850
2022,10900,"Allentown-Bethlehem-Easton, PA-NJ",4,42,361250,26940,33380,45430,64960,96430
2022,11020,"Altoona, PA",4,42,57060,22090,28230,37810,56200,78310
2022,11100,"Amarillo, TX",4,48,115020,21730,27910,37570,58240,82060
2022,11180,"Ames, IA",4,19,46060,24300,31200,45740,64540,97430
2022,11260,"Anchorage, AK",4,02,166890,29610,36650,51040,81090,116500
2022,11460,"Ann Arbor, MI",4,26,211200,27040,34090,49150,79030,115970
2022,11500,"Anniston-Oxford-Jacksonville, AL",4,01,43670,20370,25980,36170,52830,74780
2022,11540,"Appleton, WI",4,55,120230,26550,33280,45440,62910,88840
2022,11700,"Asheville, NC",4,37,196280,22810,29210,38420,57460,82870
2022,12020,"Athens-Clarke County, GA",4,13,87420,21880,28660,39690,62660,85740
2022,12060,"Atlanta-Sandy Springs-Roswell, GA",4,13,2727620,24160,31660,46700,76410,122020
2022,12100,"Atlantic City-Hammonton, NJ",4,34,124050,27460,30840,43360,67620,101330
2022,12220,"Auburn-Opelika, AL",4,01,61310,21370,26930,36500,54520,82070
2022,12260,"Augusta-Richmond County, GA-SC",4,13,226670,21940,28610,39430,61840,90900
2022,12420,"Austin-Round Rock, TX",4,48,1176860,26270,33570,47630,77530,123640
2022,12540,"Bakersfield, CA",4,06,324350,30330,32220,40880,65320,103540
2022,12580,"Baltimore-Columbia-Towson, MD",4,24,1295030,28770,35810,50630,81290,127490
2022,12940,"Baton Rouge, LA",4,22,385020,21510,29110,44760,64890,98140
2022,12980,"Battle Creek, MI",4,26,50350,26960,31910,44930,64630,93130
2022,13020,"Bay City, MI",4,26,33710,23930,29100,37890,60790,89960
2022,13140,"Beaumont-Port Arthur, TX",4,48,151300,22200,28840,41770,63050,95640
2022,13220,"Beckley, WV",4,54,40440,20960,25390,35360,54030,78160
2022,13380,"Bellingham, WA",4,53,88170,31530,36150,47680,72590,102210
2022,13460,"Bend-Redmond, OR",4,41,86990,29630,35040,45760,65490,101910
2022,13740,"Billings, MT",4,30,87410,25240,31530,43620,64240,95220
2022,13780,"Binghamton, NY",4,36,93760,28390,31970,44520,65780,99650
2022,13820,"Birmingham-Hoover, AL",4,01,500850,22280,29250,40580,62530,97470
2022,13900,"Bismarck, ND",4,38,71200,28180,34900,46940,64280,87300
2022,13980,"Blacksburg-Christiansburg-Radford, VA",4,51,71010,23610,29770,41980,61240,92970
2022,14010,"Bloomington, IL",4,17,88510,26540,31510,46350,75470,114130
2022,14020,"Bloomington, IN",4,18,71720,23850,30740,43970,64600,97180
2022,14100,"Bloomsburg-Berwick, PA",4,42,39910,24140,31920,44760,66140,99040
2022,14260,"Boise City, ID",4,16,358230,24340,31060,41600,62110,91550
2022,14500,"Boulder, CO",4,08,191840,32680,39610,61360,99560,155720
2022,14540,"Bowling Green, KY",4,21,75160,22350,28390,37360,53110,75590
2022,14740,"Bremerton-Silverdale, WA",4,53,90640,32830,37620,54060,79920,107640
2022,15180,"Brownsville-Harlingen, TX",4,48,149600,19930,22510,31050,48950,73740
2022,15260,"Brunswick, GA",4,13,42440,21290,26940,36570,59680,92270
2022,15380,"Buffalo-Cheektowaga-Niagara Falls, NY",4,36,515900,29000,33440,46720,69290,101690
2022,15500,"Burlington, NC",4,37,64540,22060,27850,37210,53660,81340
2022,15680,"California-Lexington Park, MD",4,24,47070,28660,37440,65880,110360,147350
2022,15940,"Canton-Massillon, OH",4,39,161250,22810,28800,38750,59010,82430
2022,15980,"Cape Coral-Fort Myers, FL",4,12,286420,25050,30020,38890,59990,84860
2022,16020,"Cape Girardeau, MO-IL",4,29,43830,23580,27970,36490,54150,76470
2022,16060,"Carbondale-Marion, IL",4,17,52210,24960,29380,39530,62310,90810
2022,16180,"Carson City, NV",4,32,29720,26710,34120,47940,72530,103390
2022,16220,"Casper, WY",4,56,37630,25210,31350,44310,63320,89690
2022,16300,"Cedar Rapids, IA",4,19,139240,26410,33230,46420,63600,91420
2022,16540,"Chambersburg-Waynesboro, PA",4,42,57980,24220,31380,42660,60200,84090
2022,16580,"Champaign-Urbana, IL",4,17,102500,27200,32150,46210,73180,105210
2022,16620,"Charleston, WV",4,54,100240,21880,27550,38220,60240,86850
2022,16700,"Charleston-North Charleston, SC",4,45,356150,23040,30320,42820,64280,98720
2022,16740,"Charlotte-Concord-Gastonia, NC-SC",4,37,1269850,24400,31500,45940,70260,111210
2022,16820,"Charlottesville, VA",4,51,109590,26050,32500,47900,74470,110860
2022,16860,"Chattanooga, TN-GA",4,47,249700,22800,29590,39880,60050,88670
2022,16940,"Cheyenne, WY",4,56,46440,24780,31500,44820,62870,89980
2022,16980,"Chicago-Naperville-Elgin, IL-IN-WI",4,17,4416280,28980,35290,48340,79040,120010
2022,17020,"Chico, CA",4,06,77670,29680,32880,43080,65560,104000
2022,17140,"Cincinnati, OH-KY-IN",4,39,1061100,25850,32160,45660,67500,101990
2022,17300,"Clarksville, TN-KY",4,47,92660,22270,28440,37880,52290,75860
2022,17420,"Cleveland, TN",4,47,44930,22120,28270,36400,50330,76620
2022,17460,"Cleveland-Elyria, OH",4,39,987600,25890,32660,46800,72940,102710
2022,17660,"Coeur d'Alene, ID",4,16,68130,24020,30510,39320,58770,83730
2022,17780,"College Station-Bryan, TX",4,48,123590,21860,28440,39500,61040,94830
2022,17820,"Colorado Springs, CO",4,08,302690,29320,34350,47280,74820,109650
2022,17860,"Columbia, MO",4,29,95420,24240,29430,40330,61550,89890
2022,17900,"Columbia, SC",4,45,375300,22440,29270,39210,60260,85300
2022,17980,"Columbus, GA-AL",4,13,113500,21150,27160,37010,59270,90930
2022,18020,"Columbus, IN",4,18,49110,24670,31390,43160,61580,96500
2022,18140,"Columbus, OH",4,39,1060610,26690,33440,46630,73390,103720
2022,18580,"Corpus Christi, TX",4,48,182330,21840,27830,38340,60600,89720
2022,18700,"Corvallis, OR",4,41,36910,29030,34880,48630,78840,121460
2022,18880,"Crestview-Fort Walton Beach-Destin, FL",4,12,118990,24040,29450,39490,62940,99980
2022,19060,"Cumberland, MD-WV",4,24,36460,26000,28960,39600,60790,87210
2022,19100,"Dallas-Fort Worth-Arlington, TX",4,48,3804710,24790,31420,46360,73160,111370
2022,19140,"Dalton, GA",4,13,64450,23360,30440,37590,53400,78850
2022,19180,"Danville, IL",4,17,25700,26290,30870,42540,60320,82780
2022,19300,"Daphne-Fairhope-Foley, AL",4,01,78640,20050,24340,33600,49250,72970
2022,19340,"Davenport-Moline-Rock Island, IA-IL",4,19,176540,25110,30500,43470,63740,94070
2022,19380,"Dayton, OH",4,39,363200,24340,30940,45130,69010,101560
2022,19460,"Decatur, AL",4,01,56560,21720,28410,38890,60610,88950
2022,19500,"Decatur, IL",4,17,45550,27060,33730,46870,71030,100550
2022,19660,"Deltona-Daytona Beach-Ormond Beach, FL",4,12,206340,22810,28190,36100,53440,78500
2022,19740,"Denver-Aurora-Lakewood, CO",4,08,1551060,31570,37820,54110,83830,132360
2022,19780,"Des Moines-West Des Moines, IA",4,19,371110,27150,34040,48170,71580,103680
2022,19820,"Detroit-Warren-Dearborn, MI",4,26,1866500,27990,34620,48000,75780,106640
2022,20020,"Dothan, AL",4,01,58000,19390,24490,33740,49320,75070
2022,20100,"Dover, DE",4,10,65690,24130,29780,40850,61130,86420
2022,20220,"Dubuque, IA",4,19,57520,25420,32590,44510,61360,85830
2022,20260,"Duluth, MN-WI",4,27,121950,26890,32210,45770,65170,88980
2022,20500,"Durham-Chapel Hill, NC",4,37,327690,27570,36210,54180,83930,134630
2022,20700,"East Stroudsburg, PA",4,42,54460,22670,28700,39050,59770,84660
2022,20740,"Eau Claire, WI",4,55,82810,25150,31360,43170,60860,85120
2022,20940,"El Centro, CA",4,06,62520,30040,31870,38200,65000,103420
2022,21060,"Elizabethtown-Fort Knox, KY",4,21,51920,22320,28790,39030,58750,82630
2022,21140,"Elkhart-Goshen, IN",4,18,142190,28860,35520,44970,60370,84590
2022,21300,"Elmira, NY",4,36,33780,28350,31890,43220,62700,84470
2022,21340,"El Paso, TX",4,48,316110,19660,24050,34180,52660,79040
2022,21420,"Enid, OK",4,40,23160,21170,27230,35830,51250,78550
2022,21500,"Erie, PA",4,42,117080,22520,28390,37900,58340,80950
2022,21660,"Eugene, OR",4,41,153570,28910,34200,44470,63610,98220
2022,21780,"Evansville, IN-KY",4,18,149980,23070,29620,38640,59390,81730
2022,21820,"Fairbanks, AK",4,02,34410,29270,36920,51880,79310,105500
2022,22020,"Fargo, ND-MN",4,38,139770,28080,34770,46490,64410,89210
2022,22140,"Farmington, NM",4,35,43460,23930,28090,38420,60020,84640
2022,22180,"Fayetteville, NC",4,37,128880,21730,27540,38310,58010,90490
2022,22220,"Fayetteville-Springdale-Rogers, AR-MO",4,05,255640,25980,29310,38580,61370,99190
2022,22380,"Flagstaff, AZ",4,04,61700,28800,31640,38940,59650,89510
2022,22420,"Flint, MI",4,26,129540,25450,29930,39710,63110,86210
2022,22500,"Florence, SC",4,45,86500,21370,27240,36380,56660,83030
2022,22520,"Florence-Muscle Shoals, AL",4,01,53600,20630,26310,35880,51340,74090
2022,22540,"Fond du Lac, WI",4,55,44990,25860,34050,46800,61900,85250
2022,22660,"Fort Collins, CO",4,08,169440,29800,35790,48770,75970,109180
2022,22900,"Fort Smith, AR-OK",4,05,105250,23450,27170,35320,50420,72680
2022,23060,"Fort Wayne, IN",4,18,217750,24650,30670,41140,61660,82280
2022,23420,"Fresno, CA",4,06,397960,29710,32280,40740,63990,101380
2022,23460,"Gadsden, AL",4,01,32190,19380,24230,31630,47920,67550
2022,23540,"Gainesville, FL",4,12,137310,24490,29940,42700,62070,94770
2022,23580,"Gainesville, GA",4,13,94280,23540,29950,38230,58640,83520
2022,23900,"Gettysburg, PA",4,42,32330,23220,30130,40450,58410,82530
2022,24020,"Glens Falls, NY",4,36,48980,28630,32350,43770,62630,89650
2022,24140,"Goldsboro, NC",4,37,39490,21510,27090,36000,50380,75980
2022,24220,"Grand Forks, ND-MN",4,38,48990,27370,33300,45110,62300,84170
2022,24260,"Grand Island, NE",4,31,41370,26000,31280,41800,57390,81800
2022,24300,"Grand Junction, CO",4,08,64380,28460,32140,43140,62500,93030
2022,24340,"Grand Rapids-Wyoming, MI",4,26,549710,27180,32020,42730,63190,93130
2022,24420,"Grants Pass, OR",4,41,29080,28970,33790,40380,56310,84970
2022,24500,"Great Falls, MT",4,30,35500,23250,28960,38120,57500,79510
2022,24540,"Greeley, CO",4,08,107510,29560,36120,47760,65130,97820
2022,24580,"Green Bay, WI",4,55,168190,26190,33870,45440,62790,88380
2022,24660,"Greensboro-High Point, NC",4,37,352980,22910,29470,39030,59480,88940
2022,24780,"Greenville, NC",4,37,77940,22120,28700,39670,62150,89860
2022,24860,"Greenville-Anderson-Mauldin, SC",4,45,410160,22710,29520,39420,60440,87950
2022,25060,"Gulfport-Biloxi-Pascagoula, MS",4,28,148750,20290,26170,37850,61390,84310
2022,25180,"Hagerstown-Martinsburg, MD-WV",4,24,100340,26260,30840,41170,61040,90900
2022,25220,"Hammond, LA",4,22,45460,19500,24700,35230,51640,76090
2022,25260,"Hanford-Corcoran, CA",4,06,44120,30850,33820,44660,72130,102110
2022,25420,"Harrisburg-Carlisle, PA",4,42,319650,26120,33940,46110,67120,97830
2022,25500,"Harrisonburg, VA",4,51,63440,24420,30300,40640,58000,81990
2022,25620,"Hattiesburg, MS",4,28,62110,18470,23480,32400,47870,73510
2022,25860,"Hickory-Lenoir-Morganton, NC",4,37,153120,22980,29410,38220,52020,77010
2022,25940,"Hilton Head Island-Bluffton-Beaufort, SC",4,45,77950,21760,27790,36420,51940,78510
2022,25980,"Hinesville, GA",4,13,19720,21930,28500,40790,59230,82250
2022,26140,"Homosassa Springs, FL",4,12,33630,22440,27400,35170,48670,74980
2022,26300,"Hot Springs, AR",4,05,37830,23480,26410,32730,47990,72330
2022,26380,"Houma-Thibodaux, LA",4,22,77850,21000,28180,40460,60460,91970
2022,26420,"Houston-The Woodlands-Sugar Land, TX",4,48,3054460,23160,30520,45610,71950,108280
2022,26580,"Huntington-Ashland, WV-KY-OH",4,54,127640,21760,27340,37480,57370,82550
2022,26620,"Huntsville, AL",4,01,239090,23020,30660,47490,81000,129230
2022,26820,"Idaho Falls, ID",4,16,75850,23220,29240,38950,63060,101050
2022,26900,"Indianapolis-Carmel-Anderson, IN",4,18,1051250,26220,32200,44790,64960,98820
2022,26980,"Iowa City, IA",4,19,90540,24820,31850,46850,66000,98590
2022,27060,"Ithaca, NY",4,36,47280,30930,37580,52310,81830,122420
2022,27100,"Jackson, MI",4,26,55930,26460,31540,43280,64560,97630
2022,27140,"Jackson, MS",4,28,247520,20820,26800,37640,57910,83080
2022,27180,"Jackson, TN",4,47,68240,22630,29330,39000,55080,75830
2022,27260,"Jacksonville, FL",4,12,721380,25640,30750,41600,64050,98380
2022,27340,"Jacksonville, NC",4,37,49850,20710,25500,34980,51710,77920
2022,27500,"Janesville-Beloit, WI",4,55,65860,25590,31750,43220,61420,85490
2022,27620,"Jefferson City, MO",4,29,73130,25020,29780,39660,58310,82320
2022,27740,"Johnson City, TN",4,47,80530,21930,28210,37370,54410,80350
2022,27780,"Johnstown, PA",4,42,47940,21200,27090,37060,55280,77120
2022,27860,"Jonesboro, AR",4,05,58310,24190,28080,37130,50900,77080
2022,27900,"Joplin, MO",4,29,79160,24290,28840,38470,56780,77560
2022,27980,"Kahului-Wailuku-Lahaina, HI",4,15,73140,28520,35200,47690,65360,99470
2022,28020,"Kalamazoo-Portage, MI",4,26,138580,26260,31180,44000,63500,94920
2022,28100,"Kankakee, IL",4,17,42190,26690,30940,40910,62050,92160
2022,28140,"Kansas City, MO-KS",4,29,1052830,26850,32860,46410,67480,101820
2022,28420,"Kennewick-Richland, WA",4,53,121800,31770,36370,48100,78340,110050
2022,28660,"Killeen-Temple, TX",4,48,144010,21720,28090,39310,59810,93670
2022,28700,"Kingsport-Bristol-Bristol, TN-VA",4,47,113450,22880,28360,37980,58870,83080
2022,28740,"Kingston, NY",4,36,56210,29580,33750,45360,65130,98850
2022,28940,"Knoxville, TN",4,47,398480,22980,29620,40270,61490,93970
2022,29020,"Kokomo, IN",4,18,34840,23370,29650,42900,66450,79540
2022,29100,"La Crosse-Onalaska, WI-MN",4,55,71910,25720,32750,45410,64090,97030
2022,29180,"Lafayette, LA",4,22,191720,20020,25810,37510,56780,81830
2022,29200,"Lafayette-West Lafayette, IN",4,18,96060,24100,30520,42980,64650,92160
2022,29340,"Lake Charles, LA",4,22,94220,20780,27770,40230,62870,90020
2022,29420,"Lake Havasu City-Kingman, AZ",4,04,54380,28130,30170,37170,52220,78530
2022,29460,"Lakeland-Winter Haven, FL",4,12,251360,24910,30030,38740,57650,81070
2022,29540,"Lancaster, PA",4,42,242400,24480,31340,43320,60870,85110
2022,29620,"Lansing-East Lansing, MI",4,26,202550,27130,33110,47880,70830,100010
2022,29700,"Laredo, TX",4,48,101990,19830,22760,33130,52290,76780
2022,29740,"Las Cruces, NM",4,35,72600,23920,26660,35770,58820,91990
2022,29820,"Las Vegas-Henderson-Paradise, NV",4,32,1024390,22650,29120,39060,61740,97920
2022,29940,"Lawrence, KS",4,20,48640,22250,28260,38230,59340,84290
2022,30020,"Lawton, OK",4,40,41140,20950,26900,36840,60200,79440
2022,30140,"Lebanon, PA",4,42,50180,23790,30600,40040,59380,82020
2022,30300,"Lewiston, ID-WA",4,16,27800,27230,31940,41820,61120,83620
2022,30460,"Lexington-Fayette, KY",4,21,267800,23940,30580,42640,63090,87270
2022,30620,"Lima, OH",4,39,49110,23260,29560,41450,62290,85580
2022,30700,"Lincoln, NE",4,31,173630,24960,31200,44930,64460,94370
2022,30780,"Little Rock-North Little Rock-Conway, AR",4,05,336190,25250,29150,38990,60220,84730
2022,30860,"Logan, UT-ID",4,49,66380,22880,28980,38380,56670,83500
2022,30980,"Longview, TX",4,48,93970,21490,27730,37330,57520,81880
2022,31020,"Longview, WA",4,53,40440,32210,36340,48650,71670,99480
2022,31080,"Los Angeles-Long Beach-Anaheim, CA",4,06,6100410,31510,35390,48470,81010,131240
2022,31140,"Louisville/Jefferson County, KY-IN",4,21,643330,25680,32260,44360,63200,94480
2022,31180,"Lubbock, TX",4,48,148600,21350,27150,36560,56590,82440
2022,31340,"Lynchburg, VA",4,51,96060,22880,28500,38900,59260,85760
2022,31420,"Macon, GA",4,13,95710,21760,28520,38040,58950,87000
2022,31460,"Madera, CA",4,06,50760,30120,31590,39190,64410,101600
2022,31540,"Madison, WI",4,55,386980,27980,35840,48560,75980,104710
2022,31740,"Manhattan, KS",4,20,39000,21720,27730,38650,59780,85030
2022,31860,"Mankato-North Mankato, MN",4,27,53260,27910,33350,45390,63030,90370
2022,31900,"Mansfield, OH",4,39,48300,22710,28660,38330,56080,77620
2022,32580,"McAllen-Edinburg-Mission, TX",4,48,275190,19760,22420,30520,48650,74420
2022,32780,"Medford, OR",4,41,86580,28710,33420,43380,61830,97100
2022,32820,"Memphis, TN-MS-AR",4,47,621320,23770,30490,39550,61450,85940
2022,32900,"Merced, CA",4,06,75630,29810,32180,39830,60700,96710
2022,33100,"Miami-Fort Lauderdale-West Palm Beach, FL",4,12,2623770,25730,30870,43710,66110,104470
2022,33140,"Michigan City-La Porte, IN",4,18,39600,23060,29120,37870,54190,77760
2022,33220,"Midland, MI",4,26,35680,26100,30620,45160,76360,113280
2022,33260,"Midland, TX",4,48,104880,25980,34590,47900,72890,114280
2022,33340,"Milwaukee-Waukesha-West Allis, WI",4,55,801220,26410,33880,46800,69240,102350
2022,33460,"Minneapolis-St. Paul-Bloomington, MN-WI",4,27,1884270,29730,36980,50960,80340,119600
2022,33540,"Missoula, MT",4,30,61840,24550,30750,40760,60980,84700
2022,33660,"Mobile, AL",4,01,170790,21740,28530,39010,60680,84330
2022,33700,"Modesto, CA",4,06,189840,30740,34240,45050,66760,105350
2022,33740,"Monroe, LA",4,22,74390,18580,22940,34080,50270,76700
2022,33780,"Monroe, MI",4,26,38030,26540,31050,43560,63800,99350
2022,33860,"Montgomery, AL",4,01,157550,21770,27720,38130,59140,85020
2022,34060,"Morgantown, WV",4,54,64590,22440,28920,40090,62210,96400
2022,34100,"Morristown, TN",4,47,46240,22190,28270,36740,49090,68800
2022,34580,"Mount Vernon-Anacortes, WA",4,53,49290,32670,36980,49200,74420,103030
2022,34620,"Muncie, IN",4,18,44200,22480,28930,37710,58580,79690
2022,34740,"Muskegon, MI",4,26,61060,24630,29240,38230,58030,80120
2022,34820,"Myrtle Beach-Conway-North Myrtle Beach, SC-NC",4,45,172130,20580,25160,33650,48380,75410
2022,34900,"Napa, CA",4,06,74080,34160,37060,48260,76460,117940
2022,34940,"Naples-Immokalee-Marco Island, FL",4,12,157390,26890,30940,39920,61820,96450
2022,34980,"Nashville-Davidson--Murfreesboro--Franklin, TN",4,47,1036630,25110,31680,44300,64010,101670
2022,35100,"New Bern, NC",4,37,44630,21790,27900,38860,59450,84450
2022,35380,"New Orleans-Metairie, LA",4,22,518440,21490,28360,40600,63440,98580
2022,35620,"New York-Newark-Jersey City, NY-NJ-PA",4,36,9185300,31360,37230,57390,97380,147560
2022,35660,"Niles-Benton Harbor, MI",4,26,58250,25370,30210,39260,59780,86620
2022,35840,"North Port-Sarasota-Bradenton, FL",4,12,310190,25500,30350,39470,60500,87240
2022,36100,"Ocala, FL",4,12,111280,23120,28490,36380,53370,77380
2022,36140,"Ocean City, NJ",4,34,39890,27270,29880,38520,59730,90680
2022,36220,"Odessa, TX",4,48,72960,23410,31190,44040,62710,94370
2022,36260,"Ogden-Clearfield, UT",4,49,278150,25200,31340,42450,62900,94440
2022,36420,"Oklahoma City, OK",4,40,627070,22410,29270,41370,63010,95390
2022,36500,"Olympia-Tumwater, WA",4,53,120860,33280,38110,54100,81520,109560
2022,36540,"Omaha-Council Bluffs, NE-IA",4,31,471570,26720,32110,46040,66920,101180
2022,36740,"Orlando-Kissimmee-Sanford, FL",4,12,1297460,24630,30010,39030,61060,97160
2022,36780,"Oshkosh-Neenah, WI",4,55,91330,26770,34650,45970,63290,93400
2022,36980,"Owensboro, KY",4,21,50600,22900,29140,39790,59680,79440
2022,37100,"Oxnard-Thousand Oaks-Ventura, CA",4,06,313120,30900,34740,46640,76470,121490
2022,37340,"Palm Bay-Melbourne-Titusville, FL",4,12,229070,25080,30120,43890,66690,106950
2022,37460,"Panama City, FL",4,12,81270,23140,28690,37400,57010,83760
2022,37620,"Parkersburg-Vienna, WV",4,54,35090,21390,25890,36030,56680,83410
2022,37860,"Pensacola-Ferry Pass-Brent, FL",4,12,181590,23280,28720,38410,58930,85260
2022,37900,"Peoria, IL",4,17,162260,26800,31380,44680,67350,98560
2022,37980,"Philadelphia-Camden-Wilmington, PA-NJ-DE-MD",4,42,2770020,27320,34500,48420,78340,116910
2022,38060,"Phoenix-Mesa-Scottsdale, AZ",4,04,2220140,29660,34730,46290,66850,104060
2022,38220,"Pine Bluff, AR",4,05,29000,23940,27860,37120,51320,75580
2022,38300,"Pittsburgh, PA",4,42,1057700,24220,31720,45870,68970,101510
2022,38540,"Pocatello, ID",4,16,36340,21640,27700,36770,55320,78180
2022,38900,"Portland-Vancouver-Hillsboro, OR-WA",4,41,1180900,31860,37410,50860,81360,124590
2022,38940,"Port St. Lucie, FL",4,12,156870,24280,29530,38140,58210,83380
2022,39140,"Prescott, AZ",4,04,66700,28810,31530,39620,58140,82730
2022,39340,"Provo-Orem, UT",4,49,284930,25440,30980,42110,63780,103300
2022,39380,"Pueblo, CO",4,08,62230,28450,32340,43520,62470,89950
2022,39460,"Punta Gorda, FL",4,12,51550,23990,29000,37180,57370,81770
2022,39540,"Racine, WI",4,55,73440,24290,30630,42130,60510,83120
2022,39580,"Raleigh, NC",4,37,672280,24320,31930,46590,75280,119680
2022,39660,"Rapid City, SD",4,46,69880,25200,29240,38340,56350,79350
2022,39740,"Reading, PA",4,42,165800,24890,31790,43750,62210,92140
2022,39820,"Redding, CA",4,06,67330,29590,33050,43910,66930,105350
2022,39900,"Reno, NV",4,32,248090,26770,34160,45100,65380,100570
2022,40060,"Richmond, VA",4,51,629790,25700,31960,46970,70850,106970
2022,40140,"Riverside-San Bernardino-Ontario, CA",4,06,1632480,30460,34350,45150,64630,103370
2022,40220,"Roanoke, VA",4,51,147090,23550,29460,39910,60540,87640
2022,40340,"Rochester, MN",4,27,117500,28990,36860,50250,80890,126070
2022,40380,"Rochester, NY",4,36,484980,29000,33110,47010,69010,102540
2022,40420,"Rockford, IL",4,17,137220,27210,31650,43220,64620,94600
2022,40580,"Rocky Mount, NC",4,37,54100,21850,27920,37250,56940,81340
2022,40660,"Rome, GA",4,13,39470,22000,28600,37960,58250,82520
2022,40900,"Sacramento--Roseville--Arden-Arcade, CA",4,06,1028590,31530,36200,50560,81920,129150
2022,40980,"Saginaw, MI",4,26,78770,25020,29870,40240,61880,84610
2022,41060,"St. Cloud, MN",4,27,100130,28070,34420,46020,64080,93140
2022,41100,"St. George, UT",4,49,79860,23460,29270,37740,55290,79390
2022,41140,"St. Joseph, MO-KS",4,29,52630,26090,30190,42190,58390,83340
2022,41180,"St. Louis, MO-IL",4,29,1309400,27050,31650,45990,70350,102600
2022,41420,"Salem, OR",4,41,174880,29740,35100,46610,69510,101340
2022,41500,"Salinas, CA",4,06,181770,31780,34410,40250,64620,104670
2022,41540,"Salisbury, MD-DE",4,24,163250,26000,29240,37610,58870,86100
2022,41620,"Salt Lake City, UT",4,49,780740,28090,34700,47260,73280,108820
2022,41660,"San Angelo, TX",4,48,48440,21380,27510,37030,56380,79940
2022,41700,"San Antonio-New Braunfels, TX",4,48,1048960,22610,29370,40220,62300,98040
2022,41740,"San Diego-Carlsbad, CA",4,06,1489500,31390,35990,49710,82740,133790
2022,41860,"San Francisco-Oakland-Hayward, CA",4,06,2392790,36320,43520,65520,119250,176220
2022,41940,"San Jose-Sunnyvale-Santa Clara, CA",4,06,1122990,37260,45130,76740,149260,215630
2022,42020,"San Luis Obispo-Paso Robles-Arroyo Grande, CA",4,06,118460,30920,34440,45820,74280,112810
2022,42100,"Santa Cruz-Watsonville, CA",4,06,96860,31560,35500,47350,77050,123550
2022,42140,"Santa Fe, NM",4,35,59770,27150,30780,41990,61890,91940
2022,42200,"Santa Maria-Santa Barbara, CA",4,06,205800,31190,34740,46130,77160,126410
2022,42220,"Santa Rosa, CA",4,06,203300,34140,36890,48840,77840,124430
2022,42340,"Savannah, GA",4,13,185200,22420,29080,39740,62240,95700
2022,42540,"Scranton--Wilkes-Barre--Hazleton, PA",4,42,247000,23430,30420,40580,59540,84210
2022,42660,"Seattle-Tacoma-Bellevue, WA",4,53,2037380,36210,43030,61830,99990,143270
2022,42680,"Sebastian-Vero Beach, FL",4,12,54460,24260,29250,37910,56330,81150
2022,42700,"Sebring, FL",4,12,26490,22570,27350,35460,50150,74510
2022,43100,"Sheboygan, WI",4,55,58590,26650,34380,45100,59910,83310
2022,43300,"Sherman-Denison, TX",4,48,47490,21860,28160,37210,58400,81950
2022,43340,"Shreveport-Bossier City, LA",4,22,166700,20300,26200,37150,58330,82660
2022,43420,"Sierra Vista-Douglas, AZ",4,04,33250,27820,30680,41690,67100,99200
2022,43580,"Sioux City, IA-NE-SD",4,19,86580,25240,31620,40250,59530,81900
2022,43620,"Sioux Falls, SD",4,46,161420,27240,31460,41500,60010,82850
2022,43780,"South Bend-Mishawaka, IN-MI",4,18,126810,24410,30500,40230,60610,84180
2022,43900,"Spartanburg, SC",4,45,156630,23110,29920,39630,60440,82020
2022,44060,"Spokane-Spokane Valley, WA",4,53,250080,31050,35930,46490,68780,100980
2022,44100,"Springfield, IL",4,17,101700,27250,32660,47060,74940,104430
2022,44180,"Springfield, MO",4,29,212670,24230,29050,38750,57390,79440
2022,44220,"Springfield, OH",4,39,46450,23850,29780,40010,60000,81810
2022,44300,"State College, PA",4,42,64540,24120,30700,46580,70500,100320
2022,44420,"Staunton-Waynesboro, VA",4,51,48110,24130,30010,41540,57700,81020
2022,44700,"Stockton-Lodi, CA",4,06,275080,31010,34990,46090,64590,100840
2022,44940,"Sumter, SC",4,45,35970,21290,27760,37230,52270,76580
2022,45060,"Syracuse, NY",4,36,287320,29340,34320,47990,72490,103290
2022,45220,"Tallahassee, FL",4,12,176400,23350,28600,39160,59390,86070
2022,45300,"Tampa-St. Petersburg-Clearwater, FL",4,12,1365080,25690,30700,43280,65000,101690
2022,45460,"Terre Haute, IN",4,18,63530,22580,28730,38420,57700,79700
2022,45500,"Texarkana, TX-AR",4,48,56070,22150,27420,37010,56970,77410
2022,45540,"The Villages, FL",4,12,36180,24210,28760,37920,56870,82060
2022,45780,"Toledo, OH",4,39,284330,24260,31030,43230,64270,90420
2022,45820,"Topeka, KS",4,20,110340,23660,30150,41810,61670,84220
2022,45940,"Trenton, NJ",4,34,236680,29180,37470,58360,95050,135490
2022,46060,"Tucson, AZ",4,04,379240,28240,31380,42430,63230,99690
2022,46140,"Tulsa, OK",4,40,426640,22740,29480,40500,62590,95750
2022,46220,"Tuscaloosa, AL",4,01,99700,21860,28350,39640,60950,81500
2022,46300,"Twin Falls, ID",4,16,47830,22750,29240,37830,53550,77420
2022,46340,"Tyler, TX",4,48,106770,21560,27450,37220,57580,81700
2022,46520,"Urban Honolulu, HI",4,15,423380,27950,35140,49660,77150,109580
2022,46540,"Utica-Rome, NY",4,36,114800,28910,32500,45000,62880,92100
2022,46660,"Valdosta, GA",4,13,53210,19560,24850,34240,49870,75530
2022,46700,"Vallejo-Fairfield, CA",4,06,137820,33020,36400,50130,79660,126730
2022,47020,"Victoria, TX",4,48,37940,22000,28020,37360,58870,83360
2022,47220,"Vineland-Bridgeton, NJ",4,34,60660,27290,31470,43660,66600,94640
2022,47260,"Virginia Beach-Norfolk-Newport News, VA-NC",4,51,725790,23870,30030,45340,66020,101430
2022,47300,"Visalia-Porterville, CA",4,06,161590,30010,31860,37940,59490,94920
2022,47380,"Waco, TX",4,48,123460,22250,28710,39070,59600,88890
2022,47460,"Walla Walla, WA",4,53,27150,31350,35930,46230,67330,98240
2022,47580,"Warner Robins, GA",4,13,75380,21690,28410,43180,66210,95220
2022,47900,"Washington-Arlington-Alexandria, DC-VA-MD-WV",4,11,3027490,30860,38840,63300,106810,163670
2022,47940,"Waterloo-Cedar Falls, IA",4,19,84350,24980,31200,42920,62460,93560
2022,48060,"Watertown-Fort Drum, NY",4,36,38420,27980,30570,40250,60070,84980
2022,48140,"Wausau, WI",4,55,69270,27190,34170,45220,62250,85280
2022,48260,"Weirton-Steubenville, WV-OH",4,54,36700,22310,28250,39540,60040,82710
2022,48300,"Wenatchee, WA",4,53,48240,31040,34660,43400,63630,97410
2022,48540,"Wheeling, WV-OH",4,54,58400,22010,27780,37550,58530,82350
2022,48620,"Wichita, KS",4,20,296150,22910,29640,41430,62290,88260
2022,48660,"Wichita Falls, TX",4,48,55810,20860,26600,36320,55430,78940
2022,48700,"Williamsport, PA",4,42,48520,23370,29920,40540,60280,83960
2022,48900,"Wilmington, NC",4,37,136760,22160,28680,39320,60330,92580
2022,49020,"Winchester, VA-WV",4,51,63690,24610,30980,43550,61670,95270
2022,49180,"Winston-Salem, NC",4,37,267360,22640,29480,39790,61570,97850
2022,49420,"Yakima, WA",4,53,95460,30730,34730,41980,59930,86010
2022,49620,"York-Hanover, PA",4,42,178050,24440,31420,43650,62080,91850
2022,49660,"Youngstown-Warren-Boardman, OH-PA",4,39,199600,22180,27870,37350,56950,77720
2022,49700,"Yuba City, CA",4,06,49480,30440,33960,44720,67810,104950
2022,49740,"Yuma, AZ",4,04,67550,27480,29640,37170,55050,81660
2022,70750,"Bangor, ME",4,23,64620,29320,33780,44120,62390,89370
2022,70900,"Barnstable Town, MA",4,25,100180,32000,36180,48480,74490,103950
2022,71650,"Boston-Cambridge-Nashua, MA-NH",4,25,2703870,33780,39320,61090,99930,151240
2022,71950,"Bridgeport-Stamford-Norwalk, CT",4,09,393430,30270,36810,56300,94500,139680
2022,72400,"Burlington-South Burlington, VT",4,50,117480,30470,37260,49810,75840,104440
2022,72850,"Danbury, CT",4,09,74730,28890,34840,48470,77230,109710
2022,73050,"Dover-Durham, NH-ME",4,33,50320,27350,33610,46240,68280,102950
2022,73450,"Hartford-West Hartford-East Hartford, CT",4,09,556860,29490,36290,52980,82550,125350
2022,74500,"Leominster-Gardner, MA",4,25,50770,30690,35050,45820,66820,100280
2022,74650,"Lewiston-Auburn, ME",4,23,47300,29400,33840,43480,60440,82880
2022,74950,"Manchester, NH",4,33,106580,28540,35630,48380,74840,106080
2022,75550,"New Bedford, MA",4,25,65150,30390,34080,44850,64110,98530
2022,75700,"New Haven, CT",4,09,287010,29540,36000,50270,80380,118720
2022,76450,"Norwich-New London-Westerly, CT-RI",4,09,119780,28660,34380,49360,79290,109150
2022,76600,"Pittsfield, MA",4,25,38030,30620,35240,46810,72900,101980
2022,76750,"Portland-South Portland, ME",4,23,203500,30500,36640,47930,67880,100870
2022,76900,"Portsmouth, NH-ME",4,33,90460,29170,36270,49930,78450,112330
2022,77200,"Providence-Warwick, RI-MA",4,44,560530,29060,35060,48190,76770,106690
2022,78100,"Springfield, MA-CT",4,25,318670,30790,34970,47690,74180,103650
2022,78700,"Waterbury, CT",4,09,65930,28540,33770,46370,70980,99900
2022,79600,"Worcester, MA-CT",4,25,282810,31050,35970,48800,77650,114220
2022,0100001,Northwest Alabama nonmetropolitan area,6,01,67210,21000,27300,35980,47830,64170
2022,0100002,Northeast Alabama nonmetropolitan area,6,01,145470,20890,25850,34320,48890,68060
2022,0100003,Southwest Alabama nonmetropolitan area,6,01,64040,20040,24640,35900,51170,74820
2022,0100004,Southeast Alabama nonmetropolitan area,6,01,85020,20480,25330,36000,57600,81290
2022,0200006,Alaska nonmetropolitan area,6,02,101700,29450,36990,53240,78350,106910
2022,0400001,Arizona nonmetropolitan area,6,04,91980,28110,31090,40680,60050,85890
2022,0500001,North Arkansas nonmetropolitan area,6,05,116390,23740,27320,34900,47560,67930
2022,0500002,East Arkansas nonmetropolitan area,6,05,64070,23780,27290,35250,47640,66090
2022,0500003,West Arkansas nonmetropolitan area,6,05,84930,23770,27570,35640,48060,69940
2022,0500004,South Arkansas nonmetropolitan area,6,05,90560,23920,27770,36040,48500,71470
2022,0600003,North Coast Region of California nonmetropolitan area,6,06,104210,30480,33890,44030,64590,101200
2022,0600006,Eastern Sierra-Mother Lode Region of California nonmetropolitan area,6,06,60780,30970,34430,44680,67910,102670
2022,0600007,North Valley-Northern Mountains Region of California nonmetropolitan area,6,06,100790,31030,34840,46230,65920,102070
2022,0800001,Eastern and Southern Colorado nonmetropolitan area,6,08,67980,28680,32020,41360,57830,80930
2022,0800002,Southwest Colorado nonmetropolitan area,6,08,102090,28960,33680,44890,62200,85890
2022,0800003,Northwest Colorado nonmetropolitan area,6,08,123290,29370,35710,46700,64700,96470
2022,0900001,Connecticut nonmetropolitan area,6,09,33420,28910,34830,47050,71370,99620
2022,1200003,South Florida nonmetropolitan area,6,12,79090,23600,29020,37670,53530,78730
2022,1200006,North Florida nonmetropolitan area,6,12,118360,23610,28850,37560,50990,76820
2022,1300001,North Georgia nonmetropolitan area,6,13,181120,21650,27600,36070,49960,77560
2022,1300002,Middle Georgia nonmetropolitan area,6,13,127420,21520,27180,36000,50690,76530
2022,1300003,East Georgia nonmetropolitan area,6,13,85580,20930,26030,35460,50420,76160
2022,1300004,South Georgia nonmetropolitan area,6,13,188550,21330,27200,36290,51180,76590
2022,1500001,Hawaii / Kauai nonmetropolitan area,6,15,97770,27040,32720,45380,62100,94690
2022,1600006,Northwestern Idaho nonmetropolitan area,6,16,72260,22610,29500,39120,57180,80790
2022,1600007,Southeast-Central Idaho nonmetropolitan area,6,16,90210,22790,29540,39410,57610,79570
2022,1700001,Northwest Illinois nonmetropolitan area,6,17,128620,26410,30310,41230,60900,88820
2022,1700002,West Central Illinois nonmetropolitan area,6,17,160570,26000,29750,40450,59810,81180
2022,1700003,East Central Illinois nonmetropolitan area,6,17,115280,25980,29580,39830,59500,83200
2022,1700004,South Illinois nonmetropolitan area,6,17,86950,26030,29630,41600,59740,81590
2022,1800001,Northern Indiana nonmetropolitan area,6,18,208780,23550,30050,39120,52940,75750
2022,1800002,Central Indiana nonmetropolitan area,6,18,154510,23120,29590,38480,52650,75900
2022,1800003,Southern Indiana nonmetropolitan area,6,18,184110,23350,30020,39520,58290,79240
2022,1900001,Northeast Iowa nonmetropolitan area,6,19,97560,23860,30480,40410,57740,78740
2022,1900002,Northwest Iowa nonmetropolitan area,6,19,132850,23880,30780,40190,56910,77410
2022,1900003,Southwest Iowa nonmetropolitan area,6,19,81740,23590,30230,40320,54810,75990
2022,1900004,Southeast Iowa nonmetropolitan area,6,19,210530,23650,30470,41200,57510,78440
2022,2000006,Kansas nonmetropolitan area,6,20,383240,22420,28330,37990,51810,76270
2022,2100001,West Kentucky nonmetropolitan area,6,21,147030,21540,27740,36810,53210,76960
2022,2100002,South Central Kentucky nonmetropolitan area,6,21,165200,21590,27070,35970,49890,70120
2022,2100003,Central Kentucky nonmetropolitan area,6,21,179140,21840,28210,38060,55060,77460
2022,2100004,East Kentucky nonmetropolitan area,6,21,97860,20680,25220,34890,50170,71920
2022,2200002,Central Louisiana nonmetropolitan area,6,22,74780,18780,23830,35600,51080,76470
2022,2200003,Northeast Louisiana nonmetropolitan area,6,22,62470,18720,23000,32770,49500,75130
2022,2200006,Southwest Louisiana nonmetropolitan area,6,22,66650,18990,23660,35700,51550,77070
2022,2300001,Northeast Maine nonmetropolitan area,6,23,67920,28840,32910,39720,57000,78180
2022,2300002,Southwest Maine nonmetropolitan area,6,23,187300,29100,34220,43860,60490,81910
2022,2400006,Maryland nonmetropolitan area,6,24,58040,27070,30980,40260,59760,87090
2022,2500006,Massachusetts nonmetropolitan area,6,25,61310,32520,36660,48030,70430,100030
2022,2600001,Upper Peninsula of Michigan nonmetropolitan area,6,26,108440,25010,29910,40050,59940,80700
2022,2600002,Northeast Lower Peninsula of Michigan nonmetropolitan area,6,26,73640,24300,29140,37740,55080,77520
2022,2600003,Northwest Lower Peninsula of Michigan nonmetropolitan area,6,26,120800,25560,30260,39100,57930,79750
2022,2600004,Balance of Lower Peninsula of Michigan nonmetropolitan area,6,26,262050,25770,30450,39460,58520,80090
2022,2700001,Northwest Minnesota nonmetropolitan area,6,27,186570,27100,32780,43420,59860,80790
2022,2700002,Northeast Minnesota nonmetropolitan area,6,27,42260,26450,30790,41600,60800,81740
2022,2700003,Southwest Minnesota nonmetropolitan area,6,27,117570,27440,32960,42630,58720,79680
2022,2700004,Southeast Minnesota nonmetropolitan area,6,27,148930,27420,33450,44030,61090,83680
2022,2800001,Northeast Mississippi nonmetropolitan area,6,28,226700,20490,26090,35600,49090,73630
2022,2800002,Northwest Mississippi nonmetropolitan area,6,28,87360,18840,23100,31420,46440,65870
2022,2800003,Southeast Mississippi nonmetropolitan area,6,28,144380,19340,24960,34780,48090,68210
2022,2800004,Southwest Mississippi nonmetropolitan area,6,28,69640,19160,24020,35290,49800,78070
2022,2900001,Central Missouri nonmetropolitan area,6,29,157390,23660,27830,36250,48780,73860
2022,2900002,North Missouri nonmetropolitan area,6,29,105160,23820,28390,37060,49500,73530
2022,2900003,Southeast Missouri nonmetropolitan area,6,29,161350,23490,27260,35580,48420,72480
2022,2900004,Southwest Missouri nonmetropolitan area,6,29,72060,23550,27390,34640,47730,70560
2022,3000003,Southwest Montana nonmetropolitan area,6,30,145240,24840,31200,43080,61990,84260
2022,3000004,West Montana nonmetropolitan area,6,30,79800,23960,30520,39740,58180,81660
2022,3000006,East-Central Montana nonmetropolitan area,6,30,63550,23900,30860,41780,61500,83150
2022,3100001,Northwest Nebraska nonmetropolitan area,6,31,38060,23080,28810,37610,55120,77480
2022,3100003,Northeast Nebraska nonmetropolitan area,6,31,92110,24720,30800,39430,54960,77220
2022,3100006,South Nebraska nonmetropolitan area,6,31,145850,23510,29390,39160,55290,77740
2022,3200006,Nevada nonmetropolitan area,6,32,99530,23010,30680,46090,65120,94450
2022,3300001,Northern New Hampshire nonmetropolitan area,6,33,34820,26110,30880,39840,57200,79750
2022,3300002,Central New Hampshire nonmetropolitan area,6,33,90240,27520,33400,45870,63570,90570
2022,3300006,West Central-Southwest New Hampshire nonmetropolitan area,6,33,99120,28140,34460,46550,66800,102440
2022,3500006,Northern New Mexico nonmetropolitan area,6,35,78780,23920,28420,39660,69620,122980
2022,3500007,Eastern New Mexico nonmetropolitan area,6,35,154690,23920,28390,38060,59440,85100
2022,3600001,Capital/Northern New York nonmetropolitan area,6,36,137050,29000,32710,44870,61870,86080
2022,3600004,Southwest New York nonmetropolitan area,6,36,169250,28790,32090,44020,61550,84590
2022,3600006,Central East New York nonmetropolitan area,6,36,154230,29110,32520,44160,61850,86080
2022,3700001,Southeast Coastal North Carolina nonmetropolitan area,6,37,244630,21670,27770,36440,49550,73730
2022,3700002,Northeast Coastal North Carolina nonmetropolitan area,6,37,90960,21480,27040,35810,49600,73510
2022,3700003,Piedmont North Carolina nonmetropolitan area,6,37,250180,21840,28040,36780,50720,76240
2022,3700004,Mountain North Carolina nonmetropolitan area,6,37,129040,21970,27790,36500,50060,75000
2022,3800006,West North Dakota nonmetropolitan area,6,38,110080,28690,36280,49310,66130,97100
2022,3800007,East North Dakota nonmetropolitan area,6,38,61330,27920,34600,45760,61300,80120
2022,3900001,West Northwestern Ohio nonmetropolitan area,6,39,245840,24220,30770,41600,59840,79960
2022,3900002,North Northeastern Ohio nonmetropolitan area (noncontiguous),6,39,321900,22790,29550,39110,58260,78600
2022,3900003,Eastern Ohio nonmetropolitan area,6,39,131610,22690,29290,39040,58420,79520
2022,3900004,Southern Ohio nonmetropolitan area,6,39,157130,22640,29050,39640,60530,82050
2022,4000001,Northeast Oklahoma nonmetropolitan area,6,40,115290,21020,26420,35940,51250,78980
2022,4000002,Northwest Oklahoma nonmetropolitan area,6,40,94700,20990,26990,37820,52250,79810
2022,4000003,Southwest Oklahoma nonmetropolitan area,6,40,60650,20680,26210,36970,53600,79430
2022,4000004,Southeast Oklahoma nonmetropolitan area,6,40,165530,20940,26670,36300,49840,75860
2022,4100006,Coast Oregon nonmetropolitan area,6,41,112160,28440,31560,39960,58120,84520
2022,4100007,Central Oregon nonmetropolitan area,6,41,63060,28630,32980,41810,61050,93610
2022,4100008,Eastern Oregon nonmetropolitan area,6,41,71020,28660,31840,40290,59580,85000
2022,4200001,Western Pennsylvania nonmetropolitan area,6,42,139020,22720,29160,39120,58400,80040
2022,4200002,Northern Pennsylvania nonmetropolitan area,6,42,149010,22760,29420,39200,57800,78560
2022,4200003,Southern Pennsylvania nonmetropolitan area,6,42,184470,22980,29560,39590,57440,77840
2022,4500002,Upper Savannah South Carolina nonmetropolitan area,6,45,79210,21880,27790,36610,51160,77430
2022,4500004,Lower Savannah South Carolina nonmetropolitan area,6,45,52910,21280,27230,36050,49450,73270
2022,4500006,Northeast South Carolina nonmetropolitan area,6,45,93710,21080,26780,36040,49800,74780
2022,4600002,East South Dakota nonmetropolitan area,6,46,130010,26060,30130,39250,52040,76670
2022,4600003,West South Dakota nonmetropolitan area,6,46,61400,25160,29130,37820,52000,75960
2022,4700001,West Tennessee nonmetropolitan area,6,47,129030,21840,28130,36700,49160,68880
2022,4700002,South Central Tennessee nonmetropolitan area,6,47,108190,21970,28560,37120,49930,74610
2022,4700003,North Central Tennessee nonmetropolitan area,6,47,112490,21890,27810,36110,49530,74020
2022,4700004,East Tennessee nonmetropolitan area,6,47,138310,21210,26780,35440,48050,66400
2022,4800001,West Texas Region of Texas nonmetropolitan area,6,48,195540,22100,28840,39830,59260,84300
2022,4800002,North Texas Region of Texas nonmetropolitan area,6,48,273560,21360,27660,37140,52720,78990
2022,4800003,Big Thicket Region of Texas nonmetropolitan area,6,48,105030,21530,27040,36520,51800,77320
2022,4800004,Hill Country Region of Texas nonmetropolitan area,6,48,195170,21630,27830,37410,53710,78570
2022,4800005,Border Region of Texas nonmetropolitan area,6,48,58480,21240,24520,35680,56360,81660
2022,4800006,Coastal Plains Region of Texas nonmetropolitan area,6,48,145960,21320,26100,37120,57500,84880
2022,4900006,Eastern Utah nonmetropolitan area,6,49,84300,23130,29690,41400,60150,84950
2022,4900007,Central Utah nonmetropolitan area,6,49,55350,22790,28810,38420,56360,78720
2022,5000001,Southern Vermont nonmetropolitan area,6,50,99090,29310,35550,46070,63480,91640
2022,5000002,Northern Vermont nonmetropolitan area,6,50,67480,29480,36090,47000,64690,91540
2022,5100001,Southwest Virginia nonmetropolitan area,6,51,116110,22930,27730,36430,50260,75830
2022,5100002,Southside Virginia nonmetropolitan area,6,51,99810,23160,28170,37570,53360,78190
2022,5100003,Northeast Virginia nonmetropolitan area,6,51,48980,23670,29530,41350,68660,119260
2022,5100004,Northwest Virginia nonmetropolitan area,6,51,64070,23530,29060,39120,57510,83250
2022,5300006,Western Washington nonmetropolitan area,6,53,125110,31290,35710,45920,63880,95500
2022,5300007,Eastern Washington nonmetropolitan area,6,53,99940,31560,35820,46300,65740,98990
2022,5400001,Southern West Virginia nonmetropolitan area,6,54,69490,21410,25620,34850,50950,75340
2022,5400002,Northern West Virginia nonmetropolitan area,6,54,132850,21770,27060,36570,52980,79000
2022,5500001,Northwestern Wisconsin nonmetropolitan area,6,55,47550,24160,30750,39930,56260,75960
2022,5500002,Northeastern Wisconsin nonmetropolitan area,6,55,192570,24010,30590,41360,59750,79840
2022,5500003,South Central Wisconsin nonmetropolitan area,6,55,202620,24360,30460,40040,57420,78390
2022,5500004,Western Wisconsin nonmetropolitan area,6,55,134640,25490,31760,42290,57620,78030
2022,5600006,Western Wyoming nonmetropolitan area,6,56,96210,24380,31570,45290,64280,93810
2022,5600007,Eastern Wyoming nonmetropolitan area,6,56,82440,24480,31200,45710,65710,90480
2023,11500,"Anniston-Oxford-Jacksonville, AL",4,01,43920,21860,28270,37850,55890,76610
2023,12220,"Auburn-Opelika, AL",4,01,63670,22060,28430,37820,59190,87570
2023,13820,"Birmingham-Hoover, AL",4,01,509200,23600,31060,44830,64850,99980
2023,19300,"Daphne-Fairhope-Foley, AL",4,01,81480,21380,27420,36030,52130,76430
2023,19460,"Decatur, AL",4,01,57910,23020,30330,42160,63100,96160
2023,20020,"Dothan, AL",4,01,59490,20940,26660,35470,52430,78890
2023,22520,"Florence-Muscle Shoals, AL",4,01,55040,21260,27670,37230,56100,77280
2023,23460,"Gadsden, AL",4,01,32590,20870,26300,34000,48940,71190
2023,26620,"Huntsville, AL",4,01,250940,25550,34110,49440,83630,132930
2023,33660,"Mobile, AL",4,01,169730,22290,29520,41660,62720,88960
2023,33860,"Montgomery, AL",4,01,160840,22740,29340,40220,61250,91610
2023,46220,"Tuscaloosa, AL",4,01,103520,22820,30010,43690,62670,84090
2023,11260,"Anchorage, AK",4,02,169850,31320,38490,54790,84860,124650
2023,21820,"Fairbanks, AK",4,02,35220,30400,38490,55310,83350,111500
2023,22380,"Flagstaff, AZ",4,04,63870,30290,34950,43540,61730,93430
2023,29420,"Lake Havasu City-Kingman, AZ",4,04,54580,29400,32470,39580,57840,83430
2023,38060,"Phoenix-Mesa-Scottsdale, AZ",4,04,2289130,31440,36920,48600,75380,111500
2023,39140,"Prescott, AZ",4,04,69150,30300,34880,43900,61450,91890
2023,43420,"Sierra Vista-Douglas, AZ",4,04,33880,29190,33280,45150,72570,103810
2023,46060,"Tucson, AZ",4,04,383560,29820,34550,44990,66910,103340
2023,49740,"Yuma, AZ",4,04,66440,29110,31730,40660,59990,88340
2023,12540,"Bakersfield, CA",4,06,330270,32240,34150,44960,70790,107310
2023,17020,"Chico, CA",4,06,78030,32240,35210,46110,74040,119650
2023,20940,"El Centro, CA",4,06,62910,32580,34380,43210,71350,110980
2023,23420,"Fresno, CA",4,06,408820,32240,34450,44530,68990,108810
2023,25260,"Hanford-Corcoran, CA",4,06,45730,32610,35340,46980,75970,106020
2023,31080,"Los Angeles-Long Beach-Anaheim, CA",4,06,6185570,34040,37100,50490,85050,135520
2023,31460,"Madera, CA",4,06,51420,32620,34250,43580,67940,103380
2023,32900,"Merced, CA",4,06,78110,32240,34410,44190,64300,102640
2023,33700,"Modesto, CA",4,06,192020,33480,36250,47720,73200,114050
2023,34900,"Napa, CA",4,06,77760,36000,39130,51200,80210,126370
2023,37100,"Oxnard-Thousand Oaks-Ventura, CA",4,06,315720,33510,36270,48380,79360,126920
2023,39820,"Redding, CA",4,06,68100,32240,34900,45950,72850,110790
2023,40140,"Riverside-San Bernardino-Ontario, CA",4,06,1661860,32940,36130,47450,70880,108440
2023,40900,"Sacramento--Roseville--Arden-Arcade, CA",4,06,1048170,34300,37810,55290,86770,133070
2023,41500,"Salinas, CA",4,06,181410,34020,36210,44570,70420,109890
2023,41740,"San Diego-Carlsbad, CA",4,06,1522620,34140,37570,53090,90470,141790
2023,41860,"San Francisco-Oakland-Hayward, CA",4,06,2422210,37700,45520,72050,126660,193870
2023,41940,"San Jose-Sunnyvale-Santa Clara, CA",4,06,1141820,38990,47120,81470,164820,215270
2023,42020,"San Luis Obispo-Paso Robles-Arroyo Grande, CA",4,06,119800,33640,36160,47700,77490,123130
2023,42100,"Santa Cruz-Watsonville, CA",4,06,98040,34150,37020,48900,78750,126890
2023,42200,"Santa Maria-Santa Barbara, CA",4,06,202410,33970,36460,48280,79930,129610
2023,42220,"Santa Rosa, CA",4,06,206310,35640,38890,51670,79880,128370
2023,44700,"Stockton-Lodi, CA",4,06,278010,33800,36750,48370,69530,105670
2023,46700,"Vallejo-Fairfield, CA",4,06,137640,34820,37640,53520,82990,131220
2023,47300,"Visalia-Porterville, CA",4,06,168730,32240,34260,42350,62650,100100
2023,49700,"Yuba City, CA",4,06,49950,32240,35470,46810,72780,109500
2023,14500,"Boulder, CO",4,08,194440,35540,44030,64750,104510,164100
2023,17820,"Colorado Springs, CO",4,08,310390,31060,36560,49310,78360,118400
2023,19740,"Denver-Aurora-Lakewood, CO",4,08,1590330,35040,40130,58490,89900,136510
2023,22660,"Fort Collins, CO",4,08,173230,31730,37870,50820,79620,117040
2023,24300,"Grand Junction, CO",4,08,65720,29780,35160,45900,65170,98200
2023,24540,"Greeley, CO",4,08,111210,31640,38040,50140,71170,103750
2023,39380,"Pueblo, CO",4,08,63190,30160,35350,46540,65640,95970
2023,15980,"Cape Coral-Fort Myers, FL",4,12,290450,28100,33570,43330,63490,95080
2023,18880,"Crestview-Fort Walton Beach-Destin, FL",4,12,122490,27220,31690,43490,66290,103110
2023,19660,"Deltona-Daytona Beach-Ormond Beach, FL",4,12,211020,26030,30000,38070,58510,84660
2023,23540,"Gainesville, FL",4,12,141070,27480,33280,45490,65310,98560
2023,26140,"Homosassa Springs, FL",4,12,34580,24560,29140,36960,52230,79060
2023,27260,"Jacksonville, FL",4,12,740520,27970,34300,45420,68480,102340
2023,29460,"Lakeland-Winter Haven, FL",4,12,256700,27160,32090,40780,60040,85610
2023,33100,"Miami-Fort Lauderdale-West Palm Beach, FL",4,12,2721490,28290,34350,46510,73160,111610
2023,34940,"Naples-Immokalee-Marco Island, FL",4,12,162960,28520,34570,44610,65710,102390
2023,35840,"North Port-Sarasota-Bradenton, FL",4,12,323570,28040,33940,43750,62880,97090
2023,36100,"Ocala, FL",4,12,115430,26460,30430,38470,58040,80920
2023,36740,"Orlando-Kissimmee-Sanford, FL",4,12,1366800,27650,33060,43120,63700,101970
2023,37340,"Palm Bay-Melbourne-Titusville, FL",4,12,236890,27630,32840,46290,75010,116020
2023,37460,"Panama City, FL",4,12,83890,26280,30620,39340,59660,92000
2023,37860,"Pensacola-Ferry Pass-Brent, FL",4,12,184760,26530,30630,41900,60880,91460
2023,38940,"Port St. Lucie, FL",4,12,163210,27110,31530,40900,60110,88360
2023,39460,"Punta Gorda, FL",4,12,53180,27130,31500,39320,60340,87610
2023,42680,"Sebastian-Vero Beach, FL",4,12,55370,27040,31110,40040,59570,89550
2023,42700,"Sebring, FL",4,12,27650,23910,28970,37100,53950,79920
2023,45220,"Tallahassee, FL",4,12,181050,25870,30170,40930,60720,90170
2023,45300,"Tampa-St. Petersburg-Clearwater, FL",4,12,1412840,28140,34570,46420,72180,106830
2023,45540,"The Villages, FL",4,12,38020,26900,30750,39980,60070,89810
2023,27980,"Kahului-Wailuku-Lahaina, HI",4,15,75750,30460,37820,49910,69500,103440
2023,46520,"Urban Honolulu, HI",4,15,438730,29120,36580,51430,79340,117560
2023,29940,"Lawrence, KS",4,20,49720,24970,30450,41730,62500,95940
2023,31740,"Manhattan, KS",4,20,40330,23950,29640,42490,62660,95120
2023,45820,"Topeka, KS",4,20,113350,27040,33030,45340,64420,92380
2023,48620,"Wichita, KS",4,20,303910,25970,32060,44790,64290,92280
2023,14540,"Bowling Green, KY",4,21,78470,24130,30130,39820,57480,79360
2023,21060,"Elizabethtown-Fort Knox, KY",4,21,53960,23680,30120,41500,60690,86320
2023,30460,"Lexington-Fayette, KY",4,21,279350,26850,33500,46000,66570,96790
2023,36980,"Owensboro, KY",4,21,51360,24540,30430,42840,61670,82950
2023,10780,"Alexandria, LA",4,22,59140,20900,27250,37980,57790,82700
2023,12940,"Baton Rouge, LA",4,22,387710,22610,30610,46590,68740,102090
2023,25220,"Hammond, LA",4,22,46800,20920,27000,36360,55140,79860
2023,26380,"Houma-Thibodaux, LA",4,22,80620,21820,29310,43400,62650,95700
2023,29180,"Lafayette, LA",4,22,192050,21210,27700,38300,58250,84350
2023,29340,"Lake Charles, LA",4,22,91080,22120,29620,43710,64690,98240
2023,33740,"Monroe, LA",4,22,74800,20440,25840,36440,54170,80120
2023,35380,"New Orleans-Metairie, LA",4,22,514800,22620,29710,43510,65610,101240
2023,43340,"Shreveport-Bossier City, LA",4,22,170470,21470,28100,39150,61290,89240
2023,12580,"Baltimore-Columbia-Towson, MD",4,24,1304310,30400,37140,54140,85730,132890
2023,15680,"California-Lexington Park, MD",4,24,47220,30920,40460,72620,117930,156440
2023,70900,"Barnstable Town, MA",4,25,101290,34310,37480,50660,77960,108760
2023,74500,"Leominster-Gardner, MA",4,25,51540,32360,36180,47010,69920,100490
2023,75550,"New Bedford, MA",4,25,65210,32260,36190,46800,70180,100670
2023,76600,"Pittsfield, MA",4,25,38460,32440,36650,48670,75250,106700
2023,11460,"Ann Arbor, MI",4,26,215300,30920,36300,49690,81710,127090
2023,12980,"Battle Creek, MI",4,26,53200,28710,35030,46680,68600,96620
2023,13020,"Bay City, MI",4,26,33580,26410,30670,39930,63360,92560
2023,19820,"Detroit-Warren-Dearborn, MI",4,26,1900180,29490,36330,48950,77960,111020
2023,22420,"Flint, MI",4,26,132380,27480,31890,43020,65410,93180
2023,24340,"Grand Rapids-Wyoming, MI",4,26,536790,29300,35780,46290,66640,97980
2023,27100,"Jackson, MI",4,26,56800,28050,34170,44950,67020,98110
2023,28020,"Kalamazoo-Portage, MI",4,26,139730,28240,34680,45820,67340,98230
2023,29620,"Lansing-East Lansing, MI",4,26,211040,28810,35860,49250,75960,103410
2023,33220,"Midland, MI",4,26,36090,27590,34230,47830,79780,123680
2023,33780,"Monroe, MI",4,26,38410,27810,33280,44720,65500,100000
2023,34740,"Muskegon, MI",4,26,61570,27000,30610,40320,59320,85200
2023,35660,"Niles-Benton Harbor, MI",4,26,58890,27840,33340,42360,60990,94330
2023,40980,"Saginaw, MI",4,26,79150,27340,32350,43590,64760,96260
2023,25060,"Gulfport-Biloxi-Pascagoula, MS",4,28,151150,21580,28190,39360,62890,86120
2023,25620,"Hattiesburg, MS",4,28,62330,20680,26240,35200,51310,77390
2023,27140,"Jackson, MS",4,28,252860,21980,28850,39540,60930,85900
2023,13740,"Billings, MT",4,30,89600,27680,34880,46000,66260,98660
2023,24500,"Great Falls, MT",4,30,36000,25530,31410,42140,60620,84080
2023,33540,"Missoula, MT",4,30,64160,27220,33900,44820,63600,92580
2023,16180,"Carson City, NV",4,32,30990,28520,35940,48890,72550,103670
2023,29820,"Las Vegas-Henderson-Paradise, NV",4,32,1083320,25670,32000,43510,63950,100560
2023,39900,"Reno, NV",4,32,254100,29150,36640,47540,71010,104430
2023,10740,"Albuquerque, NM",4,35,396030,27680,32130,44780,69490,106250
2023,22140,"Farmington, NM",4,35,45330,26360,29900,40250,60490,86950
2023,29740,"Las Cruces, NM",4,35,75470,25570,28580,37690,61570,96670
2023,42140,"Santa Fe, NM",4,35,61210,28700,33810,44900,65500,97450
2023,10580,"Albany-Schenectady-Troy, NY",4,36,439240,31730,37520,52660,80460,112210
2023,13780,"Binghamton, NY",4,36,95070,30080,34920,46720,71530,103370
2023,15380,"Buffalo-Cheektowaga-Niagara Falls, NY",4,36,526990,30690,35850,48560,74560,106090
2023,21300,"Elmira, NY",4,36,33420,29970,34730,45440,65890,91510
2023,24020,"Glens Falls, NY",4,36,49890,30360,35420,46710,65170,97460
2023,27060,"Ithaca, NY",4,36,47910,31220,37540,54370,80500,124530
2023,28740,"Kingston, NY",4,36,57130,31110,35690,47180,68700,102650
2023,40380,"Rochester, NY",4,36,493220,30730,35620,48500,74030,106150
2023,45060,"Syracuse, NY",4,36,294490,31010,36340,49350,76130,106190
2023,46540,"Utica-Rome, NY",4,36,116900,30220,34940,46710,66410,96840
2023,48060,"Watertown-Fort Drum, NY",4,36,38880,29540,33820,44560,62790,91100
2023,13900,"Bismarck, ND",4,38,71280,29290,36340,48550,69010,95050
2023,21420,"Enid, OK",4,40,23290,22320,28870,37620,56550,84030
2023,30020,"Lawton, OK",4,40,42400,21850,28370,38470,62530,83600
2023,36420,"Oklahoma City, OK",4,40,656800,23870,31030,44030,65320,99590
2023,46140,"Tulsa, OK",4,40,443020,24220,30950,43140,64470,99500
2023,39660,"Rapid City, SD",4,46,71420,27500,31300,41280,59900,85220
2023,43620,"Sioux Falls, SD",4,46,165960,28820,34540,45440,62620,90130
2023,10180,"Abilene, TX",4,48,72780,22750,28710,38680,58310,83360
2023,11100,"Amarillo, TX",4,48,120310,23160,29780,39900,61810,91630
2023,12420,"Austin-Round Rock, TX",4,48,1235440,28080,35840,50070,82270,132130
2023,13140,"Beaumont-Port Arthur, TX",4,48,155500,23350,30530,45300,68140,100070
2023,15180,"Brownsville-Harlingen, TX",4,48,154580,20920,23590,33540,50910,76540
2023,17780,"College Station-Bryan, TX",4,48,128840,23180,29860,42710,64180,97960
2023,18580,"Corpus Christi, TX",4,48,187350,22800,29290,41570,63400,95310
2023,19100,"Dallas-Fort Worth-Arlington, TX",4,48,3966500,27510,35100,48440,77730,125990
2023,21340,"El Paso, TX",4,48,323310,21150,26040,36000,58420,84120
2023,26420,"Houston-The Woodlands-Sugar Land, TX",4,48,3179460,24630,32960,46960,75680,119500
2023,28660,"Killeen-Temple, TX",4,48,147020,22830,29530,42230,62900,96860
2023,29700,"Laredo, TX",4,48,104610,20940,24300,35220,55580,81570
2023,30980,"Longview, TX",4,48,97170,22700,29540,40410,60630,91000
2023,31180,"Lubbock, TX",4,48,150730,22480,28480,37640,59870,84450
2023,32580,"McAllen-Edinburg-Mission, TX",4,48,285850,21100,23520,32550,50760,76650
2023,33260,"Midland, TX",4,48,114810,28410,37070,50470,78030,124940
2023,36220,"Odessa, TX",4,48,76440,26430,33990,45830,65360,97300
2023,41660,"San Angelo, TX",4,48,49410,22730,29160,38780,59010,83710
2023,41700,"San Antonio-New Braunfels, TX",4,48,1091510,24280,31420,44390,66180,102320
2023,43300,"Sherman-Denison, TX",4,48,50540,23300,29610,38980,60310,84590
2023,46340,"Tyler, TX",4,48,111520,22420,28830,39080,60670,89440
2023,47020,"Victoria, TX",4,48,38820,23150,29450,39970,62040,91110
2023,47380,"Waco, TX",4,48,125640,23850,30390,41030,61460,92480
2023,48660,"Wichita Falls, TX",4,48,56850,21970,27880,37750,58230,82460
2023,36260,"Ogden-Clearfield, UT",4,49,288160,28040,34720,45930,66860,99920
2023,39340,"Provo-Orem, UT",4,49,293170,28200,34390,45700,69350,107370
2023,41100,"St. George, UT",4,49,83640,26590,31730,40080,58720,83370
2023,41620,"Salt Lake City, UT",4,49,803800,29670,36990,49440,77310,116680
2023,72400,"Burlington-South Burlington, VT",4,50,120180,33840,39620,52930,79020,109300
2023,13380,"Bellingham, WA",4,53,90560,34790,38820,51140,77410,112690
2023,14740,"Bremerton-Silverdale, WA",4,53,92720,35500,41450,58220,84530,117080
2023,28420,"Kennewick-Richland, WA",4,53,125070,34730,38640,51000,83040,124880
2023,31020,"Longview, WA",4,53,41130,34890,38530,51110,74990,102960
2023,34580,"Mount Vernon-Anacortes, WA",4,53,49990,35500,40070,53350,78080,110510
2023,36500,"Olympia-Tumwater, WA",4,53,122970,35100,40760,56850,82490,114980
2023,42660,"Seattle-Tacoma-Bellevue, WA",4,53,2079090,37970,46590,65260,105060,161400
2023,44060,"Spokane-Spokane Valley, WA",4,53,255160,34060,38070,48920,74590,106820
2023,47460,"Walla Walla, WA",4,53,27080,33630,37550,47920,72260,104210
2023,48300,"Wenatchee, WA",4,53,50880,33500,36620,46310,68830,103010
2023,49420,"Yakima, WA",4,53,97050,33450,36510,45490,63060,96100
2023,11540,"Appleton, WI",4,55,123670,28130,35500,47300,64960,94890
2023,20740,"Eau Claire, WI",4,55,84840,27840,35100,46370,64520,96050
2023,22540,"Fond du Lac, WI",4,55,45140,27610,35700,48480,65570,95470
2023,24580,"Green Bay, WI",4,55,171590,28180,35860,47410,65380,96020
2023,27500,"Janesville-Beloit, WI",4,55,68000,27820,35110,46210,64380,93520
2023,31540,"Madison, WI",4,55,396960,29340,37440,50910,78960,108200
2023,33340,"Milwaukee-Waukesha-West Allis, WI",4,55,814950,28330,36180,48460,75070,105140
2023,36780,"Oshkosh-Neenah, WI",4,55,92980,28400,36500,48360,66850,96440
2023,39540,"Racine, WI",4,55,75510,27500,34860,46030,63320,90080
2023,43100,"Sheboygan, WI",4,55,59730,28630,36320,47210,62640,91170
2023,48140,"Wausau, WI",4,55,69640,28630,35920,46410,63340,89430
2023,16220,"Casper, WY",4,56,38830,26930,33910,46140,66560,96570
2023,16940,"Cheyenne, WY",4,56,46520,27730,35340,47360,67950,98490
2023,26300,"Hot Springs, AR",4,05,38270,24230,27750,34800,49870,75130
2023,27860,"Jonesboro, AR",4,05,58910,26120,29830,39070,56030,81240
2023,30780,"Little Rock-North Little Rock-Conway, AR",4,05,345890,26700,30940,42100,62850,91720
2023,38220,"Pine Bluff, AR",4,05,29080,25850,29690,38980,54890,78580
2023,22900,"Fort Smith, AR-OK",4,05,106620,24810,29050,37070,52230,75650
2023,45500,"Texarkana, TX-AR",4,48,56620,23060,28710,38840,59150,81260
2023,71950,"Bridgeport-Stamford-Norwalk, CT",4,09,401260,33100,38460,59280,98710,159130
2023,72850,"Danbury, CT",4,09,76740,30790,36400,49960,78900,118670
2023,73450,"Hartford-West Hartford-East Hartford, CT",4,09,563850,31650,37990,57270,87740,130780
2023,75700,"New Haven, CT",4,09,290380,31660,37910,54080,83760,125220
2023,78700,"Waterbury, CT",4,09,66700,30480,35980,47520,74670,103930
2023,78100,"Springfield, MA-CT",4,25,321190,33330,37440,49750,76860,106700
2023,79600,"Worcester, MA-CT",4,25,282120,33530,37440,51080,80070,119310
2023,20100,"Dover, DE",4,10,66670,27600,32350,44600,64330,95360
2023,41540,"Salisbury, MD-DE",4,24,167510,27700,31370,40060,61610,93210
2023,10500,"Albany, GA",4,13,59710,22440,29200,38840,61100,85540
2023,12020,"Athens-Clarke County, GA",4,13,90660,21970,28510,37730,58900,86010
2023,12060,"Atlanta-Sandy Springs-Roswell, GA",4,13,2817660,27460,35040,48370,79130,127310
2023,15260,"Brunswick, GA",4,13,44250,22570,28790,37890,60950,94370
2023,19140,"Dalton, GA",4,13,65510,25490,31320,38260,55290,80690
2023,23580,"Gainesville, GA",4,13,99010,27470,33820,41780,61930,95390
2023,25980,"Hinesville, GA",4,13,20190,23170,30300,44010,61710,85320
2023,31420,"Macon, GA",4,13,95530,23060,30160,40210,61870,92040
2023,40660,"Rome, GA",4,13,41080,23420,30110,39510,60520,86420
2023,42340,"Savannah, GA",4,13,188970,24270,31050,43490,65710,97490
2023,46660,"Valdosta, GA",4,13,53680,21710,27810,36720,52980,78740
2023,47580,"Warner Robins, GA",4,13,76810,22700,29920,44570,69100,96750
2023,17980,"Columbus, GA-AL",4,13,113970,22140,28670,38490,60690,93010
2023,14260,"Boise City, ID",4,16,372470,28010,34680,45320,65050,100210
2023,17660,"Coeur d'Alene, ID",4,16,70260,27210,33860,42730,61450,88020
2023,26820,"Idaho Falls, ID",4,16,78180,25610,30910,41540,62270,96790
2023,38540,"Pocatello, ID",4,16,36870,24210,29930,39030,58870,81340
2023,46300,"Twin Falls, ID",4,16,48500,26550,31810,40790,58300,80700
2023,30860,"Logan, UT-ID",4,49,66840,26500,31860,42130,61090,94120
2023,30300,"Lewiston, ID-WA",4,16,28220,30090,35320,45870,64190,92440
2023,14010,"Bloomington, IL",4,17,91600,28350,34750,47950,77630,117720
2023,16060,"Carbondale-Marion, IL",4,17,53210,27400,30530,40440,63820,94650
2023,16580,"Champaign-Urbana, IL",4,17,105170,29260,35660,47840,76550,108070
2023,19180,"Danville, IL",4,17,25970,28170,34120,44720,62040,86710
2023,19500,"Decatur, IL",4,17,46110,28790,35500,47780,70840,102620
2023,28100,"Kankakee, IL",4,17,41570,28540,32910,43190,63240,92380
2023,37900,"Peoria, IL",4,17,165240,28730,34730,46610,72160,102400
2023,40420,"Rockford, IL",4,17,138920,29020,34360,44810,66430,97230
2023,44100,"Springfield, IL",4,17,103670,28730,34700,48220,78240,107290
2023,70750,"Bangor, ME",4,23,64630,30870,36270,46390,64590,93840
2023,74650,"Lewiston-Auburn, ME",4,23,47420,31200,36600,46760,63110,90080
2023,76750,"Portland-South Portland, ME",4,23,207040,33720,38420,49730,73870,105220
2023,31860,"Mankato-North Mankato, MN",4,27,55170,29260,35620,46740,65960,95120
2023,40340,"Rochester, MN",4,27,119430,30930,38460,55970,82910,122580
2023,41060,"St. Cloud, MN",4,27,101720,29710,36080,47710,67780,97660
2023,22020,"Fargo, ND-MN",4,38,145680,29620,36720,48110,67500,96580
2023,24220,"Grand Forks, ND-MN",4,38,50500,28710,35470,46780,64680,91220
2023,20260,"Duluth, MN-WI",4,27,123730,28630,35090,47770,71150,94400
2023,29100,"La Crosse-Onalaska, WI-MN",4,55,74700,27940,35330,47290,66870,101010
2023,33460,"Minneapolis-St. Paul-Bloomington, MN-WI",4,27,1911030,31320,38380,54850,82890,126260
2023,24260,"Grand Island, NE",4,31,42410,27690,34070,44160,59780,81030
2023,30700,"Lincoln, NE",4,31,179040,27750,34780,47150,68500,98490
2023,11700,"Asheville, NC",4,37,201440,25160,31600,41730,60830,89930
2023,15500,"Burlington, NC",4,37,65970,23250,29420,38730,58450,83790
2023,20500,"Durham-Chapel Hill, NC",4,37,336100,29280,38160,58480,88740,141300
2023,22180,"Fayetteville, NC",4,37,130480,22970,29360,41480,61710,94560
2023,24140,"Goldsboro, NC",4,37,40050,22620,29060,37480,53500,78170
2023,24660,"Greensboro-High Point, NC",4,37,356380,25600,31450,42730,61360,94490
2023,24780,"Greenville, NC",4,37,79730,23380,30440,42740,65220,96790
2023,25860,"Hickory-Lenoir-Morganton, NC",4,37,154590,25720,31630,40970,56960,79580
2023,27340,"Jacksonville, NC",4,37,51650,21840,27550,36460,55360,81170
2023,35100,"New Bern, NC",4,37,45130,22880,29430,41230,61500,88780
2023,39580,"Raleigh, NC",4,37,702580,27730,35060,48800,79160,128090
2023,40580,"Rocky Mount, NC",4,37,53920,22950,29450,39390,59580,86220
2023,48900,"Wilmington, NC",4,37,142780,23880,30610,43250,62840,98680
2023,49180,"Winston-Salem, NC",4,37,271620,24500,31420,43040,64000,99620
2023,10540,"Albany, OR",4,41,47320,31340,36980,47630,65130,96050
2023,13460,"Bend-Redmond, OR",4,41,90310,31460,37160,48480,71320,106220
2023,18700,"Corvallis, OR",4,41,37840,30690,36710,50840,80810,120150
2023,21660,"Eugene, OR",4,41,155990,30520,36130,46620,67200,101250
2023,24420,"Grants Pass, OR",4,41,30220,30570,36080,43830,58360,88980
2023,32780,"Medford, OR",4,41,87870,30680,36560,46580,65000,100130
2023,41420,"Salem, OR",4,41,181870,31690,36980,48750,75000,106790
2023,38900,"Portland-Vancouver-Hillsboro, OR-WA",4,41,1206150,34690,39860,55940,85770,130310
2023,11180,"Ames, IA",4,19,47300,27330,34440,47360,68170,99270
2023,16300,"Cedar Rapids, IA",4,19,140020,28570,35550,47670,66860,96520
2023,19780,"Des Moines-West Des Moines, IA",4,19,383190,29230,36390,49550,75730,106750
2023,20220,"Dubuque, IA",4,19,58520,28370,35800,46830,65000,98200
2023,26980,"Iowa City, IA",4,19,90510,27620,34620,47760,69910,102620
2023,47940,"Waterloo-Cedar Falls, IA",4,19,86040,27960,34780,45590,63560,95160
2023,19340,"Davenport-Moline-Rock Island, IA-IL",4,19,178800,27960,34240,46130,69560,100510
2023,36540,"Omaha-Council Bluffs, NE-IA",4,31,483970,28890,35690,47580,72570,104250
2023,43580,"Sioux City, IA-NE-SD",4,19,88040,28480,35310,44500,61210,83920
2023,17860,"Columbia, MO",4,29,97940,27260,31760,44410,64640,98270
2023,27620,"Jefferson City, MO",4,29,75020,27460,33430,43640,60830,85680
2023,27900,"Joplin, MO",4,29,80190,27230,31240,41480,58980,80530
2023,44180,"Springfield, MO",4,29,217710,27320,31570,41490,59480,83550
2023,28140,"Kansas City, MO-KS",4,29,1078310,28920,35820,48040,73510,105110
2023,41140,"St. Joseph, MO-KS",4,29,53190,27730,33340,45210,60100,85780
2023,22220,"Fayetteville-Springdale-Rogers, AR-MO",4,05,266410,27410,31210,41590,63640,99900
2023,16020,"Cape Girardeau, MO-IL",4,29,44250,26850,30170,39370,59280,82650
2023,41180,"St. Louis, MO-IL",4,29,1325480,28630,34930,47490,74360,105790
2023,12100,"Atlantic City-Hammonton, NJ",4,34,125600,29390,34300,45470,73210,104970
2023,36140,"Ocean City, NJ",4,34,40230,29390,33370,42280,61880,94200
2023,45940,"Trenton, NJ",4,34,238490,31680,39620,60410,97590,140240
2023,47220,"Vineland-Bridgeton, NJ",4,34,62180,29670,34130,45830,69520,99490
2023,10420,"Akron, OH",4,39,320810,27450,34490,45950,70060,99960
2023,15940,"Canton-Massillon, OH",4,39,161500,25340,30850,42200,61100,87300
2023,17460,"Cleveland-Elyria, OH",4,39,999500,28240,35660,48070,76540,105650
2023,18140,"Columbus, OH",4,39,1067190,28460,35890,47970,76670,107380
2023,19380,"Dayton, OH",4,39,367580,27700,34790,47380,75620,107030
2023,30620,"Lima, OH",4,39,49790,26060,32240,44570,63940,89710
2023,31900,"Mansfield, OH",4,39,47680,24570,30500,41230,60050,82430
2023,44220,"Springfield, OH",4,39,46990,26970,32640,42800,61300,83550
2023,45780,"Toledo, OH",4,39,290070,27230,34330,45740,66180,95600
2023,77200,"Providence-Warwick, RI-MA",4,44,569450,30800,36620,49690,78510,110780
2023,76450,"Norwich-New London-Westerly, CT-RI",4,09,122730,30610,36280,50920,80620,120930
2023,16700,"Charleston-North Charleston, SC",4,45,374860,24970,33370,46130,68870,103780
2023,17900,"Columbia, SC",4,45,381750,23410,31120,42630,63390,95750
2023,22500,"Florence, SC",4,45,88240,22450,29240,38440,60170,91590
2023,24860,"Greenville-Anderson-Mauldin, SC",4,45,422160,24050,31320,42750,63190,96130
2023,25940,"Hilton Head Island-Bluffton-Beaufort, SC",4,45,80500,22610,29320,37940,58400,83490
2023,43900,"Spartanburg, SC",4,45,159730,24850,32780,44030,63360,85340
2023,44940,"Sumter, SC",4,45,35270,22170,29140,39730,58190,83010
2023,12260,"Augusta-Richmond County, GA-SC",4,13,229020,22890,29910,42440,63380,94470
2023,16740,"Charlotte-Concord-Gastonia, NC-SC",4,37,1311360,27630,34950,47830,75910,124040
2023,34820,"Myrtle Beach-Conway-North Myrtle Beach, SC-NC",4,45,178800,21590,27610,35630,51520,78590
2023,13980,"Blacksburg-Christiansburg-Radford, VA",4,51,72220,26830,31820,45610,62530,98920
2023,16820,"Charlottesville, VA",4,51,112600,28580,35510,49270,79800,126780
2023,25500,"Harrisonburg, VA",4,51,64800,27680,33100,43770,60940,85180
2023,31340,"Lynchburg, VA",4,51,97080,26150,29910,42160,61100,91870
2023,40060,"Richmond, VA",4,51,647440,28470,35390,48470,74550,111830
2023,40220,"Roanoke, VA",4,51,149920,26940,31710,43850,62260,93020
2023,44420,"Staunton-Waynesboro, VA",4,51,50180,26910,32580,44420,59030,83800
2023,47260,"Virginia Beach-Norfolk-Newport News, VA-NC",4,51,737200,27210,33240,46990,72800,105210
2023,14020,"Bloomington, IN",4,18,73020,27130,33370,45870,65200,99670
2023,18020,"Columbus, IN",4,18,50660,27580,34910,46070,65710,103390
2023,21140,"Elkhart-Goshen, IN",4,18,136770,26740,35470,45950,61480,90320
2023,23060,"Fort Wayne, IN",4,18,221290,27630,33310,44600,64020,87270
2023,26900,"Indianapolis-Carmel-Anderson, IN",4,18,1083730,28580,35620,47080,69990,102420
2023,29020,"Kokomo, IN",4,18,34740,26450,31480,44990,70090,83660
2023,29200,"Lafayette-West Lafayette, IN",4,18,99610,26890,32810,45140,64000,93060
2023,33140,"Michigan City-La Porte, IN",4,18,40460,26530,31660,41770,59080,81690
2023,34620,"Muncie, IN",4,18,44560,24510,30510,40410,60520,83940
2023,45460,"Terre Haute, IN",4,18,64250,23860,30050,41690,59580,82150
2023,21780,"Evansville, IN-KY",4,18,152180,25830,31460,41930,61680,86610
2023,31140,"Louisville/Jefferson County, KY-IN",4,21,665030,27870,35180,46390,64310,96870
2023,43780,"South Bend-Mishawaka, IN-MI",4,18,129890,27950,33710,44420,63560,96510
2023,16980,"Chicago-Naperville-Elgin, IL-IN-WI",4,17,4506800,30820,36800,49790,81290,125980
2023,17140,"Cincinnati, OH-KY-IN",4,39,1081800,28020,35190,47280,73530,105490
2023,74950,"Manchester, NH",4,33,109470,29930,37060,50820,78370,114380
2023,71650,"Boston-Cambridge-Nashua, MA-NH",4,25,2761890,35460,42850,63060,102220,160480
2023,73050,"Dover-Durham, NH-ME",4,33,50520,29130,35980,47930,71880,105930
2023,76900,"Portsmouth, NH-ME",4,33,92780,31010,37870,53080,82040,119690
2023,11020,"Altoona, PA",4,42,57590,23480,29540,39970,58950,82550
2023,14100,"Bloomsburg-Berwick, PA",4,42,40910,26850,34260,45470,68360,94480
2023,16540,"Chambersburg-Waynesboro, PA",4,42,57710,27090,34180,45240,61100,86440
2023,20700,"East Stroudsburg, PA",4,42,55110,24660,30620,42400,61980,91940
2023,21500,"Erie, PA",4,42,118730,24280,29890,40260,61490,87130
2023,23900,"Gettysburg, PA",4,42,32620,25240,31720,43680,60370,90040
2023,25420,"Harrisburg-Carlisle, PA",4,42,327810,28060,35720,47380,71840,101770
2023,27780,"Johnstown, PA",4,42,48320,22310,28780,38960,58410,81690
2023,29540,"Lancaster, PA",4,42,247500,27290,34440,45760,63080,92600
2023,30140,"Lebanon, PA",4,42,52300,26860,33430,43510,61710,89140
2023,38300,"Pittsburgh, PA",4,42,1071900,27430,34930,47360,74290,105260
2023,39740,"Reading, PA",4,42,170220,27680,35140,46200,64980,98250
2023,42540,"Scranton--Wilkes-Barre--Hazleton, PA",4,42,250850,26360,33280,43700,61290,89620
2023,44300,"State College, PA",4,42,67750,27020,34070,48890,74900,104800
2023,48700,"Williamsport, PA",4,42,49370,26430,32250,43830,62360,88050
2023,49620,"York-Hanover, PA",4,42,181430,27400,34750,45970,64000,96840
2023,10900,"Allentown-Bethlehem-Easton, PA-NJ",4,42,368680,28640,35460,46940,68590,100890
2023,35620,"New York-Newark-Jersey City, NY-NJ-PA",4,36,9495240,34200,38850,59390,99370,158080
2023,37980,"Philadelphia-Camden-Wilmington, PA-NJ-DE-MD",4,42,2829560,29390,36070,50160,81010,123740
2023,49660,"Youngstown-Warren-Boardman, OH-PA",4,39,201480,23580,29590,39340,59190,80520
2023,17420,"Cleveland, TN",4,47,44850,23980,30380,38080,56270,80430
2023,27180,"Jackson, TN",4,47,68390,25580,31250,41240,58350,78350
2023,27740,"Johnson City, TN",4,47,81550,23710,29730,38820,57650,84960
2023,28940,"Knoxville, TN",4,47,413540,25230,31510,43040,61780,95390
2023,34100,"Morristown, TN",4,47,47140,24040,29960,37860,51900,74180
2023,34980,"Nashville-Davidson--Murfreesboro--Franklin, TN",4,47,1074750,28550,35380,46950,69170,105100
2023,17300,"Clarksville, TN-KY",4,47,96210,23780,30040,39730,57240,81310
2023,32820,"Memphis, TN-MS-AR",4,47,625340,26800,33350,43400,63770,94840
2023,16860,"Chattanooga, TN-GA",4,47,261750,25620,31530,43150,61600,93760
2023,28700,"Kingsport-Bristol-Bristol, TN-VA",4,47,116060,25120,30350,40930,61110,88280
2023,13220,"Beckley, WV",4,54,41250,21950,27560,36810,57800,80170
2023,16620,"Charleston, WV",4,54,102860,23090,29400,40930,62640,91830
2023,34060,"Morgantown, WV",4,54,65310,23770,30440,43730,65770,102610
2023,37620,"Parkersburg-Vienna, WV",4,54,35960,22440,28100,37520,59500,88340
2023,19060,"Cumberland, MD-WV",4,24,36440,27560,30620,43570,65190,96950
2023,25180,"Hagerstown-Martinsburg, MD-WV",4,24,101980,27860,33730,44530,64180,96420
2023,48260,"Weirton-Steubenville, WV-OH",4,54,37210,23320,29720,42800,62260,83790
2023,48540,"Wheeling, WV-OH",4,54,58510,23050,28960,38660,60560,84660
2023,26580,"Huntington-Ashland, WV-KY-OH",4,54,128740,22990,28990,39320,59700,85570
2023,49020,"Winchester, VA-WV",4,51,65250,27500,33490,45230,62030,97520
2023,47900,"Washington-Arlington-Alexandria, DC-VA-MD-WV",4,11,3092070,33930,41680,65110,111840,168080
2023,0100001,Northwest Alabama nonmetropolitan area,6,01,67450,21890,28960,37560,50080,68620
2023,0100002,Northeast Alabama nonmetropolitan area,6,01,148770,22130,28440,36380,52020,73810
2023,0100003,Southwest Alabama nonmetropolitan area,6,01,67000,21500,27630,37740,57890,79720
2023,0100004,Southeast Alabama nonmetropolitan area,6,01,86260,21800,27820,37720,60780,85410
2023,0200006,Alaska nonmetropolitan area,6,02,102940,31260,38950,57750,83480,119290
2023,0400001,Arizona nonmetropolitan area,6,04,93810,29660,34250,44690,62510,90520
2023,0600003,North Coast Region of California nonmetropolitan area,6,06,105680,33910,36010,46780,70380,106510
2023,0600006,Eastern Sierra-Mother Lode Region of California nonmetropolitan area,6,06,61290,33760,36480,47520,73910,105290
2023,0600007,North Valley-Northern Mountains Region of California nonmetropolitan area,6,06,101680,33820,36700,48380,73090,105660
2023,0800001,Eastern and Southern Colorado nonmetropolitan area,6,08,68530,30160,35360,45220,60360,84860
2023,0800002,Southwest Colorado nonmetropolitan area,6,08,103160,30650,36260,47260,65470,95000
2023,0800003,Northwest Colorado nonmetropolitan area,6,08,126120,31200,37630,49110,70330,101690
2023,1200003,South Florida nonmetropolitan area,6,12,84010,27140,30940,39670,58090,83530
2023,1200006,North Florida nonmetropolitan area,6,12,120740,27350,30920,39640,57510,81310
2023,1500001,Hawaii / Kauai nonmetropolitan area,6,15,101500,29070,36410,47750,65080,99130
2023,2000006,Kansas nonmetropolitan area,6,20,388670,23730,30080,39890,56180,78860
2023,2100001,West Kentucky nonmetropolitan area,6,21,152170,22550,29180,38660,58130,81490
2023,2100002,South Central Kentucky nonmetropolitan area,6,21,170750,22580,28850,37860,52540,74350
2023,2100003,Central Kentucky nonmetropolitan area,6,21,185890,22830,29680,39850,58610,80550
2023,2100004,East Kentucky nonmetropolitan area,6,21,100890,21770,27490,36700,53560,75360
2023,2200002,Central Louisiana nonmetropolitan area,6,22,77330,20480,26820,37420,56530,79380
2023,2200003,Northeast Louisiana nonmetropolitan area,6,22,62740,20040,24590,35280,52440,78080
2023,2200006,Southwest Louisiana nonmetropolitan area,6,22,66850,20170,26430,37020,55120,79620
2023,2400006,Maryland nonmetropolitan area,6,24,58340,29230,34900,45470,64320,97520
2023,2500006,Massachusetts nonmetropolitan area,6,25,62680,34060,37450,49160,74070,102670
2023,2600001,Upper Peninsula of Michigan nonmetropolitan area,6,26,109960,27560,32190,43440,61380,83260
2023,2600002,Northeast Lower Peninsula of Michigan nonmetropolitan area,6,26,76080,27310,30850,38940,57860,79580
2023,2600003,Northwest Lower Peninsula of Michigan nonmetropolitan area,6,26,122430,27920,33830,42890,60100,84300
2023,2600004,Balance of Lower Peninsula of Michigan nonmetropolitan area,6,26,262720,28100,33490,42950,60510,82970
2023,2800001,Northeast Mississippi nonmetropolitan area,6,28,227070,21460,27910,37320,52000,77130
2023,2800002,Northwest Mississippi nonmetropolitan area,6,28,86550,20700,24680,34320,48380,71810
2023,2800003,Southeast Mississippi nonmetropolitan area,6,28,146640,20950,26980,36000,49430,72390
2023,2800004,Southwest Mississippi nonmetropolitan area,6,28,71020,20900,26060,36410,54090,82510
2023,3000003,Southwest Montana nonmetropolitan area,6,30,150740,27460,34880,46330,64550,95390
2023,3000004,West Montana nonmetropolitan area,6,30,82310,26530,33710,44210,61110,85580
2023,3000006,East-Central Montana nonmetropolitan area,6,30,63700,25870,33590,45220,63140,88080
2023,3200006,Nevada nonmetropolitan area,6,32,100450,25890,34170,48280,74080,99050
2023,3500006,Northern New Mexico nonmetropolitan area,6,35,80650,26340,30210,44180,78000,131540
2023,3500007,Eastern New Mexico nonmetropolitan area,6,35,158530,26440,30070,40670,61350,89650
2023,3600001,Capital/Northern New York nonmetropolitan area,6,36,138970,30800,35700,46990,64880,92560
2023,3600004,Southwest New York nonmetropolitan area,6,36,169930,30520,35030,46430,64070,91260
2023,3600006,Central East New York nonmetropolitan area,6,36,157510,30870,35730,46580,64210,92590
2023,3800006,West North Dakota nonmetropolitan area,6,38,114270,29240,37720,51470,72650,99680
2023,3800007,East North Dakota nonmetropolitan area,6,38,62270,28930,36300,47190,63120,84820
2023,4000001,Northeast Oklahoma nonmetropolitan area,6,40,117120,21940,28280,37550,55560,81900
2023,4000002,Northwest Oklahoma nonmetropolitan area,6,40,96720,21920,28460,39270,56270,83680
2023,4000003,Southwest Oklahoma nonmetropolitan area,6,40,62040,21490,27840,38430,56570,82460
2023,4000004,Southeast Oklahoma nonmetropolitan area,6,40,171750,22100,28250,37420,53000,78200
2023,4600002,East South Dakota nonmetropolitan area,6,46,131700,27850,32730,42590,57250,80240
2023,4600003,West South Dakota nonmetropolitan area,6,46,62330,27080,30440,40230,56080,79890
2023,4800001,West Texas Region of Texas nonmetropolitan area,6,48,196850,23270,29990,42360,61010,90840
2023,4800002,North Texas Region of Texas nonmetropolitan area,6,48,278470,22720,29190,38870,57720,81860
2023,4800003,Big Thicket Region of Texas nonmetropolitan area,6,48,107020,22630,28480,37990,56360,79760
2023,4800004,Hill Country Region of Texas nonmetropolitan area,6,48,202490,22680,29230,39390,57670,82080
2023,4800005,Border Region of Texas nonmetropolitan area,6,48,59650,21990,27250,37300,59440,86880
2023,4800006,Coastal Plains Region of Texas nonmetropolitan area,6,48,148750,21960,28210,39420,60300,91310
2023,4900006,Eastern Utah nonmetropolitan area,6,49,88230,26140,33210,45350,62750,90680
2023,4900007,Central Utah nonmetropolitan area,6,49,57510,24960,30980,42020,60680,84130
2023,5000001,Southern Vermont nonmetropolitan area,6,50,101640,31260,37460,48460,69000,99010
2023,5000002,Northern Vermont nonmetropolitan area,6,50,69690,31470,37650,48980,69620,96380
2023,5300006,Western Washington nonmetropolitan area,6,53,128180,34200,37850,48380,67850,100470
2023,5300007,Eastern Washington nonmetropolitan area,6,53,103840,34230,37830,48360,71530,103250
2023,5500001,Northwestern Wisconsin nonmetropolitan area,6,55,47970,27090,33550,44270,59320,79180
2023,5500002,Northeastern Wisconsin nonmetropolitan area,6,55,195230,27020,33940,45250,61520,83680
2023,5500003,South Central Wisconsin nonmetropolitan area,6,55,206690,27240,33780,44400,60340,81450
2023,5500004,Western Wisconsin nonmetropolitan area,6,55,136180,27840,34840,45550,60400,81370
2023,5600006,Western Wyoming nonmetropolitan area,6,56,99590,26800,34400,47180,68360,100940
2023,5600007,Eastern Wyoming nonmetropolitan area,6,56,83850,26660,33880,47300,69210,97450
2023,0500001,North Arkansas nonmetropolitan area,6,05,117770,25170,28740,36400,49400,72730
2023,0500002,East Arkansas nonmetropolitan area,6,05,65930,25670,29090,37280,49470,71860
2023,0500003,West Arkansas nonmetropolitan area,6,05,87600,25400,29120,37130,50080,74240
2023,0500004,South Arkansas nonmetropolitan area,6,05,91900,25490,29370,37440,51350,76000
2023,0900001,Connecticut nonmetropolitan area,6,09,33410,30890,36610,48380,74880,104110
2023,1300001,North Georgia nonmetropolitan area,6,13,192250,22910,29630,38000,52180,79120
2023,1300002,Middle Georgia nonmetropolitan area,6,13,130070,22740,29250,37640,55000,79520
2023,1300003,East Georgia nonmetropolitan area,6,13,87830,22110,28140,37260,54550,79940
2023,1300004,South Georgia nonmetropolitan area,6,13,192200,22550,28930,38090,56120,80330
2023,1600006,Northwestern Idaho nonmetropolitan area,6,16,73140,25560,32760,42380,60650,85420
2023,1600007,Southeast-Central Idaho nonmetropolitan area,6,16,93380,25720,32560,43550,60540,83240
2023,1700001,Northwest Illinois nonmetropolitan area,6,17,128640,28420,33660,44790,62940,93640
2023,1700002,West Central Illinois nonmetropolitan area,6,17,162230,28320,33370,44240,61580,85990
2023,1700003,East Central Illinois nonmetropolitan area,6,17,115830,28310,33120,43410,61570,89870
2023,1700004,South Illinois nonmetropolitan area,6,17,86980,28410,33630,45760,62720,92000
2023,2300001,Northeast Maine nonmetropolitan area,6,23,68560,30470,35730,44760,60590,82550
2023,2300002,Southwest Maine nonmetropolitan area,6,23,189300,30870,36500,46510,63680,89310
2023,2700001,Northwest Minnesota nonmetropolitan area,6,27,189260,28710,35390,45770,62110,85720
2023,2700002,Northeast Minnesota nonmetropolitan area,6,27,42480,28150,34070,44770,63020,86610
2023,2700003,Southwest Minnesota nonmetropolitan area,6,27,118500,29050,35690,45890,61350,84130
2023,2700004,Southeast Minnesota nonmetropolitan area,6,27,151130,28930,35790,46380,63710,91020
2023,3100001,Northwest Nebraska nonmetropolitan area,6,31,38380,26060,30780,39830,59040,80160
2023,3100003,Northeast Nebraska nonmetropolitan area,6,31,93710,27620,34570,44300,59740,80670
2023,3100006,South Nebraska nonmetropolitan area,6,31,148580,26820,32020,42870,59090,80160
2023,3700001,Southeast Coastal North Carolina nonmetropolitan area,6,37,248220,22930,29170,38060,52530,76870
2023,3700002,Northeast Coastal North Carolina nonmetropolitan area,6,37,92250,22480,28590,37580,53230,76870
2023,3700003,Piedmont North Carolina nonmetropolitan area,6,37,255240,23080,29710,38580,55530,79240
2023,3700004,Mountain North Carolina nonmetropolitan area,6,37,132040,22960,29370,37990,53690,78030
2023,4100006,Coast Oregon nonmetropolitan area,6,41,114390,29950,34740,43460,60360,88700
2023,4100007,Central Oregon nonmetropolitan area,6,41,64010,30420,35590,45620,63870,98550
2023,4100008,Eastern Oregon nonmetropolitan area,6,41,73250,30110,35170,45040,62640,92120
2023,1900001,Northeast Iowa nonmetropolitan area,6,19,98040,26940,33600,44540,59840,81050
2023,1900002,Northwest Iowa nonmetropolitan area,6,19,134390,27040,34080,44210,59240,79190
2023,1900003,Southwest Iowa nonmetropolitan area,6,19,82060,26700,33310,44220,59010,78980
2023,1900004,Southeast Iowa nonmetropolitan area,6,19,211530,26680,33540,44390,58820,80690
2023,2900001,Central Missouri nonmetropolitan area,6,29,160810,26480,29520,37580,51310,76000
2023,2900002,North Missouri nonmetropolitan area,6,29,105440,26570,29880,38800,51780,76000
2023,2900003,Southeast Missouri nonmetropolitan area,6,29,162150,26270,29250,37160,50640,75570
2023,2900004,Southwest Missouri nonmetropolitan area,6,29,72830,25880,28870,36110,49180,73680
2023,3900001,West Northwestern Ohio nonmetropolitan area,6,39,248850,26840,34050,45110,61670,83280
2023,3900002,North Northeastern Ohio nonmetropolitan area (noncontiguous),6,39,325250,25210,31410,42880,60370,82500
2023,3900003,Eastern Ohio nonmetropolitan area,6,39,134300,24350,31220,42140,60890,83810
2023,3900004,Southern Ohio nonmetropolitan area,6,39,160200,24960,30740,43770,63550,87030
2023,4500002,Upper Savannah South Carolina nonmetropolitan area,6,45,79790,22630,29430,38710,57340,81470
2023,4500004,Lower Savannah South Carolina nonmetropolitan area,6,45,53800,21970,28870,37940,54500,78000
2023,4500006,Northeast South Carolina nonmetropolitan area,6,45,93040,21870,28340,37790,54250,77580
2023,5100001,Southwest Virginia nonmetropolitan area,6,51,117050,26150,29620,38560,54560,79080
2023,5100002,Southside Virginia nonmetropolitan area,6,51,101620,26320,30030,40580,58010,81160
2023,5100003,Northeast Virginia nonmetropolitan area,6,51,50010,26640,31200,44370,73280,124780
2023,5100004,Northwest Virginia nonmetropolitan area,6,51,65330,26680,30790,42750,60690,85220
2023,1800001,Northern Indiana nonmetropolitan area,6,18,212650,26570,32460,42460,57950,78790
2023,1800002,Central Indiana nonmetropolitan area,6,18,157490,26130,31650,42270,58390,78780
2023,1800003,Southern Indiana nonmetropolitan area,6,18,184310,26840,33120,44090,60720,83180
2023,3300001,Northern New Hampshire nonmetropolitan area,6,33,35030,28470,34460,43720,59540,83260
2023,3300002,Central New Hampshire nonmetropolitan area,6,33,92320,29330,36000,47970,67330,96510
2023,3300006,West Central-Southwest New Hampshire nonmetropolitan area,6,33,100670,29580,36490,48190,72390,105540
2023,4200001,Western Pennsylvania nonmetropolitan area,6,42,139870,24540,30790,42300,60690,83890
2023,4200002,Northern Pennsylvania nonmetropolitan area,6,42,150620,24830,31540,43050,60370,82460
2023,4200003,Southern Pennsylvania nonmetropolitan area,6,42,187770,25270,31620,42900,59980,80740
2023,4700001,West Tennessee nonmetropolitan area,6,47,133460,23290,29660,38440,51800,74000
2023,4700002,South Central Tennessee nonmetropolitan area,6,47,111250,23660,30090,38830,53690,78500
2023,4700003,North Central Tennessee nonmetropolitan area,6,47,114890,23430,29290,37300,50550,75730
2023,4700004,East Tennessee nonmetropolitan area,6,47,139180,22520,28860,36870,49440,70980
2023,5400001,Southern West Virginia nonmetropolitan area,6,54,71090,22350,28160,37210,57430,78450
2023,5400002,Northern West Virginia nonmetropolitan area,6,54,135240,22580,28640,38190,57870,81310
2024,10180,"Abilene, TX",4,48,74090,23120,29640,42120,61020,94220
2024,10420,"Akron, OH",4,39,320080,28320,35900,47530,74340,102240
2024,10500,"Albany, GA",4,13,58980,22740,29580,40590,61340,88200
2024,10540,"Albany, OR",4,41,45880,32730,37900,48010,66540,98050
2024,10580,"Albany-Schenectady-Troy, NY",4,36,442970,33890,39020,56460,82150,120870
2024,10740,"Albuquerque, NM",4,35,401280,28700,34840,46940,75410,111300
2024,10780,"Alexandria, LA",4,22,59310,21520,28540,39510,60070,87440
2024,10900,"Allentown-Bethlehem-Easton, PA-NJ",4,42,370040,29190,36450,47770,73480,102810
2024,11020,"Altoona, PA",4,42,58090,24400,30910,43100,61350,89190
2024,11100,"Amarillo, TX",4,48,122390,23520,30260,42060,61500,94210
2024,11180,"Ames, IA",4,19,56310,28730,36180,48860,73280,101800
2024,11200,"Amherst Town-Northampton, MA",4,25,70240,34770,39470,56860,81220,117440
2024,11260,"Anchorage, AK",4,02,174740,34240,40110,59060,90520,128920
2024,11460,"Ann Arbor, MI",4,26,217820,32420,37410,51990,83830,129760
2024,11500,"Anniston-Oxford, AL",4,01,43320,22630,28740,39610,59290,78950
2024,11540,"Appleton, WI",4,55,123920,29120,36610,48490,69140,97730
2024,11700,"Asheville, NC",4,37,187430,27850,34710,44990,62920,97320
2024,12020,"Athens-Clarke County, GA",4,13,95250,22460,29570,39340,60750,88940
2024,12060,"Atlanta-Sandy Springs-Roswell, GA",4,13,2871980,28410,36210,49770,80090,129890
2024,12100,"Atlantic City-Hammonton, NJ",4,34,166720,31470,35570,46290,71930,104950
2024,12220,"Auburn-Opelika, AL",4,01,71720,22120,28480,38060,60010,86540
2024,12260,"Augusta-Richmond County, GA-SC",4,13,229650,23470,30830,44280,68160,101820
2024,12420,"Austin-Round Rock-San Marcos, TX",4,48,1260220,28920,36920,52610,82910,133450
2024,12540,"Bakersfield-Delano, CA",4,06,335190,33780,35750,46930,74380,113900
2024,12580,"Baltimore-Columbia-Towson, MD",4,24,1340750,31950,38000,57340,92200,135860
2024,12620,"Bangor, ME",4,23,71650,32030,37260,47120,65950,97080
2024,12700,"Barnstable Town, MA",4,25,93510,35250,38790,53640,79760,112390
2024,12940,"Baton Rouge, LA",4,22,403240,22900,31730,47940,73370,103910
2024,12980,"Battle Creek, MI",4,26,53610,29760,36330,48200,72440,101030
2024,13020,"Bay City, MI",4,26,33370,26930,31810,41940,63680,90390
2024,13140,"Beaumont-Port Arthur, TX",4,48,158920,24230,32780,46740,71770,103380
2024,13220,"Beckley, WV",4,54,42810,22500,28310,38460,59570,83950
2024,13380,"Bellingham, WA",4,53,90970,36030,42170,54860,80620,120900
2024,13460,"Bend, OR",4,41,107570,33940,39260,50620,76070,111610
2024,13740,"Billings, MT",4,30,93790,28890,36170,47640,70950,100160
2024,13780,"Binghamton, NY",4,36,96360,31260,36460,48380,74950,106220
2024,13820,"Birmingham, AL",4,01,517920,26180,33140,46330,66780,101260
2024,13900,"Bismarck, ND",4,38,70140,30240,37650,49990,72940,99180
2024,13980,"Blacksburg-Christiansburg-Radford, VA",4,51,74400,27750,34710,47700,65940,101440
2024,14010,"Bloomington, IL",4,17,90160,29440,35550,51270,80660,126770
2024,14020,"Bloomington, IN",4,18,73180,27840,34980,46430,67210,101180
2024,14260,"Boise City, ID",4,16,386560,29120,36440,47580,71540,105760
2024,14460,"Boston-Cambridge-Newton, MA-NH",4,25,2707940,36220,45010,64620,103210,164650
2024,14500,"Boulder, CO",4,08,195570,36740,45810,67510,108540,169450
2024,14540,"Bowling Green, KY",4,21,80400,26280,32000,43640,61260,82940
2024,14580,"Bozeman, MT",4,30,71630,30590,38540,49920,73010,103180
2024,14740,"Bremerton-Silverdale-Port Orchard, WA",4,53,93560,36940,45360,61090,92390,123510
2024,14860,"Bridgeport-Stamford-Danbury, CT",4,09,402330,35110,39670,60440,99830,159990
2024,15180,"Brownsville-Harlingen, TX",4,48,157630,21620,24420,35050,53890,77690
2024,15260,"Brunswick-St. Simons, GA",4,13,46150,22980,29870,39850,62960,97100
2024,15380,"Buffalo-Cheektowaga, NY",4,36,531990,32120,36980,50190,77460,109470
2024,15500,"Burlington, NC",4,37,68010,25850,31290,40980,59230,85900
2024,15540,"Burlington-South Burlington, VT",4,50,121320,35830,43330,57920,81840,118160
2024,15940,"Canton-Massillon, OH",4,39,165140,27120,33320,44460,62570,91670
2024,15980,"Cape Coral-Fort Myers, FL",4,12,300380,28670,35190,45130,63920,97570
2024,16020,"Cape Girardeau, MO-IL",4,29,44760,27380,31830,42060,61590,89030
2024,16180,"Carson City, NV",4,32,31010,29370,37450,51830,77790,108040
2024,16220,"Casper, WY",4,56,39730,28140,35580,47640,69340,99590
2024,16300,"Cedar Rapids, IA",4,19,139240,28820,36440,48570,71040,99310
2024,16540,"Chambersburg, PA",4,42,57940,27410,35550,46670,63660,93760
2024,16580,"Champaign-Urbana, IL",4,17,104620,29930,36050,48600,76260,104390
2024,16620,"Charleston, WV",4,54,106820,25160,31100,45170,65350,100090
2024,16700,"Charleston-North Charleston, SC",4,45,388220,27010,35280,47620,74680,106930
2024,16740,"Charlotte-Concord-Gastonia, NC-SC",4,37,1340800,28650,36310,48880,78020,128120
2024,16820,"Charlottesville, VA",4,51,112830,29780,36900,51740,82570,131600
2024,16860,"Chattanooga, TN-GA",4,47,269330,26880,33650,45440,63590,97010
2024,16940,"Cheyenne, WY",4,56,47490,28910,36870,50100,74060,104230
2024,16980,"Chicago-Naperville-Elgin, IL-IN",4,17,4473740,31960,37640,51510,83660,128490
2024,17020,"Chico, CA",4,06,78260,33430,36100,47360,74730,122160
2024,17140,"Cincinnati, OH-KY-IN",4,39,1092300,29000,36490,48490,76680,108190
2024,17300,"Clarksville, TN-KY",4,47,100910,25500,31660,42990,60130,86200
2024,17410,"Cleveland, OH",4,39,1036780,28940,36620,49000,77320,106230
2024,17420,"Cleveland, TN",4,47,44770,24600,30870,39650,58070,83010
2024,17660,"Coeur d'Alene, ID",4,16,71680,28890,35970,46010,63840,96200
2024,17780,"College Station-Bryan, TX",4,48,132440,23170,29610,43010,63130,99800
2024,17820,"Colorado Springs, CO",4,08,318850,33130,37850,51410,80020,124710
2024,17860,"Columbia, MO",4,29,105740,27880,33850,45670,66770,100170
2024,17900,"Columbia, SC",4,45,385940,25660,33630,45380,66550,99750
2024,17980,"Columbus, GA-AL",4,13,116210,22820,29640,40780,62400,97030
2024,18020,"Columbus, IN",4,18,50880,28240,35620,46490,69310,104510
2024,18140,"Columbus, OH",4,39,1085150,29400,37080,49510,78620,110350
2024,18580,"Corpus Christi, TX",4,48,187690,23040,29870,43770,64540,98370
2024,18700,"Corvallis, OR",4,41,38600,31510,37660,54310,83080,126450
2024,18880,"Crestview-Fort Walton Beach-Destin, FL",4,12,124720,28110,34600,45980,72170,107540
2024,19100,"Dallas-Fort Worth-Arlington, TX",4,48,4003820,28190,36020,49740,79750,129490
2024,19140,"Dalton, GA",4,13,66420,26580,33430,40820,59560,83770
2024,19300,"Daphne-Fairhope-Foley, AL",4,01,84090,22300,28630,37430,56490,79310
2024,19340,"Davenport-Moline-Rock Island, IA-IL",4,19,179940,29120,35370,47470,73690,103600
2024,19430,"Dayton-Kettering-Beavercreek, OH",4,39,373320,28640,36230,48580,77800,112860
2024,19460,"Decatur, AL",4,01,59180,23900,31390,44470,64840,99800
2024,19500,"Decatur, IL",4,17,45270,29950,36690,49640,73580,105040
2024,19660,"Deltona-Daytona Beach-Ormond Beach, FL",4,12,217920,27710,33190,41750,61000,94020
2024,19740,"Denver-Aurora-Centennial, CO",4,08,1618390,36420,43910,61110,97210,142700
2024,19780,"Des Moines-West Des Moines, IA",4,19,405130,29580,37230,50450,77270,109860
2024,19820,"Detroit-Warren-Dearborn, MI",4,26,1909060,30200,37390,50740,79860,122340
2024,20020,"Dothan, AL",4,01,60210,22100,27820,36730,56180,80980
2024,20100,"Dover, DE",4,10,68450,28700,34200,45190,65870,97110
2024,20220,"Dubuque, IA",4,19,58930,28740,36880,47910,66500,100200
2024,20260,"Duluth, MN-WI",4,27,124530,29030,36000,48610,73830,96490
2024,20500,"Durham-Chapel Hill, NC",4,37,342530,30280,39030,59740,98180,147290
2024,20580,"Eagle Pass, TX",4,48,18480,20790,24490,33640,56950,85370
2024,20740,"Eau Claire, WI",4,55,85190,28590,35700,47370,66450,96700
2024,20940,"El Centro, CA",4,06,63230,33360,35100,44470,71830,113120
2024,21060,"Elizabethtown, KY",4,21,51330,26580,32300,44810,62280,91890
2024,21140,"Elkhart-Goshen, IN",4,18,128550,28370,36560,47050,64520,96190
2024,21300,"Elmira, NY",4,36,33720,31200,35870,47220,68700,96690
2024,21340,"El Paso, TX",4,48,332330,22040,27750,37880,60290,91730
2024,21420,"Enid, OK",4,40,23420,22810,29240,38790,59480,86940
2024,21500,"Erie, PA",4,42,119610,26020,31430,43410,62900,92260
2024,21660,"Eugene-Springfield, OR",4,41,157600,31710,37440,48200,72800,105280
2024,21780,"Evansville, IN",4,18,134960,27360,34030,45220,64020,94230
2024,21820,"Fairbanks-College, AK",4,02,35970,32430,40660,58820,87400,117240
2024,22020,"Fargo, ND-MN",4,38,147570,30440,37570,49690,72720,99930
2024,22140,"Farmington, NM",4,35,46030,27050,31420,43620,62820,92250
2024,22180,"Fayetteville, NC",4,37,132690,25560,31200,44600,64650,99800
2024,22220,"Fayetteville-Springdale-Rogers, AR",4,05,266970,27830,33230,44870,65570,104250
2024,22380,"Flagstaff, AZ",4,04,65850,31630,36220,45900,64390,98940
2024,22420,"Flint, MI",4,26,133920,28240,34340,45010,69810,95110
2024,22500,"Florence, SC",4,45,89940,23130,30130,40200,61320,95010
2024,22520,"Florence-Muscle Shoals, AL",4,01,55490,22150,28590,38640,58390,80800
2024,22540,"Fond du Lac, WI",4,55,44700,28370,36440,49590,68850,97410
2024,22660,"Fort Collins-Loveland, CO",4,08,175790,33890,39250,53620,81230,122110
2024,22900,"Fort Smith, AR-OK",4,05,96450,25810,29910,38340,56780,79420
2024,23060,"Fort Wayne, IN",4,18,224020,28580,35550,46630,66870,94680
2024,23420,"Fresno, CA",4,06,470480,33280,35480,45810,72210,110610
2024,23460,"Gadsden, AL",4,01,33060,21660,27260,35220,51860,74930
2024,23540,"Gainesville, FL",4,12,151400,28440,34960,46950,69600,101440
2024,23580,"Gainesville, GA",4,13,102560,28220,35260,44300,63400,98540
2024,23900,"Gettysburg, PA",4,42,32130,26920,34060,45160,61700,92330
2024,24020,"Glens Falls, NY",4,36,50290,31530,36690,48360,68700,102380
2024,24140,"Goldsboro, NC",4,37,41010,23870,30410,38540,56090,81310
2024,24220,"Grand Forks, ND-MN",4,38,51240,29140,36410,48280,68790,97380
2024,24260,"Grand Island, NE",4,31,39520,29070,36190,48660,62540,84400
2024,24300,"Grand Junction, CO",4,08,66890,30980,36300,47250,68550,99290
2024,24340,"Grand Rapids-Wyoming-Kentwood, MI",4,26,561410,29780,36710,47510,70840,99920
2024,24420,"Grants Pass, OR",4,41,31030,33280,37900,49010,60730,93490
2024,24500,"Great Falls, MT",4,30,36770,27480,34890,44770,62610,89630
2024,24540,"Greeley, CO",4,08,115470,34070,40050,52110,73590,107060
2024,24580,"Green Bay, WI",4,55,171070,28990,36630,48580,70560,98450
2024,24660,"Greensboro-High Point, NC",4,37,358650,27460,33810,44910,62900,96740
2024,24780,"Greenville, NC",4,37,81410,26180,32420,44980,66780,99500
2024,24860,"Greenville-Anderson-Greer, SC",4,45,427770,26060,33540,44920,65200,99140
2024,25060,"Gulfport-Biloxi, MS",4,28,158310,22240,29070,41610,61870,91490
2024,25180,"Hagerstown-Martinsburg, MD-WV",4,24,105920,31200,34720,45920,66570,100380
2024,25220,"Hammond, LA",4,22,47380,21020,27390,36960,56590,80660
2024,25260,"Hanford-Corcoran, CA",4,06,47230,33970,36480,47920,76160,110340
2024,25420,"Harrisburg-Carlisle, PA",4,42,330750,28400,36300,48510,75250,103710
2024,25500,"Harrisonburg, VA",4,51,65270,28340,34980,45610,64050,92450
2024,25540,"Hartford-West Hartford-East Hartford, CT",4,09,592620,34250,39150,59270,93350,132070
2024,25620,"Hattiesburg, MS",4,28,62320,21250,27420,36360,55440,78830
2024,25740,"Helena, MT",4,30,43730,29070,36960,49300,75730,101640
2024,25860,"Hickory-Lenoir-Morganton, NC",4,37,155050,27300,33830,43270,58970,81400
2024,25940,"Hilton Head Island-Bluffton-Port Royal, SC",4,45,81820,23360,30500,40090,61080,89430
2024,25980,"Hinesville, GA",4,13,20190,23610,30940,45840,62290,86940
2024,26140,"Homosassa Springs, FL",4,12,34980,26780,30550,38560,58660,85740
2024,26300,"Hot Springs, AR",4,05,37840,23890,28200,36010,50900,76930
2024,26380,"Houma-Bayou Cane-Thibodaux, LA",4,22,82770,21950,29750,44150,62500,95500
2024,26420,"Houston-Pasadena-The Woodlands, TX",4,48,3246360,26670,34860,48490,77670,125730
2024,26580,"Huntington-Ashland, WV-KY-OH",4,54,140160,23540,29770,42390,62360,91920
2024,26620,"Huntsville, AL",4,01,260190,27410,35550,50470,86380,138500
2024,26820,"Idaho Falls, ID",4,16,81000,27270,33690,45080,70160,103200
2024,26900,"Indianapolis-Carmel-Greenwood, IN",4,18,1096770,29300,36640,48210,74530,104000
2024,26980,"Iowa City, IA",4,19,92330,28440,35910,49390,74900,105700
2024,27060,"Ithaca, NY",4,36,48030,33560,38670,56350,79990,123810
2024,27100,"Jackson, MI",4,26,56310,28800,35500,46710,71330,101110
2024,27140,"Jackson, MS",4,28,268750,22820,30120,42010,62740,91460
2024,27180,"Jackson, TN",4,47,84400,26720,32620,43170,59480,80750
2024,27260,"Jacksonville, FL",4,12,756360,28780,35690,47030,73890,105610
2024,27340,"Jacksonville, NC",4,37,52970,22710,28530,37610,56750,83140
2024,27500,"Janesville-Beloit, WI",4,55,69210,28700,36090,47410,67950,98150
2024,27620,"Jefferson City, MO",4,29,78020,27750,34820,45440,63320,92090
2024,27740,"Johnson City, TN",4,47,81910,24820,30700,41170,59760,89220
2024,27780,"Johnstown, PA",4,42,48550,23250,30040,42020,60590,84240
2024,27860,"Jonesboro, AR",4,05,59780,26660,30650,39900,58460,83610
2024,27900,"Joplin, MO-KS",4,29,86790,27680,33000,43610,60510,83750
2024,27980,"Kahului-Wailuku, HI",4,15,71920,34410,41210,54790,76390,112380
2024,28020,"Kalamazoo-Portage, MI",4,26,119780,29390,36120,47360,72540,101420
2024,28100,"Kankakee, IL",4,17,42490,29390,34400,45260,64020,96190
2024,28140,"Kansas City, MO-KS",4,29,1093430,29430,36910,49480,76880,109140
2024,28420,"Kennewick-Richland, WA",4,53,127290,35850,40300,55490,88160,127900
2024,28450,"Kenosha, WI",4,55,74050,29060,36610,47590,64100,94590
2024,28660,"Killeen-Temple, TX",4,48,148640,23570,30860,44610,64500,99030
2024,28700,"Kingsport-Bristol, TN-VA",4,47,117550,26810,32180,43800,62830,93430
2024,28740,"Kingston, NY",4,36,58400,33030,37090,49050,72230,103540
2024,28880,"Kiryas Joel-Poughkeepsie-Newburgh, NY",4,36,264070,33450,37340,49730,76390,113280
2024,28940,"Knoxville, TN",4,47,418120,27170,33760,45460,64560,98890
2024,29020,"Kokomo, IN",4,18,35550,27460,33960,47310,73540,89230
2024,29100,"La Crosse-Onalaska, WI-MN",4,55,83080,28790,36170,48060,70630,101880
2024,29180,"Lafayette, LA",4,22,175530,21490,28520,39600,60280,87200
2024,29200,"Lafayette-West Lafayette, IN",4,18,102060,27850,34730,47070,66210,96680
2024,29340,"Lake Charles, LA",4,22,100270,22240,30160,45170,66340,97610
2024,29420,"Lake Havasu City-Kingman, AZ",4,04,55410,30420,34340,42320,59240,88750
2024,29460,"Lakeland-Winter Haven, FL",4,12,261610,28210,34600,44610,62490,95320
2024,29540,"Lancaster, PA",4,42,250210,27930,35500,46960,65320,95890
2024,29620,"Lansing-East Lansing, MI",4,26,213610,29520,36900,50620,77720,105650
2024,29700,"Laredo, TX",4,48,106130,21700,26310,36640,58150,83770
2024,29740,"Las Cruces, NM",4,35,77990,26470,29820,38620,61970,95640
2024,29820,"Las Vegas-Henderson-North Las Vegas, NV",4,32,1119360,27080,34330,45120,65570,102480
2024,29940,"Lawrence, KS",4,20,51290,26130,32970,45240,64930,99890
2024,30020,"Lawton, OK",4,40,42690,22920,29570,40000,60490,85150
2024,30140,"Lebanon, PA",4,42,53350,27790,35410,45810,63420,94330
2024,30300,"Lewiston, ID-WA",4,16,27910,31160,36550,47340,65790,97650
2024,30340,"Lewiston-Auburn, ME",4,23,48280,33810,38020,48070,65560,94360
2024,30460,"Lexington-Fayette, KY",4,21,282920,27910,35170,47580,70230,101020
2024,30500,"Lexington Park, MD",4,24,71670,31200,38480,62970,108480,153730
2024,30620,"Lima, OH",4,39,49640,27440,34270,46430,68760,93850
2024,30700,"Lincoln, NE",4,31,180880,29120,36330,48860,72900,101670
2024,30780,"Little Rock-North Little Rock-Conway, AR",4,05,352900,26940,31920,44730,63210,92750
2024,30860,"Logan, UT-ID",4,49,66730,28040,34670,44770,63230,97630
2024,30980,"Longview, TX",4,48,117650,23180,30250,42710,61130,95700
2024,31020,"Longview-Kelso, WA",4,53,40980,35870,41910,54120,77810,108230
2024,31080,"Los Angeles-Long Beach-Anaheim, CA",4,06,6199940,35150,38120,53490,90360,137600
2024,31140,"Louisville/Jefferson County, KY-IN",4,21,686050,28680,36170,47750,66680,99800
2024,31180,"Lubbock, TX",4,48,165480,22710,29120,39560,61020,91270
2024,31340,"Lynchburg, VA",4,51,97210,27390,32040,45440,64390,95780
2024,31420,"Macon-Bibb County, GA",4,13,95070,23590,31200,43680,63900,95260
2024,31540,"Madison, WI",4,55,405450,30640,39150,54620,81060,113730
2024,31700,"Manchester-Nashua, NH",4,33,202320,30720,38340,54410,81990,128840
2024,31740,"Manhattan, KS",4,20,52890,26240,31840,44510,64300,96630
2024,31860,"Mankato, MN",4,27,55370,29960,36730,48060,69990,98280
2024,31900,"Mansfield, OH",4,39,49090,26880,33180,43730,61310,88280
2024,32580,"McAllen-Edinburg-Mission, TX",4,48,290580,21780,24970,34670,53730,78980
2024,32780,"Medford, OR",4,41,88610,32070,37640,48340,69400,103740
2024,32820,"Memphis, TN-MS-AR",4,47,620100,28030,35270,45610,66230,97600
2024,32900,"Merced, CA",4,06,78910,33530,35730,45930,66580,103750
2024,33100,"Miami-Fort Lauderdale-West Palm Beach, FL",4,12,2782340,29190,35800,47920,76990,121830
2024,33140,"Michigan City-La Porte, IN",4,18,41240,27370,34230,44190,60980,83530
2024,33220,"Midland, MI",4,26,37870,29450,36220,50650,81180,126420
2024,33260,"Midland, TX",4,48,119220,28900,37690,52320,79360,125960
2024,33340,"Milwaukee-Waukesha, WI",4,55,819450,29310,37310,49720,77400,106470
2024,33460,"Minneapolis-St. Paul-Bloomington, MN-WI",4,27,1931660,33520,39700,57640,84880,128580
2024,33500,"Minot, ND",4,38,33530,29200,36370,48210,67950,96130
2024,33540,"Missoula, MT",4,30,66580,28490,35970,46660,66440,97120
2024,33660,"Mobile, AL",4,01,169130,23430,30920,44600,64100,93520
2024,33700,"Modesto, CA",4,06,194560,34700,37810,49360,76450,121150
2024,33740,"Monroe, LA",4,22,87150,20710,26880,37000,56690,82060
2024,33780,"Monroe, MI",4,26,40800,28720,35100,46220,68280,102400
2024,33860,"Montgomery, AL",4,01,163140,23400,30190,42600,62600,95640
2024,34060,"Morgantown, WV",4,54,66970,25960,32450,46260,71760,106570
2024,34100,"Morristown, TN",4,47,48040,26230,31250,40320,56000,76870
2024,34580,"Mount Vernon-Anacortes, WA",4,53,51700,36720,43650,57480,81890,118470
2024,34620,"Muncie, IN",4,18,44580,26750,32360,43000,62280,88640
2024,34740,"Muskegon-Norton Shores, MI",4,26,62510,27950,32820,43140,61050,86440
2024,34820,"Myrtle Beach-Conway-North Myrtle Beach, SC",4,45,144400,21800,28220,36510,54900,80760
2024,34900,"Napa, CA",4,06,78480,36860,41880,52750,79990,127770
2024,34940,"Naples-Marco Island, FL",4,12,171160,29650,36100,46520,70470,105660
2024,34980,"Nashville-Davidson--Murfreesboro--Franklin, TN",4,47,1096500,29550,36960,48840,74710,109840
2024,35300,"New Haven, CT",4,09,283810,34250,39320,57600,87830,129890
2024,35380,"New Orleans-Metairie, LA",4,22,441250,23130,30730,45970,71610,105540
2024,35620,"New York-Newark-Jersey City, NY-NJ",4,36,9363020,35360,40340,60460,101370,162620
2024,35660,"Niles, MI",4,26,59670,28440,34810,45180,66380,101950
2024,35840,"North Port-Bradenton-Sarasota, FL",4,12,334550,28900,35650,46030,66160,101300
2024,35980,"Norwich-New London-Willimantic, CT",4,09,124550,33310,37260,54670,84510,125080
2024,36100,"Ocala, FL",4,12,118840,27560,32790,42230,59560,86750
2024,36220,"Odessa, TX",4,48,79150,26970,35160,47420,66160,98960
2024,36260,"Ogden, UT",4,49,270300,28940,36050,47520,73200,103830
2024,36420,"Oklahoma City, OK",4,40,669400,25750,32610,45880,69310,101900
2024,36500,"Olympia-Lacey-Tumwater, WA",4,53,127360,36520,44720,60300,91490,122910
2024,36540,"Omaha, NE-IA",4,31,491140,29730,36940,48720,74300,105090
2024,36740,"Orlando-Kissimmee-Sanford, FL",4,12,1397600,28270,34850,45410,66560,104470
2024,36780,"Oshkosh-Neenah, WI",4,55,93760,29310,37530,50320,74160,99010
2024,36980,"Owensboro, KY",4,21,48520,24730,31000,42740,61020,82120
2024,37100,"Oxnard-Thousand Oaks-Ventura, CA",4,06,320180,34450,37500,50010,80300,129320
2024,37140,"Paducah, KY-IL",4,21,50590,26420,31160,44140,65240,95710
2024,37340,"Palm Bay-Melbourne-Titusville, FL",4,12,242240,28480,35020,47590,77110,124210
2024,37460,"Panama City-Panama City Beach, FL",4,12,87870,27200,32420,43000,62320,96160
2024,37620,"Parkersburg-Vienna, WV",4,54,37170,23120,29070,39690,62200,95640
2024,37860,"Pensacola-Ferry Pass-Brent, FL",4,12,188880,27650,33460,44990,63530,97390
2024,37900,"Peoria, IL",4,17,165230,29800,35680,47990,75210,103850
2024,37980,"Philadelphia-Camden-Wilmington, PA-NJ-DE-MD",4,42,2868720,30040,36890,51760,82350,126780
2024,38060,"Phoenix-Mesa-Chandler, AZ",4,04,2343250,33760,37950,49840,77790,119750
2024,38240,"Pinehurst-Southern Pines, NC",4,37,40090,24300,30030,41130,61750,91010
2024,38300,"Pittsburgh, PA",4,42,1109050,27680,35710,48210,75690,107870
2024,38340,"Pittsfield, MA",4,25,57390,33970,38070,49970,77450,111130
2024,38540,"Pocatello, ID",4,16,37440,26410,32190,43180,60280,87240
2024,38860,"Portland-South Portland, ME",4,23,284300,35180,40490,53280,78060,109890
2024,38900,"Portland-Vancouver-Hillsboro, OR-WA",4,41,1213760,36010,43500,59040,92920,133700
2024,38940,"Port St. Lucie, FL",4,12,167590,28220,34340,44820,62850,97420
2024,39150,"Prescott Valley-Prescott, AZ",4,04,70940,31200,35830,45560,63030,96260
2024,39300,"Providence-Warwick, RI-MA",4,44,706440,31920,37920,51250,80030,115400
2024,39340,"Provo-Orem-Lehi, UT",4,49,298460,28680,35360,46610,72790,110290
2024,39380,"Pueblo, CO",4,08,62700,30900,36570,47780,69550,98490
2024,39460,"Punta Gorda, FL",4,12,56040,28250,34330,44080,63160,96050
2024,39540,"Racine-Mount Pleasant, WI",4,55,76560,28360,35950,47290,67970,96830
2024,39580,"Raleigh-Cary, NC",4,37,723590,28630,35940,49560,79940,129000
2024,39660,"Rapid City, SD",4,46,71890,28590,33180,44260,61610,87280
2024,39740,"Reading, PA",4,42,171480,28340,36150,48210,67430,99650
2024,39820,"Redding, CA",4,06,69620,33460,36170,47890,75380,119330
2024,39900,"Reno, NV",4,32,272970,29820,37540,48970,74120,105840
2024,40060,"Richmond, VA",4,51,652900,29280,36660,50020,78040,119350
2024,40140,"Riverside-San Bernardino-Ontario, CA",4,06,1695430,34140,37400,48240,74170,117540
2024,40220,"Roanoke, VA",4,51,152120,27800,34590,46010,65370,95950
2024,40340,"Rochester, MN",4,27,121610,31990,39990,59220,86760,126240
2024,40380,"Rochester, NY",4,36,490900,32090,37080,50050,77120,108370
2024,40420,"Rockford, IL",4,17,139310,29880,35350,45970,69430,99500
2024,40580,"Rocky Mount, NC",4,37,54530,23760,30260,41180,60430,88360
2024,40660,"Rome, GA",4,13,44190,24290,30800,40930,61510,89840
2024,40900,"Sacramento-Roseville-Folsom, CA",4,06,1066390,35220,39950,58880,93770,137520
2024,40980,"Saginaw, MI",4,26,79670,28180,34620,45630,69870,100480
2024,41060,"St. Cloud, MN",4,27,103600,30530,37440,49820,73740,101090
2024,41100,"St. George, UT",4,49,86740,27710,34200,44070,61110,89040
2024,41140,"St. Joseph, MO-KS",4,29,53880,28320,34650,46420,62090,89470
2024,41180,"St. Louis, MO-IL",4,29,1339700,29540,36000,48290,76340,107190
2024,41420,"Salem, OR",4,41,186340,33500,37950,50810,77980,114000
2024,41500,"Salinas, CA",4,06,186110,35130,37180,46790,74590,116740
2024,41540,"Salisbury, MD",4,24,53660,31200,35240,46650,72020,103330
2024,41620,"Salt Lake City-Murray, UT",4,49,816680,30750,38110,51430,80250,126570
2024,41660,"San Angelo, TX",4,48,50120,22890,29800,41770,61490,92220
2024,41700,"San Antonio-New Braunfels, TX",4,48,1114520,26090,33490,46010,69290,105400
2024,41740,"San Diego-Chula Vista-Carlsbad, CA",4,06,1533290,35370,38830,56580,95260,149020
2024,41780,"Sandusky, OH",4,39,49240,27140,32090,43820,62310,90670
2024,41860,"San Francisco-Oakland-Fremont, CA",4,06,2405740,38490,46630,73960,129060,200890
2024,41940,"San Jose-Sunnyvale-Santa Clara, CA",4,06,1134660,40010,48460,82470,166220,220850
2024,42020,"San Luis Obispo-Paso Robles, CA",4,06,121040,34770,37600,49760,80200,126940
2024,42100,"Santa Cruz-Watsonville, CA",4,06,98750,35380,38500,52770,82030,131490
2024,42140,"Santa Fe, NM",4,35,61400,29850,35690,47180,71720,102940
2024,42200,"Santa Maria-Santa Barbara, CA",4,06,201750,34840,37710,50240,81150,131960
2024,42220,"Santa Rosa-Petaluma, CA",4,06,204980,36500,40630,55140,81930,131030
2024,42340,"Savannah, GA",4,13,195030,26000,33390,46100,69950,100840
2024,42540,"Scranton--Wilkes-Barre, PA",4,42,254190,27310,34860,45400,62900,93190
2024,42660,"Seattle-Tacoma-Bellevue, WA",4,53,2082610,39550,47950,67510,107730,165090
2024,42680,"Sebastian-Vero Beach-West Vero Corridor, FL",4,12,57230,27990,33470,43200,61980,96440
2024,42700,"Sebring, FL",4,12,27940,26470,30290,38460,57920,83740
2024,43100,"Sheboygan, WI",4,55,60670,29810,37860,49300,66400,98160
2024,43300,"Sherman-Denison, TX",4,48,52000,24180,30400,40410,61540,86640
2024,43340,"Shreveport-Bossier City, LA",4,22,159970,21840,28990,42270,63460,95620
2024,43420,"Sierra Vista-Douglas, AZ",4,04,34120,30000,34550,45940,74810,109160
2024,43580,"Sioux City, IA-NE-SD",4,19,75270,28700,36030,45930,61550,85220
2024,43620,"Sioux Falls, SD-MN",4,46,174730,29640,36430,46720,64520,96020
2024,43640,"Slidell-Mandeville-Covington, LA",4,22,100690,22070,29360,40760,62100,95670
2024,43780,"South Bend-Mishawaka, IN-MI",4,18,131060,28270,35100,45800,65440,97960
2024,43900,"Spartanburg, SC",4,45,163980,27190,34640,46210,66040,92310
2024,44060,"Spokane-Spokane Valley, WA",4,53,255370,35330,40180,51600,77050,109250
2024,44100,"Springfield, IL",4,17,102720,29630,35680,49550,79560,112790
2024,44140,"Springfield, MA",4,25,198740,34220,38780,49710,78200,107950
2024,44180,"Springfield, MO",4,29,222150,27860,33760,44110,60980,87550
2024,44220,"Springfield, OH",4,39,47300,27630,34310,44700,62770,90020
2024,44300,"State College, PA",4,42,68760,27430,35570,50250,77850,107760
2024,44420,"Staunton-Stuarts Draft, VA",4,51,50510,27860,34390,46140,61380,87500
2024,44700,"Stockton-Lodi, CA",4,06,286420,34330,37780,49000,72950,107220
2024,44940,"Sumter, SC",4,45,35260,22930,30530,41590,59970,89860
2024,45060,"Syracuse, NY",4,36,295110,32740,37570,50800,77510,107590
2024,45220,"Tallahassee, FL",4,12,184180,27530,33840,45760,66450,99050
2024,45300,"Tampa-St. Petersburg-Clearwater, FL",4,12,1442290,29040,35830,47720,75550,113730
2024,45460,"Terre Haute, IN",4,18,64580,25300,31420,43960,61170,85360
2024,45500,"Texarkana, TX-AR",4,48,57420,23370,29470,41050,60750,84480
2024,45780,"Toledo, OH",4,39,291660,28320,35800,47320,71430,98130
2024,45820,"Topeka, KS",4,20,112540,27870,35210,47840,69450,98730
2024,45900,"Traverse City, MI",4,26,67200,29100,36160,46530,64420,95180
2024,45940,"Trenton-Princeton, NJ",4,34,239220,34320,42490,62610,99480,147960
2024,46060,"Tucson, AZ",4,04,385930,30900,35910,46450,71310,107090
2024,46140,"Tulsa, OK",4,40,453400,26060,32920,45460,66320,101250
2024,46220,"Tuscaloosa, AL",4,01,108360,24110,31420,45440,63840,87340
2024,46300,"Twin Falls, ID",4,16,49570,27730,33970,44160,59870,84900
2024,46340,"Tyler, TX",4,48,112810,23010,29580,41230,61310,94270
2024,46520,"Urban Honolulu, HI",4,15,443350,30700,38080,54660,81830,124450
2024,46540,"Utica-Rome, NY",4,36,117260,31200,36280,48080,69000,99040
2024,46660,"Valdosta, GA",4,13,54320,22320,28580,38000,57580,80870
2024,46700,"Vallejo, CA",4,06,142930,35920,39500,57170,87460,134710
2024,47020,"Victoria, TX",4,48,38310,23420,30000,41190,63030,94640
2024,47220,"Vineland, NJ",4,34,61230,31470,35440,47650,72950,100780
2024,47260,"Virginia Beach-Chesapeake-Norfolk, VA-NC",4,51,754860,28280,35500,48430,76940,109040
2024,47300,"Visalia, CA",4,06,170070,33380,35170,44320,62730,100060
2024,47380,"Waco, TX",4,48,129920,25310,31830,44530,63470,97110
2024,47460,"Walla Walla, WA",4,53,25690,34870,39570,49920,76400,105670
2024,47580,"Warner Robins, GA",4,13,75750,24250,32250,47490,73440,102150
2024,47900,"Washington-Arlington-Alexandria, DC-VA-MD-WV",4,11,3118630,35360,43910,68430,119020,172590
2024,47930,"Waterbury-Shelton, CT",4,09,158640,33190,37280,50110,78950,118130
2024,47940,"Waterloo-Cedar Falls, IA",4,19,85420,27830,35550,46580,62640,89470
2024,48060,"Watertown-Fort Drum, NY",4,36,39050,31200,35670,46630,65830,98650
2024,48140,"Wausau, WI",4,55,70000,29450,37050,47970,66990,95150
2024,48260,"Weirton-Steubenville, WV-OH",4,54,36870,25420,31860,44830,64460,89240
2024,48300,"Wenatchee-East Wenatchee, WA",4,53,51580,35060,38140,47920,73650,105530
2024,48540,"Wheeling, WV-OH",4,54,58940,23860,30070,41840,62920,89730
2024,48620,"Wichita, KS",4,20,306950,27160,34210,46650,67090,96310
2024,48660,"Wichita Falls, TX",4,48,56710,22690,29490,40410,60990,85820
2024,48680,"Wildwood-The Villages, FL",4,12,39830,28160,34160,44660,63440,96630
2024,48700,"Williamsport, PA",4,42,50020,26670,33680,45310,64060,91270
2024,48900,"Wilmington, NC",4,37,186900,26150,31680,44470,63440,97880
2024,49020,"Winchester, VA-WV",4,51,68300,28680,35770,47310,66770,101450
2024,49180,"Winston-Salem, NC",4,37,273340,27200,33790,45050,65910,100930
2024,49340,"Worcester, MA",4,25,351970,34760,39520,55300,83320,124380
2024,49420,"Yakima, WA",4,53,98540,34680,37200,46740,65110,99570
2024,49620,"York-Hanover, PA",4,42,183070,28070,35880,46970,67730,99330
2024,49660,"Youngstown-Warren, OH",4,39,160480,26330,31120,42330,60560,83500
2024,49700,"Yuba City, CA",4,06,50820,33580,36860,48330,75030,114040
2024,49740,"Yuma, AZ",4,04,68990,29920,33850,42690,61270,92750
2024,0100001,Northwest Alabama nonmetropolitan area,6,01,67290,22380,29690,39400,52000,73870
2024,0100002,Northeast Alabama nonmetropolitan area,6,01,151430,22380,28910,37620,55320,76000
2024,0100003,Southwest Alabama nonmetropolitan area,6,01,64630,22220,28670,38690,58360,80560
2024,0100004,Southeast Alabama nonmetropolitan area,6,01,82620,22250,28260,38350,61060,90440
2024,0200006,Alaska nonmetropolitan area,6,02,106600,33860,41900,59970,87710,124530
2024,0400001,Arizona nonmetropolitan area,6,04,95200,30560,35400,46160,63830,95780
2024,0500001,North Arkansas nonmetropolitan area,6,05,119000,25370,29320,37130,51340,76270
2024,0500002,East Arkansas nonmetropolitan area,6,05,68140,25800,29750,38750,51960,74890
2024,0500003,West Arkansas nonmetropolitan area,6,05,86780,25620,29640,37480,51770,75230
2024,0500004,South Arkansas nonmetropolitan area,6,05,119640,25600,29980,38760,55060,79090
2024,0600003,North Coast Region of California nonmetropolitan area,6,06,108300,34420,37090,48070,73220,106390
2024,0600006,Eastern Sierra-Mother Lode Region of California nonmetropolitan area,6,06,63060,34790,37790,49320,75870,108410
2024,0600007,North Valley-Northern Mountains Region of California nonmetropolitan area,6,06,105390,34820,38240,50530,74820,108080
2024,0800001,Eastern and Southern Colorado nonmetropolitan area,6,08,70450,31030,36470,46940,62890,91430
2024,0800002,Southwest Colorado nonmetropolitan area,6,08,108180,31870,37490,49040,70460,99990
2024,0800003,Northwest Colorado nonmetropolitan area,6,08,132320,33610,39490,51260,74540,104970
2024,0900001,Connecticut nonmetropolitan area,6,09,66020,33330,37490,49050,74260,103560
2024,1000005,Sussex Delaware nonmetropolitan area,6,10,92770,29080,34060,41920,62120,92440
2024,1200003,South Florida nonmetropolitan area,6,12,86400,28080,33510,43770,61300,90510
2024,1200006,North Florida nonmetropolitan area,6,12,112960,28320,33840,45060,60520,85350
2024,1300001,North Georgia nonmetropolitan area,6,13,186710,23430,30820,39660,56210,79880
2024,1300002,Middle Georgia nonmetropolitan area,6,13,137450,23020,30230,39940,59400,83570
2024,1300003,East Georgia nonmetropolitan area,6,13,88110,22520,29100,38600,57660,80680
2024,1300004,South Georgia nonmetropolitan area,6,13,194010,22790,29680,39490,58950,82800
2024,1500001,Hawaii / Kauai nonmetropolitan area,6,15,104330,31200,38120,49790,69160,102430
2024,1600006,Northwestern Idaho nonmetropolitan area,6,16,74490,27230,34550,44820,61720,90640
2024,1600007,Southeast-Central Idaho nonmetropolitan area,6,16,95330,27040,34200,44890,61430,87710
2024,1700001,Northwest Illinois nonmetropolitan area,6,17,128380,29310,34670,45850,64910,95300
2024,1700002,West Central Illinois nonmetropolitan area,6,17,169780,29240,34440,45370,62810,91480
2024,1700003,East Central Illinois nonmetropolitan area,6,17,143620,29540,34980,45440,62810,92960
2024,1700004,South Illinois nonmetropolitan area,6,17,140000,29170,34210,45510,64360,95050
2024,1800001,Northern Indiana nonmetropolitan area,6,18,211800,27580,34630,44680,59960,80660
2024,1800002,Central Indiana nonmetropolitan area,6,18,161140,27150,34080,44620,60270,81020
2024,1800003,Southern Indiana nonmetropolitan area,6,18,196590,27830,34820,45310,61820,86460
2024,1900001,Northeast Iowa nonmetropolitan area,6,19,98480,27310,34950,45910,60660,81800
2024,1900002,Northwest Iowa nonmetropolitan area,6,19,146710,27640,35480,46190,61010,81700
2024,1900003,Southwest Iowa nonmetropolitan area,6,19,73450,27150,35030,45700,59900,81120
2024,1900004,Southeast Iowa nonmetropolitan area,6,19,201060,27310,35070,45930,60420,82370
2024,2000006,Kansas nonmetropolitan area,6,20,374610,24580,30900,42600,58290,80530
2024,2100001,West Kentucky nonmetropolitan area,6,21,129460,23820,30530,41070,60260,81220
2024,2100002,South Central Kentucky nonmetropolitan area,6,21,171730,23340,29810,39280,56220,76920
2024,2100003,Central Kentucky nonmetropolitan area,6,21,172880,23920,30970,42840,61100,85950
2024,2100004,East Kentucky nonmetropolitan area,6,21,92480,22360,28410,38250,57720,78020
2024,2200002,Central Louisiana nonmetropolitan area,6,22,77450,20850,27630,38240,58140,81220
2024,2200003,Northeast Louisiana nonmetropolitan area,6,22,62180,20540,26310,36820,56510,80180
2024,2200006,Southwest Louisiana nonmetropolitan area,6,22,80040,20800,27390,38240,58600,81540
2024,2300001,Northeast Maine nonmetropolitan area,6,23,63040,31470,36920,46480,62420,89010
2024,2300002,Southwest Maine nonmetropolitan area,6,23,141810,32640,37690,47580,65470,94100
2024,2400006,Maryland nonmetropolitan area,6,24,112380,31200,34830,45060,65110,96170
2024,2500001,Massachusetts nonmetropolitan area,6,25,40790,36030,39740,55190,78900,107380
2024,2600001,Upper Peninsula of Michigan nonmetropolitan area,6,26,111150,28100,34320,44970,63360,88060
2024,2600002,Northern Michigan nonmetropolitan area,6,26,118200,28060,33480,43000,60160,83390
2024,2600003,Mid Michigan nonmetropolitan area,6,26,152400,28360,34410,43610,61590,85460
2024,2600004,Southern Michigan nonmetropolitan area,6,26,133990,28560,35110,45900,62700,91730
2024,2700001,Northwest Minnesota nonmetropolitan area,6,27,192240,29350,36570,47140,63880,90130
2024,2700002,Northeast Minnesota nonmetropolitan area,6,27,43500,28730,34980,45980,64950,89860
2024,2700003,Southwest Minnesota nonmetropolitan area,6,27,117990,29490,36450,47150,63260,89330
2024,2700004,Southeast Minnesota nonmetropolitan area,6,27,152920,29570,36500,47630,65900,96540
2024,2800005,West Delta Mississippi nonmetropolitan area,6,28,92800,21210,26870,35880,49670,74480
2024,2800006,Upper East Mississippi nonmetropolitan area,6,28,215350,21950,28910,38700,55910,78710
2024,2800007,Lower West Mississippi nonmetropolitan area,6,28,80310,21390,27120,37260,57010,85170
2024,2800008,Lower East Mississippi nonmetropolitan area,6,28,122830,21390,27390,37330,52060,76120
2024,2900001,Central Missouri nonmetropolitan area,6,29,154240,27070,30810,39540,54530,79040
2024,2900002,North Missouri nonmetropolitan area,6,29,106420,27140,30770,40920,54910,77930
2024,2900003,Southeast Missouri nonmetropolitan area,6,29,163950,27220,30050,38380,54140,77280
2024,2900004,Southwest Missouri nonmetropolitan area,6,29,79440,26970,29820,37590,50680,74680
2024,3000003,Southwest Montana nonmetropolitan area,6,30,38870,27050,34410,45860,62630,89790
2024,3000004,West Montana nonmetropolitan area,6,30,83270,27730,35530,45980,62230,88000
2024,3000006,East-Central Montana nonmetropolitan area,6,30,60750,27410,35130,46280,63790,92040
2024,3100001,Northwest Nebraska nonmetropolitan area,6,31,39030,27310,32860,42940,60220,82140
2024,3100003,Northeast Nebraska nonmetropolitan area,6,31,96360,28620,35930,46190,61360,82560
2024,3100006,South Nebraska nonmetropolitan area,6,31,153830,27980,34600,45400,60820,82830
2024,3200006,Balance of Nevada nonmetropolitan area,6,32,88450,27160,35720,50600,79500,103400
2024,3300001,Northern New Hampshire nonmetropolitan area,6,33,84300,30550,37470,49420,74390,107080
2024,3300002,Central New Hampshire nonmetropolitan area,6,33,93810,30160,36820,48690,71400,100590
2024,3300006,Southwestern New Hampshire nonmetropolitan area,6,33,51980,31160,37610,49630,71810,99570
2024,3500006,Northern New Mexico nonmetropolitan area,6,35,82880,27560,33410,47460,83060,138920
2024,3500007,Eastern New Mexico nonmetropolitan area,6,35,163560,27330,31560,43870,62770,95590
2024,3600001,Capital/Northern New York nonmetropolitan area,6,36,140410,32120,36900,48380,68210,96590
2024,3600004,Southwest New York nonmetropolitan area,6,36,177700,31480,36300,47560,65400,94660
2024,3600006,Central East New York nonmetropolitan area,6,36,158300,31950,36830,47450,66530,97070
2024,3700001,Eastern North Carolina nonmetropolitan area,6,37,262310,23980,30360,39480,58740,82620
2024,3700002,Central North Carolina nonmetropolitan area,6,37,236890,24250,30830,40060,56110,78380
2024,3700003,Western North Carolina nonmetropolitan area,6,37,255870,25180,31160,39900,57510,80210
2024,3800006,West North Dakota nonmetropolitan area,6,38,85320,31200,40500,57600,77370,105230
2024,3800007,East North Dakota nonmetropolitan area,6,38,62940,29790,37180,48650,66220,90340
2024,3900001,West Northwestern Ohio nonmetropolitan area,6,39,250130,27740,35590,46900,63870,88540
2024,3900002,North Northeastern Ohio nonmetropolitan area (noncontiguous),6,39,248620,27620,34790,45830,62420,87940
2024,3900003,Eastern Ohio nonmetropolitan area,6,39,136010,27100,34000,45490,63010,91220
2024,3900004,Southern Ohio nonmetropolitan area,6,39,161280,27010,33280,45420,65420,93200
2024,4000001,Northeast Oklahoma nonmetropolitan area,6,40,117130,22600,29110,39180,58560,85270
2024,4000002,Northwest Oklahoma nonmetropolitan area,6,40,97270,22480,29150,41430,58000,83680
2024,4000003,Southwest Oklahoma nonmetropolitan area,6,40,62410,22160,28720,39840,58760,87510
2024,4000004,Southeast Oklahoma nonmetropolitan area,6,40,185320,22380,29110,38530,54970,77760
2024,4100006,Coast Oregon nonmetropolitan area,6,41,115380,30610,35940,45660,62330,95060
2024,4100007,Central Oregon nonmetropolitan area,6,41,50020,30930,36540,46750,65400,100680
2024,4100008,Eastern Oregon nonmetropolitan area,6,41,73800,30640,36440,46920,65150,96260
2024,4200001,Northwestern Pennsylvania nonmetropolitan area,6,42,150840,26500,33120,44370,60900,82960
2024,4200002,Northeastern Pennsylvania nonmetropolitan area,6,42,129290,25960,32590,44000,62790,92100
2024,4200003,Central Pennsylvania nonmetropolitan area,6,42,186060,27050,34240,45440,62450,89510
2024,4200004,Southwestern Pennsylvania nonmetropolitan area,6,42,140460,26020,32890,45070,62930,85730
2024,4500003,Northwestern South Carolina nonmetropolitan area,6,45,93450,23210,30720,40860,59690,86510
2024,4500005,Southern South Carolina nonmetropolitan area,6,45,53460,22140,28490,39110,58860,81290
2024,4500007,Northeastern South Carolina nonmetropolitan area,6,45,78320,22030,28810,38830,56760,79750
2024,4600002,East South Dakota nonmetropolitan area,6,46,133860,28670,34950,45240,59690,83190
2024,4600003,West South Dakota nonmetropolitan area,6,46,63050,27840,32010,43120,59070,82720
2024,4700001,West Tennessee nonmetropolitan area,6,47,119140,24680,31160,41230,57460,78040
2024,4700002,South Central Tennessee nonmetropolitan area,6,47,112220,25970,31890,42680,58650,81920
2024,4700003,North Central Tennessee nonmetropolitan area,6,47,115940,25310,30370,38650,54500,78170
2024,4700004,East Tennessee nonmetropolitan area,6,47,142920,23090,29680,38100,51210,74800
2024,4800001,Northwestern Region of Texas nonmetropolitan area,6,48,187810,23730,31510,44990,62070,94440
2024,4800002,North Region of Texas nonmetropolitan area,6,48,273500,22690,29890,40630,59120,83790
2024,4800003,Eastern Region of Texas nonmetropolitan area,6,48,115660,22670,29450,39770,59680,86280
2024,4800004,Hill Country Region of Texas nonmetropolitan area,6,48,196120,23090,30230,42460,59480,86190
2024,4800005,Border Region of Texas nonmetropolitan area,6,48,48370,22350,28900,40620,60440,91490
2024,4800006,Coastal Plains Region of Texas nonmetropolitan area,6,48,148840,22420,28830,41910,61220,95640
2024,4900010,Wasatch Front Fringe Utah nonmetropolitan area,6,49,65410,28480,35900,47620,66480,98730
2024,4900011,High Desert Utah nonmetropolitan area,6,49,108130,27470,34620,46210,64920,92550
2024,5000001,Southern Vermont nonmetropolitan area,6,50,84580,33890,38690,49440,71790,100910
2024,5000002,Northern Vermont nonmetropolitan area,6,50,89320,34780,40000,51990,74710,102700
2024,5100001,Southwest Virginia nonmetropolitan area,6,51,117750,27650,31260,42130,59070,82920
2024,5100002,Southside Virginia nonmetropolitan area,6,51,102940,27600,31700,44310,59590,84780
2024,5100003,Northeast Virginia nonmetropolitan area,6,51,57160,27810,34330,46190,75040,126610
2024,5100004,Northwest Virginia nonmetropolitan area,6,51,65370,28100,33530,45260,62340,93990
2024,5300006,Western Washington nonmetropolitan area,6,53,129240,35540,40030,50410,74270,104080
2024,5300007,Eastern Washington nonmetropolitan area,6,53,109430,35480,39560,50530,75750,106720
2024,5400001,Southern West Virginia nonmetropolitan area,6,54,74590,22720,28840,38470,58190,80480
2024,5400002,Northern West Virginia nonmetropolitan area,6,54,144110,23200,29720,40710,60480,90120
2024,5500001,Northwestern Wisconsin nonmetropolitan area,6,55,48440,27980,35350,46030,60790,83110
2024,5500002,Northeastern Wisconsin nonmetropolitan area,6,55,195930,27770,35350,46660,62450,91650
2024,5500003,South Central Wisconsin nonmetropolitan area,6,55,209700,28170,35260,46130,61740,86860
2024,5500004,Western Wisconsin nonmetropolitan area,6,55,128800,28550,35770,46970,62480,86390
2024,5600006,Western Wyoming nonmetropolitan area,6,56,101210,27950,36160,49000,72510,103250
2024,5600007,Eastern Wyoming nonmetropolitan area,6,56,84800,28040,36110,49150,73930,100620
2025,10180,"Abilene, TX",4,48,75070,24900,30980,44340,62230,93990
2025,10420,"Akron, OH",4,39,319560,28970,36810,48840,76970,104380
2025,10500,"Albany, GA",4,13,58390,24150,30780,43620,64640,95480
2025,10540,"Albany, OR",4,41,47260,34490,39830,49700,71590,100500
2025,10580,"Albany-Schenectady-Troy, NY",4,36,449410,34780,40350,58460,84140,124090
2025,10740,"Albuquerque, NM",4,35,404700,29500,35910,48060,77220,117170
2025,10780,"Alexandria, LA",4,22,60000,21750,28840,40600,61840,90210
2025,10900,"Allentown-Bethlehem-Easton, PA-NJ",4,42,377180,29720,37260,48990,76050,105280
2025,11020,"Altoona, PA",4,42,58650,26090,32600,44270,61940,93030
2025,11100,"Amarillo, TX",4,48,123930,25450,31970,44580,63910,96880
2025,11180,"Ames, IA",4,19,55890,29070,36500,50220,76070,104180
2025,11200,"Amherst Town-Northampton, MA",4,25,65670,35440,41050,57030,83400,122510
2025,11260,"Anchorage, AK",4,02,177050,34770,42600,60200,93620,129160
2025,11460,"Ann Arbor, MI",4,26,219730,33790,38230,55380,87200,135330
2025,11500,"Anniston-Oxford, AL",4,01,43570,23870,29780,42680,61480,82170
2025,11540,"Appleton, WI",4,55,124230,30090,37480,49910,74840,101340
2025,11700,"Asheville, NC",4,37,180620,29060,36430,46870,65820,101260
2025,12020,"Athens-Clarke County, GA",4,13,95800,23150,30700,41220,62480,94370
2025,12060,"Atlanta-Sandy Springs-Roswell, GA",4,13,2889670,29110,37030,51170,82140,132230
2025,12100,"Atlantic City-Hammonton, NJ",4,34,168700,32410,36460,47520,74470,107330
2025,12220,"Auburn-Opelika, AL",4,01,72710,22980,29300,39070,61270,94400
2025,12260,"Augusta-Richmond County, GA-SC",4,13,231930,25800,32610,45990,73770,108010
2025,12420,"Austin-Round Rock-San Marcos, TX",4,48,1293690,29860,38230,56950,90560,137820
2025,12540,"Bakersfield-Delano, CA",4,06,338230,34320,36080,47470,75850,117020
2025,12580,"Baltimore-Columbia-Towson, MD",4,24,1356680,34230,39160,59070,95340,138650
2025,12620,"Bangor, ME",4,23,72270,33660,37930,47960,67780,98300
2025,12700,"Barnstable Town, MA",4,25,94110,35880,40050,56360,81200,117860
2025,12940,"Baton Rouge, LA",4,22,409690,23790,33640,48710,74990,105850
2025,12980,"Battle Creek, MI",4,26,54600,30170,37020,48690,74270,101250
2025,13020,"Bay City, MI",4,26,33810,28060,34150,45620,69880,98660
2025,13140,"Beaumont-Port Arthur, TX",4,48,163220,26580,34940,48630,75010,107590
2025,13220,"Beckley, WV",4,54,43080,23370,29730,41850,61290,88610
2025,13380,"Bellingham, WA",4,53,91390,37420,44310,57820,83690,125170
2025,13460,"Bend, OR",4,41,108240,35480,42670,54570,78530,119330
2025,13740,"Billings, MT",4,30,93800,29640,37330,49060,74010,102230
2025,13780,"Binghamton, NY",4,36,97030,32980,37500,49460,77210,110380
2025,13820,"Birmingham, AL",4,01,520290,27820,34990,47770,72240,103950
2025,13900,"Bismarck, ND",4,38,71270,31210,38310,52560,76140,103990
2025,13980,"Blacksburg-Christiansburg-Radford, VA",4,51,74070,28670,35820,48120,69430,104750
2025,14010,"Bloomington, IL",4,17,88110,31200,36030,53140,82900,123820
2025,14020,"Bloomington, IN",4,18,73240,28570,35900,47660,73020,104000
2025,14260,"Boise City, ID",4,16,391790,30070,37600,49100,76430,109420
2025,14460,"Boston-Cambridge-Newton, MA-NH",4,25,2703890,36760,45850,66620,106230,168090
2025,14500,"Boulder, CO",4,08,192390,37590,46860,69580,110430,169890
2025,14540,"Bowling Green, KY",4,21,82160,27410,33920,45040,62650,90960
2025,14580,"Bozeman, MT",4,30,72210,33510,41410,54830,77160,105500
2025,14740,"Bremerton-Silverdale-Port Orchard, WA",4,53,93740,38000,46970,63200,98050,129480
2025,14860,"Bridgeport-Stamford-Danbury, CT",4,09,404180,36370,41960,61470,101480,161440
2025,15180,"Brownsville-Harlingen, TX",4,48,157450,22210,26210,36490,57690,81300
2025,15260,"Brunswick-St. Simons, GA",4,13,46860,24100,31000,41940,65530,101280
2025,15380,"Buffalo-Cheektowaga, NY",4,36,534550,33990,37680,50790,78530,112150
2025,15500,"Burlington, NC",4,37,67830,27500,33960,44010,61290,94000
2025,15540,"Burlington-South Burlington, VT",4,50,120150,36820,45640,60020,84160,126100
2025,15940,"Canton-Massillon, OH",4,39,163080,27850,34710,45810,66680,96080
2025,15980,"Cape Coral-Fort Myers, FL",4,12,304790,30070,36300,46780,66700,101180
2025,16020,"Cape Girardeau, MO-IL",4,29,44680,28680,33800,44470,63980,93690
2025,16180,"Carson City, NV",4,32,31940,30600,38760,56680,82730,118830
2025,16220,"Casper, WY",4,56,40020,28630,36520,48880,72680,102660
2025,16300,"Cedar Rapids, IA",4,19,139260,29120,36870,49360,74300,100210
2025,16540,"Chambersburg, PA",4,42,60280,28050,36320,47540,64990,95870
2025,16580,"Champaign-Urbana, IL",4,17,105500,31290,36860,50700,79130,112850
2025,16620,"Charleston, WV",4,54,103450,25940,32230,45830,66980,101190
2025,16700,"Charleston-North Charleston, SC",4,45,394170,28350,36510,49150,77460,115790
2025,16740,"Charlotte-Concord-Gastonia, NC-SC",4,37,1358370,29640,37330,49990,79830,130510
2025,16820,"Charlottesville, VA",4,51,114780,30680,37860,55180,85600,137730
2025,16860,"Chattanooga, TN-GA",4,47,268750,27730,35010,46700,67130,99740
2025,16940,"Cheyenne, WY",4,56,48470,29250,37290,51540,75000,106640
2025,16980,"Chicago-Naperville-Elgin, IL-IN",4,17,4513280,34260,38480,54720,86670,130790
2025,17020,"Chico, CA",4,06,78220,34320,37180,48050,75970,124290
2025,17140,"Cincinnati, OH-KY-IN",4,39,1101030,29780,37300,50170,79310,119580
2025,17300,"Clarksville, TN-KY",4,47,103220,26770,33480,44860,61260,91410
2025,17410,"Cleveland, OH",4,39,1031130,29550,37240,50140,78990,108420
2025,17420,"Cleveland, TN",4,47,43010,25780,30920,40230,58920,80280
2025,17660,"Coeur d'Alene, ID",4,16,72280,29820,37320,47750,69630,101410
2025,17780,"College Station-Bryan, TX",4,48,134040,24040,30540,44470,63680,101470
2025,17820,"Colorado Springs, CO",4,08,316060,34530,39250,52710,82600,128430
2025,17860,"Columbia, MO",4,29,107680,29260,35710,47260,71580,102160
2025,17900,"Columbia, SC",4,45,394200,27330,34950,46430,69250,101760
2025,17980,"Columbus, GA-AL",4,13,116380,24150,30630,43540,64450,100060
2025,18020,"Columbus, IN",4,18,49820,29290,36830,48470,72880,103750
2025,18140,"Columbus, OH",4,39,1105580,30020,37800,51340,80200,117330
2025,18580,"Corpus Christi, TX",4,48,192580,23510,30900,45350,66760,99260
2025,18700,"Corvallis, OR",4,41,38550,34230,40420,57680,85740,132240
2025,18880,"Crestview-Fort Walton Beach-Destin, FL",4,12,125050,29790,35930,47510,75380,114890
2025,19100,"Dallas-Fort Worth-Arlington, TX",4,48,4049800,28850,36800,51440,81840,132080
2025,19140,"Dalton, GA",4,13,65300,27280,34390,42210,60790,91170
2025,19300,"Daphne-Fairhope-Foley, AL",4,01,87120,23690,29540,38520,59540,81410
2025,19340,"Davenport-Moline-Rock Island, IA-IL",4,19,180450,31200,36200,48550,75190,105230
2025,19430,"Dayton-Kettering-Beavercreek, OH",4,39,372660,29070,36810,49980,79270,117210
2025,19460,"Decatur, AL",4,01,61240,26720,33690,46280,69630,102690
2025,19500,"Decatur, IL",4,17,45550,31510,37790,51290,74440,102980
2025,19660,"Deltona-Daytona Beach-Ormond Beach, FL",4,12,219740,29020,35000,44940,62540,96800
2025,19740,"Denver-Aurora-Centennial, CO",4,08,1609350,37490,45460,62320,99420,149200
2025,19780,"Des Moines-West Des Moines, IA",4,19,404130,29900,37550,51820,78320,113430
2025,19820,"Detroit-Warren-Dearborn, MI",4,26,1904530,30990,37880,52080,81700,127470
2025,20020,"Dothan, AL",4,01,60720,23290,29070,38170,59180,84420
2025,20100,"Dover, DE",4,10,68080,31200,35460,46690,70150,100550
2025,20220,"Dubuque, IA",4,19,58470,29300,36950,48750,71780,103000
2025,20260,"Duluth, MN-WI",4,27,124710,29800,36800,50000,76710,99740
2025,20500,"Durham-Chapel Hill, NC",4,37,344020,30930,39990,60720,100130,157990
2025,20580,"Eagle Pass, TX",4,48,18820,21280,26330,35560,59930,88470
2025,20740,"Eau Claire, WI",4,55,86060,29120,36230,48100,71300,98260
2025,20940,"El Centro, CA",4,06,65430,34320,35550,45140,74120,115870
2025,21060,"Elizabethtown, KY",4,21,51540,27430,34260,46810,65660,97320
2025,21140,"Elkhart-Goshen, IN",4,18,127730,29250,37380,48070,64740,95940
2025,21300,"Elmira, NY",4,36,33600,32550,36800,47850,70840,97310
2025,21340,"El Paso, TX",4,48,339120,22740,28930,39510,62570,95570
2025,21420,"Enid, OK",4,40,23320,23660,30040,40500,61770,92450
2025,21500,"Erie, PA",4,42,120480,26840,32960,44460,64030,95370
2025,21660,"Eugene-Springfield, OR",4,41,157710,34030,38650,49680,74760,107680
2025,21780,"Evansville, IN",4,18,135250,28120,35450,46540,68150,98440
2025,21820,"Fairbanks-College, AK",4,02,36430,35300,44200,61810,92390,122050
2025,22020,"Fargo, ND-MN",4,38,148660,31650,38500,51050,75390,103480
2025,22140,"Farmington, NM",4,35,47670,27830,34430,45820,65640,96430
2025,22180,"Fayetteville, NC",4,37,131430,26740,33480,45620,67810,103330
2025,22220,"Fayetteville-Springdale-Rogers, AR",4,05,275180,28300,34900,46610,70210,107380
2025,22380,"Flagstaff, AZ",4,04,66610,33850,37310,47500,69100,101730
2025,22420,"Flint, MI",4,26,135040,29010,35100,45880,72780,97250
2025,22500,"Florence, SC",4,45,89060,24170,31190,43520,63160,97540
2025,22520,"Florence-Muscle Shoals, AL",4,01,56100,23060,29530,39740,60290,83050
2025,22540,"Fond du Lac, WI",4,55,43900,28900,37010,50340,73980,100040
2025,22660,"Fort Collins-Loveland, CO",4,08,169430,34930,40010,55310,82010,124910
2025,22900,"Fort Smith, AR-OK",4,05,95560,26310,30820,39560,58080,81220
2025,23060,"Fort Wayne, IN",4,18,225520,29140,36350,47700,70820,97710
2025,23420,"Fresno, CA",4,06,476890,34320,36330,46910,74170,116100
2025,23460,"Gadsden, AL",4,01,33220,22690,28480,36660,56950,78300
2025,23540,"Gainesville, FL",4,12,152670,29750,35730,47020,69940,98720
2025,23580,"Gainesville, GA",4,13,103870,28740,35970,45900,65740,100880
2025,23900,"Gettysburg, PA",4,42,31940,27930,35420,46610,64310,96410
2025,24020,"Glens Falls, NY",4,36,50130,33420,37600,49090,71050,103260
2025,24140,"Goldsboro, NC",4,37,40320,26470,32720,40570,57440,83170
2025,24220,"Grand Forks, ND-MN",4,38,52000,30110,37220,49760,73620,100010
2025,24260,"Grand Island, NE",4,31,39520,29520,36830,49410,63430,86360
2025,24300,"Grand Junction, CO",4,08,67170,33220,37590,48510,73380,102990
2025,24340,"Grand Rapids-Wyoming-Kentwood, MI",4,26,598260,30460,36960,47570,72000,101050
2025,24420,"Grants Pass, OR",4,41,30540,34750,39560,50730,62090,96580
2025,24500,"Great Falls, MT",4,30,36510,28480,35870,46510,65910,95700
2025,24540,"Greeley, CO",4,08,119540,35310,42530,55070,76410,108890
2025,24580,"Green Bay, WI",4,55,174550,30140,37680,49940,74730,101160
2025,24660,"Greensboro-High Point, NC",4,37,365410,28410,35370,46570,65610,100560
2025,24780,"Greenville, NC",4,37,80770,27380,34590,46560,70620,101900
2025,24860,"Greenville-Anderson-Greer, SC",4,45,434900,27620,34930,46580,69430,101630
2025,25060,"Gulfport-Biloxi, MS",4,28,158310,23360,29840,43470,63330,92880
2025,25180,"Hagerstown-Martinsburg, MD-WV",4,24,107170,31200,35680,47440,70560,102120
2025,25220,"Hammond, LA",4,22,47820,21620,28170,38480,59430,82750
2025,25260,"Hanford-Corcoran, CA",4,06,48820,34390,36720,48470,76770,113660
2025,25420,"Harrisburg-Carlisle, PA",4,42,335010,28880,37090,49610,77200,105780
2025,25500,"Harrisonburg, VA",4,51,65460,29220,35820,46110,65410,96300
2025,25540,"Hartford-West Hartford-East Hartford, CT",4,09,599770,35330,40590,59940,96550,134990
2025,25620,"Hattiesburg, MS",4,28,62230,22620,28690,37750,58600,80510
2025,25740,"Helena, MT",4,30,44420,30420,38220,55040,79740,106200
2025,25860,"Hickory-Lenoir-Morganton, NC",4,37,154090,28020,35080,45220,60650,85830
2025,25940,"Hilton Head Island-Bluffton-Port Royal, SC",4,45,81920,25940,33440,43850,63500,94650
2025,25980,"Hinesville, GA",4,13,20330,26230,33290,46670,64100,89730
2025,26140,"Homosassa Springs, FL",4,12,35580,28040,32710,41360,60130,91560
2025,26300,"Hot Springs, AR",4,05,38600,23940,28780,36540,54540,80270
2025,26380,"Houma-Bayou Cane-Thibodaux, LA",4,22,83440,22620,30140,45610,63700,98670
2025,26420,"Houston-Pasadena-The Woodlands, TX",4,48,3289720,27380,35640,49410,79260,128040
2025,26580,"Huntington-Ashland, WV-KY-OH",4,54,140740,25280,31200,44600,64120,95750
2025,26620,"Huntsville, AL",4,01,266650,28370,36190,51740,89810,139120
2025,26820,"Idaho Falls, ID",4,16,81840,28610,35320,46800,74740,107070
2025,26900,"Indianapolis-Carmel-Greenwood, IN",4,18,1105170,29790,37200,49340,77110,107270
2025,26980,"Iowa City, IA",4,19,93760,28870,36440,50060,77220,108520
2025,27060,"Ithaca, NY",4,36,47980,35260,40340,58130,83800,130960
2025,27100,"Jackson, MI",4,26,55930,29530,36120,47760,74080,105110
2025,27140,"Jackson, MS",4,28,270730,23130,30390,42850,63140,92070
2025,27180,"Jackson, TN",4,47,84530,27560,34270,44790,60960,83220
2025,27260,"Jacksonville, FL",4,12,765930,30160,36860,48830,77600,115340
2025,27340,"Jacksonville, NC",4,37,52570,23990,29980,40230,59540,89380
2025,27500,"Janesville-Beloit, WI",4,55,69870,29340,36950,48390,73010,99780
2025,27620,"Jefferson City, MO",4,29,80220,29400,36620,48030,68620,96890
2025,27740,"Johnson City, TN",4,47,81690,26430,31950,43480,61610,95170
2025,27780,"Johnstown, PA",4,42,47810,25420,31510,44110,62730,89710
2025,27860,"Jonesboro, AR",4,05,60620,26880,30710,42240,60120,84990
2025,27900,"Joplin, MO-KS",4,29,87190,28650,34140,44980,60770,84610
2025,27980,"Kahului-Wailuku, HI",4,15,73750,36430,44370,57640,79030,115570
2025,28020,"Kalamazoo-Portage, MI",4,26,121790,30260,36810,48510,75230,103930
2025,28100,"Kankakee, IL",4,17,42340,31200,35290,45830,65680,97310
2025,28140,"Kansas City, MO-KS",4,29,1096110,30510,37600,50820,78900,117800
2025,28420,"Kennewick-Richland, WA",4,53,129490,36890,43650,57290,91550,128690
2025,28450,"Kenosha, WI",4,55,75450,29750,37310,48310,66760,98290
2025,28660,"Killeen-Temple, TX",4,48,150580,26320,33700,46660,71840,104800
2025,28700,"Kingsport-Bristol, TN-VA",4,47,119560,27410,34070,45240,63910,96090
2025,28740,"Kingston, NY",4,36,59140,34430,37750,50020,75140,105580
2025,28880,"Kiryas Joel-Poughkeepsie-Newburgh, NY",4,36,268970,34890,38470,50990,78410,118360
2025,28940,"Knoxville, TN",4,47,424600,28210,35370,47080,68890,101680
2025,29020,"Kokomo, IN",4,18,35500,28670,35720,48980,75930,96510
2025,29100,"La Crosse-Onalaska, WI-MN",4,55,84380,29360,36920,48260,74300,101130
2025,29180,"Lafayette, LA",4,22,179570,22020,29130,41780,61300,91330
2025,29200,"Lafayette-West Lafayette, IN",4,18,102200,28810,36220,48780,71860,99750
2025,29340,"Lake Charles, LA",4,22,101690,22550,30440,45700,69490,103450
2025,29420,"Lake Havasu City-Kingman, AZ",4,04,56490,31060,35190,44230,60730,92680
2025,29460,"Lakeland-Winter Haven, FL",4,12,265280,29410,35430,46140,62610,95340
2025,29540,"Lancaster, PA",4,42,252230,28570,36580,48210,70230,99530
2025,29620,"Lansing-East Lansing, MI",4,26,217180,30200,37440,52800,79550,108460
2025,29700,"Laredo, TX",4,48,109370,22360,27290,37250,59560,87220
2025,29740,"Las Cruces, NM",4,35,80000,27450,31260,42070,64320,97010
2025,29820,"Las Vegas-Henderson-North Las Vegas, NV",4,32,1136960,27890,35490,46670,70350,104400
2025,29940,"Lawrence, KS",4,20,51750,28140,34790,47390,70820,107050
2025,30020,"Lawton, OK",4,40,42810,23910,30530,42090,61240,91560
2025,30140,"Lebanon, PA",4,42,53710,28830,36320,46500,65010,95940
2025,30300,"Lewiston, ID-WA",4,16,28680,32470,37240,48300,66690,98510
2025,30340,"Lewiston-Auburn, ME",4,23,47660,35030,39050,49540,70200,98280
2025,30460,"Lexington-Fayette, KY",4,21,286910,28820,36260,48620,75360,103390
2025,30500,"Lexington Park, MD",4,24,70650,33200,39660,63990,111530,156750
2025,30620,"Lima, OH",4,39,49950,27970,35530,47170,72610,97350
2025,30700,"Lincoln, NE",4,31,182620,30050,37290,49800,76340,103050
2025,30780,"Little Rock-North Little Rock-Conway, AR",4,05,358210,27520,33370,45790,64840,99090
2025,30860,"Logan, UT-ID",4,49,66800,28930,35860,46360,66080,100890
2025,30980,"Longview, TX",4,48,118060,25750,32330,45150,63280,98090
2025,31020,"Longview-Kelso, WA",4,53,41070,37000,44970,57420,79000,113890
2025,31080,"Los Angeles-Long Beach-Anaheim, CA",4,06,6271560,35870,39320,55850,93740,141370
2025,31140,"Louisville/Jefferson County, KY-IN",4,21,685190,29410,36960,48370,72040,101860
2025,31180,"Lubbock, TX",4,48,166780,23380,29910,42130,63510,95770
2025,31340,"Lynchburg, VA",4,51,97190,28130,34160,46190,66840,98320
2025,31420,"Macon-Bibb County, GA",4,13,95030,25990,33110,45160,65850,98810
2025,31540,"Madison, WI",4,55,408070,32590,40990,58080,84110,124370
2025,31700,"Manchester-Nashua, NH",4,33,199560,32080,39400,56530,83200,131800
2025,31740,"Manhattan, KS",4,20,53500,27160,33040,45900,66480,99390
2025,31860,"Mankato, MN",4,27,56180,30460,37500,49530,73640,101670
2025,31900,"Mansfield, OH",4,39,48770,27390,34220,44700,62680,90210
2025,32580,"McAllen-Edinburg-Mission, TX",4,48,296700,22470,26020,35830,57300,82050
2025,32780,"Medford, OR",4,41,89060,34470,39440,49900,72100,107000
2025,32820,"Memphis, TN-MS-AR",4,47,611670,28880,36020,46890,70400,100640
2025,32900,"Merced, CA",4,06,79510,34320,36870,47220,71210,106690
2025,33100,"Miami-Fort Lauderdale-West Palm Beach, FL",4,12,2819940,30140,36480,48640,77570,122530
2025,33140,"Michigan City-La Porte, IN",4,18,40840,28070,35170,45540,62360,91730
2025,33220,"Midland, MI",4,26,37300,29560,36840,49340,81290,127040
2025,33260,"Midland, TX",4,48,122180,29360,38200,54480,80410,130140
2025,33340,"Milwaukee-Waukesha, WI",4,55,820780,30010,37940,51160,79440,114320
2025,33460,"Minneapolis-St. Paul-Bloomington, MN-WI",4,27,1951650,34940,41830,59320,90120,131060
2025,33500,"Minot, ND",4,38,33260,29690,36590,48940,70100,97060
2025,33540,"Missoula, MT",4,30,67070,29630,36920,47830,70750,99580
2025,33660,"Mobile, AL",4,01,172550,26770,33220,47000,68390,99320
2025,33700,"Modesto, CA",4,06,195230,35530,39070,50610,77510,123810
2025,33740,"Monroe, LA",4,22,87500,21520,28170,38150,58380,83040
2025,33780,"Monroe, MI",4,26,40740,28970,35390,46240,66820,100230
2025,33860,"Montgomery, AL",4,01,165550,25600,31240,44950,64370,97960
2025,34060,"Morgantown, WV",4,54,67370,27180,34230,47350,74660,105170
2025,34100,"Morristown, TN",4,47,47290,27150,33630,44280,60480,80240
2025,34580,"Mount Vernon-Anacortes, WA",4,53,52600,37630,45020,59590,85180,125360
2025,34620,"Muncie, IN",4,18,44740,27410,34100,44110,62310,91410
2025,34740,"Muskegon-Norton Shores, MI",4,26,62340,28590,35080,46060,64150,94000
2025,34820,"Myrtle Beach-Conway-North Myrtle Beach, SC",4,45,146260,22530,29380,37930,58650,83510
2025,34900,"Napa, CA",4,06,77860,37480,43120,55210,81660,129550
2025,34940,"Naples-Marco Island, FL",4,12,173880,31330,37350,47800,71430,106300
2025,34980,"Nashville-Davidson--Murfreesboro--Franklin, TN",4,47,1099300,30060,37630,50390,77810,113970
2025,35300,"New Haven, CT",4,09,281410,35580,41150,60060,92150,132000
2025,35380,"New Orleans-Metairie, LA",4,22,445550,23690,31690,47290,74860,106950
2025,35620,"New York-Newark-Jersey City, NY-NJ",4,36,9492000,36130,42560,61430,103500,166080
2025,35660,"Niles, MI",4,26,59970,29020,35260,45980,66230,102130
2025,35840,"North Port-Bradenton-Sarasota, FL",4,12,339940,30420,36700,47440,70340,104280
2025,35980,"Norwich-New London-Willimantic, CT",4,09,126450,34630,38210,57370,86900,128410
2025,36100,"Ocala, FL",4,12,120980,28560,34440,43990,60350,91170
2025,36220,"Odessa, TX",4,48,80910,28130,36250,48590,71990,101950
2025,36260,"Ogden, UT",4,49,271370,29360,36970,48900,76380,107520
2025,36420,"Oklahoma City, OK",4,40,677680,26830,34600,47230,73500,104460
2025,36500,"Olympia-Lacey-Tumwater, WA",4,53,130300,37300,45720,61960,95640,126040
2025,36540,"Omaha, NE-IA",4,31,498100,30670,37740,49660,76860,107410
2025,36740,"Orlando-Kissimmee-Sanford, FL",4,12,1411730,29820,35800,46630,71170,106490
2025,36780,"Oshkosh-Neenah, WI",4,55,93750,30290,38470,54060,76780,102200
2025,36980,"Owensboro, KY",4,21,49450,27080,33070,44960,63340,86280
2025,37100,"Oxnard-Thousand Oaks-Ventura, CA",4,06,323890,35510,39380,52510,82200,131080
2025,37140,"Paducah, KY-IL",4,21,50270,27470,33280,45860,66650,97770
2025,37340,"Palm Bay-Melbourne-Titusville, FL",4,12,245170,29820,36310,49030,79100,127710
2025,37460,"Panama City-Panama City Beach, FL",4,12,90610,28620,34280,45030,64120,98950
2025,37620,"Parkersburg-Vienna, WV",4,54,36280,24250,30010,42000,63230,97620
2025,37860,"Pensacola-Ferry Pass-Brent, FL",4,12,190480,28960,35010,46240,66040,98810
2025,37900,"Peoria, IL",4,17,166020,31200,36560,49590,79630,124760
2025,37980,"Philadelphia-Camden-Wilmington, PA-NJ-DE-MD",4,42,2897830,31200,37440,54310,84780,130280
2025,38060,"Phoenix-Mesa-Chandler, AZ",4,04,2375760,34800,38780,51380,79220,125130
2025,38240,"Pinehurst-Southern Pines, NC",4,37,42900,26900,31210,42920,62150,97900
2025,38300,"Pittsburgh, PA",4,42,1114490,28500,36630,49650,77830,115400
2025,38340,"Pittsfield, MA",4,25,56810,34680,39060,51860,78850,119510
2025,38540,"Pocatello, ID",4,16,38290,28020,34570,45160,62020,92310
2025,38860,"Portland-South Portland, ME",4,23,288480,36100,43350,56960,79880,112760
2025,38900,"Portland-Vancouver-Hillsboro, OR-WA",4,41,1208410,37200,45320,60690,95640,136920
2025,38940,"Port St. Lucie, FL",4,12,170820,29660,35730,46490,65380,100050
2025,39150,"Prescott Valley-Prescott, AZ",4,04,72300,32400,36570,46330,64640,97370
2025,39300,"Providence-Warwick, RI-MA",4,44,714120,33360,38800,53680,81840,121980
2025,39340,"Provo-Orem-Lehi, UT",4,49,304660,29320,36410,48010,76530,119490
2025,39380,"Pueblo, CO",4,08,61780,33000,37460,48940,74470,101730
2025,39460,"Punta Gorda, FL",4,12,57530,29490,35670,45500,62170,95670
2025,39540,"Racine-Mount Pleasant, WI",4,55,76280,29120,36910,48870,72090,99370
2025,39580,"Raleigh-Cary, NC",4,37,743120,29540,37430,51990,82000,132530
2025,39660,"Rapid City, SD",4,46,73820,29100,34920,46270,64780,97660
2025,39740,"Reading, PA",4,42,174670,28850,36940,49440,70720,100750
2025,39820,"Redding, CA",4,06,71550,34320,37200,48920,76340,120000
2025,39900,"Reno, NV",4,32,275680,30080,38010,49660,76670,108420
2025,40060,"Richmond, VA",4,51,660350,30030,37290,51460,80120,124670
2025,40140,"Riverside-San Bernardino-Ontario, CA",4,06,1716760,34850,38430,48400,75210,119360
2025,40220,"Roanoke, VA",4,51,153980,28780,35700,47140,68640,100390
2025,40340,"Rochester, MN",4,27,122980,34060,42040,60620,92800,130710
2025,40380,"Rochester, NY",4,36,494280,34020,38010,51210,78760,112380
2025,40420,"Rockford, IL",4,17,137650,31200,36260,47120,74000,101100
2025,40580,"Rocky Mount, NC",4,37,54630,26070,32610,43960,61370,92310
2025,40660,"Rome, GA",4,13,44900,26890,32170,42670,62980,96640
2025,40900,"Sacramento-Roseville-Folsom, CA",4,06,1080590,35880,42450,59750,95620,138400
2025,40980,"Saginaw, MI",4,26,80000,28900,35140,46200,71580,100500
2025,41060,"St. Cloud, MN",4,27,103920,31310,38240,50840,75420,103890
2025,41100,"St. George, UT",4,49,90500,28450,35270,45140,62920,94830
2025,41140,"St. Joseph, MO-KS",4,29,54390,29550,36010,47350,65150,93870
2025,41180,"St. Louis, MO-IL",4,29,1341320,31200,37050,49990,78730,115090
2025,41420,"Salem, OR",4,41,188620,34830,40960,55310,79750,118380
2025,41500,"Salinas, CA",4,06,186430,35480,37350,47380,75790,119480
2025,41540,"Salisbury, MD",4,24,53770,31210,36270,48710,75830,104200
2025,41620,"Salt Lake City-Murray, UT",4,49,826210,31730,39050,55240,83050,129910
2025,41660,"San Angelo, TX",4,48,49770,23850,30570,43530,62810,94110
2025,41700,"San Antonio-New Braunfels, TX",4,48,1126880,27180,34950,47010,73810,108170
2025,41740,"San Diego-Chula Vista-Carlsbad, CA",4,06,1538060,36250,41740,58690,97410,152580
2025,41780,"Sandusky, OH",4,39,50100,27660,33570,44970,63940,93470
2025,41860,"San Francisco-Oakland-Fremont, CA",4,06,2373920,39260,47280,74260,128760,203570
2025,41940,"San Jose-Sunnyvale-Santa Clara, CA",4,06,1134970,41590,49800,84050,166940,224240
2025,42020,"San Luis Obispo-Paso Robles, CA",4,06,122020,35480,38570,50770,81370,128810
2025,42100,"Santa Cruz-Watsonville, CA",4,06,98500,36330,40040,54730,82920,132990
2025,42140,"Santa Fe, NM",4,35,61770,30780,36630,48710,75750,107200
2025,42200,"Santa Maria-Santa Barbara, CA",4,06,200760,35620,38840,51690,82590,131760
2025,42220,"Santa Rosa-Petaluma, CA",4,06,205260,37260,42660,56850,83220,132170
2025,42340,"Savannah, GA",4,13,198360,27740,34850,47240,71640,99800
2025,42540,"Scranton--Wilkes-Barre, PA",4,42,255620,28040,35550,46330,64550,95560
2025,42660,"Seattle-Tacoma-Bellevue, WA",4,53,2086210,42280,49160,72610,112650,167440
2025,42680,"Sebastian-Vero Beach-West Vero Corridor, FL",4,12,57620,29430,35480,45480,64560,100250
2025,42700,"Sebring, FL",4,12,28110,27960,32170,40400,59190,85690
2025,43100,"Sheboygan, WI",4,55,60630,31020,39070,51890,73600,102190
2025,43300,"Sherman-Denison, TX",4,48,52690,26640,32860,44610,63870,96850
2025,43340,"Shreveport-Bossier City, LA",4,22,162750,22570,30110,44820,65340,97010
2025,43420,"Sierra Vista-Douglas, AZ",4,04,33970,30760,35370,47050,77800,112730
2025,43580,"Sioux City, IA-NE-SD",4,19,75010,29280,36780,47030,63660,89120
2025,43620,"Sioux Falls, SD-MN",4,46,178590,30060,37340,47970,66620,98890
2025,43640,"Slidell-Mandeville-Covington, LA",4,22,98240,22930,29850,43710,63480,99620
2025,43780,"South Bend-Mishawaka, IN-MI",4,18,131670,28620,35560,46540,66560,98320
2025,43900,"Spartanburg, SC",4,45,165150,28050,35640,47650,71080,95800
2025,44060,"Spokane-Spokane Valley, WA",4,53,255820,36390,43160,54660,79090,116800
2025,44100,"Springfield, IL",4,17,100810,31250,37280,52670,82670,121560
2025,44140,"Springfield, MA",4,25,201240,34640,40220,51930,80190,112000
2025,44180,"Springfield, MO",4,29,223030,29290,35200,45780,63130,93930
2025,44220,"Springfield, OH",4,39,45860,27910,35220,45470,65150,91510
2025,44300,"State College, PA",4,42,68840,27680,35850,49220,77870,103350
2025,44420,"Staunton-Stuarts Draft, VA",4,51,51640,29170,36230,48040,64560,92980
2025,44700,"Stockton-Lodi, CA",4,06,289660,35290,39510,48990,75070,112020
2025,44940,"Sumter, SC",4,45,34560,24020,31330,42890,61580,93040
2025,45060,"Syracuse, NY",4,36,300130,34290,38760,52990,79140,112260
2025,45220,"Tallahassee, FL",4,12,186160,28880,34840,46520,68430,99980
2025,45300,"Tampa-St. Petersburg-Clearwater, FL",4,12,1447120,30190,36670,48940,77860,121920
2025,45460,"Terre Haute, IN",4,18,65120,26870,33440,44870,62710,88210
2025,45500,"Texarkana, TX-AR",4,48,57580,23930,29970,43200,61210,86260
2025,45780,"Toledo, OH",4,39,291530,28970,36480,48220,74310,99970
2025,45820,"Topeka, KS",4,20,115750,29090,36600,49540,74210,102540
2025,45900,"Traverse City, MI",4,26,68440,29950,36820,47470,66350,96880
2025,45940,"Trenton-Princeton, NJ",4,34,240190,35100,43300,63490,101630,152950
2025,46060,"Tucson, AZ",4,04,389630,32070,36610,47760,74110,107430
2025,46140,"Tulsa, OK",4,40,458730,27460,34970,46670,69520,103670
2025,46220,"Tuscaloosa, AL",4,01,108460,25340,31530,45220,63550,91050
2025,46300,"Twin Falls, ID",4,16,50300,28100,34770,45400,61190,87360
2025,46340,"Tyler, TX",4,48,115220,23980,30290,42650,62740,95410
2025,46520,"Urban Honolulu, HI",4,15,446380,33330,39710,57220,84590,127500
2025,46540,"Utica-Rome, NY",4,36,118390,32900,37030,48970,72890,101440
2025,46660,"Valdosta, GA",4,13,53890,23070,29460,39110,59180,83980
2025,46700,"Vallejo, CA",4,06,144130,36800,42870,58620,87250,134940
2025,47020,"Victoria, TX",4,48,38120,24510,30750,43050,62720,96300
2025,47220,"Vineland, NJ",4,34,62300,32220,36330,48190,73830,106120
2025,47260,"Virginia Beach-Chesapeake-Norfolk, VA-NC",4,51,763060,29110,36280,49430,78160,111530
2025,47300,"Visalia, CA",4,06,171140,34320,35450,45130,63790,101310
2025,47380,"Waco, TX",4,48,129860,27020,34050,46020,67060,101300
2025,47460,"Walla Walla, WA",4,53,25920,35960,43080,53100,79460,111970
2025,47580,"Warner Robins, GA",4,13,76050,26610,33370,48600,76750,105780
2025,47900,"Washington-Arlington-Alexandria, DC-VA-MD-WV",4,11,3136190,36260,44990,71060,121680,174600
2025,47930,"Waterbury-Shelton, CT",4,09,160710,34660,38100,51440,80680,119140
2025,47940,"Waterloo-Cedar Falls, IA",4,19,84260,28430,36020,47430,63660,92590
2025,48060,"Watertown-Fort Drum, NY",4,36,39330,32240,36040,47600,68660,99610
2025,48140,"Wausau, WI",4,55,69530,29950,37640,48790,69860,96610
2025,48260,"Weirton-Steubenville, WV-OH",4,54,36220,26190,33040,45840,65060,91490
2025,48300,"Wenatchee-East Wenatchee, WA",4,53,51220,36110,39790,49290,76140,109840
2025,48540,"Wheeling, WV-OH",4,54,58130,26250,31530,44250,64530,93680
2025,48620,"Wichita, KS",4,20,308570,27860,35160,47630,70740,99380
2025,48660,"Wichita Falls, TX",4,48,55550,23920,30360,43210,61950,91000
2025,48680,"Wildwood-The Villages, FL",4,12,41300,29480,35580,45830,65900,98470
2025,48700,"Williamsport, PA",4,42,49510,27300,34590,46050,65510,96550
2025,48900,"Wilmington, NC",4,37,191280,27560,34160,45800,66270,103120
2025,49020,"Winchester, VA-WV",4,51,67740,29210,36070,47070,70090,105040
2025,49180,"Winston-Salem, NC",4,37,271980,28140,35190,46380,67940,101490
2025,49340,"Worcester, MA",4,25,349880,35270,41000,57830,87870,127400
2025,49420,"Yakima, WA",4,53,97010,35680,39020,47810,67710,101940
2025,49620,"York-Hanover, PA",4,42,183590,28950,36830,48170,72800,102440
2025,49660,"Youngstown-Warren, OH",4,39,160160,27020,32920,43800,62360,89960
2025,49700,"Yuba City, CA",4,06,51090,34620,38170,49970,76740,120190
2025,49740,"Yuma, AZ",4,04,68880,30780,34680,44170,63140,94650
2025,0100001,Northwest Alabama nonmetropolitan area,6,01,67570,23570,30750,41000,56130,76700
2025,0100002,Northeast Alabama nonmetropolitan area,6,01,152620,23190,29620,38960,59010,77840
2025,0100003,Southwest Alabama nonmetropolitan area,6,01,64550,23650,29790,42800,62090,86420
2025,0100004,Southeast Alabama nonmetropolitan area,6,01,83750,23390,29400,40210,62130,94970
2025,0200006,Alaska nonmetropolitan area,6,02,108770,34920,44150,61660,91950,128290
2025,0400001,Arizona nonmetropolitan area,6,04,97520,31230,35880,47050,66600,99040
2025,0500001,North Arkansas nonmetropolitan area,6,05,119300,25290,29850,38010,54050,77510
2025,0500002,East Arkansas nonmetropolitan area,6,05,68080,26000,30480,39720,53910,75890
2025,0500003,West Arkansas nonmetropolitan area,6,05,85640,25510,30060,38940,55940,76880
2025,0500004,South Arkansas nonmetropolitan area,6,05,117350,25880,30550,39770,57980,81940
2025,0600003,North Coast Region of California nonmetropolitan area,6,06,109630,34910,37900,49350,75990,112420
2025,0600006,Eastern Sierra-Mother Lode Region of California nonmetropolitan area,6,06,63160,35560,38980,51760,78730,115860
2025,0600007,North Valley-Northern Mountains Region of California nonmetropolitan area,6,06,104500,35580,39500,52270,77130,112510
2025,0800001,Eastern and Southern Colorado nonmetropolitan area,6,08,70160,33120,37710,48840,65630,96470
2025,0800002,Southwest Colorado nonmetropolitan area,6,08,108360,33820,38560,50170,73510,101900
2025,0800003,Northwest Colorado nonmetropolitan area,6,08,132270,35250,42780,54080,77250,108280
2025,0900001,Connecticut nonmetropolitan area,6,09,66740,34880,38220,50200,75520,104140
2025,1000005,Sussex Delaware nonmetropolitan area,6,10,97540,31200,35500,44190,63370,97270
2025,1200003,South Florida nonmetropolitan area,6,12,87670,29580,35270,45490,61900,92840
2025,1200006,North Florida nonmetropolitan area,6,12,112790,29590,35420,46120,61530,88450
2025,1300001,North Georgia nonmetropolitan area,6,13,187640,26120,32570,41600,58470,80960
2025,1300002,Middle Georgia nonmetropolitan area,6,13,138760,24670,31050,42390,61370,85770
2025,1300003,East Georgia nonmetropolitan area,6,13,88380,23540,30020,41280,60200,82940
2025,1300004,South Georgia nonmetropolitan area,6,13,192170,23820,30720,41940,61480,86920
2025,1500001,Hawaii / Kauai nonmetropolitan area,6,15,105290,34290,40070,51820,73150,104960
2025,1600006,Northwestern Idaho nonmetropolitan area,6,16,75240,28370,35670,46540,64190,96010
2025,1600007,Southeast-Central Idaho nonmetropolitan area,6,16,96470,28090,35300,46660,63140,93270
2025,1700001,Northwest Illinois nonmetropolitan area,6,17,126860,31200,35740,47010,67190,98740
2025,1700002,West Central Illinois nonmetropolitan area,6,17,169470,31200,35360,46220,63400,93590
2025,1700003,East Central Illinois nonmetropolitan area,6,17,143050,31200,35820,46570,64330,97310
2025,1700004,South Illinois nonmetropolitan area,6,17,141200,31200,35460,46810,67120,97630
2025,1800001,Northern Indiana nonmetropolitan area,6,18,210320,28350,35670,46060,61220,83140
2025,1800002,Central Indiana nonmetropolitan area,6,18,161570,28240,35470,45930,61740,84030
2025,1800003,Southern Indiana nonmetropolitan area,6,18,196540,28440,35710,46330,64280,93660
2025,1900001,Northeast Iowa nonmetropolitan area,6,19,99370,28190,35730,46970,62370,84840
2025,1900002,Northwest Iowa nonmetropolitan area,6,19,145960,28380,36040,47020,62340,83410
2025,1900003,Southwest Iowa nonmetropolitan area,6,19,73240,27820,35570,46670,61840,83160
2025,1900004,Southeast Iowa nonmetropolitan area,6,19,200390,28060,35900,47190,62350,84880
2025,2000006,Kansas nonmetropolitan area,6,20,374010,27140,33200,44710,59840,82500
2025,2100001,West Kentucky nonmetropolitan area,6,21,128740,26260,32130,43870,61690,83660
2025,2100002,South Central Kentucky nonmetropolitan area,6,21,172150,25740,31150,42150,59200,79560
2025,2100003,Central Kentucky nonmetropolitan area,6,21,172720,26600,33030,45290,63180,91640
2025,2100004,East Kentucky nonmetropolitan area,6,21,91910,23480,29630,39990,59960,80590
2025,2200002,Central Louisiana nonmetropolitan area,6,22,77790,21590,28310,39410,58990,82330
2025,2200003,Northeast Louisiana nonmetropolitan area,6,22,62470,21430,27730,37960,58880,82510
2025,2200006,Southwest Louisiana nonmetropolitan area,6,22,80130,21770,28740,40550,59730,83740
2025,2300001,Northeast Maine nonmetropolitan area,6,23,62870,33790,37810,47600,64880,93450
2025,2300002,Southwest Maine nonmetropolitan area,6,23,142140,34430,38800,49000,71110,98860
2025,2400006,Maryland nonmetropolitan area,6,24,113180,31750,35920,46120,67490,99040
2025,2500001,Massachusetts nonmetropolitan area,6,25,41360,36530,43180,58240,81170,111740
2025,2600001,Upper Peninsula of Michigan nonmetropolitan area,6,26,111890,29020,35480,46760,66910,95220
2025,2600002,Northern Michigan nonmetropolitan area,6,26,117550,28720,34880,44750,61230,84910
2025,2600003,Mid Michigan nonmetropolitan area,6,26,152580,28850,35410,45410,63350,92560
2025,2600004,Southern Michigan nonmetropolitan area,6,26,134800,29320,36030,47160,64710,96350
2025,2700001,Northwest Minnesota nonmetropolitan area,6,27,193040,29890,37210,48140,66720,95870
2025,2700002,Northeast Minnesota nonmetropolitan area,6,27,43950,29020,36040,47590,68380,94960
2025,2700003,Southwest Minnesota nonmetropolitan area,6,27,117590,30360,37290,47880,65190,93770
2025,2700004,Southeast Minnesota nonmetropolitan area,6,27,154300,30250,37010,48390,69490,98530
2025,2800005,West Delta Mississippi nonmetropolitan area,6,28,92300,22030,27950,36840,51320,76410
2025,2800006,Upper East Mississippi nonmetropolitan area,6,28,214300,22630,29660,39350,58820,80590
2025,2800007,Lower West Mississippi nonmetropolitan area,6,28,79940,22160,28450,38400,58990,86930
2025,2800008,Lower East Mississippi nonmetropolitan area,6,28,123590,22240,28490,38000,54830,76980
2025,2900001,Central Missouri nonmetropolitan area,6,29,154880,28600,33290,41380,57840,81660
2025,2900002,North Missouri nonmetropolitan area,6,29,106300,28600,33670,42760,57190,79290
2025,2900003,Southeast Missouri nonmetropolitan area,6,29,164560,28600,31760,39990,56310,78850
2025,2900004,Southwest Missouri nonmetropolitan area,6,29,79560,28600,31200,39050,53590,77070
2025,3000003,Southwest Montana nonmetropolitan area,6,30,39080,28300,35740,46780,64000,92810
2025,3000004,West Montana nonmetropolitan area,6,30,84190,28680,36450,47150,64220,93150
2025,3000006,East-Central Montana nonmetropolitan area,6,30,60160,28430,36060,47070,65380,93290
2025,3100001,Northwest Nebraska nonmetropolitan area,6,31,39140,28600,34490,45120,62040,86170
2025,3100003,Northeast Nebraska nonmetropolitan area,6,31,95890,29540,36980,47230,62590,87320
2025,3100006,South Nebraska nonmetropolitan area,6,31,155110,29310,35810,46490,62430,88450
2025,3200006,Balance of Nevada nonmetropolitan area,6,32,89710,28150,36940,52300,81470,106110
2025,3300001,Northern New Hampshire nonmetropolitan area,6,33,84300,31610,38530,51050,77670,110080
2025,3300002,Central New Hampshire nonmetropolitan area,6,33,100420,31530,38310,51500,76610,103390
2025,3300006,Southwestern New Hampshire nonmetropolitan area,6,33,44610,31460,37860,49180,67990,98970
2025,3500006,Northern New Mexico nonmetropolitan area,6,35,84350,28150,35130,49230,90930,157710
2025,3500007,Eastern New Mexico nonmetropolitan area,6,35,166560,27940,33340,45200,65230,97600
2025,3600001,Capital/Northern New York nonmetropolitan area,6,36,139340,34160,37950,49710,71620,98670
2025,3600004,Southwest New York nonmetropolitan area,6,36,177340,33400,37010,48280,67340,96500
2025,3600006,Central East New York nonmetropolitan area,6,36,159160,33740,37530,48280,68640,98970
2025,3700001,Eastern North Carolina nonmetropolitan area,6,37,264470,26470,32180,42560,60620,88040
2025,3700002,Central North Carolina nonmetropolitan area,6,37,238010,26550,32580,42140,58050,80990
2025,3700003,Western North Carolina nonmetropolitan area,6,37,253210,27140,33250,42990,59750,84340
2025,3800006,West North Dakota nonmetropolitan area,6,38,87340,33490,42800,59560,78330,108460
2025,3800007,East North Dakota nonmetropolitan area,6,38,63460,31010,38110,49980,68990,95320
2025,3900001,West Northwestern Ohio nonmetropolitan area,6,39,249750,28580,36380,47670,65930,93510
2025,3900002,North Northeastern Ohio nonmetropolitan area (noncontiguous),6,39,247110,28360,35500,46670,63650,90680
2025,3900003,Eastern Ohio nonmetropolitan area,6,39,136500,27790,35300,46670,65630,94640
2025,3900004,Southern Ohio nonmetropolitan area,6,39,163220,27910,34990,46530,69280,96780
2025,4000001,Northeast Oklahoma nonmetropolitan area,6,40,117790,23220,29880,40530,60570,90470
2025,4000002,Northwest Oklahoma nonmetropolitan area,6,40,97670,23360,30270,43680,59990,88810
2025,4000003,Southwest Oklahoma nonmetropolitan area,6,40,62090,22960,29560,41410,60120,88710
2025,4000004,Southeast Oklahoma nonmetropolitan area,6,40,186460,22940,29860,39400,56770,79970
2025,4100006,Coast Oregon nonmetropolitan area,6,41,114190,31970,37280,47120,64320,97320
2025,4100007,Central Oregon nonmetropolitan area,6,41,50170,31940,37360,48050,69360,102750
2025,4100008,Eastern Oregon nonmetropolitan area,6,41,73720,31500,37350,48570,70390,99150
2025,4200001,Northwestern Pennsylvania nonmetropolitan area,6,42,149200,27220,34470,45690,62180,87450
2025,4200002,Northeastern Pennsylvania nonmetropolitan area,6,42,129300,27190,33980,45230,63400,93900
2025,4200003,Central Pennsylvania nonmetropolitan area,6,42,187680,27750,35530,46510,63310,92260
2025,4200004,Southwestern Pennsylvania nonmetropolitan area,6,42,140370,27550,34810,46600,64530,92020
2025,4500003,Northwestern South Carolina nonmetropolitan area,6,45,93600,25550,32040,43830,61490,92040
2025,4500005,Southern South Carolina nonmetropolitan area,6,45,52280,23210,30020,42030,60510,85770
2025,4500007,Northeastern South Carolina nonmetropolitan area,6,45,77040,22790,29870,39830,58950,80670
2025,4600002,East South Dakota nonmetropolitan area,6,46,133090,28870,35840,46520,61650,86300
2025,4600003,West South Dakota nonmetropolitan area,6,46,62880,28320,33580,45530,61010,86260
2025,4700001,West Tennessee nonmetropolitan area,6,47,117280,26480,32940,44020,59440,80220
2025,4700002,South Central Tennessee nonmetropolitan area,6,47,110080,26990,33640,44320,60400,82470
2025,4700003,North Central Tennessee nonmetropolitan area,6,47,114970,26510,31220,39930,58760,80490
2025,4700004,East Tennessee nonmetropolitan area,6,47,140860,24660,30470,39230,54910,77440
2025,4800001,Northwestern Region of Texas nonmetropolitan area,6,48,189010,26510,34150,46480,64140,97560
2025,4800002,North Region of Texas nonmetropolitan area,6,48,275670,24190,30980,44180,61310,90110
2025,4800003,Eastern Region of Texas nonmetropolitan area,6,48,114760,23230,30270,42690,61370,91140
2025,4800004,Hill Country Region of Texas nonmetropolitan area,6,48,200870,24920,31740,45000,61250,91770
2025,4800005,Border Region of Texas nonmetropolitan area,6,48,46910,23150,29990,44640,62900,96070
2025,4800006,Coastal Plains Region of Texas nonmetropolitan area,6,48,149390,23220,29970,44850,63430,99590
2025,4900010,Wasatch Front Fringe Utah nonmetropolitan area,6,49,67750,29130,36940,48770,71760,101120
2025,4900011,High Desert Utah nonmetropolitan area,6,49,111260,28420,35830,47420,67090,97130
2025,5000001,Southern Vermont nonmetropolitan area,6,50,85210,35090,40240,50950,75620,103440
2025,5000002,Northern Vermont nonmetropolitan area,6,50,89440,35750,43280,56100,77340,105040
2025,5100001,Southwest Virginia nonmetropolitan area,6,51,116480,27980,33120,44440,60610,85610
2025,5100002,Southside Virginia nonmetropolitan area,6,51,103030,28420,33870,45510,61070,89970
2025,5100003,Northeast Virginia nonmetropolitan area,6,51,57660,28930,35000,47010,77580,131460
2025,5100004,Northwest Virginia nonmetropolitan area,6,51,65220,28720,34990,46320,63940,94790
2025,5300006,Western Washington nonmetropolitan area,6,53,129880,36760,43130,54360,77440,108660
2025,5300007,Eastern Washington nonmetropolitan area,6,53,108720,36590,42160,53470,78170,113500
2025,5400001,Southern West Virginia nonmetropolitan area,6,54,75980,23420,29720,40840,59820,83110
2025,5400002,Northern West Virginia nonmetropolitan area,6,54,145750,24960,30640,43540,61540,91850
2025,5500001,Northwestern Wisconsin nonmetropolitan area,6,55,48350,28750,36140,46880,62210,87070
2025,5500002,Northeastern Wisconsin nonmetropolitan area,6,55,196170,28650,36230,47510,64080,94660
2025,5500003,South Central Wisconsin nonmetropolitan area,6,55,210950,28770,36160,47110,63640,91990
2025,5500004,Western Wisconsin nonmetropolitan area,6,55,127550,29260,36850,47910,64110,91590
2025,5600006,Western Wyoming nonmetropolitan area,6,56,101180,28590,37010,49920,74060,104730
2025,5600007,Eastern Wyoming nonmetropolitan area,6,56,85400,28720,37010,50340,74820,102490
