year,code,name,kind,state,idx,own_mort,own_free,rent
2015,1001,Alabama Metro,state_metro,01,0.658563536,21459.009006682398,18745.955587532575,21232.985408861023
2015,1002,Alabama Nonmetro,state_nonmetro,01,0.607734807,20793.42459048255,18290.41499779266,20585.41042460554
2015,2001,Alaska Metro,state_metro,02,1.245303867,29142.168282011553,24004.478506882624,28708.253197071583
2015,2002,Alaska Nonmetro,state_nonmetro,02,1.180110497,28288.48391954105,23420.198183506203,27877.667888686
2015,4001,Arizona Metro,state_metro,04,0.891712707,24512.01579871755,20835.50047571406,24203.38371922414
2015,4002,Arizona Nonmetro,state_nonmetro,04,0.71160221,22153.5318791765,19221.30229220786,21908.71583053814
2015,5001,Arkansas Metro,state_metro,05,0.718232044,22240.3472349646,19280.720628051702,21993.182130062698
2015,5002,Arkansas Nonmetro,state_nonmetro,05,0.624309392,21010.4629799528,18438.960837402272,20796.57617341693
2015,6001,California Metro,state_metro,06,0.906077348,24700.115744988198,20964.240209350566,24386.39404335423
2015,6002,California Nonmetro,state_nonmetro,06,0.985635359,25741.90005372935,21677.26026636349,25399.989675869903
2015,8001,Colorado Metro,state_metro,08,0.848618785,23947.71597300025,20449.28128376681,23654.352759574187
2015,8002,Colorado Nonmetro,state_nonmetro,08,0.887292818,24454.1388992237,20795.888254805588,24147.072857121213
2015,9002,Connecticut Nonmetro,state_nonmetro,09,1.118232044,27478.207234964597,22865.627028051706,27089.31573006269
2015,10180,"Abilene, TX MSA",metro,,0.864088398,24150.285140870703,20587.924070389865,23851.44079604493
2015,10420,"Akron, OH MSA",metro,,0.857458564,24063.4697850826,20528.505734546023,23766.974496520375
2015,10500,"Albany, GA MSA",metro,,0.739226519,22515.26253702335,19468.87869753205,22260.658753717347
2015,10580,"Albany-Schenectady-Troy, NY MSA",metro,,1.051933702,26610.0536508943,22271.443651688725,26244.652709336464
2015,10740,"Albuquerque, NM MSA",metro,,0.891712707,24512.01579871755,20835.50047571406,24203.38371922414
2015,10900,"Allentown-Bethlehem-Easton, PA-NJ MSA",metro,,1.060773481,26725.80746297665,22350.668102467946,26357.274446282652
2015,11020,"Altoona, PA MSA",metro,,0.754696133,22717.83171798845,19607.521493117376,22457.746802928425
2015,11100,"Amarillo, TX MSA",metro,,0.857458564,24063.4697850826,20528.505734546023,23766.974496520375
2015,11460,"Ann Arbor, MI MSA",metro,,1.081767956,27000.7227650354,22538.826171948298,26624.7510699373
2015,11500,"Anniston-Oxford-Jacksonville, AL MSA",metro,,0.660773481,21487.947462976652,18765.761702467946,21261.140846282655
2015,11540,"Appleton, WI MSA",metro,,0.808839779,23426.82381208235,20092.771250779213,23147.554936946188
2015,11700,"Asheville, NC MSA",metro,,0.854143646,24020.0620940939,20498.796557661837,23724.741334017763
2015,12001,Florida Metro,state_metro,12,0.803314917,23354.47767789405,20043.25596792192,23077.16634976228
2015,12002,Florida Nonmetro,state_nonmetro,12,0.745856354,22602.0779059061,19528.297042338163,22345.125065982236
2015,12020,"Athens-Clarke County, GA MSA",metro,,0.822099448,23600.454536753197,20211.607931429164,23316.487548735633
2015,12060,"Atlanta-Sandy Springs-Roswell, GA MSA",metro,,1.022099448,26219.384536753198,22004.061131429167,25864.554348735634
2015,12100,"Atlantic City-Hammonton, NJ MSA",metro,,1.245303867,29142.168282011553,24004.478506882624,28708.253197071583
2015,12220,"Auburn-Opelika, AL MSA",metro,,0.813259669,23484.70072467085,20132.383480649954,23203.86581178945
2015,12260,"Augusta-Richmond County, GA-SC MSA",metro,,0.793370166,23224.2546442119,19954.128464156154,22950.466900475443
2015,12420,"Austin-Round Rock, TX MSA",metro,,1.163535912,28071.445530070803,23271.65234389659,27666.502139874607
2015,12540,"Bakersfield, CA MSA",metro,,0.890607735,24497.54657711775,20825.597422727507,24189.30600688349
2015,12580,"Baltimore-Columbia-Towson, MD MSA",metro,,1.295027624,29793.283476611603,24450.116043635986,29341.75046898641
2015,12620,"Bangor, ME MSA",metro,,0.896132597,24569.892711306053,20875.1127055848,24259.694594067398
2015,12700,"Barnstable Town, MA MSA",metro,,1.346961326,30473.337127505896,24915.559695324715,30003.403178322886
2015,12940,"Baton Rouge, LA MSA",metro,,0.883977901,24410.73122132965,20766.179086883665,24104.839707358933
2015,12980,"Battle Creek, MI MSA",metro,,0.794475138,23238.723865811702,19964.031517142706,22964.54461281609
2015,13001,Georgia Metro,state_metro,13,0.737016575,22486.32409382375,19449.072591558946,22232.50332903605
2015,13002,Georgia Nonmetro,state_nonmetro,13,0.655248619,21415.60132878835,18716.246419610652,21190.752259098746
2015,13140,"Beaumont-Port Arthur, TX MSA",metro,,0.84640884,23918.777516706,20429.47516883144,23626.197322152562
2015,13380,"Bellingham, WA MSA",metro,,0.994475138,25857.6538658117,21756.484717142706,25512.61141281609
2015,13460,"Bend-Redmond, OR MSA",metro,,0.900552486,24627.7696107999,20914.724926493276,24316.005456170325
2015,13740,"Billings, MT MSA",metro,,0.825414365,23643.862214647248,20241.31709935109,23358.720698497913
2015,13780,"Binghamton, NY MSA",metro,,0.782320442,23079.5623758353,19855.09789844157,22809.68972610763
2015,13820,"Birmingham-Hoover, AL MSA",metro,,0.855248619,24034.53132878835,20508.699619610652,23738.819059098747
2015,13980,"Blacksburg-Christiansburg-Radford, VA MSA",metro,,0.770165746,22920.4008858589,19746.164279740435,22654.834839399166
2015,14010,"Bloomington, IL MSA",metro,,0.88839779,24468.6081208235,20805.791307792137,24161.15056946186
2015,14020,"Bloomington, IN MSA",metro,,0.899447514,24613.3003892001,20904.821873506724,24301.927743829674
2015,14260,"Boise City, ID MSA",metro,,0.822099448,23600.454536753197,20211.607931429164,23316.487548735633
2015,14460,"Boston-Cambridge-Newton, MA-NH MSA",metro,,1.451933702,31847.913650894305,25856.35005168873,31340.78630933647
2015,14500,"Boulder, CO MSA",metro,,1.259668508,29330.268228282202,24133.218240519127,28891.263521201672
2015,14540,"Bowling Green, KY MSA",metro,,0.71160221,22153.5318791765,19221.30229220786,21908.71583053814
2015,14740,"Bremerton-Silverdale, WA MSA",metro,,1.080662983,26986.253530340953,22528.923109999476,26610.673344856325
2015,14860,"Bridgeport-Stamford-Norwalk, CT MSA",metro,,1.517127072,32701.5980133648,26440.63037506515,32171.37161772205
2015,15002,Hawaii Nonmetro,state_nonmetro,15,1.2,28548.93,23598.453199999996,28131.066800000004
2015,15180,"Brownsville-Harlingen, TX MSA",metro,,0.717127072,22225.8780133648,19270.81757506515,21979.10441772205
2015,15380,"Buffalo-Cheektowaga-Niagara Falls, NY MSA",metro,,0.805524862,23383.4161341883,20063.06208285729,23105.321787183904
2015,15500,"Burlington, NC MSA",metro,,0.794475138,23238.723865811702,19964.031517142706,22964.54461281609
2015,15540,"Burlington-South Burlington, VT MSA",metro,,1.184530387,28346.360832129547,23459.81041337694,27933.978763529256
2015,15680,"California-Lexington Park, MD MSA",metro,,1.270718232,29474.9604966588,24232.24880623371,29032.040695569485
2015,15940,"Canton-Massillon, OH MSA",metro,,0.746961326,22616.5471275059,19538.200095324715,22359.202778322884
2015,15980,"Cape Coral-Fort Myers, FL MSA",metro,,0.964640884,25466.9847516706,21489.102196883145,25132.513052215258
2015,16001,Idaho Metro,state_metro,16,0.701657459,22023.30884549435,19132.174788442095,21782.016381251306
2015,16002,Idaho Nonmetro,state_nonmetro,16,0.708287293,22110.12420128245,19191.593124285937,21866.482680775865
2015,16060,"Carbondale-Marion, IL MSA",metro,,0.748066298,22631.0163491057,19548.103148311267,22373.280490663532
2015,16300,"Cedar Rapids, IA MSA",metro,,0.794475138,23238.723865811702,19964.031517142706,22964.54461281609
2015,16540,"Chambersburg-Waynesboro, PA MSA",metro,,0.893370166,24533.7196442119,20850.355064156156,24224.500300475444
2015,16580,"Champaign-Urbana, IL MSA",metro,,0.901657459,24642.23884549435,20924.627988442095,24330.083181251306
2015,16620,"Charleston, WV MSA",metro,,0.775690608,22992.747020047198,19795.67956259773,22725.22342658307
2015,16700,"Charleston-North Charleston, SC MSA",metro,,1.02320442,26233.853758352994,22013.96418441572,25878.63206107628
2015,16740,"Charlotte-Concord-Gastonia, NC-SC MSA",metro,,0.890607735,24497.54657711775,20825.597422727507,24189.30600688349
2015,16820,"Charlottesville, VA MSA",metro,,1.127071823,27593.961047046956,22944.85147883092,27201.937467008884
2015,16860,"Chattanooga, TN-GA MSA",metro,,0.798895028,23296.6007784002,20003.643747013448,23020.85548765935
2015,16980,"Chicago-Naperville-Elgin, IL-IN-WI MSA",metro,,1.100552486,27246.699610799897,22707.178126493276,26864.072256170326
2015,17001,Illinois Metro,state_metro,17,0.716022099,22211.40877867035,19260.914513116335,21965.026692641066
2015,17002,Illinois Nonmetro,state_nonmetro,17,0.68839779,21849.6781208235,19013.33810779214,21613.08376946186
2015,17020,"Chico, CA MSA",metro,,0.97679558,25626.146241647,21598.035815584277,25287.36793892372
2015,17140,"Cincinnati, OH-KY-IN MSA",metro,,0.858563536,24077.9390066824,20538.408787532575,23781.052208861027
2015,17300,"Clarksville, TN-KY MSA",metro,,0.822651934,23607.6891475531,20216.55945792244,23323.526404905955
2015,17420,"Cleveland, TN MSA",metro,,0.763535912,22833.5855300708,19686.745943896593,22570.36853987461
2015,17460,"Cleveland-Elyria, OH MSA",metro,,0.851933702,23991.1236508943,20478.99045168873,23696.585909336467
2015,17660,"Coeur d'Alene, ID MSA",metro,,0.825414365,23643.862214647248,20241.31709935109,23358.720698497913
2015,17780,"College Station-Bryan, TX MSA",metro,,0.916022099,24830.33877867035,21053.367713116335,24513.093492641066
2015,17820,"Colorado Springs, CO MSA",metro,,0.952486188,25307.823261694197,21380.168578182005,24977.65816550679
2015,17860,"Columbia, MO MSA",metro,,0.816574586,23528.1084025649,20162.092648571877,23246.098961551725
2015,17900,"Columbia, SC MSA",metro,,0.877348066,24323.915852446902,20706.760742077553,24020.373395094044
2015,17980,"Columbus, GA-AL MSA",metro,,0.830939227,23716.20834883555,20290.83238220838,23429.109285681818
2015,18001,Indiana Metro,state_metro,18,0.764640884,22848.0547516706,19696.648996883145,22584.446252215257
2015,18002,Indiana Nonmetro,state_nonmetro,18,0.708287293,22110.12420128245,19191.593124285937,21866.482680775865
2015,18140,"Columbus, OH MSA",metro,,0.916022099,24830.33877867035,21053.367713116335,24513.093492641066
2015,18580,"Corpus Christi, TX MSA",metro,,0.974585635,25597.20778535275,21578.229700648906,25259.21250150209
2015,18880,"Crestview-Fort Walton Beach-Destin, FL MSA",metro,,0.998895028,25915.5307784002,21796.096947013448,25568.922287659352
2015,19001,Iowa Metro,state_metro,19,0.813259669,23484.70072467085,20132.383480649954,23203.86581178945
2015,19002,Iowa Nonmetro,state_nonmetro,19,0.667403315,21574.762818764753,18825.18003831179,21345.607145807207
2015,19100,"Dallas-Fort Worth-Arlington, TX MSA",metro,,1.038674033,26436.42292622345,22152.606971038775,26075.720097547022
2015,19300,"Daphne-Fairhope-Foley, AL MSA",metro,,0.880662983,24367.32353034095,20736.469909999476,24062.60654485632
2015,19340,"Davenport-Moline-Rock Island, IA-IL MSA",metro,,0.790055249,23180.846966317848,19924.41929623423,22908.233750713163
2015,19380,"Dayton, OH MSA",metro,,0.82320442,23614.923758353,20221.51098441572,23330.56526107628
2015,19460,"Decatur, AL MSA",metro,,0.671823204,21632.6397182586,18864.792259220263,21401.918007910135
2015,19500,"Decatur, IL MSA",metro,,0.75801105,22761.239395882498,19637.2306610393,22499.9799526907
2015,19660,"Deltona-Daytona Beach-Ormond Beach, FL MSA",metro,,0.988950276,25785.3077316234,21706.969434285413,25442.222825632183
2015,19740,"Denver-Aurora-Lakewood, CO MSA",metro,,1.123756906,27550.553369152905,22915.142310909,27159.7043172466
2015,19780,"Des Moines-West Des Moines, IA MSA",metro,,0.889502762,24483.077342423298,20815.69436077869,24175.22828180251
2015,19820,"Detroit-Warren-Dearborn, MI MSA",metro,,0.956906077,25365.70016118805,21419.78079909048,25033.969027609717
2015,20001,Kansas Metro,state_metro,20,0.899447514,24613.3003892001,20904.821873506724,24301.927743829674
2015,20002,Kansas Nonmetro,state_nonmetro,20,0.703314917,22045.01267789405,19147.02936792192,21803.13294976228
2015,20100,"Dover, DE MSA",metro,,0.977900552,25640.615463246802,21607.938868570833,25301.445651264366
2015,20260,"Duluth, MN-WI MSA",metro,,0.81878453,23557.0468457645,20181.898754544978,23274.25438623302
2015,20500,"Durham-Chapel Hill, NC MSA",metro,,0.960220994,25409.107839082102,21449.489967012403,25076.202177371993
2015,20700,"East Stroudsburg, PA MSA",metro,,1.068508287,26827.092040364547,22419.98949129834,26455.81845814786
2015,20740,"Eau Claire, WI MSA",metro,,0.809944751,23441.29303368215,20102.674303765765,23161.632649286836
2015,20940,"El Centro, CA MSA",metro,,0.828729282,23687.2698925413,20271.026267273013,23400.95384826019
2015,21001,Kentucky Metro,state_metro,21,0.720441989,22269.285691258847,19300.526742987073,22021.337567484326
2015,21002,Kentucky Nonmetro,state_nonmetro,21,0.626519337,21039.401436247048,18458.766952337643,20824.73161083856
2015,21140,"Elkhart-Goshen, IN MSA",metro,,0.814364641,23499.16994627065,20142.286533636503,23217.943524130093
2015,21340,"El Paso, TX MSA",metro,,0.798895028,23296.6007784002,20003.643747013448,23020.85548765935
2015,21500,"Erie, PA MSA",metro,,0.779005525,23036.15469794125,19825.388730519648,22767.45657634535
2015,21660,"Eugene, OR MSA",metro,,0.920441989,24888.215691258847,21092.979942987073,24569.404367484327
2015,21780,"Evansville, IN-KY MSA",metro,,0.84198895,23860.9006041175,20389.8629389607,23569.886447309298
2015,22001,Louisiana Metro,state_metro,22,0.807734807,23412.354590482548,20082.86819779266,23133.477224605536
2015,22002,Louisiana Nonmetro,state_nonmetro,22,0.626519337,21039.401436247048,18458.766952337643,20824.73161083856
2015,22020,"Fargo, ND-MN MSA",metro,,0.784530387,23108.50083212955,19874.90401337694,22837.84516352926
2015,22140,"Farmington, NM MSA",metro,,0.809944751,23441.29303368215,20102.674303765765,23161.632649286836
2015,22180,"Fayetteville, NC MSA",metro,,0.850828729,23976.654416199846,20469.08738973991,23682.508184255483
2015,22220,"Fayetteville-Springdale-Rogers, AR-MO MSA",metro,,0.763535912,22833.5855300708,19686.745943896593,22570.36853987461
2015,22420,"Flint, MI MSA",metro,,0.797790055,23282.131543705753,19993.74068506463,23006.77776257837
2015,22500,"Florence, SC MSA",metro,,0.708287293,22110.12420128245,19191.593124285937,21866.482680775865
2015,22520,"Florence-Muscle Shoals, AL MSA",metro,,0.659668508,21473.478228282198,18755.858640519127,21247.063121201674
2015,22660,"Fort Collins, CO MSA",metro,,1.012154696,26089.161489976403,21914.933618701136,25737.854886708465
2015,22900,"Fort Smith, AR-OK MSA",metro,,0.686187845,21820.73966452925,18993.53199285677,21584.92833204023
2015,23002,Maine Nonmetro,state_nonmetro,23,0.780110497,23050.623919541053,19835.2917835062,22781.534288685998
2015,23060,"Fort Wayne, IN MSA",metro,,0.752486188,22688.8932616942,19587.715378182005,22429.591365506792
2015,23420,"Fresno, CA MSA",metro,,0.934254144,25069.0810267296,21216.768150130305,24745.375835444094
2015,23540,"Gainesville, FL MSA",metro,,0.95801105,25380.169395882498,21429.6838610393,25048.046752690698
2015,23580,"Gainesville, GA MSA",metro,,0.875138122,24294.9774092473,20686.95463610445,23992.21797041275
2015,24001,Maryland Metro,state_metro,24,0.693922652,21922.024255011802,19062.85339064943,21683.47235664577
2015,24002,Maryland Nonmetro,state_nonmetro,24,0.929281768,25003.9695033412,21172.204393766286,24682.02610443051
2015,24020,"Glens Falls, NY MSA",metro,,0.939226519,25134.19253702335,21261.331897532054,24808.725553717344
2015,24140,"Goldsboro, NC MSA",metro,,0.718232044,22240.3472349646,19280.720628051702,21993.182130062698
2015,24340,"Grand Rapids-Wyoming, MI MSA",metro,,0.837569061,23803.02370462365,20350.250718052223,23513.575585206374
2015,24540,"Greeley, CO MSA",metro,,0.828729282,23687.2698925413,20271.026267273013,23400.95384826019
2015,24580,"Green Bay, WI MSA",metro,,0.797790055,23282.131543705753,19993.74068506463,23006.77776257837
2015,24660,"Greensboro-High Point, NC MSA",metro,,0.793370166,23224.2546442119,19954.128464156154,22950.466900475443
2015,24780,"Greenville, NC MSA",metro,,0.806629834,23397.8853557881,20072.965135843842,23119.399499524556
2015,24860,"Greenville-Anderson-Mauldin, SC MSA",metro,,0.779005525,23036.15469794125,19825.388730519648,22767.45657634535
2015,25001,Massachusetts Metro,state_metro,25,0.875138122,24294.9774092473,20686.95463610445,23992.21797041275
2015,25002,Massachusetts Nonmetro,state_nonmetro,25,1.082872928,27015.191986635196,22548.72922493485,26638.82878227795
2015,25060,"Gulfport-Biloxi-Pascagoula, MS MSA",metro,,0.830939227,23716.20834883555,20290.83238220838,23429.109285681818
2015,25180,"Hagerstown-Martinsburg, MD-WV MSA",metro,,0.912707182,24786.9311007763,21023.658545194412,24470.860342878786
2015,25260,"Hanford-Corcoran, CA MSA",metro,,0.843093923,23875.36983881195,20399.766000909516,23583.964172390282
2015,25420,"Harrisburg-Carlisle, PA MSA",metro,,0.961325967,25423.57707377655,21459.393028961218,25090.279902452978
2015,25500,"Harrisonburg, VA MSA",metro,,0.862983425,24135.81590617625,20578.02100844105,23837.36307096395
2015,25540,"Hartford-West Hartford-East Hartford, CT MSA",metro,,1.182320442,28317.4223758353,23440.00429844157,27905.82332610763
2015,25860,"Hickory-Lenoir-Morganton, NC MSA",metro,,0.683977901,21791.80122132965,18973.72588688366,21556.772907358933
2015,25940,"Hilton Head Island-Bluffton-Beaufort, SC MSA",metro,,1.016574586,26147.0384025649,21954.545848571874,25794.16576155172
2015,26001,Michigan Metro,state_metro,26,0.786740331,23137.43927532915,19894.710119350046,22866.00058821055
2015,26002,Michigan Nonmetro,state_nonmetro,26,0.738674033,22508.02792622345,19463.927171038777,22253.61989754702
2015,26420,"Houston-The Woodlands-Sugar Land, TX MSA",metro,,1.009944751,26060.223033682152,21895.12750376576,25709.699449286833
2015,26580,"Huntington-Ashland, WV-KY-OH MSA",metro,,0.693922652,21922.024255011802,19062.85339064943,21683.47235664577
2015,26620,"Huntsville, AL MSA",metro,,0.779005525,23036.15469794125,19825.388730519648,22767.45657634535
2015,26820,"Idaho Falls, ID MSA",metro,,0.73038674,22399.508724941,19389.65424675284,22148.03701677116
2015,26900,"Indianapolis-Carmel-Anderson, IN MSA",metro,,0.886187845,24439.669664529247,20785.98519285677,24132.99513204023
2015,26980,"Iowa City, IA MSA",metro,,0.935911602,25090.7848591293,21231.62272961013,24766.492403955068
2015,27001,Minnesota Metro,state_metro,27,0.855248619,24034.53132878835,20508.699619610652,23738.819059098747
2015,27002,Minnesota Nonmetro,state_nonmetro,27,0.744751381,22587.60867121165,19518.393980389345,22331.047340901256
2015,27100,"Jackson, MI MSA",metro,,0.82320442,23614.923758353,20221.51098441572,23330.56526107628
2015,27140,"Jackson, MS MSA",metro,,0.86961326,24222.631275059,20637.439353247162,23921.82938322884
2015,27260,"Jacksonville, FL MSA",metro,,1.030939227,26335.13834883555,22083.28558220838,25977.17608568182
2015,27340,"Jacksonville, NC MSA",metro,,0.872928177,24266.03895295305,20667.14852116908,23964.06253299112
2015,27500,"Janesville-Beloit, WI MSA",metro,,0.830939227,23716.20834883555,20290.83238220838,23429.109285681818
2015,27740,"Johnson City, TN MSA",metro,,0.718232044,22240.3472349646,19280.720628051702,21993.182130062698
2015,27780,"Johnstown, PA MSA",metro,,0.640883978,21227.501382517697,18587.506685974146,21007.741934968653
2015,27900,"Joplin, MO MSA",metro,,0.718232044,22240.3472349646,19280.720628051702,21993.182130062698
2015,27980,"Kahului-Wailuku-Lahaina, HI MSA",metro,,1.435359116,31630.8752483294,25707.80420311685,31129.620547784743
2015,28001,Mississippi Metro,state_metro,28,0.786740331,23137.43927532915,19894.710119350046,22866.00058821055
2015,28002,Mississippi Nonmetro,state_nonmetro,28,0.657458564,21444.5397850826,18736.052534546023,21218.90769652038
2015,28020,"Kalamazoo-Portage, MI MSA",metro,,0.815469613,23513.63916787045,20152.189586623055,23232.021236470744
2015,28100,"Kankakee, IL MSA",metro,,0.877348066,24323.915852446902,20706.760742077553,24020.373395094044
2015,28140,"Kansas City, MO-KS MSA",metro,,0.927071823,24975.03104704695,21152.39827883092,24653.87066700888
2015,28420,"Kennewick-Richland, WA MSA",metro,,0.876243094,24309.4466308471,20696.857689091,24006.295682753396
2015,28660,"Killeen-Temple, TX MSA",metro,,0.850828729,23976.654416199846,20469.08738973991,23682.508184255483
2015,28700,"Kingsport-Bristol-Bristol, TN-VA MSA",metro,,0.662983425,21516.88590617625,18785.56780844105,21289.29627096395
2015,28740,"Kingston, NY MSA",metro,,1.185635359,28360.83005372935,23469.713466363493,27948.056475869907
2015,28940,"Knoxville, TN MSA",metro,,0.81878453,23557.0468457645,20181.898754544978,23274.25438623302
2015,29001,Missouri Metro,state_metro,29,0.712707182,22168.0011007763,19231.205345194412,21922.793542878786
2015,29002,Missouri Nonmetro,state_nonmetro,29,0.660773481,21487.947462976652,18765.761702467946,21261.140846282655
2015,29100,"La Crosse-Onalaska, WI-MN MSA",metro,,0.828729282,23687.2698925413,20271.026267273013,23400.95384826019
2015,29180,"Lafayette, LA MSA",metro,,0.784530387,23108.50083212955,19874.90401337694,22837.84516352926
2015,29200,"Lafayette-West Lafayette, IN MSA",metro,,0.867403315,24193.692818764754,20617.633238311788,23893.67394580721
2015,29340,"Lake Charles, LA MSA",metro,,0.802209945,23340.00845629425,20033.352914935367,23063.088637421628
2015,29460,"Lakeland-Winter Haven, FL MSA",metro,,0.904972376,24685.6465233884,20954.337156364014,24372.316331013586
2015,29540,"Lancaster, PA MSA",metro,,1.00441989,25987.876912588497,21845.612229870738,25639.310874843264
2015,29620,"Lansing-East Lansing, MI MSA",metro,,0.889502762,24483.077342423298,20815.69436077869,24175.22828180251
2015,29700,"Laredo, TX MSA",metro,,0.816574586,23528.1084025649,20162.092648571877,23246.098961551725
2015,29740,"Las Cruces, NM MSA",metro,,0.718232044,22240.3472349646,19280.720628051702,21993.182130062698
2015,29820,"Las Vegas-Henderson-Paradise, NV MSA",metro,,1.034254144,26378.5460267296,22112.994750130303,26019.409235444095
2015,29940,"Lawrence, KS MSA",metro,,0.909392265,24743.52342288225,20993.94937727249,24428.62719311651
2015,30001,Montana Metro,state_metro,30,0.803314917,23354.47767789405,20043.25596792192,23077.16634976228
2015,30002,Montana Nonmetro,state_nonmetro,30,0.742541436,22558.6702149174,19498.587865453974,22302.891903479624
2015,30020,"Lawton, OK MSA",metro,,0.803314917,23354.47767789405,20043.25596792192,23077.16634976228
2015,30340,"Lewiston-Auburn, ME MSA",metro,,0.826519337,23658.331436247052,20251.220152337643,23372.798410838557
2015,30460,"Lexington-Fayette, KY MSA",metro,,0.81878453,23557.0468457645,20181.898754544978,23274.25438623302
2015,30780,"Little Rock-North Little Rock-Conway, AR MSA",metro,,0.830939227,23716.20834883555,20290.83238220838,23429.109285681818
2015,30980,"Longview, TX MSA",metro,,0.807734807,23412.354590482548,20082.86819779266,23133.477224605536
2015,31001,Nebraska Metro,state_metro,31,0.794475138,23238.723865811702,19964.031517142706,22964.54461281609
2015,31002,Nebraska Nonmetro,state_nonmetro,31,0.687292818,21835.2088992237,19003.435054805588,21599.006057121213
2015,31080,"Los Angeles-Long Beach-Anaheim, CA MSA",metro,,1.542541436,33034.390214917395,26668.400665453973,32495.159103479626
2015,31140,"Louisville/Jefferson County, KY-IN MSA",metro,,0.819889503,23571.51608045895,20191.801816493797,23288.332111314
2015,31180,"Lubbock, TX MSA",metro,,0.855248619,24034.53132878835,20508.699619610652,23738.819059098747
2015,31340,"Lynchburg, VA MSA",metro,,0.786740331,23137.43927532915,19894.710119350046,22866.00058821055
2015,31420,"Macon, GA MSA",metro,,0.792265193,23209.785409517448,19944.225402207336,22936.38917539446
2015,31460,"Madera, CA MSA",metro,,0.897237569,24584.36193290585,20885.015758571353,24273.772306408042
2015,31540,"Madison, WI MSA",metro,,1.008839779,26045.753812082352,21885.224450779217,25695.62173694619
2015,31700,"Manchester-Nashua, NH MSA",metro,,1.234254144,28997.476026729604,23905.447950130303,28567.476035444095
2015,32001,Nevada Metro,state_metro,32,0.897237569,24584.36193290585,20885.015758571353,24273.772306408042
2015,32002,Nevada Nonmetro,state_nonmetro,32,0.877348066,24323.915852446902,20706.760742077553,24020.373395094044
2015,32580,"McAllen-Edinburg-Mission, TX MSA",metro,,0.737016575,22486.32409382375,19449.072591558946,22232.50332903605
2015,32780,"Medford, OR MSA",metro,,0.918232044,24859.2772349646,21073.173828051702,24541.2489300627
2015,32820,"Memphis, TN-MS-AR MSA",metro,,0.891712707,24512.01579871755,20835.50047571406,24203.38371922414
2015,32900,"Merced, CA MSA",metro,,0.826519337,23658.331436247052,20251.220152337643,23372.798410838557
2015,33002,New Hampshire Nonmetro,state_nonmetro,33,1.070718232,26856.0304966588,22439.79560623371,26483.97389556949
2015,33100,"Miami-Fort Lauderdale-West Palm Beach, FL MSA",metro,,1.276243094,29547.306630847102,24281.764089091004,29102.429282753394
2015,33140,"Michigan City-La Porte, IN MSA",metro,,0.791160221,23195.31618791765,19934.322349220784,22922.311463053815
2015,33260,"Midland, TX MSA",metro,,1.192265193,28447.645409517452,23529.131802207332,28032.522775394464
2015,33340,"Milwaukee-Waukesha-West Allis, WI MSA",metro,,0.93480663,25076.315637529497,21221.71967662358,24752.41469161442
2015,33460,"Minneapolis-St. Paul-Bloomington, MN-WI MSA",metro,,1.08839779,27087.5381208235,22598.24450779214,26709.217369461854
2015,33660,"Mobile, AL MSA",metro,,0.829834254,23701.739114141103,20280.929320259565,23415.031560600837
2015,33700,"Modesto, CA MSA",metro,,1.0,25930.0,21806.0,25583.0
2015,33740,"Monroe, LA MSA",metro,,0.744751381,22587.60867121165,19518.393980389345,22331.047340901256
2015,33780,"Monroe, MI MSA",metro,,0.88839779,24468.6081208235,20805.791307792137,24161.15056946186
2015,33860,"Montgomery, AL MSA",metro,,0.856906077,24056.23516118805,20523.55419909048,23759.935627609717
2015,34001,New Jersey Metro,state_metro,34,1.144751381,27825.468671211653,23103.300380389344,27427.180940901253
2015,34060,"Morgantown, WV MSA",metro,,0.808839779,23426.82381208235,20092.771250779213,23147.554936946188
2015,34580,"Mount Vernon-Anacortes, WA MSA",metro,,1.019889503,26190.44608045895,21984.255016493793,25836.398911314
2015,34740,"Muskegon, MI MSA",metro,,0.762430939,22819.116295376352,19676.842881947774,22556.290814793625
2015,34820,"Myrtle Beach-Conway-North Myrtle Beach, SC-NC MSA",metro,,0.868508287,24208.16204036455,20627.53629129834,23907.751658147856
2015,34900,"Napa, CA MSA",metro,,1.477348066,32180.705852446903,26084.120342077553,31664.573795094042
2015,34940,"Naples-Immokalee-Marco Island, FL MSA",metro,,1.091160221,27123.71118791765,22623.00214922078,26744.411663053816
2015,34980,"Nashville-Davidson--Murfreesboro--Franklin, TN MSA",metro,,0.932596685,25047.37718123525,21201.91356168821,24724.25925419279
2015,35002,New Mexico Nonmetro,state_nonmetro,35,0.725966851,22341.63182544715,19350.042025844363,22091.726154668235
2015,35300,"New Haven-Milford, CT MSA",metro,,1.220994475,28823.84530205875,23786.611269480345,28398.54342365465
2015,35380,"New Orleans-Metairie, LA MSA",metro,,1.027624309,26291.730657846852,22053.57640532419,25934.942923179206
2015,35620,"New York-Newark-Jersey City, NY-NJ-PA MSA",metro,,1.436464088,31645.344469929198,25717.707256103404,31143.698260125388
2015,35660,"Niles-Benton Harbor, MI MSA",metro,,0.767955801,22891.46242956465,19726.358164805064,22626.679401977533
2015,35840,"North Port-Sarasota-Bradenton, FL MSA",metro,,1.051933702,26610.0536508943,22271.443651688725,26244.652709336464
2015,35980,"Norwich-New London, CT MSA",metro,,1.152486188,27926.753261694197,23172.621778182005,27525.724965506794
2015,36001,New York Metro,state_metro,36,0.982320442,25698.4923758353,21647.55109844157,25357.756526107627
2015,36002,New York Nonmetro,state_nonmetro,36,0.773480663,22963.80856375295,19775.873447662358,22697.06798916144
2015,36100,"Ocala, FL MSA",metro,,0.84198895,23860.9006041175,20389.8629389607,23569.886447309298
2015,36220,"Odessa, TX MSA",metro,,0.996685083,25886.59232210595,21776.290832078077,25540.766850237724
2015,36260,"Ogden-Clearfield, UT MSA",metro,,0.854143646,24020.0620940939,20498.796557661837,23724.741334017763
2015,36420,"Oklahoma City, OK MSA",metro,,0.837569061,23803.02370462365,20350.250718052223,23513.575585206374
2015,36500,"Olympia-Tumwater, WA MSA",metro,,1.085082873,27044.13044292945,22568.535339870217,26666.984219699578
2015,36540,"Omaha-Council Bluffs, NE-IA MSA",metro,,0.913812155,24801.400335470753,21033.56160714323,24484.93806795977
2015,36740,"Orlando-Kissimmee-Sanford, FL MSA",metro,,1.085082873,27044.13044292945,22568.535339870217,26666.984219699578
2015,36780,"Oshkosh-Neenah, WI MSA",metro,,0.745856354,22602.0779059061,19528.297042338163,22345.125065982236
2015,37001,North Carolina Metro,state_metro,37,0.878453039,24338.385087141352,20716.66380402637,24034.451120175025
2015,37002,North Carolina Nonmetro,state_nonmetro,37,0.680662983,21748.39353034095,18944.01670999948,21514.539744856324
2015,37100,"Oxnard-Thousand Oaks-Ventura, CA MSA",metro,,1.605524862,33859.1361341883,27232.874882857286,33297.58898718391
2015,37340,"Palm Bay-Melbourne-Titusville, FL MSA",metro,,0.946961326,25235.4771275059,21330.653295324715,24907.269578322885
2015,37460,"Panama City, FL MSA",metro,,0.969060773,25524.86165116445,21528.71441779162,25188.82391431818
2015,37860,"Pensacola-Ferry Pass-Brent, FL MSA",metro,,0.916022099,24830.33877867035,21053.367713116335,24513.093492641066
2015,37900,"Peoria, IL MSA",metro,,0.801104972,23325.5392215998,20023.449852986552,23049.010912340647
2015,37980,"Philadelphia-Camden-Wilmington, PA-NJ-DE-MD MSA",metro,,1.179005525,28274.01469794125,23410.29513051965,27863.59017634535
2015,38001,North Dakota Metro,state_metro,38,0.808839779,23426.82381208235,20092.771250779213,23147.554936946188
2015,38002,North Dakota Nonmetro,state_nonmetro,38,0.688950276,21856.9127316234,19018.289634285415,21620.122625632186
2015,38060,"Phoenix-Mesa-Scottsdale, AZ MSA",metro,,0.985635359,25741.90005372935,21677.26026636349,25399.989675869903
2015,38220,"Pine Bluff, AR MSA",metro,,0.697237569,21965.43193290585,19092.56255857135,21725.705506408045
2015,38300,"Pittsburgh, PA MSA",metro,,0.84198895,23860.9006041175,20389.8629389607,23569.886447309298
2015,38860,"Portland-South Portland, ME MSA",metro,,1.082872928,27015.191986635196,22548.72922493485,26638.82878227795
2015,38900,"Portland-Vancouver-Hillsboro, OR-WA MSA",metro,,1.034254144,26378.5460267296,22112.994750130303,26019.409235444095
2015,38940,"Port St. Lucie, FL MSA",metro,,0.996685083,25886.59232210595,21776.290832078077,25540.766850237724
2015,39001,Ohio Metro,state_metro,39,0.681767956,21762.8627650354,18953.919771948295,21528.617469937304
2015,39002,Ohio Nonmetro,state_nonmetro,39,0.706077348,22081.185744988197,19171.787009350566,21838.327243354233
2015,39140,"Prescott, AZ MSA",metro,,0.885082873,24425.20044292945,20776.082139870217,24118.91741969958
2015,39300,"Providence-Warwick, RI-MA MSA",metro,,1.027624309,26291.730657846852,22053.57640532419,25934.942923179206
2015,39340,"Provo-Orem, UT MSA",metro,,0.845856354,23911.5429059061,20424.52364233816,23619.158465982237
2015,39380,"Pueblo, CO MSA",metro,,0.785635359,23122.97005372935,19884.807066363494,22851.922875869906
2015,39460,"Punta Gorda, FL MSA",metro,,0.916022099,24830.33877867035,21053.367713116335,24513.093492641066
2015,39540,"Racine, WI MSA",metro,,0.861878453,24121.34668457645,20568.117955454498,23823.285358623303
2015,39580,"Raleigh, NC MSA",metro,,0.992265193,25828.715409517452,21736.67860220734,25484.455975394463
2015,39740,"Reading, PA MSA",metro,,0.983425414,25712.9615974351,21657.454151428123,25371.83423844828
2015,39820,"Redding, CA MSA",metro,,0.955801105,25351.230939588248,21409.87774610393,25019.891315269073
2015,39900,"Reno, NV MSA",metro,,0.997790055,25901.06154370575,21786.193885064626,25554.844562578368
2015,40002,Oklahoma Nonmetro,state_nonmetro,40,0.677348066,21704.9858524469,18914.307542077553,21472.306595094044
2015,40060,"Richmond, VA MSA",metro,,1.037569061,26421.95370462365,22142.703918052222,26061.642385206374
2015,40140,"Riverside-San Bernardino-Ontario, CA MSA",metro,,1.161325967,28042.50707377655,23251.84622896122,27638.34670245298
2015,40220,"Roanoke, VA MSA",metro,,0.832044199,23730.67757043535,20300.735435194933,23443.186998022466
2015,40380,"Rochester, NY MSA",metro,,0.941436464,25163.130993317598,21281.13801246742,24836.880991138976
2015,40420,"Rockford, IL MSA",metro,,0.837569061,23803.02370462365,20350.250718052223,23513.575585206374
2015,40900,"Sacramento--Roseville--Arden-Arcade, CA MSA",metro,,1.121546961,27521.614912858648,22895.336195973625,27131.548879824975
2015,40980,"Saginaw, MI MSA",metro,,0.774585635,22978.27778535275,19785.77650064891,22711.14570150209
2015,41001,Oregon Metro,state_metro,41,0.876243094,24309.4466308471,20696.857689091,24006.295682753396
2015,41002,Oregon Nonmetro,state_nonmetro,41,0.780110497,23050.623919541053,19835.2917835062,22781.534288685998
2015,41060,"St. Cloud, MN MSA",metro,,0.791160221,23195.31618791765,19934.322349220784,22922.311463053815
2015,41100,"St. George, UT MSA",metro,,0.847513812,23933.2467383058,20439.378221817988,23640.275034493206
2015,41180,"St. Louis, MO-IL MSA",metro,,0.917127072,24844.8080133648,21063.27077506515,24527.17121772205
2015,41420,"Salem, OR MSA",metro,,0.845303867,23904.308282011552,20419.57210688262,23612.11959707158
2015,41500,"Salinas, CA MSA",metro,,1.324861878,30183.9525907527,24717.498563895548,29721.84882958725
2015,41540,"Salisbury, MD-DE MSA",metro,,0.970165746,25539.330885858897,21538.617479740435,25202.901639399162
2015,41620,"Salt Lake City, UT MSA",metro,,0.992265193,25828.715409517452,21736.67860220734,25484.455975394463
2015,41700,"San Antonio-New Braunfels, TX MSA",metro,,0.972375691,25568.26934215315,21558.4235946758,25231.057076820794
2015,41740,"San Diego-Carlsbad, CA MSA",metro,,1.481767956,32238.5827650354,26123.732571948294,31720.884669937306
2015,41860,"San Francisco-Oakland-Hayward, CA MSA",metro,,1.686187845,34915.389664529255,27955.79799285677,34325.262332040234
2015,41940,"San Jose-Sunnyvale-Santa Clara, CA MSA",metro,,1.813259669,36579.350724670854,29094.64948064995,35944.19981178945
2015,42001,Pennsylvania Metro,state_metro,42,0.898342541,24598.83115450565,20894.918811557905,24287.850018748693
2015,42002,Pennsylvania Nonmetro,state_nonmetro,42,0.691712707,21893.085798717548,19043.047275714063,21655.316919224137
2015,42020,"San Luis Obispo-Paso Robles-Arroyo Grande, CA MSA",metro,,1.321546961,30140.544912858648,24687.78939597362,29679.615679824972
2015,42100,"Santa Cruz-Watsonville, CA MSA",metro,,1.661878453,34597.06668457645,27737.930755454494,34015.552558623305
2015,42140,"Santa Fe, NM MSA",metro,,1.06519337,26783.684362470496,22390.28032337642,26413.585308385584
2015,42200,"Santa Maria-Santa Barbara, CA MSA",metro,,1.504972376,32542.436523388402,26331.696756364014,32016.516731013584
2015,42220,"Santa Rosa, CA MSA",metro,,1.430939227,31572.998348835554,25668.191982208384,31073.30968568182
2015,42340,"Savannah, GA MSA",metro,,0.977900552,25640.615463246802,21607.938868570833,25301.445651264366
2015,42540,"Scranton--Wilkes-Barre--Hazleton, PA MSA",metro,,0.777900552,23021.6854632468,19815.485668570833,22753.378851264366
2015,42660,"Seattle-Tacoma-Bellevue, WA MSA",metro,,1.24198895,29098.760604117502,23974.769338960697,28666.020047309303
2015,42680,"Sebastian-Vero Beach, FL MSA",metro,,0.902762431,24656.70806709415,20934.531041428643,24344.160893591954
2015,43300,"Sherman-Denison, TX MSA",metro,,0.851933702,23991.1236508943,20478.99045168873,23696.585909336467
2015,43340,"Shreveport-Bossier City, LA MSA",metro,,0.830939227,23716.20834883555,20290.83238220838,23429.109285681818
2015,43620,"Sioux Falls, SD MSA",metro,,0.801657459,23332.77384549435,20028.401388442093,23056.049781251306
2015,43780,"South Bend-Mishawaka, IN-MI MSA",metro,,0.81878453,23557.0468457645,20181.898754544978,23274.25438623302
2015,43900,"Spartanburg, SC MSA",metro,,0.735911602,22471.8548591293,19439.16952961013,22218.42560395507
2015,44060,"Spokane-Spokane Valley, WA MSA",metro,,0.858563536,24077.9390066824,20538.408787532575,23781.052208861027
2015,44100,"Springfield, IL MSA",metro,,0.829834254,23701.739114141103,20280.929320259565,23415.031560600837
2015,44140,"Springfield, MA MSA",metro,,0.994475138,25857.6538658117,21756.484717142706,25512.61141281609
2015,44180,"Springfield, MO MSA",metro,,0.738121547,22500.793315423547,19458.9756445455,22246.581041376696
2015,44220,"Springfield, OH MSA",metro,,0.741436464,22544.200993317598,19488.68481246742,22288.814191138976
2015,44700,"Stockton-Lodi, CA MSA",metro,,1.038674033,26436.42292622345,22152.606971038775,26075.720097547022
2015,45001,South Carolina Metro,state_metro,45,0.738121547,22500.793315423547,19458.9756445455,22246.581041376696
2015,45002,South Carolina Nonmetro,state_nonmetro,45,0.660773481,21487.947462976652,18765.761702467946,21261.140846282655
2015,45060,"Syracuse, NY MSA",metro,,0.877900552,24331.1504632468,20711.71226857083,24027.412251264366
2015,45220,"Tallahassee, FL MSA",metro,,0.973480663,25582.738563752948,21568.326647662354,25245.134789161442
2015,45300,"Tampa-St. Petersburg-Clearwater, FL MSA",metro,,1.059668508,26711.338228282202,22340.765040519127,26343.196721201675
2015,45460,"Terre Haute, IN MSA",metro,,0.762430939,22819.116295376352,19676.842881947774,22556.290814793625
2015,45780,"Toledo, OH MSA",metro,,0.759116022,22775.7086174823,19647.13371402585,22514.057665031345
2015,45820,"Topeka, KS MSA",metro,,0.802209945,23340.00845629425,20033.352914935367,23063.088637421628
2015,45940,"Trenton, NJ MSA",metro,,1.325966851,30198.421825447145,24727.401625844366,29735.926554668236
2015,46001,South Dakota Metro,state_metro,46,0.861878453,24121.34668457645,20568.117955454498,23823.285358623303
2015,46002,South Dakota Nonmetro,state_nonmetro,46,0.657458564,21444.5397850826,18736.052534546023,21218.90769652038
2015,46060,"Tucson, AZ MSA",metro,,0.919337017,24873.74646965905,21083.07689000052,24555.32665514368
2015,46140,"Tulsa, OK MSA",metro,,0.836464088,23788.5544699292,20340.347656103404,23499.497860125393
2015,46220,"Tuscaloosa, AL MSA",metro,,0.825414365,23643.862214647248,20241.31709935109,23358.720698497913
2015,46340,"Tyler, TX MSA",metro,,0.924861878,24946.0925907527,21132.592163895548,24625.71522958725
2015,46520,"Urban Honolulu, HI MSA",metro,,1.712707182,35262.651100776304,28193.471345194408,34663.127542878785
2015,46540,"Utica-Rome, NY MSA",metro,,0.794475138,23238.723865811702,19964.031517142706,22964.54461281609
2015,46660,"Valdosta, GA MSA",metro,,0.751381215,22674.42402699975,19577.812316233187,22415.513640425812
2015,46700,"Vallejo-Fairfield, CA MSA",metro,,1.28839779,29706.4681208235,24390.69770779214,29257.28416946186
2015,47001,Tennessee Metro,state_metro,47,0.702762431,22037.77806709415,19142.077841428647,21796.094093591957
2015,47002,Tennessee Nonmetro,state_nonmetro,47,0.632044199,21111.747570435353,18508.282235194933,20895.120198022465
2015,47020,"Victoria, TX MSA",metro,,0.882872928,24396.261986635196,20756.276024934847,24090.761982277952
2015,47220,"Vineland-Bridgeton, NJ MSA",metro,,1.151381215,27912.28402699975,23162.71871623319,27511.647240425806
2015,47260,"Virginia Beach-Norfolk-Newport News, VA-NC MSA",metro,,1.127071823,27593.961047046956,22944.85147883092,27201.937467008884
2015,47300,"Visalia-Porterville, CA MSA",metro,,0.832044199,23730.67757043535,20300.735435194933,23443.186998022466
2015,47380,"Waco, TX MSA",metro,,0.829834254,23701.739114141103,20280.929320259565,23415.031560600837
2015,47580,"Warner Robins, GA MSA",metro,,0.834254144,23759.6160267296,20320.5415501303,23471.342435444094
2015,47900,"Washington-Arlington-Alexandria, DC-VA-MD-WV MSA",metro,,1.612154696,33945.951489976396,27292.293218701136,33382.05528670846
2015,47940,"Waterloo-Cedar Falls, IA MSA",metro,,0.761325967,22804.64707377655,19666.93982896122,22542.213102452977
2015,48001,Texas Metro,state_metro,48,0.824309392,23629.392979952798,20231.41403740227,23344.64297341693
2015,48002,Texas Nonmetro,state_nonmetro,48,0.723756906,22312.693369152898,19330.235910908996,22063.570717246606
2015,48060,"Watertown-Fort Drum, NY MSA",metro,,1.080662983,26986.253530340953,22528.923109999476,26610.673344856325
2015,48140,"Wausau, WI MSA",metro,,0.802209945,23340.00845629425,20033.352914935367,23063.088637421628
2015,48620,"Wichita, KS MSA",metro,,0.809944751,23441.29303368215,20102.674303765765,23161.632649286836
2015,48660,"Wichita Falls, TX MSA",metro,,0.787845304,23151.9085100236,19904.613181298864,22880.078313291535
2015,48700,"Williamsport, PA MSA",metro,,0.801104972,23325.5392215998,20023.449852986552,23049.010912340647
2015,49001,Utah Metro,state_metro,49,0.70718232,22095.654966588,19181.69006233712,21852.40495569488
2015,49002,Utah Nonmetro,state_nonmetro,49,0.762430939,22819.116295376352,19676.842881947774,22556.290814793625
2015,49020,"Winchester, VA-WV MSA",metro,,0.920441989,24888.215691258847,21092.979942987073,24569.404367484327
2015,49180,"Winston-Salem, NC MSA",metro,,0.743646409,22573.13944961185,19508.490927402792,22316.969628560604
2015,49340,"Worcester, MA-CT MSA",metro,,1.068508287,26827.092040364547,22419.98949129834,26455.81845814786
2015,49420,"Yakima, WA MSA",metro,,0.837569061,23803.02370462365,20350.250718052223,23513.575585206374
2015,49620,"York-Hanover, PA MSA",metro,,0.948066298,25249.9463491057,21340.556348311267,24921.347290663532
2015,49660,"Youngstown-Warren-Boardman, OH-PA MSA",metro,,0.698342541,21979.90115450565,19102.465611557902,21739.783218748693
2015,49740,"Yuma, AZ MSA",metro,,0.843093923,23875.36983881195,20399.766000909516,23583.964172390282
2015,50002,Vermont Nonmetro,state_nonmetro,50,0.970165746,25539.330885858897,21538.617479740435,25202.901639399162
2015,51001,Virginia Metro,state_metro,51,0.843093923,23875.36983881195,20399.766000909516,23583.964172390282
2015,51002,Virginia Nonmetro,state_nonmetro,51,0.674033149,21661.578174552847,18884.598374155634,21430.073445331767
2015,53001,Washington Metro,state_metro,53,0.814364641,23499.16994627065,20142.286533636503,23217.943524130093
2015,53002,Washington Nonmetro,state_nonmetro,53,0.843093923,23875.36983881195,20399.766000909516,23583.964172390282
2015,54001,West Virginia Metro,state_metro,54,0.660773481,21487.947462976652,18765.761702467946,21261.140846282655
2015,54002,West Virginia Nonmetro,state_nonmetro,54,0.635359116,21155.1552483294,18537.991403116856,20937.353347784745
2015,55001,Wisconsin Metro,state_metro,55,0.763535912,22833.5855300708,19686.745943896593,22570.36853987461
2015,55002,Wisconsin Nonmetro,state_nonmetro,55,0.765745856,22862.523973270403,19706.552049869697,22598.523964555905
2015,56001,Wyoming Metro,state_metro,56,0.848618785,23947.71597300025,20449.28128376681,23654.352759574187
2015,56002,Wyoming Nonmetro,state_nonmetro,56,0.806629834,23397.8853557881,20072.965135843842,23119.399499524556
2016,1001,Alabama Metro,state_metro,01,0.70608,22450.0,19604.0,22291.0
2016,1002,Alabama Nonmetro,state_nonmetro,01,0.5989,21033.0,18622.0,20900.0
2016,2001,Alaska Metro,state_metro,02,1.27735,30003.0,24840.0,29702.0
2016,2002,Alaska Nonmetro,state_nonmetro,02,1.19448,28907.0,24080.0,28627.0
2016,4001,Arizona Metro,state_metro,04,0.87403,24671.0,21144.0,24470.0
2016,4002,Arizona Nonmetro,state_nonmetro,04,0.7105,22509.0,19645.0,22348.0
2016,5001,Arkansas Metro,state_metro,05,0.7326,22801.0,19847.0,22635.0
2016,5002,Arkansas Nonmetro,state_nonmetro,05,0.62431,21369.0,18855.0,21230.0
2016,6001,California Metro,state_metro,06,0.90718,25109.0,21447.0,24900.0
2016,6002,California Nonmetro,state_nonmetro,06,0.97901,26058.0,22106.0,25832.0
2016,8001,Colorado Metro,state_metro,08,0.82873,24072.0,20728.0,23882.0
2016,8002,Colorado Nonmetro,state_nonmetro,08,0.8884,24861.0,21275.0,24656.0
2016,9002,Connecticut Nonmetro,state_nonmetro,09,1.1116,27811.0,23321.0,27552.0
2016,10180,"Abilene, TX MSA",metro,,0.85304,24393.0,20951.0,24197.0
2016,10420,"Akron, OH MSA",metro,,0.85083,24364.0,20931.0,24169.0
2016,10580,"Albany-Schenectady-Troy, NY MSA",metro,,1.05525,27066.0,22804.0,26821.0
2016,10740,"Albuquerque, NM MSA",metro,,0.89613,24963.0,21346.0,24756.0
2016,10900,"Allentown-Bethlehem-Easton, PA-NJ MSA",metro,,1.07735,27359.0,23007.0,27108.0
2016,11100,"Amarillo, TX MSA",metro,,0.86077,24495.0,21022.0,24298.0
2016,11460,"Ann Arbor, MI MSA",metro,,1.09724,27622.0,23189.0,27366.0
2016,11540,"Appleton, WI MSA",metro,,0.83204,24115.0,20759.0,23925.0
2016,11700,"Asheville, NC MSA",metro,,0.84309,24262.0,20860.0,24068.0
2016,12001,Florida Metro,state_metro,12,0.90608,25094.0,21437.0,24886.0
2016,12002,Florida Nonmetro,state_nonmetro,12,0.73702,22859.0,19888.0,22692.0
2016,12020,"Athens-Clarke County, GA MSA",metro,,0.82983,24086.0,20738.0,23896.0
2016,12060,"Atlanta-Sandy Springs-Roswell, GA MSA",metro,,1.0232,26643.0,22511.0,26405.0
2016,12100,"Atlantic City-Hammonton, NJ MSA",metro,,1.24088,29521.0,24506.0,29229.0
2016,12220,"Auburn-Opelika, AL MSA",metro,,0.81657,23911.0,20617.0,23724.0
2016,12260,"Augusta-Richmond County, GA-SC MSA",metro,,0.78564,23502.0,20334.0,23323.0
2016,12420,"Austin-Round Rock, TX MSA",metro,,1.19006,28849.0,24040.0,28570.0
2016,12540,"Bakersfield, CA MSA",metro,,0.89392,24934.0,21326.0,24728.0
2016,12580,"Baltimore-Columbia-Towson, MD MSA",metro,,1.29945,30295.0,25042.0,29989.0
2016,12620,"Bangor, ME MSA",metro,,0.89945,25007.0,21377.0,24799.0
2016,12700,"Barnstable Town, MA MSA",metro,,1.35028,30967.0,25508.0,30648.0
2016,12940,"Baton Rouge, LA MSA",metro,,0.8884,24861.0,21275.0,24656.0
2016,12980,"Battle Creek, MI MSA",metro,,0.78122,23444.0,20293.0,23266.0
2016,13001,Georgia Metro,state_metro,13,0.72597,22713.0,19787.0,22549.0
2016,13002,Georgia Nonmetro,state_nonmetro,13,0.66519,21910.0,19230.0,21760.0
2016,13140,"Beaumont-Port Arthur, TX MSA",metro,,0.85193,24378.0,20941.0,24183.0
2016,13460,"Bend-Redmond, OR MSA",metro,,0.92376,25328.0,21599.0,25115.0
2016,13740,"Billings, MT MSA",metro,,0.84751,24320.0,20901.0,24126.0
2016,13780,"Binghamton, NY MSA",metro,,0.75691,23122.0,20070.0,22950.0
2016,13820,"Birmingham-Hoover, AL MSA",metro,,0.85414,24408.0,20961.0,24212.0
2016,13980,"Blacksburg-Christiansburg-Radford, VA MSA",metro,,0.77017,23297.0,20192.0,23122.0
2016,14010,"Bloomington, IL MSA",metro,,0.89945,25007.0,21377.0,24799.0
2016,14020,"Bloomington, IN MSA",metro,,0.91271,25182.0,21498.0,24972.0
2016,14260,"Boise City, ID MSA",metro,,0.83094,24101.0,20749.0,23911.0
2016,14460,"Boston-Cambridge-Newton, MA-NH MSA",metro,,1.45967,32413.0,26511.0,32068.0
2016,14500,"Boulder, CO MSA",metro,,1.31492,30499.0,25184.0,30190.0
2016,14540,"Bowling Green, KY MSA",metro,,0.72707,22728.0,19797.0,22563.0
2016,14860,"Bridgeport-Stamford-Norwalk, CT MSA",metro,,1.53591,33421.0,27209.0,33057.0
2016,15002,Hawaii Nonmetro,state_nonmetro,15,1.21436,29170.0,24262.0,28885.0
2016,15180,"Brownsville-Harlingen, TX MSA",metro,,0.70829,22479.0,19625.0,22319.0
2016,15380,"Buffalo-Cheektowaga-Niagara Falls, NY MSA",metro,,0.80773,23794.0,20536.0,23610.0
2016,15500,"Burlington, NC MSA",metro,,0.79116,23575.0,20384.0,23395.0
2016,15540,"Burlington-South Burlington, VT MSA",metro,,1.22873,29360.0,24394.0,29071.0
2016,15680,"California-Lexington Park, MD MSA",metro,,1.29613,30251.0,25012.0,29946.0
2016,15940,"Canton-Massillon, OH MSA",metro,,0.7558,23108.0,20060.0,22936.0
2016,15980,"Cape Coral-Fort Myers, FL MSA",metro,,0.97569,26015.0,22075.0,25789.0
2016,16001,Idaho Metro,state_metro,16,0.70276,22406.0,19574.0,22248.0
2016,16002,Idaho Nonmetro,state_nonmetro,16,0.71271,22538.0,19665.0,22377.0
2016,16060,"Carbondale-Marion, IL MSA",metro,,0.75691,23122.0,20070.0,22950.0
2016,16300,"Cedar Rapids, IA MSA",metro,,0.79669,23648.0,20435.0,23466.0
2016,16540,"Chambersburg-Waynesboro, PA MSA",metro,,0.91326,25189.0,21503.0,24979.0
2016,16580,"Champaign-Urbana, IL MSA",metro,,0.8884,24861.0,21275.0,24656.0
2016,16620,"Charleston, WV MSA",metro,,0.77901,23414.0,20273.0,23237.0
2016,16700,"Charleston-North Charleston, SC MSA",metro,,1.02873,26716.0,22561.0,26477.0
2016,16740,"Charlotte-Concord-Gastonia, NC-SC MSA",metro,,0.90166,25036.0,21397.0,24828.0
2016,16820,"Charlottesville, VA MSA",metro,,1.13149,28074.0,23503.0,27810.0
2016,16860,"Chattanooga, TN-GA MSA",metro,,0.79779,23663.0,20445.0,23481.0
2016,16980,"Chicago-Naperville-Elgin, IL-IN-WI MSA",metro,,1.10608,27738.0,23270.0,27480.0
2016,17001,Illinois Metro,state_metro,17,0.79779,23663.0,20445.0,23481.0
2016,17002,Illinois Nonmetro,state_nonmetro,17,0.68619,22187.0,19422.0,22033.0
2016,17020,"Chico, CA MSA",metro,,0.97901,26058.0,22106.0,25832.0
2016,17140,"Cincinnati, OH-KY-IN MSA",metro,,0.85967,24481.0,21012.0,24283.0
2016,17300,"Clarksville, TN-KY MSA",metro,,0.83204,24115.0,20759.0,23925.0
2016,17420,"Cleveland, TN MSA",metro,,0.77127,23312.0,20202.0,23137.0
2016,17460,"Cleveland-Elyria, OH MSA",metro,,0.84751,24320.0,20901.0,24126.0
2016,17660,"Coeur d'Alene, ID MSA",metro,,0.82652,24042.0,20708.0,23853.0
2016,17780,"College Station-Bryan, TX MSA",metro,,0.91823,25255.0,21549.0,25043.0
2016,17820,"Colorado Springs, CO MSA",metro,,0.97901,26058.0,22106.0,25832.0
2016,17900,"Columbia, SC MSA",metro,,0.88508,24817.0,21245.0,24613.0
2016,17980,"Columbus, GA-AL MSA",metro,,0.83757,24189.0,20809.0,23997.0
2016,18001,Indiana Metro,state_metro,18,0.77348,23341.0,20222.0,23165.0
2016,18002,Indiana Nonmetro,state_nonmetro,18,0.71271,22538.0,19665.0,22377.0
2016,18140,"Columbus, OH MSA",metro,,0.92597,25357.0,21620.0,25144.0
2016,18580,"Corpus Christi, TX MSA",metro,,0.98343,26117.0,22146.0,25889.0
2016,19001,Iowa Metro,state_metro,19,0.81768,23926.0,20627.0,23739.0
2016,19002,Iowa Nonmetro,state_nonmetro,19,0.6663,21924.0,19240.0,21775.0
2016,19100,"Dallas-Fort Worth-Arlington, TX MSA",metro,,1.04862,26979.0,22744.0,26735.0
2016,19300,"Daphne-Fairhope-Foley, AL MSA",metro,,0.8884,24861.0,21275.0,24656.0
2016,19340,"Davenport-Moline-Rock Island, IA-IL MSA",metro,,0.79116,23575.0,20384.0,23395.0
2016,19380,"Dayton, OH MSA",metro,,0.81547,23896.0,20607.0,23710.0
2016,19660,"Deltona-Daytona Beach-Ormond Beach, FL MSA",metro,,0.98508,26139.0,22161.0,25910.0
2016,19740,"Denver-Aurora-Lakewood, CO MSA",metro,,1.17127,28600.0,23868.0,28326.0
2016,19780,"Des Moines-West Des Moines, IA MSA",metro,,0.90387,25065.0,21417.0,24857.0
2016,19820,"Detroit-Warren-Dearborn, MI MSA",metro,,0.96133,25825.0,21944.0,25602.0
2016,20001,Kansas Metro,state_metro,20,0.90166,25036.0,21397.0,24828.0
2016,20002,Kansas Nonmetro,state_nonmetro,20,0.71271,22538.0,19665.0,22377.0
2016,20100,"Dover, DE MSA",metro,,0.97901,26058.0,22106.0,25832.0
2016,20500,"Durham-Chapel Hill, NC MSA",metro,,0.96796,25912.0,22004.0,25688.0
2016,20700,"East Stroudsburg, PA MSA",metro,,1.03094,26745.0,22582.0,26505.0
2016,21001,Kentucky Metro,state_metro,21,0.72707,22728.0,19797.0,22563.0
2016,21002,Kentucky Nonmetro,state_nonmetro,21,0.63094,21457.0,18916.0,21316.0
2016,21140,"Elkhart-Goshen, IN MSA",metro,,0.81326,23867.0,20587.0,23681.0
2016,21340,"El Paso, TX MSA",metro,,0.80884,23809.0,20546.0,23624.0
2016,21500,"Erie, PA MSA",metro,,0.78453,23487.0,20323.0,23309.0
2016,21660,"Eugene, OR MSA",metro,,0.92597,25357.0,21620.0,25144.0
2016,21780,"Evansville, IN-KY MSA",metro,,0.81768,23926.0,20627.0,23739.0
2016,22001,Louisiana Metro,state_metro,22,0.81326,23867.0,20587.0,23681.0
2016,22002,Louisiana Nonmetro,state_nonmetro,22,0.63094,21457.0,18916.0,21316.0
2016,22020,"Fargo, ND-MN MSA",metro,,0.79337,23604.0,20404.0,23423.0
2016,22140,"Farmington, NM MSA",metro,,0.78785,23531.0,20354.0,23352.0
2016,22180,"Fayetteville, NC MSA",metro,,0.85083,24364.0,20931.0,24169.0
2016,22220,"Fayetteville-Springdale-Rogers, AR-MO MSA",metro,,0.76906,23283.0,20182.0,23108.0
2016,22420,"Flint, MI MSA",metro,,0.79448,23619.0,20415.0,23438.0
2016,22500,"Florence, SC MSA",metro,,0.70497,22436.0,19594.0,22276.0
2016,22520,"Florence-Muscle Shoals, AL MSA",metro,,0.6663,21924.0,19240.0,21775.0
2016,22660,"Fort Collins, CO MSA",metro,,1.03978,26862.0,22663.0,26620.0
2016,22900,"Fort Smith, AR-OK MSA",metro,,0.68066,22114.0,19371.0,21961.0
2016,23002,Maine Nonmetro,state_nonmetro,23,0.77569,23370.0,20242.0,23194.0
2016,23060,"Fort Wayne, IN MSA",metro,,0.76133,23181.0,20111.0,23008.0
2016,23420,"Fresno, CA MSA",metro,,0.92818,25386.0,21640.0,25172.0
2016,23540,"Gainesville, FL MSA",metro,,0.94475,25606.0,21792.0,25387.0
2016,23580,"Gainesville, GA MSA",metro,,0.8674,24583.0,21083.0,24384.0
2016,24001,Maryland Metro,state_metro,24,0.69724,22333.0,19523.0,22176.0
2016,24002,Maryland Nonmetro,state_nonmetro,24,0.91492,25211.0,21518.0,25000.0
2016,24020,"Glens Falls, NY MSA",metro,,0.94586,25620.0,21802.0,25402.0
2016,24140,"Goldsboro, NC MSA",metro,,0.74586,22976.0,19969.0,22807.0
2016,24340,"Grand Rapids-Wyoming, MI MSA",metro,,0.8453,24291.0,20880.0,24097.0
2016,24540,"Greeley, CO MSA",metro,,0.85193,24378.0,20941.0,24183.0
2016,24580,"Green Bay, WI MSA",metro,,0.81105,23838.0,20566.0,23653.0
2016,24660,"Greensboro-High Point, NC MSA",metro,,0.79558,23633.0,20425.0,23452.0
2016,24780,"Greenville, NC MSA",metro,,0.80331,23736.0,20495.0,23552.0
2016,24860,"Greenville-Anderson-Mauldin, SC MSA",metro,,0.78122,23444.0,20293.0,23266.0
2016,25001,Massachusetts Metro,state_metro,25,0.90387,25065.0,21417.0,24857.0
2016,25002,Massachusetts Nonmetro,state_nonmetro,25,1.13039,28060.0,23493.0,27796.0
2016,25180,"Hagerstown-Martinsburg, MD-WV MSA",metro,,0.93481,25474.0,21701.0,25258.0
2016,25260,"Hanford-Corcoran, CA MSA",metro,,0.86519,24554.0,21063.0,24355.0
2016,25420,"Harrisburg-Carlisle, PA MSA",metro,,0.96851,25920.0,22009.0,25695.0
2016,25540,"Hartford-West Hartford-East Hartford, CT MSA",metro,,1.18232,28746.0,23969.0,28469.0
2016,25860,"Hickory-Lenoir-Morganton, NC MSA",metro,,0.67403,22026.0,19311.0,21875.0
2016,25940,"Hilton Head Island-Bluffton-Beaufort, SC MSA",metro,,1.03204,26760.0,22592.0,26520.0
2016,26001,Michigan Metro,state_metro,26,0.79006,23560.0,20374.0,23380.0
2016,26002,Michigan Nonmetro,state_nonmetro,26,0.74144,22918.0,19928.0,22750.0
2016,26420,"Houston-The Woodlands-Sugar Land, TX MSA",metro,,1.01436,26526.0,22430.0,26290.0
2016,26580,"Huntington-Ashland, WV-KY-OH MSA",metro,,0.7105,22509.0,19645.0,22348.0
2016,26620,"Huntsville, AL MSA",metro,,0.77238,23327.0,20212.0,23151.0
2016,26820,"Idaho Falls, ID MSA",metro,,0.72265,22669.0,19756.0,22506.0
2016,26900,"Indianapolis-Carmel-Anderson, IN MSA",metro,,0.89282,24919.0,21316.0,24713.0
2016,26980,"Iowa City, IA MSA",metro,,0.92928,25401.0,21650.0,25187.0
2016,27001,Minnesota Metro,state_metro,27,0.83757,24189.0,20809.0,23997.0
2016,27002,Minnesota Nonmetro,state_nonmetro,27,0.74254,22932.0,19939.0,22764.0
2016,27100,"Jackson, MI MSA",metro,,0.81436,23882.0,20597.0,23696.0
2016,27140,"Jackson, MS MSA",metro,,0.85525,24422.0,20971.0,24226.0
2016,27260,"Jacksonville, FL MSA",metro,,1.0232,26643.0,22511.0,26405.0
2016,27340,"Jacksonville, NC MSA",metro,,0.86519,24554.0,21063.0,24355.0
2016,27500,"Janesville-Beloit, WI MSA",metro,,0.82486,24021.0,20693.0,23832.0
2016,27740,"Johnson City, TN MSA",metro,,0.71934,22625.0,19726.0,22463.0
2016,27780,"Johnstown, PA MSA",metro,,0.63978,21574.0,18997.0,21431.0
2016,27980,"Kahului-Wailuku-Lahaina, HI MSA",metro,,1.4442,32209.0,26369.0,31867.0
2016,28001,Mississippi Metro,state_metro,28,0.80994,23823.0,20556.0,23638.0
2016,28002,Mississippi Nonmetro,state_nonmetro,28,0.66298,21880.0,19209.0,21732.0
2016,28020,"Kalamazoo-Portage, MI MSA",metro,,0.81326,23867.0,20587.0,23681.0
2016,28140,"Kansas City, MO-KS MSA",metro,,0.92928,25401.0,21650.0,25187.0
2016,28420,"Kennewick-Richland, WA MSA",metro,,0.89282,24919.0,21316.0,24713.0
2016,28660,"Killeen-Temple, TX MSA",metro,,0.81657,23911.0,20617.0,23724.0
2016,28700,"Kingsport-Bristol-Bristol, TN-VA MSA",metro,,0.66851,21953.0,19260.0,21803.0
2016,28940,"Knoxville, TN MSA",metro,,0.82652,24042.0,20708.0,23853.0
2016,29001,Missouri Metro,state_metro,29,0.75249,23064.0,20030.0,22893.0
2016,29002,Missouri Nonmetro,state_nonmetro,29,0.66519,21910.0,19230.0,21760.0
2016,29180,"Lafayette, LA MSA",metro,,0.79337,23604.0,20404.0,23423.0
2016,29200,"Lafayette-West Lafayette, IN MSA",metro,,0.8674,24583.0,21083.0,24384.0
2016,29340,"Lake Charles, LA MSA",metro,,0.82044,23962.0,20652.0,23774.0
2016,29460,"Lakeland-Winter Haven, FL MSA",metro,,0.90939,25138.0,21468.0,24928.0
2016,29540,"Lancaster, PA MSA",metro,,1.01436,26526.0,22430.0,26290.0
2016,29620,"Lansing-East Lansing, MI MSA",metro,,0.88508,24817.0,21245.0,24613.0
2016,29700,"Laredo, TX MSA",metro,,0.82873,24072.0,20728.0,23882.0
2016,29740,"Las Cruces, NM MSA",metro,,0.71934,22625.0,19726.0,22463.0
2016,29820,"Las Vegas-Henderson-Paradise, NV MSA",metro,,1.0232,26643.0,22511.0,26405.0
2016,30001,Montana Metro,state_metro,30,0.81989,23955.0,20647.0,23767.0
2016,30002,Montana Nonmetro,state_nonmetro,30,0.75249,23064.0,20030.0,22893.0
2016,30340,"Lewiston-Auburn, ME MSA",metro,,0.82541,24028.0,20698.0,23839.0
2016,30460,"Lexington-Fayette, KY MSA",metro,,0.83094,24101.0,20749.0,23911.0
2016,30780,"Little Rock-North Little Rock-Conway, AR MSA",metro,,0.82431,24013.0,20688.0,23825.0
2016,30980,"Longview, TX MSA",metro,,0.81547,23896.0,20607.0,23710.0
2016,31001,Nebraska Metro,state_metro,31,0.79116,23575.0,20384.0,23395.0
2016,31002,Nebraska Nonmetro,state_nonmetro,31,0.68508,22173.0,19412.0,22018.0
2016,31080,"Los Angeles-Long Beach-Anaheim, CA MSA",metro,,1.54365,33523.0,27280.0,33157.0
2016,31140,"Louisville/Jefferson County, KY-IN MSA",metro,,0.82762,24057.0,20718.0,23868.0
2016,31180,"Lubbock, TX MSA",metro,,0.86409,24539.0,21052.0,24341.0
2016,31420,"Macon, GA MSA",metro,,0.79116,23575.0,20384.0,23395.0
2016,31540,"Madison, WI MSA",metro,,1.0232,26643.0,22511.0,26405.0
2016,31700,"Manchester-Nashua, NH MSA",metro,,1.22707,29338.0,24379.0,29050.0
2016,32001,Nevada Metro,state_metro,32,0.96796,25912.0,22004.0,25688.0
2016,32002,Nevada Nonmetro,state_nonmetro,32,0.8663,24568.0,21073.0,24369.0
2016,32580,"McAllen-Edinburg-Mission, TX MSA",metro,,0.74033,22903.0,19918.0,22735.0
2016,32780,"Medford, OR MSA",metro,,0.92044,25284.0,21569.0,25072.0
2016,32820,"Memphis, TN-MS-AR MSA",metro,,0.88508,24817.0,21245.0,24613.0
2016,33002,New Hampshire Nonmetro,state_nonmetro,33,1.06077,27139.0,22855.0,26892.0
2016,33100,"Miami-Fort Lauderdale-West Palm Beach, FL MSA",metro,,1.28066,30047.0,24870.0,29745.0
2016,33340,"Milwaukee-Waukesha-West Allis, WI MSA",metro,,0.93591,25489.0,21711.0,25273.0
2016,33460,"Minneapolis-St. Paul-Bloomington, MN-WI MSA",metro,,1.10055,27665.0,23219.0,27409.0
2016,33660,"Mobile, AL MSA",metro,,0.83757,24189.0,20809.0,23997.0
2016,33700,"Modesto, CA MSA",metro,,1.0,26336.0,22298.0,26104.0
2016,33740,"Monroe, LA MSA",metro,,0.7326,22801.0,19847.0,22635.0
2016,33780,"Monroe, MI MSA",metro,,0.87072,24627.0,21113.0,24427.0
2016,33860,"Montgomery, AL MSA",metro,,0.85083,24364.0,20931.0,24169.0
2016,34001,New Jersey Metro,state_metro,34,1.12818,28031.0,23473.0,27767.0
2016,34060,"Morgantown, WV MSA",metro,,0.81436,23882.0,20597.0,23696.0
2016,34580,"Mount Vernon-Anacortes, WA MSA",metro,,1.01768,26570.0,22460.0,26333.0
2016,34740,"Muskegon, MI MSA",metro,,0.77459,23356.0,20232.0,23180.0
2016,34820,"Myrtle Beach-Conway-North Myrtle Beach, SC-NC MSA",metro,,0.88066,24758.0,21204.0,24556.0
2016,34940,"Naples-Immokalee-Marco Island, FL MSA",metro,,1.11492,27855.0,23351.0,27595.0
2016,34980,"Nashville-Davidson--Murfreesboro--Franklin, TN MSA",metro,,0.94586,25620.0,21802.0,25402.0
2016,35002,New Mexico Nonmetro,state_nonmetro,35,0.72597,22713.0,19787.0,22549.0
2016,35300,"New Haven-Milford, CT MSA",metro,,1.21878,29228.0,24303.0,28942.0
2016,35380,"New Orleans-Metairie, LA MSA",metro,,1.02099,26614.0,22490.0,26376.0
2016,35620,"New York-Newark-Jersey City, NY-NJ-PA MSA",metro,,1.44641,32238.0,26389.0,31896.0
2016,35660,"Niles-Benton Harbor, MI MSA",metro,,0.76796,23268.0,20171.0,23094.0
2016,35840,"North Port-Sarasota-Bradenton, FL MSA",metro,,1.06519,27198.0,22895.0,26950.0
2016,35980,"Norwich-New London, CT MSA",metro,,1.14144,28206.0,23594.0,27939.0
2016,36001,New York Metro,state_metro,36,0.95359,25722.0,21873.0,25502.0
2016,36002,New York Nonmetro,state_nonmetro,36,0.77569,23370.0,20242.0,23194.0
2016,36100,"Ocala, FL MSA",metro,,0.82652,24042.0,20708.0,23853.0
2016,36220,"Odessa, TX MSA",metro,,1.07956,27388.0,23027.0,27136.0
2016,36260,"Ogden-Clearfield, UT MSA",metro,,0.85525,24422.0,20971.0,24226.0
2016,36420,"Oklahoma City, OK MSA",metro,,0.84751,24320.0,20901.0,24126.0
2016,36540,"Omaha-Council Bluffs, NE-IA MSA",metro,,0.91934,25270.0,21559.0,25058.0
2016,36740,"Orlando-Kissimmee-Sanford, FL MSA",metro,,1.08619,27475.0,23088.0,27222.0
2016,36780,"Oshkosh-Neenah, WI MSA",metro,,0.7547,23093.0,20050.0,22922.0
2016,37001,North Carolina Metro,state_metro,37,0.88066,24758.0,21204.0,24556.0
2016,37002,North Carolina Nonmetro,state_nonmetro,37,0.68508,22173.0,19412.0,22018.0
2016,37100,"Oxnard-Thousand Oaks-Ventura, CA MSA",metro,,1.60773,34371.0,27868.0,33988.0
2016,37340,"Palm Bay-Melbourne-Titusville, FL MSA",metro,,0.95138,25693.0,21852.0,25473.0
2016,37460,"Panama City, FL MSA",metro,,0.96243,25839.0,21954.0,25617.0
2016,37860,"Pensacola-Ferry Pass-Brent, FL MSA",metro,,0.9116,25167.0,21488.0,24957.0
2016,37900,"Peoria, IL MSA",metro,,0.79779,23663.0,20445.0,23481.0
2016,37980,"Philadelphia-Camden-Wilmington, PA-NJ-DE-MD MSA",metro,,1.18232,28746.0,23969.0,28469.0
2016,38001,North Dakota Metro,state_metro,38,0.85746,24452.0,20992.0,24255.0
2016,38002,North Dakota Nonmetro,state_nonmetro,38,0.72597,22713.0,19787.0,22549.0
2016,38060,"Phoenix-Mesa-Scottsdale, AZ MSA",metro,,0.99116,26219.0,22217.0,25989.0
2016,38220,"Pine Bluff, AR MSA",metro,,0.70276,22406.0,19574.0,22248.0
2016,38300,"Pittsburgh, PA MSA",metro,,0.84972,24349.0,20921.0,24154.0
2016,38860,"Portland-South Portland, ME MSA",metro,,1.09503,27592.0,23169.0,27337.0
2016,38900,"Portland-Vancouver-Hillsboro, OR-WA MSA",metro,,1.05746,27096.0,22825.0,26849.0
2016,38940,"Port St. Lucie, FL MSA",metro,,0.98674,26161.0,22176.0,25932.0
2016,39001,Ohio Metro,state_metro,39,0.69834,22348.0,19533.0,22190.0
2016,39002,Ohio Nonmetro,state_nonmetro,39,0.7105,22509.0,19645.0,22348.0
2016,39140,"Prescott, AZ MSA",metro,,0.89061,24890.0,21295.0,24685.0
2016,39300,"Providence-Warwick, RI-MA MSA",metro,,1.02873,26716.0,22561.0,26477.0
2016,39340,"Provo-Orem, UT MSA",metro,,0.85304,24393.0,20951.0,24197.0
2016,39540,"Racine, WI MSA",metro,,0.84751,24320.0,20901.0,24126.0
2016,39580,"Raleigh, NC MSA",metro,,1.00331,26380.0,22328.0,26147.0
2016,39740,"Reading, PA MSA",metro,,0.97127,25956.0,22035.0,25731.0
2016,39820,"Redding, CA MSA",metro,,0.94917,25664.0,21832.0,25445.0
2016,40001,Oklahoma Metro,state_metro,40,0.79227,23590.0,20394.0,23409.0
2016,40002,Oklahoma Nonmetro,state_nonmetro,40,0.68729,22202.0,19432.0,22047.0
2016,40060,"Richmond, VA MSA",metro,,1.03867,26847.0,22652.0,26606.0
2016,40140,"Riverside-San Bernardino-Ontario, CA MSA",metro,,1.15691,28410.0,23736.0,28140.0
2016,40220,"Roanoke, VA MSA",metro,,0.83536,24159.0,20789.0,23968.0
2016,40380,"Rochester, NY MSA",metro,,0.94475,25606.0,21792.0,25387.0
2016,40420,"Rockford, IL MSA",metro,,0.82983,24086.0,20738.0,23896.0
2016,40900,"Sacramento--Roseville--Arden-Arcade, CA MSA",metro,,1.11713,27885.0,23371.0,27624.0
2016,40980,"Saginaw, MI MSA",metro,,0.77459,23356.0,20232.0,23180.0
2016,41001,Oregon Metro,state_metro,41,0.88398,24802.0,21235.0,24599.0
2016,41002,Oregon Nonmetro,state_nonmetro,41,0.77569,23370.0,20242.0,23194.0
2016,41100,"St. George, UT MSA",metro,,0.84088,24232.0,20840.0,24040.0
2016,41180,"St. Louis, MO-IL MSA",metro,,0.92265,25313.0,21589.0,25100.0
2016,41420,"Salem, OR MSA",metro,,0.84972,24349.0,20921.0,24154.0
2016,41500,"Salinas, CA MSA",metro,,1.33481,30762.0,25366.0,30448.0
2016,41540,"Salisbury, MD-DE MSA",metro,,0.98011,26073.0,22116.0,25846.0
2016,41620,"Salt Lake City, UT MSA",metro,,1.00221,26365.0,22318.0,26133.0
2016,41700,"San Antonio-New Braunfels, TX MSA",metro,,0.98453,26131.0,22156.0,25903.0
2016,41740,"San Diego-Carlsbad, CA MSA",metro,,1.49171,32837.0,26804.0,32483.0
2016,41860,"San Francisco-Oakland-Hayward, CA MSA",metro,,1.72376,35905.0,28931.0,35494.0
2016,41940,"San Jose-Sunnyvale-Santa Clara, CA MSA",metro,,1.87072,37848.0,30278.0,37400.0
2016,42001,Pennsylvania Metro,state_metro,42,0.87624,24700.0,21164.0,24498.0
2016,42002,Pennsylvania Nonmetro,state_nonmetro,42,0.69834,22348.0,19533.0,22190.0
2016,42020,"San Luis Obispo-Paso Robles-Arroyo Grande, CA MSA",metro,,1.32928,30689.0,25316.0,30376.0
2016,42100,"Santa Cruz-Watsonville, CA MSA",metro,,1.6884,35437.0,28607.0,35035.0
2016,42140,"Santa Fe, NM MSA",metro,,1.05746,27096.0,22825.0,26849.0
2016,42200,"Santa Maria-Santa Barbara, CA MSA",metro,,1.53591,33421.0,27209.0,33057.0
2016,42220,"Santa Rosa, CA MSA",metro,,1.45304,32325.0,26450.0,31982.0
2016,42340,"Savannah, GA MSA",metro,,0.98343,26117.0,22146.0,25889.0
2016,42540,"Scranton--Wilkes-Barre--Hazleton, PA MSA",metro,,0.78564,23502.0,20334.0,23323.0
2016,42660,"Seattle-Tacoma-Bellevue, WA MSA",metro,,1.25967,29769.0,24678.0,29473.0
2016,43300,"Sherman-Denison, TX MSA",metro,,0.85193,24378.0,20941.0,24183.0
2016,43340,"Shreveport-Bossier City, LA MSA",metro,,0.82652,24042.0,20708.0,23853.0
2016,43620,"Sioux Falls, SD MSA",metro,,0.81657,23911.0,20617.0,23724.0
2016,43780,"South Bend-Mishawaka, IN-MI MSA",metro,,0.81768,23926.0,20627.0,23739.0
2016,43900,"Spartanburg, SC MSA",metro,,0.73923,22888.0,19908.0,22721.0
2016,44060,"Spokane-Spokane Valley, WA MSA",metro,,0.85635,24437.0,20982.0,24240.0
2016,44100,"Springfield, IL MSA",metro,,0.83425,24145.0,20779.0,23954.0
2016,44140,"Springfield, MA MSA",metro,,1.01547,26541.0,22440.0,26305.0
2016,44180,"Springfield, MO MSA",metro,,0.74586,22976.0,19969.0,22807.0
2016,44700,"Stockton-Lodi, CA MSA",metro,,1.02983,26730.0,22571.0,26491.0
2016,45001,South Carolina Metro,state_metro,45,0.73812,22874.0,19898.0,22706.0
2016,45002,South Carolina Nonmetro,state_nonmetro,45,0.65414,21763.0,19128.0,21617.0
2016,45060,"Syracuse, NY MSA",metro,,0.8895,24875.0,21285.0,24670.0
2016,45220,"Tallahassee, FL MSA",metro,,0.97127,25956.0,22035.0,25731.0
2016,45300,"Tampa-St. Petersburg-Clearwater, FL MSA",metro,,1.05746,27096.0,22825.0,26849.0
2016,45460,"Terre Haute, IN MSA",metro,,0.77569,23370.0,20242.0,23194.0
2016,45780,"Toledo, OH MSA",metro,,0.75359,23078.0,20040.0,22907.0
2016,45820,"Topeka, KS MSA",metro,,0.80884,23809.0,20546.0,23624.0
2016,45940,"Trenton, NJ MSA",metro,,1.34475,30894.0,25457.0,30577.0
2016,46001,South Dakota Metro,state_metro,46,0.86077,24495.0,21022.0,24298.0
2016,46002,South Dakota Nonmetro,state_nonmetro,46,0.6663,21924.0,19240.0,21775.0
2016,46060,"Tucson, AZ MSA",metro,,0.90718,25109.0,21447.0,24900.0
2016,46140,"Tulsa, OK MSA",metro,,0.8453,24291.0,20880.0,24097.0
2016,46340,"Tyler, TX MSA",metro,,0.92486,25343.0,21609.0,25129.0
2016,46520,"Urban Honolulu, HI MSA",metro,,1.72044,35861.0,28900.0,35451.0
2016,46540,"Utica-Rome, NY MSA",metro,,0.79779,23663.0,20445.0,23481.0
2016,46700,"Vallejo-Fairfield, CA MSA",metro,,1.27182,29930.0,24789.0,29631.0
2016,47001,Tennessee Metro,state_metro,47,0.70387,22421.0,19584.0,22262.0
2016,47002,Tennessee Nonmetro,state_nonmetro,47,0.63315,21486.0,18936.0,21345.0
2016,47220,"Vineland-Bridgeton, NJ MSA",metro,,1.15249,28352.0,23695.0,28082.0
2016,47260,"Virginia Beach-Norfolk-Newport News, VA-NC MSA",metro,,1.11934,27914.0,23392.0,27652.0
2016,47300,"Visalia-Porterville, CA MSA",metro,,0.84309,24262.0,20860.0,24068.0
2016,47380,"Waco, TX MSA",metro,,0.83204,24115.0,20759.0,23925.0
2016,47580,"Warner Robins, GA MSA",metro,,0.82873,24072.0,20728.0,23882.0
2016,47900,"Washington-Arlington-Alexandria, DC-VA-MD-WV MSA",metro,,1.63204,34692.0,28090.0,34304.0
2016,47940,"Waterloo-Cedar Falls, IA MSA",metro,,0.77348,23341.0,20222.0,23165.0
2016,48001,Texas Metro,state_metro,48,0.93812,25518.0,21731.0,25301.0
2016,48002,Texas Nonmetro,state_nonmetro,48,0.72818,22742.0,19807.0,22577.0
2016,48060,"Watertown-Fort Drum, NY MSA",metro,,1.07735,27359.0,23007.0,27108.0
2016,48140,"Wausau, WI MSA",metro,,0.80773,23794.0,20536.0,23610.0
2016,48620,"Wichita, KS MSA",metro,,0.81215,23852.0,20576.0,23667.0
2016,48660,"Wichita Falls, TX MSA",metro,,0.8011,23706.0,20475.0,23524.0
2016,48700,"Williamsport, PA MSA",metro,,0.81326,23867.0,20587.0,23681.0
2016,49001,Utah Metro,state_metro,49,0.72155,22655.0,19746.0,22491.0
2016,49002,Utah Nonmetro,state_nonmetro,49,0.78785,23531.0,20354.0,23352.0
2016,49020,"Winchester, VA-WV MSA",metro,,0.94807,25649.0,21822.0,25430.0
2016,49180,"Winston-Salem, NC MSA",metro,,0.74144,22918.0,19928.0,22750.0
2016,49340,"Worcester, MA-CT MSA",metro,,1.08177,27417.0,23047.0,27165.0
2016,49620,"York-Hanover, PA MSA",metro,,0.96354,25854.0,21964.0,25631.0
2016,49660,"Youngstown-Warren-Boardman, OH-PA MSA",metro,,0.69834,22348.0,19533.0,22190.0
2016,49740,"Yuma, AZ MSA",metro,,0.81989,23955.0,20647.0,23767.0
2016,50002,Vermont Nonmetro,state_nonmetro,50,0.96685,25898.0,21994.0,25674.0
2016,51001,Virginia Metro,state_metro,51,0.8232,23999.0,20678.0,23810.0
2016,51002,Virginia Nonmetro,state_nonmetro,51,0.68066,22114.0,19371.0,21961.0
2016,53001,Washington Metro,state_metro,53,0.95691,25766.0,21903.0,25545.0
2016,53002,Washington Nonmetro,state_nonmetro,53,0.8442,24276.0,20870.0,24083.0
2016,54001,West Virginia Metro,state_metro,54,0.66298,21880.0,19209.0,21732.0
2016,54002,West Virginia Nonmetro,state_nonmetro,54,0.64088,21588.0,19007.0,21445.0
2016,55001,Wisconsin Metro,state_metro,55,0.79779,23663.0,20445.0,23481.0
2016,55002,Wisconsin Nonmetro,state_nonmetro,55,0.76354,23210.0,20131.0,23036.0
2016,56001,Wyoming Metro,state_metro,56,0.85083,24364.0,20931.0,24169.0
2016,56002,Wyoming Nonmetro,state_nonmetro,56,0.80773,23794.0,20536.0,23610.0
2017,1002,Alabama Nonmetro,state_nonmetro,01,0.62258,21964.0,19583.0,21909.0
2017,2001,Alaska Metro,state_metro,02,1.27903,30871.0,25981.0,30773.0
2017,2002,Alaska Nonmetro,state_nonmetro,02,1.18387,29580.0,25053.0,29488.0
2017,4001,Arizona Metro,state_metro,04,1.13441,28909.0,24571.0,28820.0
2017,4002,Arizona Nonmetro,state_nonmetro,04,0.67634,22693.0,20106.0,22635.0
2017,5001,Arkansas Metro,state_metro,05,0.75806,23802.0,20903.0,23738.0
2017,5002,Arkansas Nonmetro,state_nonmetro,05,0.64946,22328.0,19845.0,22272.0
2017,6002,California Nonmetro,state_nonmetro,06,0.96452,26604.0,22915.0,26526.0
2017,8002,Colorado Nonmetro,state_nonmetro,08,0.92688,26093.0,22548.0,26018.0
2017,9002,Connecticut Nonmetro,state_nonmetro,09,1.10215,28471.0,24257.0,28384.0
2017,10180,"Abilene, TX MSA",metro,,0.86559,25261.0,21951.0,25190.0
2017,10420,"Akron, OH MSA",metro,,0.83763,24882.0,21678.0,24813.0
2017,10580,"Albany-Schenectady-Troy, NY MSA",metro,,1.06022,27902.0,23848.0,27818.0
2017,10740,"Albuquerque, NM MSA",metro,,0.8871,25553.0,22161.0,25481.0
2017,10900,"Allentown-Bethlehem-Easton, PA-NJ MSA",metro,,1.05699,27858.0,23816.0,27775.0
2017,11100,"Amarillo, TX MSA",metro,,0.85484,25115.0,21846.0,25045.0
2017,11460,"Ann Arbor, MI MSA",metro,,1.10753,28544.0,24309.0,28457.0
2017,11540,"Appleton, WI MSA",metro,,0.81613,24590.0,21469.0,24522.0
2017,11700,"Asheville, NC MSA",metro,,0.83871,24896.0,21689.0,24827.0
2017,12001,Florida Metro,state_metro,12,0.87097,25334.0,22003.0,25263.0
2017,12002,Florida Nonmetro,state_nonmetro,12,0.64839,22314.0,19834.0,22257.0
2017,12020,"Athens-Clarke County, GA MSA",metro,,0.83011,24780.0,21605.0,24711.0
2017,12060,"Atlanta-Sandy Springs-Roswell, GA MSA",metro,,1.02473,27421.0,23502.0,27339.0
2017,12100,"Atlantic City-Hammonton, NJ MSA",metro,,1.20215,29828.0,25231.0,29735.0
2017,12220,"Auburn-Opelika, AL MSA",metro,,0.82796,24750.0,21584.0,24682.0
2017,12260,"Augusta-Richmond County, GA-SC MSA",metro,,0.77419,24021.0,21060.0,23956.0
2017,12420,"Austin-Round Rock, TX MSA",metro,,1.21828,30047.0,25388.0,29952.0
2017,12540,"Bakersfield, CA MSA",metro,,0.88387,25509.0,22129.0,25437.0
2017,12580,"Baltimore-Columbia-Towson, MD MSA",metro,,1.29247,31054.0,26112.0,30954.0
2017,12620,"Bangor, ME MSA",metro,,0.88602,25538.0,22150.0,25466.0
2017,12700,"Barnstable Town, MA MSA",metro,,1.34839,31813.0,26657.0,31709.0
2017,12940,"Baton Rouge, LA MSA",metro,,0.8871,25553.0,22161.0,25481.0
2017,12980,"Battle Creek, MI MSA",metro,,0.7828,24138.0,21144.0,24072.0
2017,13001,Georgia Metro,state_metro,13,0.68495,22810.0,20190.0,22751.0
2017,13002,Georgia Nonmetro,state_nonmetro,13,0.66344,22518.0,19981.0,22461.0
2017,13140,"Beaumont-Port Arthur, TX MSA",metro,,0.83978,24911.0,21699.0,24842.0
2017,13460,"Bend-Redmond, OR MSA",metro,,0.95376,26458.0,22810.0,26381.0
2017,13740,"Billings, MT MSA",metro,,0.86237,25217.0,21920.0,25147.0
2017,13780,"Binghamton, NY MSA",metro,,0.72043,23291.0,20536.0,23230.0
2017,13820,"Birmingham-Hoover, AL MSA",metro,,0.84516,24984.0,21752.0,24914.0
2017,13980,"Blacksburg-Christiansburg-Radford, VA MSA",metro,,0.80215,24400.0,21333.0,24334.0
2017,14010,"Bloomington, IL MSA",metro,,0.88871,25575.0,22176.0,25502.0
2017,14020,"Bloomington, IN MSA",metro,,0.90538,25801.0,22339.0,25727.0
2017,14260,"Boise City, ID MSA",metro,,0.82903,24765.0,21595.0,24696.0
2017,14460,"Boston-Cambridge-Newton, MA-NH MSA",metro,,1.45484,33257.0,27694.0,33146.0
2017,14500,"Boulder, CO MSA",metro,,1.34409,31754.0,26615.0,31651.0
2017,14540,"Bowling Green, KY MSA",metro,,0.75054,23700.0,20830.0,23637.0
2017,14860,"Bridgeport-Stamford-Norwalk, CT MSA",metro,,1.51828,34118.0,28312.0,34003.0
2017,15002,Hawaii Nonmetro,state_nonmetro,15,1.20323,29843.0,25242.0,29749.0
2017,15180,"Brownsville-Harlingen, TX MSA",metro,,0.70323,23058.0,20369.0,22998.0
2017,15380,"Buffalo-Cheektowaga-Niagara Falls, NY MSA",metro,,0.80215,24400.0,21333.0,24334.0
2017,15500,"Burlington, NC MSA",metro,,0.78495,24167.0,21165.0,24101.0
2017,15540,"Burlington-South Burlington, VT MSA",metro,,1.24301,30383.0,25629.0,30286.0
2017,15680,"California-Lexington Park, MD MSA",metro,,1.24301,30383.0,25629.0,30286.0
2017,15940,"Canton-Massillon, OH MSA",metro,,0.74839,23671.0,20809.0,23608.0
2017,15980,"Cape Coral-Fort Myers, FL MSA",metro,,0.97957,26808.0,23062.0,26729.0
2017,16001,Idaho Metro,state_metro,16,0.7086,23131.0,20421.0,23070.0
2017,16002,Idaho Nonmetro,state_nonmetro,16,0.7043,23072.0,20379.0,23012.0
2017,16060,"Carbondale-Marion, IL MSA",metro,,0.73763,23525.0,20704.0,23462.0
2017,16300,"Cedar Rapids, IA MSA",metro,,0.79892,24356.0,21301.0,24290.0
2017,16540,"Chambersburg-Waynesboro, PA MSA",metro,,0.87312,25363.0,22024.0,25292.0
2017,16580,"Champaign-Urbana, IL MSA",metro,,0.89247,25626.0,22213.0,25553.0
2017,16620,"Charleston, WV MSA",metro,,0.77634,24050.0,21081.0,23985.0
2017,16700,"Charleston-North Charleston, SC MSA",metro,,1.02258,27391.0,23481.0,27310.0
2017,16740,"Charlotte-Concord-Gastonia, NC-SC MSA",metro,,0.9043,25786.0,22328.0,25713.0
2017,16820,"Charlottesville, VA MSA",metro,,1.14516,29055.0,24676.0,28965.0
2017,16860,"Chattanooga, TN-GA MSA",metro,,0.78817,24211.0,21196.0,24145.0
2017,16980,"Chicago-Naperville-Elgin, IL-IN-WI MSA",metro,,1.0957,28384.0,24194.0,28297.0
2017,17001,Illinois Metro,state_metro,17,0.8086,24488.0,21396.0,24421.0
2017,17002,Illinois Nonmetro,state_nonmetro,17,0.6914,22897.0,20253.0,22838.0
2017,17020,"Chico, CA MSA",metro,,0.97957,26808.0,23062.0,26729.0
2017,17140,"Cincinnati, OH-KY-IN MSA",metro,,0.85484,25115.0,21846.0,25045.0
2017,17300,"Clarksville, TN-KY MSA",metro,,0.85161,25071.0,21815.0,25001.0
2017,17420,"Cleveland, TN MSA",metro,,0.75699,23787.0,20893.0,23724.0
2017,17460,"Cleveland-Elyria, OH MSA",metro,,0.83763,24882.0,21678.0,24813.0
2017,17660,"Coeur d'Alene, ID MSA",metro,,0.82258,24677.0,21532.0,24609.0
2017,17780,"College Station-Bryan, TX MSA",metro,,0.90645,25816.0,22349.0,25742.0
2017,17820,"Colorado Springs, CO MSA",metro,,0.98387,26866.0,23104.0,26787.0
2017,17900,"Columbia, SC MSA",metro,,0.88172,25480.0,22108.0,25408.0
2017,17980,"Columbus, GA-AL MSA",metro,,0.85269,25086.0,21825.0,25016.0
2017,18001,Indiana Metro,state_metro,18,0.77849,24079.0,21102.0,24014.0
2017,18002,Indiana Nonmetro,state_nonmetro,18,0.7086,23131.0,20421.0,23070.0
2017,18140,"Columbus, OH MSA",metro,,0.92366,26049.0,22517.0,25974.0
2017,18580,"Corpus Christi, TX MSA",metro,,0.98925,26939.0,23156.0,26860.0
2017,19001,Iowa Metro,state_metro,19,0.83978,24911.0,21699.0,24842.0
2017,19002,Iowa Nonmetro,state_nonmetro,19,0.65161,22357.0,19865.0,22301.0
2017,19100,"Dallas-Fort Worth-Arlington, TX MSA",metro,,1.04946,27756.0,23743.0,27673.0
2017,19300,"Daphne-Fairhope-Foley, AL MSA",metro,,0.88226,25487.0,22113.0,25415.0
2017,19340,"Davenport-Moline-Rock Island, IA-IL MSA",metro,,0.77849,24079.0,21102.0,24014.0
2017,19380,"Dayton, OH MSA",metro,,0.8043,24429.0,21354.0,24363.0
2017,19660,"Deltona-Daytona Beach-Ormond Beach, FL MSA",metro,,0.97312,26720.0,22999.0,26642.0
2017,19740,"Denver-Aurora-Lakewood, CO MSA",metro,,1.20968,29930.0,25305.0,29836.0
2017,19780,"Des Moines-West Des Moines, IA MSA",metro,,0.90215,25757.0,22307.0,25684.0
2017,19820,"Detroit-Warren-Dearborn, MI MSA",metro,,0.94946,26399.0,22768.0,26323.0
2017,20001,Kansas Metro,state_metro,20,0.8914,25611.0,22203.0,25539.0
2017,20002,Kansas Nonmetro,state_nonmetro,20,0.6828,22781.0,20169.0,22722.0
2017,20100,"Dover, DE MSA",metro,,1.00538,27158.0,23313.0,27078.0
2017,20500,"Durham-Chapel Hill, NC MSA",metro,,0.97419,26735.0,23009.0,26657.0
2017,20700,"East Stroudsburg, PA MSA",metro,,1.04839,27742.0,23733.0,27658.0
2017,21001,Kentucky Metro,state_metro,21,0.70215,23043.0,20358.0,22983.0
2017,21002,Kentucky Nonmetro,state_nonmetro,21,0.63871,22182.0,19740.0,22127.0
2017,21140,"Elkhart-Goshen, IN MSA",metro,,0.79677,24327.0,21280.0,24261.0
2017,21340,"El Paso, TX MSA",metro,,0.7914,24254.0,21228.0,24188.0
2017,21500,"Erie, PA MSA",metro,,0.7871,24196.0,21186.0,24130.0
2017,21660,"Eugene, OR MSA",metro,,0.91935,25991.0,22475.0,25916.0
2017,21780,"Evansville, IN-KY MSA",metro,,0.84301,24955.0,21731.0,24885.0
2017,22001,Louisiana Metro,state_metro,22,0.76774,23933.0,20997.0,23869.0
2017,22002,Louisiana Nonmetro,state_nonmetro,22,0.66344,22518.0,19981.0,22461.0
2017,22020,"Fargo, ND-MN MSA",metro,,0.80108,24386.0,21322.0,24319.0
2017,22140,"Farmington, NM MSA",metro,,0.78495,24167.0,21165.0,24101.0
2017,22180,"Fayetteville, NC MSA",metro,,0.84301,24955.0,21731.0,24885.0
2017,22220,"Fayetteville-Springdale-Rogers, AR-MO MSA",metro,,0.76989,23963.0,21018.0,23898.0
2017,22420,"Flint, MI MSA",metro,,0.7828,24138.0,21144.0,24072.0
2017,22500,"Florence, SC MSA",metro,,0.72043,23291.0,20536.0,23230.0
2017,22520,"Florence-Muscle Shoals, AL MSA",metro,,0.64839,22314.0,19834.0,22257.0
2017,22660,"Fort Collins, CO MSA",metro,,1.05376,27815.0,23785.0,27731.0
2017,22900,"Fort Smith, AR-OK MSA",metro,,0.6871,22839.0,20211.0,22780.0
2017,23002,Maine Nonmetro,state_nonmetro,23,0.75376,23744.0,20861.0,23680.0
2017,23060,"Fort Wayne, IN MSA",metro,,0.74946,23685.0,20819.0,23622.0
2017,23420,"Fresno, CA MSA",metro,,0.91828,25976.0,22465.0,25902.0
2017,23540,"Gainesville, FL MSA",metro,,0.94194,26297.0,22695.0,26221.0
2017,23580,"Gainesville, GA MSA",metro,,0.85054,25057.0,21804.0,24987.0
2017,24002,Maryland Nonmetro,state_nonmetro,24,0.96022,26545.0,22873.0,26468.0
2017,24020,"Glens Falls, NY MSA",metro,,0.92581,26078.0,22538.0,26003.0
2017,24140,"Goldsboro, NC MSA",metro,,0.71075,23160.0,20442.0,23099.0
2017,24340,"Grand Rapids-Wyoming, MI MSA",metro,,0.84194,24940.0,21720.0,24871.0
2017,24540,"Greeley, CO MSA",metro,,0.87634,25407.0,22056.0,25335.0
2017,24580,"Green Bay, WI MSA",metro,,0.80753,24473.0,21385.0,24406.0
2017,24660,"Greensboro-High Point, NC MSA",metro,,0.7828,24138.0,21144.0,24072.0
2017,24780,"Greenville, NC MSA",metro,,0.77742,24065.0,21092.0,24000.0
2017,24860,"Greenville-Anderson-Mauldin, SC MSA",metro,,0.77527,24036.0,21071.0,23971.0
2017,25001,Massachusetts Metro,state_metro,25,0.91505,25932.0,22433.0,25858.0
2017,25002,Massachusetts Nonmetro,state_nonmetro,25,1.09301,28347.0,24168.0,28261.0
2017,25180,"Hagerstown-Martinsburg, MD-WV MSA",metro,,0.94409,26326.0,22716.0,26250.0
2017,25260,"Hanford-Corcoran, CA MSA",metro,,0.85484,25115.0,21846.0,25045.0
2017,25420,"Harrisburg-Carlisle, PA MSA",metro,,0.96559,26618.0,22926.0,26540.0
2017,25540,"Hartford-West Hartford-East Hartford, CT MSA",metro,,1.16989,29390.0,24917.0,29299.0
2017,25860,"Hickory-Lenoir-Morganton, NC MSA",metro,,0.65914,22460.0,19939.0,22403.0
2017,25940,"Hilton Head Island-Bluffton-Beaufort, SC MSA",metro,,1.02903,27479.0,23544.0,27397.0
2017,26001,Michigan Metro,state_metro,26,0.78065,24109.0,21123.0,24043.0
2017,26002,Michigan Nonmetro,state_nonmetro,26,0.79355,24284.0,21249.0,24217.0
2017,26420,"Houston-The Woodlands-Sugar Land, TX MSA",metro,,1.0172,27318.0,23429.0,27237.0
2017,26580,"Huntington-Ashland, WV-KY-OH MSA",metro,,0.74086,23569.0,20735.0,23506.0
2017,26620,"Huntsville, AL MSA",metro,,0.77527,24036.0,21071.0,23971.0
2017,26820,"Idaho Falls, ID MSA",metro,,0.6957,22956.0,20295.0,22896.0
2017,26900,"Indianapolis-Carmel-Anderson, IN MSA",metro,,0.88817,25568.0,22171.0,25495.0
2017,26980,"Iowa City, IA MSA",metro,,0.93871,26253.0,22664.0,26177.0
2017,27001,Minnesota Metro,state_metro,27,0.78602,24181.0,21175.0,24116.0
2017,27002,Minnesota Nonmetro,state_nonmetro,27,0.75054,23700.0,20830.0,23637.0
2017,27100,"Jackson, MI MSA",metro,,0.78387,24152.0,21155.0,24087.0
2017,27140,"Jackson, MS MSA",metro,,0.85054,25057.0,21804.0,24987.0
2017,27260,"Jacksonville, FL MSA",metro,,1.0129,27260.0,23387.0,27179.0
2017,27340,"Jacksonville, NC MSA",metro,,0.83978,24911.0,21699.0,24842.0
2017,27500,"Janesville-Beloit, WI MSA",metro,,0.8086,24488.0,21396.0,24421.0
2017,27740,"Johnson City, TN MSA",metro,,0.7129,23189.0,20463.0,23128.0
2017,27780,"Johnstown, PA MSA",metro,,0.64624,22285.0,19813.0,22228.0
2017,27980,"Kahului-Wailuku-Lahaina, HI MSA",metro,,1.43656,33009.0,27516.0,32900.0
2017,28001,Mississippi Metro,state_metro,28,0.78441,24160.0,21160.0,24094.0
2017,28002,Mississippi Nonmetro,state_nonmetro,28,0.64301,22241.0,19782.0,22185.0
2017,28020,"Kalamazoo-Portage, MI MSA",metro,,0.81505,24575.0,21458.0,24508.0
2017,28140,"Kansas City, MO-KS MSA",metro,,0.91505,25932.0,22433.0,25858.0
2017,28420,"Kennewick-Richland, WA MSA",metro,,0.88602,25538.0,22150.0,25466.0
2017,28660,"Killeen-Temple, TX MSA",metro,,0.8,24371.0,21312.0,24305.0
2017,28700,"Kingsport-Bristol-Bristol, TN-VA MSA",metro,,0.66452,22533.0,19991.0,22475.0
2017,28940,"Knoxville, TN MSA",metro,,0.81183,24532.0,21427.0,24464.0
2017,29001,Missouri Metro,state_metro,29,0.65054,22343.0,19855.0,22286.0
2017,29002,Missouri Nonmetro,state_nonmetro,29,0.68065,22752.0,20149.0,22693.0
2017,29180,"Lafayette, LA MSA",metro,,0.78065,24109.0,21123.0,24043.0
2017,29200,"Lafayette-West Lafayette, IN MSA",metro,,0.85645,25137.0,21862.0,25067.0
2017,29340,"Lake Charles, LA MSA",metro,,0.81613,24590.0,21469.0,24522.0
2017,29460,"Lakeland-Winter Haven, FL MSA",metro,,0.88817,25568.0,22171.0,25495.0
2017,29540,"Lancaster, PA MSA",metro,,1.01183,27246.0,23376.0,27165.0
2017,29620,"Lansing-East Lansing, MI MSA",metro,,0.88602,25538.0,22150.0,25466.0
2017,29700,"Laredo, TX MSA",metro,,0.80108,24386.0,21322.0,24319.0
2017,29740,"Las Cruces, NM MSA",metro,,0.7086,23131.0,20421.0,23070.0
2017,29820,"Las Vegas-Henderson-Paradise, NV MSA",metro,,1.0,27085.0,23261.0,27005.0
2017,30001,Montana Metro,state_metro,30,0.82151,24663.0,21521.0,24595.0
2017,30002,Montana Nonmetro,state_nonmetro,30,0.7871,24196.0,21186.0,24130.0
2017,30340,"Lewiston-Auburn, ME MSA",metro,,0.81613,24590.0,21469.0,24522.0
2017,30460,"Lexington-Fayette, KY MSA",metro,,0.81935,24634.0,21500.0,24566.0
2017,30780,"Little Rock-North Little Rock-Conway, AR MSA",metro,,0.81075,24517.0,21417.0,24450.0
2017,30980,"Longview, TX MSA",metro,,0.82903,24765.0,21595.0,24696.0
2017,31001,Nebraska Metro,state_metro,31,0.79462,24298.0,21259.0,24232.0
2017,31002,Nebraska Nonmetro,state_nonmetro,31,0.7043,23072.0,20379.0,23012.0
2017,31080,"Los Angeles-Long Beach-Anaheim, CA MSA",metro,,1.54086,34424.0,28532.0,34308.0
2017,31140,"Louisville/Jefferson County, KY-IN MSA",metro,,0.82581,24721.0,21563.0,24653.0
2017,31180,"Lubbock, TX MSA",metro,,0.85914,25174.0,21888.0,25103.0
2017,31420,"Macon, GA MSA",metro,,0.78602,24181.0,21175.0,24116.0
2017,31540,"Madison, WI MSA",metro,,1.02258,27391.0,23481.0,27310.0
2017,31700,"Manchester-Nashua, NH MSA",metro,,1.23656,30295.0,25567.0,30199.0
2017,32001,Nevada Metro,state_metro,32,0.95591,26487.0,22831.0,26410.0
2017,32002,Nevada Nonmetro,state_nonmetro,32,0.87097,25334.0,22003.0,25263.0
2017,32580,"McAllen-Edinburg-Mission, TX MSA",metro,,0.73548,23496.0,20683.0,23433.0
2017,32780,"Medford, OR MSA",metro,,0.91505,25932.0,22433.0,25858.0
2017,32820,"Memphis, TN-MS-AR MSA",metro,,0.87957,25451.0,22087.0,25379.0
2017,33002,New Hampshire Nonmetro,state_nonmetro,33,1.04516,27698.0,23701.0,27615.0
2017,33100,"Miami-Fort Lauderdale-West Palm Beach, FL MSA",metro,,1.27634,30835.0,25954.0,30736.0
2017,33340,"Milwaukee-Waukesha-West Allis, WI MSA",metro,,0.92043,26005.0,22485.0,25931.0
2017,33460,"Minneapolis-St. Paul-Bloomington, MN-WI MSA",metro,,1.1043,28500.0,24278.0,28413.0
2017,33660,"Mobile, AL MSA",metro,,0.83763,24882.0,21678.0,24813.0
2017,33700,"Modesto, CA MSA",metro,,0.98495,26881.0,23114.0,26802.0
2017,33740,"Monroe, LA MSA",metro,,0.73548,23496.0,20683.0,23433.0
2017,33780,"Monroe, MI MSA",metro,,0.85376,25101.0,21836.0,25030.0
2017,33860,"Montgomery, AL MSA",metro,,0.84731,25013.0,21773.0,24943.0
2017,34001,New Jersey Metro,state_metro,34,1.1828,29566.0,25043.0,29473.0
2017,34060,"Morgantown, WV MSA",metro,,0.80753,24473.0,21385.0,24406.0
2017,34580,"Mount Vernon-Anacortes, WA MSA",metro,,0.99247,26983.0,23188.0,26903.0
2017,34740,"Muskegon, MI MSA",metro,,0.77419,24021.0,21060.0,23956.0
2017,34820,"Myrtle Beach-Conway-North Myrtle Beach, SC-NC MSA",metro,,0.87849,25436.0,22077.0,25364.0
2017,34940,"Naples-Immokalee-Marco Island, FL MSA",metro,,1.13333,28894.0,24560.0,28805.0
2017,34980,"Nashville-Davidson--Murfreesboro--Franklin, TN MSA",metro,,0.94731,26370.0,22747.0,26294.0
2017,35002,New Mexico Nonmetro,state_nonmetro,35,0.75054,23700.0,20830.0,23637.0
2017,35300,"New Haven-Milford, CT MSA",metro,,1.20215,29828.0,25231.0,29735.0
2017,35380,"New Orleans-Metairie, LA MSA",metro,,1.0,27085.0,23261.0,27005.0
2017,35620,"New York-Newark-Jersey City, NY-NJ-PA MSA",metro,,1.43978,33053.0,27547.0,32943.0
2017,35660,"Niles-Benton Harbor, MI MSA",metro,,0.75376,23744.0,20861.0,23680.0
2017,35840,"North Port-Sarasota-Bradenton, FL MSA",metro,,1.07527,28106.0,23995.0,28021.0
2017,35980,"Norwich-New London, CT MSA",metro,,1.13118,28865.0,24540.0,28776.0
2017,36001,New York Metro,state_metro,36,0.78602,24181.0,21175.0,24116.0
2017,36002,New York Nonmetro,state_nonmetro,36,0.76559,23904.0,20976.0,23840.0
2017,36100,"Ocala, FL MSA",metro,,0.81505,24575.0,21458.0,24508.0
2017,36220,"Odessa, TX MSA",metro,,1.12366,28763.0,24466.0,28675.0
2017,36260,"Ogden-Clearfield, UT MSA",metro,,0.84946,25042.0,21794.0,24972.0
2017,36420,"Oklahoma City, OK MSA",metro,,0.84301,24955.0,21731.0,24885.0
2017,36540,"Omaha-Council Bluffs, NE-IA MSA",metro,,0.91613,25947.0,22444.0,25873.0
2017,36740,"Orlando-Kissimmee-Sanford, FL MSA",metro,,1.0828,28209.0,24068.0,28123.0
2017,36780,"Oshkosh-Neenah, WI MSA",metro,,0.76237,23860.0,20945.0,23796.0
2017,37001,North Carolina Metro,state_metro,37,0.81183,24532.0,21427.0,24464.0
2017,37002,North Carolina Nonmetro,state_nonmetro,37,0.66774,22576.0,20023.0,22519.0
2017,37100,"Oxnard-Thousand Oaks-Ventura, CA MSA",metro,,1.61183,35387.0,29224.0,35266.0
2017,37340,"Palm Bay-Melbourne-Titusville, FL MSA",metro,,0.94731,26370.0,22747.0,26294.0
2017,37460,"Panama City, FL MSA",metro,,0.95699,26501.0,22842.0,26424.0
2017,37860,"Pensacola-Ferry Pass-Brent, FL MSA",metro,,0.90538,25801.0,22339.0,25727.0
2017,37900,"Peoria, IL MSA",metro,,0.79677,24327.0,21280.0,24261.0
2017,37980,"Philadelphia-Camden-Wilmington, PA-NJ-DE-MD MSA",metro,,1.17097,29405.0,24927.0,29314.0
2017,38001,North Dakota Metro,state_metro,38,0.85699,25144.0,21867.0,25074.0
2017,38002,North Dakota Nonmetro,state_nonmetro,38,0.85806,25159.0,21878.0,25088.0
2017,38060,"Phoenix-Mesa-Scottsdale, AZ MSA",metro,,0.9957,27027.0,23219.0,26947.0
2017,38220,"Pine Bluff, AR MSA",metro,,0.71613,23233.0,20494.0,23172.0
2017,38300,"Pittsburgh, PA MSA",metro,,0.83871,24896.0,21689.0,24827.0
2017,38860,"Portland-South Portland, ME MSA",metro,,1.09032,28311.0,24141.0,28225.0
2017,38900,"Portland-Vancouver-Hillsboro, OR-WA MSA",metro,,1.07527,28106.0,23995.0,28021.0
2017,38940,"Port St. Lucie, FL MSA",metro,,0.99677,27041.0,23230.0,26961.0
2017,39001,Ohio Metro,state_metro,39,0.6914,22897.0,20253.0,22838.0
2017,39002,Ohio Nonmetro,state_nonmetro,39,0.6914,22897.0,20253.0,22838.0
2017,39140,"Prescott, AZ MSA",metro,,0.89785,25699.0,22265.0,25626.0
2017,39300,"Providence-Warwick, RI-MA MSA",metro,,1.01613,27304.0,23418.0,27223.0
2017,39340,"Provo-Orem, UT MSA",metro,,0.84839,25028.0,21783.0,24958.0
2017,39540,"Racine, WI MSA",metro,,0.86237,25217.0,21920.0,25147.0
2017,39580,"Raleigh, NC MSA",metro,,1.01505,27289.0,23408.0,27208.0
2017,39740,"Reading, PA MSA",metro,,0.96344,26589.0,22905.0,26511.0
2017,39820,"Redding, CA MSA",metro,,0.94946,26399.0,22768.0,26323.0
2017,40001,Oklahoma Metro,state_metro,40,0.71828,23262.0,20515.0,23201.0
2017,40002,Oklahoma Nonmetro,state_nonmetro,40,0.67527,22679.0,20096.0,22620.0
2017,40060,"Richmond, VA MSA",metro,,1.03226,27523.0,23575.0,27441.0
2017,40140,"Riverside-San Bernardino-Ontario, CA MSA",metro,,1.15054,29128.0,24728.0,29038.0
2017,40220,"Roanoke, VA MSA",metro,,0.84624,24999.0,21762.0,24929.0
2017,40380,"Rochester, NY MSA",metro,,0.93548,26209.0,22632.0,26134.0
2017,40420,"Rockford, IL MSA",metro,,0.80645,24459.0,21375.0,24392.0
2017,40900,"Sacramento--Roseville--Arden-Arcade, CA MSA",metro,,1.11075,28588.0,24340.0,28500.0
2017,40980,"Saginaw, MI MSA",metro,,0.75484,23758.0,20872.0,23695.0
2017,41001,Oregon Metro,state_metro,41,0.90645,25816.0,22349.0,25742.0
2017,41002,Oregon Nonmetro,state_nonmetro,41,0.80968,24502.0,21406.0,24435.0
2017,41100,"St. George, UT MSA",metro,,0.83978,24911.0,21699.0,24842.0
2017,41180,"St. Louis, MO-IL MSA",metro,,0.91183,25889.0,22402.0,25814.0
2017,41420,"Salem, OR MSA",metro,,0.84624,24999.0,21762.0,24929.0
2017,41500,"Salinas, CA MSA",metro,,1.34516,31769.0,26625.0,31666.0
2017,41540,"Salisbury, MD-DE MSA",metro,,0.95699,26501.0,22842.0,26424.0
2017,41620,"Salt Lake City, UT MSA",metro,,0.99785,27056.0,23240.0,26976.0
2017,41700,"San Antonio-New Braunfels, TX MSA",metro,,0.9871,26910.0,23135.0,26831.0
2017,41740,"San Diego-Carlsbad, CA MSA",metro,,1.50538,33943.0,28187.0,33829.0
2017,41860,"San Francisco-Oakland-Hayward, CA MSA",metro,,1.74409,37182.0,30513.0,37052.0
2017,41940,"San Jose-Sunnyvale-Santa Clara, CA MSA",metro,,1.93333,39750.0,32358.0,39607.0
2017,42001,Pennsylvania Metro,state_metro,42,0.83118,24794.0,21616.0,24726.0
2017,42002,Pennsylvania Nonmetro,state_nonmetro,42,0.7043,23072.0,20379.0,23012.0
2017,42020,"San Luis Obispo-Paso Robles-Arroyo Grande, CA MSA",metro,,1.33548,31637.0,26531.0,31535.0
2017,42100,"Santa Cruz-Watsonville, CA MSA",metro,,1.6871,36409.0,29958.0,36283.0
2017,42140,"Santa Fe, NM MSA",metro,,1.04086,27639.0,23659.0,27557.0
2017,42200,"Santa Maria-Santa Barbara, CA MSA",metro,,1.53978,34410.0,28522.0,34293.0
2017,42220,"Santa Rosa, CA MSA",metro,,1.46667,33418.0,27809.0,33306.0
2017,42340,"Savannah, GA MSA",metro,,0.96452,26604.0,22915.0,26526.0
2017,42540,"Scranton--Wilkes-Barre--Hazleton, PA MSA",metro,,0.77312,24006.0,21050.0,23942.0
2017,42660,"Seattle-Tacoma-Bellevue, WA MSA",metro,,1.28172,30908.0,26007.0,30809.0
2017,43300,"Sherman-Denison, TX MSA",metro,,0.83333,24823.0,21637.0,24755.0
2017,43340,"Shreveport-Bossier City, LA MSA",metro,,0.81183,24532.0,21427.0,24464.0
2017,43620,"Sioux Falls, SD MSA",metro,,0.82258,24677.0,21532.0,24609.0
2017,43780,"South Bend-Mishawaka, IN-MI MSA",metro,,0.81075,24517.0,21417.0,24450.0
2017,43900,"Spartanburg, SC MSA",metro,,0.73656,23510.0,20693.0,23448.0
2017,44060,"Spokane-Spokane Valley, WA MSA",metro,,0.84946,25042.0,21794.0,24972.0
2017,44100,"Springfield, IL MSA",metro,,0.82258,24677.0,21532.0,24609.0
2017,44140,"Springfield, MA MSA",metro,,0.9957,27027.0,23219.0,26947.0
2017,44180,"Springfield, MO MSA",metro,,0.72473,23350.0,20578.0,23288.0
2017,44700,"Stockton-Lodi, CA MSA",metro,,1.01828,27333.0,23439.0,27252.0
2017,45002,South Carolina Nonmetro,state_nonmetro,45,0.64946,22328.0,19845.0,22272.0
2017,45060,"Syracuse, NY MSA",metro,,0.87634,25407.0,22056.0,25335.0
2017,45220,"Tallahassee, FL MSA",metro,,0.95591,26487.0,22831.0,26410.0
2017,45300,"Tampa-St. Petersburg-Clearwater, FL MSA",metro,,1.04624,27712.0,23712.0,27629.0
2017,45460,"Terre Haute, IN MSA",metro,,0.77312,24006.0,21050.0,23942.0
2017,45780,"Toledo, OH MSA",metro,,0.74516,23627.0,20777.0,23564.0
2017,45820,"Topeka, KS MSA",metro,,0.80323,24415.0,21343.0,24348.0
2017,45940,"Trenton, NJ MSA",metro,,1.33011,31564.0,26478.0,31462.0
2017,46001,South Dakota Metro,state_metro,46,0.85914,25174.0,21888.0,25103.0
2017,46002,South Dakota Nonmetro,state_nonmetro,46,0.68387,22795.0,20180.0,22736.0
2017,46060,"Tucson, AZ MSA",metro,,0.90215,25757.0,22307.0,25684.0
2017,46140,"Tulsa, OK MSA",metro,,0.84301,24955.0,21731.0,24885.0
2017,46340,"Tyler, TX MSA",metro,,0.90538,25801.0,22339.0,25727.0
2017,46520,"Urban Honolulu, HI MSA",metro,,1.68387,36365.0,29926.0,36239.0
2017,46540,"Utica-Rome, NY MSA",metro,,0.78495,24167.0,21165.0,24101.0
2017,46700,"Vallejo-Fairfield, CA MSA",metro,,1.26882,30733.0,25881.0,30635.0
2017,47002,Tennessee Nonmetro,state_nonmetro,47,0.65914,22460.0,19939.0,22403.0
2017,47220,"Vineland-Bridgeton, NJ MSA",metro,,1.13548,28923.0,24581.0,28834.0
2017,47260,"Virginia Beach-Norfolk-Newport News, VA-NC MSA",metro,,1.1,28442.0,24236.0,28355.0
2017,47300,"Visalia-Porterville, CA MSA",metro,,0.83118,24794.0,21616.0,24726.0
2017,47380,"Waco, TX MSA",metro,,0.83441,24838.0,21647.0,24769.0
2017,47580,"Warner Robins, GA MSA",metro,,0.83118,24794.0,21616.0,24726.0
2017,47900,"Washington-Arlington-Alexandria, DC-VA-MD-WV MSA",metro,,1.63011,35635.0,29402.0,35513.0
2017,47940,"Waterloo-Cedar Falls, IA MSA",metro,,0.76774,23933.0,20997.0,23869.0
2017,48001,Texas Metro,state_metro,48,0.84086,24926.0,21710.0,24856.0
2017,48002,Texas Nonmetro,state_nonmetro,48,0.77849,24079.0,21102.0,24014.0
2017,48060,"Watertown-Fort Drum, NY MSA",metro,,1.04086,27639.0,23659.0,27557.0
2017,48140,"Wausau, WI MSA",metro,,0.78495,24167.0,21165.0,24101.0
2017,48620,"Wichita, KS MSA",metro,,0.80108,24386.0,21322.0,24319.0
2017,48660,"Wichita Falls, TX MSA",metro,,0.7828,24138.0,21144.0,24072.0
2017,48700,"Williamsport, PA MSA",metro,,0.81613,24590.0,21469.0,24522.0
2017,49001,Utah Metro,state_metro,49,0.71613,23233.0,20494.0,23172.0
2017,49002,Utah Nonmetro,state_nonmetro,49,0.72151,23306.0,20547.0,23245.0
2017,49020,"Winchester, VA-WV MSA",metro,,1.00968,27216.0,23355.0,27136.0
2017,49180,"Winston-Salem, NC MSA",metro,,0.73441,23481.0,20672.0,23419.0
2017,49340,"Worcester, MA-CT MSA",metro,,1.07312,28077.0,23974.0,27992.0
2017,49620,"York-Hanover, PA MSA",metro,,0.95914,26531.0,22863.0,26453.0
2017,49660,"Youngstown-Warren-Boardman, OH-PA MSA",metro,,0.70215,23043.0,20358.0,22983.0
2017,49740,"Yuma, AZ MSA",metro,,0.79892,24356.0,21301.0,24290.0
2017,50002,Vermont Nonmetro,state_nonmetro,50,0.95699,26501.0,22842.0,26424.0
2017,51001,Virginia Metro,state_metro,51,0.84301,24955.0,21731.0,24885.0
2017,51002,Virginia Nonmetro,state_nonmetro,51,0.67634,22693.0,20106.0,22635.0
2017,53001,Washington Metro,state_metro,53,0.82258,24677.0,21532.0,24609.0
2017,53002,Washington Nonmetro,state_nonmetro,53,0.69892,22999.0,20327.0,22940.0
2017,54001,West Virginia Metro,state_metro,54,0.69785,22985.0,20316.0,22925.0
2017,54002,West Virginia Nonmetro,state_nonmetro,54,0.6828,22781.0,20169.0,22722.0
2017,55002,Wisconsin Nonmetro,state_nonmetro,55,0.73656,23510.0,20693.0,23448.0
2017,56001,Wyoming Metro,state_metro,56,0.84194,24940.0,21720.0,24871.0
2017,56002,Wyoming Nonmetro,state_nonmetro,56,0.8,24371.0,21312.0,24305.0
2018,1002,Alabama Nonmetro,state_nonmetro,01,0.60811,22789.0,20251.0,22680.0
2018,2001,Alaska Metro,state_metro,02,1.27443,32231.0,26919.0,32008.0
2018,2002,Alaska Nonmetro,state_nonmetro,02,1.18503,30964.0,26025.0,30756.0
2018,4001,Arizona Metro,state_metro,04,1.13202,30213.0,25494.0,30014.0
2018,4002,Arizona Nonmetro,state_nonmetro,04,0.64969,23378.0,20667.0,23262.0
2018,5001,Arkansas Metro,state_metro,05,0.74324,24703.0,21603.0,24572.0
2018,5002,Arkansas Nonmetro,state_nonmetro,05,0.64657,23334.0,20636.0,23219.0
2018,6002,California Nonmetro,state_nonmetro,06,0.97921,28047.0,23965.0,27875.0
2018,8002,Colorado Nonmetro,state_nonmetro,08,0.98649,28151.0,24038.0,27977.0
2018,9002,Connecticut Nonmetro,state_nonmetro,09,1.10811,29874.0,25255.0,29679.0
2018,10180,"Abilene, TX MSA",metro,,0.85447,26280.0,22717.0,26129.0
2018,10420,"Akron, OH MSA",metro,,0.8316,25956.0,22488.0,25809.0
2018,10580,"Albany-Schenectady-Troy, NY MSA",metro,,1.05717,29152.0,24745.0,28966.0
2018,10740,"Albuquerque, NM MSA",metro,,0.87526,26574.0,22925.0,26420.0
2018,10900,"Allentown-Bethlehem-Easton, PA-NJ MSA",metro,,1.05509,29123.0,24724.0,28937.0
2018,11100,"Amarillo, TX MSA",metro,,0.85655,26309.0,22737.0,26158.0
2018,11460,"Ann Arbor, MI MSA",metro,,1.09979,29756.0,25172.0,29563.0
2018,11540,"Appleton, WI MSA",metro,,0.80769,25617.0,22248.0,25474.0
2018,11700,"Asheville, NC MSA",metro,,0.84304,26118.0,22602.0,25969.0
2018,12001,Florida Metro,state_metro,12,0.85759,26324.0,22748.0,26172.0
2018,12002,Florida Nonmetro,state_nonmetro,12,0.62994,23098.0,20470.0,22986.0
2018,12020,"Athens-Clarke County, GA MSA",metro,,0.81497,25720.0,22321.0,25576.0
2018,12060,"Atlanta-Sandy Springs-Roswell, GA MSA",metro,,1.03326,28813.0,24506.0,28632.0
2018,12100,"Atlantic City-Hammonton, NJ MSA",metro,,1.16632,30699.0,25837.0,30494.0
2018,12220,"Auburn-Opelika, AL MSA",metro,,0.81809,25764.0,22353.0,25620.0
2018,12260,"Augusta-Richmond County, GA-SC MSA",metro,,0.78586,25307.0,22030.0,25168.0
2018,12420,"Austin-Round Rock, TX MSA",metro,,1.23909,31730.0,26566.0,31513.0
2018,12540,"Bakersfield, CA MSA",metro,,0.8815,26663.0,22987.0,26507.0
2018,12580,"Baltimore-Columbia-Towson, MD MSA",metro,,1.29418,32511.0,27117.0,32284.0
2018,12620,"Bangor, ME MSA",metro,,0.8763,26589.0,22935.0,26434.0
2018,12700,"Barnstable Town, MA MSA",metro,,1.34719,33262.0,27648.0,33026.0
2018,12940,"Baton Rouge, LA MSA",metro,,0.89189,26810.0,23091.0,26653.0
2018,12980,"Battle Creek, MI MSA",metro,,0.77443,25145.0,21916.0,25008.0
2018,13001,Georgia Metro,state_metro,13,0.67568,23746.0,20927.0,23626.0
2018,13002,Georgia Nonmetro,state_nonmetro,13,0.6736,23717.0,20907.0,23597.0
2018,13140,"Beaumont-Port Arthur, TX MSA",metro,,0.83784,26044.0,22550.0,25896.0
2018,13460,"Bend-Redmond, OR MSA",metro,,0.97817,28033.0,23955.0,27860.0
2018,13740,"Billings, MT MSA",metro,,0.86798,26471.0,22852.0,26318.0
2018,13780,"Binghamton, NY MSA",metro,,0.73805,24630.0,21552.0,24499.0
2018,13820,"Birmingham-Hoover, AL MSA",metro,,0.84304,26118.0,22602.0,25969.0
2018,13980,"Blacksburg-Christiansburg-Radford, VA MSA",metro,,0.82121,25808.0,22384.0,25663.0
2018,14010,"Bloomington, IL MSA",metro,,0.8659,26442.0,22831.0,26289.0
2018,14020,"Bloomington, IN MSA",metro,,0.90229,26957.0,23195.0,26798.0
2018,14260,"Boise City, ID MSA",metro,,0.84407,26132.0,22613.0,25983.0
2018,14460,"Boston-Cambridge-Newton, MA-NH MSA",metro,,1.46466,34927.0,28823.0,34671.0
2018,14500,"Boulder, CO MSA",metro,,1.39085,33881.0,28084.0,33637.0
2018,14540,"Bowling Green, KY MSA",metro,,0.74116,24674.0,21583.0,24543.0
2018,14860,"Bridgeport-Stamford-Norwalk, CT MSA",metro,,1.51351,35619.0,29312.0,35354.0
2018,15002,Hawaii Nonmetro,state_nonmetro,15,1.16944,30743.0,25869.0,30538.0
2018,15180,"Brownsville-Harlingen, TX MSA",metro,,0.71206,24262.0,21291.0,24135.0
2018,15380,"Buffalo-Cheektowaga-Niagara Falls, NY MSA",metro,,0.79626,25455.0,22134.0,25314.0
2018,15500,"Burlington, NC MSA",metro,,0.78482,25293.0,22020.0,25154.0
2018,15540,"Burlington-South Burlington, VT MSA",metro,,1.27651,32260.0,26940.0,32037.0
2018,15680,"California-Lexington Park, MD MSA",metro,,1.21726,31421.0,26347.0,31207.0
2018,15940,"Canton-Massillon, OH MSA",metro,,0.74324,24703.0,21603.0,24572.0
2018,15980,"Cape Coral-Fort Myers, FL MSA",metro,,0.99584,28283.0,24131.0,28108.0
2018,16001,Idaho Metro,state_metro,16,0.69647,24041.0,21135.0,23917.0
2018,16002,Idaho Nonmetro,state_nonmetro,16,0.71206,24262.0,21291.0,24135.0
2018,16060,"Carbondale-Marion, IL MSA",metro,,0.72661,24468.0,21437.0,24339.0
2018,16300,"Cedar Rapids, IA MSA",metro,,0.7921,25396.0,22092.0,25256.0
2018,16540,"Chambersburg-Waynesboro, PA MSA",metro,,0.86175,26383.0,22789.0,26231.0
2018,16580,"Champaign-Urbana, IL MSA",metro,,0.88669,26736.0,23039.0,26580.0
2018,16620,"Charleston, WV MSA",metro,,0.76195,24969.0,21791.0,24834.0
2018,16700,"Charleston-North Charleston, SC MSA",metro,,1.03534,28843.0,24527.0,28661.0
2018,16740,"Charlotte-Concord-Gastonia, NC-SC MSA",metro,,0.91164,27090.0,23289.0,26929.0
2018,16820,"Charlottesville, VA MSA",metro,,1.14969,30463.0,25671.0,30261.0
2018,16860,"Chattanooga, TN-GA MSA",metro,,0.78898,25352.0,22061.0,25212.0
2018,16980,"Chicago-Naperville-Elgin, IL-IN-WI MSA",metro,,1.09148,29638.0,25088.0,29447.0
2018,17001,Illinois Metro,state_metro,17,0.7973,25470.0,22144.0,25329.0
2018,17002,Illinois Nonmetro,state_nonmetro,17,0.67879,23790.0,20958.0,23670.0
2018,17020,"Chico, CA MSA",metro,,0.9896,28195.0,24069.0,28020.0
2018,17140,"Cincinnati, OH-KY-IN MSA",metro,,0.84719,26177.0,22644.0,26027.0
2018,17300,"Clarksville, TN-KY MSA",metro,,0.84927,26206.0,22665.0,26056.0
2018,17420,"Cleveland, TN MSA",metro,,0.73909,24645.0,21562.0,24514.0
2018,17460,"Cleveland-Elyria, OH MSA",metro,,0.83056,25941.0,22477.0,25794.0
2018,17660,"Coeur d'Alene, ID MSA",metro,,0.81601,25735.0,22332.0,25590.0
2018,17780,"College Station-Bryan, TX MSA",metro,,0.89813,26898.0,23154.0,26740.0
2018,17820,"Colorado Springs, CO MSA",metro,,1.0104,28489.0,24277.0,28312.0
2018,17900,"Columbia, SC MSA",metro,,0.88358,26692.0,23008.0,26536.0
2018,17980,"Columbus, GA-AL MSA",metro,,0.82744,25897.0,22446.0,25750.0
2018,18001,Indiana Metro,state_metro,18,0.77443,25145.0,21916.0,25008.0
2018,18002,Indiana Nonmetro,state_nonmetro,18,0.70478,24158.0,21219.0,24033.0
2018,18140,"Columbus, OH MSA",metro,,0.93035,27355.0,23476.0,27191.0
2018,18580,"Corpus Christi, TX MSA",metro,,1.00208,28371.0,24194.0,28195.0
2018,19001,Iowa Metro,state_metro,19,0.83888,26059.0,22561.0,25911.0
2018,19002,Iowa Nonmetro,state_nonmetro,19,0.66008,23525.0,20771.0,23408.0
2018,19100,"Dallas-Fort Worth-Arlington, TX MSA",metro,,1.06237,29226.0,24797.0,29039.0
2018,19300,"Daphne-Fairhope-Foley, AL MSA",metro,,0.8659,26442.0,22831.0,26289.0
2018,19340,"Davenport-Moline-Rock Island, IA-IL MSA",metro,,0.77131,25101.0,21884.0,24965.0
2018,19380,"Dayton, OH MSA",metro,,0.7921,25396.0,22092.0,25256.0
2018,19660,"Deltona-Daytona Beach-Ormond Beach, FL MSA",metro,,0.97401,27974.0,23913.0,27802.0
2018,19740,"Denver-Aurora-Lakewood, CO MSA",metro,,1.26923,32157.0,26867.0,31935.0
2018,19780,"Des Moines-West Des Moines, IA MSA",metro,,0.90229,26957.0,23195.0,26798.0
2018,19820,"Detroit-Warren-Dearborn, MI MSA",metro,,0.94699,27591.0,23642.0,27424.0
2018,20001,Kansas Metro,state_metro,20,0.89813,26898.0,23154.0,26740.0
2018,20002,Kansas Nonmetro,state_nonmetro,20,0.67983,23805.0,20969.0,23684.0
2018,20100,"Dover, DE MSA",metro,,0.98233,28092.0,23996.0,27919.0
2018,20500,"Durham-Chapel Hill, NC MSA",metro,,0.99272,28239.0,24100.0,28064.0
2018,20700,"East Stroudsburg, PA MSA",metro,,1.0343,28828.0,24516.0,28646.0
2018,21001,Kentucky Metro,state_metro,21,0.69543,24026.0,21125.0,23902.0
2018,21002,Kentucky Nonmetro,state_nonmetro,21,0.63617,23186.0,20532.0,23073.0
2018,21140,"Elkhart-Goshen, IN MSA",metro,,0.78898,25352.0,22061.0,25212.0
2018,21340,"El Paso, TX MSA",metro,,0.79002,25366.0,22072.0,25227.0
2018,21500,"Erie, PA MSA",metro,,0.78378,25278.0,22009.0,25139.0
2018,21660,"Eugene, OR MSA",metro,,0.9262,27296.0,23434.0,27133.0
2018,21780,"Evansville, IN-KY MSA",metro,,0.83576,26015.0,22529.0,25867.0
2018,22001,Louisiana Metro,state_metro,22,0.77651,25175.0,21936.0,25037.0
2018,22002,Louisiana Nonmetro,state_nonmetro,22,0.66528,23599.0,20823.0,23480.0
2018,22020,"Fargo, ND-MN MSA",metro,,0.81809,25764.0,22353.0,25620.0
2018,22140,"Farmington, NM MSA",metro,,0.75468,24866.0,21718.0,24732.0
2018,22180,"Fayetteville, NC MSA",metro,,0.83264,25970.0,22498.0,25823.0
2018,22220,"Fayetteville-Springdale-Rogers, AR-MO MSA",metro,,0.76507,25013.0,21822.0,24877.0
2018,22420,"Flint, MI MSA",metro,,0.78067,25234.0,21978.0,25096.0
2018,22500,"Florence, SC MSA",metro,,0.72765,24483.0,21447.0,24354.0
2018,22520,"Florence-Muscle Shoals, AL MSA",metro,,0.66112,23540.0,20782.0,23422.0
2018,22660,"Fort Collins, CO MSA",metro,,1.08108,29491.0,24984.0,29301.0
2018,22900,"Fort Smith, AR-OK MSA",metro,,0.6736,23717.0,20907.0,23597.0
2018,23002,Maine Nonmetro,state_nonmetro,23,0.7578,24910.0,21749.0,24776.0
2018,23060,"Fort Wayne, IN MSA",metro,,0.7474,24762.0,21645.0,24630.0
2018,23420,"Fresno, CA MSA",metro,,0.91476,27134.0,23320.0,26973.0
2018,23540,"Gainesville, FL MSA",metro,,0.94802,27605.0,23653.0,27438.0
2018,23580,"Gainesville, GA MSA",metro,,0.85031,26221.0,22675.0,26071.0
2018,24002,Maryland Nonmetro,state_nonmetro,24,0.94075,27502.0,23580.0,27337.0
2018,24020,"Glens Falls, NY MSA",metro,,0.90229,26957.0,23195.0,26798.0
2018,24140,"Goldsboro, NC MSA",metro,,0.72973,24512.0,21468.0,24383.0
2018,24340,"Grand Rapids-Wyoming, MI MSA",metro,,0.85343,26265.0,22706.0,26114.0
2018,24540,"Greeley, CO MSA",metro,,0.9158,27149.0,23330.0,26987.0
2018,24580,"Green Bay, WI MSA",metro,,0.80042,25514.0,22176.0,25372.0
2018,24660,"Greensboro-High Point, NC MSA",metro,,0.78378,25278.0,22009.0,25139.0
2018,24780,"Greenville, NC MSA",metro,,0.77547,25160.0,21926.0,25023.0
2018,24860,"Greenville-Anderson-Mauldin, SC MSA",metro,,0.77651,25175.0,21936.0,25037.0
2018,25001,Massachusetts Metro,state_metro,25,0.91476,27134.0,23320.0,26973.0
2018,25002,Massachusetts Nonmetro,state_nonmetro,25,1.0395,28902.0,24568.0,28719.0
2018,25180,"Hagerstown-Martinsburg, MD-WV MSA",metro,,0.94075,27502.0,23580.0,27337.0
2018,25260,"Hanford-Corcoran, CA MSA",metro,,0.86694,26456.0,22841.0,26303.0
2018,25420,"Harrisburg-Carlisle, PA MSA",metro,,0.96881,27900.0,23861.0,27729.0
2018,25540,"Hartford-West Hartford-East Hartford, CT MSA",metro,,1.15696,30566.0,25744.0,30363.0
2018,25860,"Hickory-Lenoir-Morganton, NC MSA",metro,,0.65696,23481.0,20740.0,23364.0
2018,25940,"Hilton Head Island-Bluffton-Beaufort, SC MSA",metro,,1.01351,28533.0,24308.0,28355.0
2018,26001,Michigan Metro,state_metro,26,0.75468,24866.0,21718.0,24732.0
2018,26002,Michigan Nonmetro,state_nonmetro,26,0.77859,25204.0,21957.0,25067.0
2018,26420,"Houston-The Woodlands-Sugar Land, TX MSA",metro,,1.02807,28740.0,24454.0,28559.0
2018,26580,"Huntington-Ashland, WV-KY-OH MSA",metro,,0.73181,24541.0,21489.0,24412.0
2018,26620,"Huntsville, AL MSA",metro,,0.77027,25086.0,21874.0,24950.0
2018,26820,"Idaho Falls, ID MSA",metro,,0.68815,23923.0,21052.0,23801.0
2018,26900,"Indianapolis-Carmel-Anderson, IN MSA",metro,,0.89189,26810.0,23091.0,26653.0
2018,26980,"Iowa City, IA MSA",metro,,0.95114,27650.0,23684.0,27482.0
2018,27001,Minnesota Metro,state_metro,27,0.79522,25440.0,22124.0,25299.0
2018,27002,Minnesota Nonmetro,state_nonmetro,27,0.7526,24836.0,21697.0,24703.0
2018,27100,"Jackson, MI MSA",metro,,0.77443,25145.0,21916.0,25008.0
2018,27140,"Jackson, MS MSA",metro,,0.85447,26280.0,22717.0,26129.0
2018,27260,"Jacksonville, FL MSA",metro,,1.01455,28548.0,24319.0,28370.0
2018,27340,"Jacksonville, NC MSA",metro,,0.83368,25985.0,22509.0,25838.0
2018,27500,"Janesville-Beloit, WI MSA",metro,,0.80977,25646.0,22269.0,25503.0
2018,27740,"Johnson City, TN MSA",metro,,0.68503,23879.0,21021.0,23757.0
2018,27780,"Johnstown, PA MSA",metro,,0.63929,23230.0,20563.0,23117.0
2018,27980,"Kahului-Wailuku-Lahaina, HI MSA",metro,,1.4262,34382.0,28438.0,34132.0
2018,28001,Mississippi Metro,state_metro,28,0.77859,25204.0,21957.0,25067.0
2018,28002,Mississippi Nonmetro,state_nonmetro,28,0.63929,23230.0,20563.0,23117.0
2018,28020,"Kalamazoo-Portage, MI MSA",metro,,0.81289,25690.0,22300.0,25547.0
2018,28140,"Kansas City, MO-KS MSA",metro,,0.9158,27149.0,23330.0,26987.0
2018,28420,"Kennewick-Richland, WA MSA",metro,,0.88877,26766.0,23060.0,26609.0
2018,28660,"Killeen-Temple, TX MSA",metro,,0.79002,25366.0,22072.0,25227.0
2018,28700,"Kingsport-Bristol-Bristol, TN-VA MSA",metro,,0.64761,23348.0,20646.0,23233.0
2018,28940,"Knoxville, TN MSA",metro,,0.80561,25587.0,22228.0,25445.0
2018,29001,Missouri Metro,state_metro,29,0.66008,23525.0,20771.0,23408.0
2018,29002,Missouri Nonmetro,state_nonmetro,29,0.68191,23834.0,20990.0,23713.0
2018,29180,"Lafayette, LA MSA",metro,,0.78378,25278.0,22009.0,25139.0
2018,29200,"Lafayette-West Lafayette, IN MSA",metro,,0.8711,26515.0,22883.0,26362.0
2018,29340,"Lake Charles, LA MSA",metro,,0.80561,25587.0,22228.0,25445.0
2018,29460,"Lakeland-Winter Haven, FL MSA",metro,,0.88669,26736.0,23039.0,26580.0
2018,29540,"Lancaster, PA MSA",metro,,1.01143,28504.0,24287.0,28326.0
2018,29620,"Lansing-East Lansing, MI MSA",metro,,0.87734,26604.0,22945.0,26449.0
2018,29700,"Laredo, TX MSA",metro,,0.79938,25499.0,22165.0,25358.0
2018,29740,"Las Cruces, NM MSA",metro,,0.69958,24085.0,21167.0,23961.0
2018,29820,"Las Vegas-Henderson-Paradise, NV MSA",metro,,0.99792,28313.0,24152.0,28137.0
2018,30001,Montana Metro,state_metro,30,0.82121,25808.0,22384.0,25663.0
2018,30002,Montana Nonmetro,state_nonmetro,30,0.79418,25425.0,22113.0,25285.0
2018,30340,"Lewiston-Auburn, ME MSA",metro,,0.80353,25558.0,22207.0,25416.0
2018,30460,"Lexington-Fayette, KY MSA",metro,,0.82225,25823.0,22394.0,25678.0
2018,30780,"Little Rock-North Little Rock-Conway, AR MSA",metro,,0.80561,25587.0,22228.0,25445.0
2018,30980,"Longview, TX MSA",metro,,0.81705,25749.0,22342.0,25605.0
2018,31001,Nebraska Metro,state_metro,31,0.81601,25735.0,22332.0,25590.0
2018,31002,Nebraska Nonmetro,state_nonmetro,31,0.70686,24188.0,21239.0,24062.0
2018,31080,"Los Angeles-Long Beach-Anaheim, CA MSA",metro,,1.55094,36149.0,29687.0,35878.0
2018,31140,"Louisville/Jefferson County, KY-IN MSA",metro,,0.82744,25897.0,22446.0,25750.0
2018,31180,"Lubbock, TX MSA",metro,,0.87734,26604.0,22945.0,26449.0
2018,31420,"Macon, GA MSA",metro,,0.78482,25293.0,22020.0,25154.0
2018,31540,"Madison, WI MSA",metro,,1.02599,28710.0,24433.0,28530.0
2018,31700,"Manchester-Nashua, NH MSA",metro,,1.23181,31627.0,26493.0,31411.0
2018,32001,Nevada Metro,state_metro,32,0.95842,27753.0,23757.0,27584.0
2018,32002,Nevada Nonmetro,state_nonmetro,32,0.86486,26427.0,22821.0,26274.0
2018,32580,"McAllen-Edinburg-Mission, TX MSA",metro,,0.73077,24527.0,21479.0,24397.0
2018,32780,"Medford, OR MSA",metro,,0.9158,27149.0,23330.0,26987.0
2018,32820,"Memphis, TN-MS-AR MSA",metro,,0.8711,26515.0,22883.0,26362.0
2018,33002,New Hampshire Nonmetro,state_nonmetro,33,1.0343,28828.0,24516.0,28646.0
2018,33100,"Miami-Fort Lauderdale-West Palm Beach, FL MSA",metro,,1.29626,32540.0,27138.0,32313.0
2018,33340,"Milwaukee-Waukesha-West Allis, WI MSA",metro,,0.90956,27060.0,23268.0,26900.0
2018,33460,"Minneapolis-St. Paul-Bloomington, MN-WI MSA",metro,,1.10083,29771.0,25182.0,29577.0
2018,33660,"Mobile, AL MSA",metro,,0.8316,25956.0,22488.0,25809.0
2018,33700,"Modesto, CA MSA",metro,,0.98337,28106.0,24007.0,27933.0
2018,33740,"Monroe, LA MSA",metro,,0.7422,24689.0,21593.0,24557.0
2018,33780,"Monroe, MI MSA",metro,,0.83264,25970.0,22498.0,25823.0
2018,33860,"Montgomery, AL MSA",metro,,0.82225,25823.0,22394.0,25678.0
2018,34001,New Jersey Metro,state_metro,34,1.17879,30876.0,25962.0,30669.0
2018,34060,"Morgantown, WV MSA",metro,,0.80665,25602.0,22238.0,25459.0
2018,34580,"Mount Vernon-Anacortes, WA MSA",metro,,0.99064,28209.0,24079.0,28035.0
2018,34740,"Muskegon, MI MSA",metro,,0.76403,24998.0,21812.0,24863.0
2018,34820,"Myrtle Beach-Conway-North Myrtle Beach, SC-NC MSA",metro,,0.88254,26677.0,22998.0,26522.0
2018,34940,"Naples-Immokalee-Marco Island, FL MSA",metro,,1.15281,30507.0,25702.0,30305.0
2018,34980,"Nashville-Davidson--Murfreesboro--Franklin, TN MSA",metro,,0.96258,27812.0,23799.0,27642.0
2018,35002,New Mexico Nonmetro,state_nonmetro,35,0.75052,24807.0,21676.0,24674.0
2018,35300,"New Haven-Milford, CT MSA",metro,,1.20062,31185.0,26181.0,30974.0
2018,35380,"New Orleans-Metairie, LA MSA",metro,,0.99064,28209.0,24079.0,28035.0
2018,35620,"New York-Newark-Jersey City, NY-NJ-PA MSA",metro,,1.43347,34485.0,28511.0,34234.0
2018,35660,"Niles-Benton Harbor, MI MSA",metro,,0.74532,24733.0,21624.0,24601.0
2018,35840,"North Port-Sarasota-Bradenton, FL MSA",metro,,1.09875,29741.0,25161.0,29548.0
2018,35980,"Norwich-New London, CT MSA",metro,,1.12994,30183.0,25473.0,29985.0
2018,36001,New York Metro,state_metro,36,0.77963,25219.0,21968.0,25081.0
2018,36002,New York Nonmetro,state_nonmetro,36,0.75364,24851.0,21708.0,24717.0
2018,36100,"Ocala, FL MSA",metro,,0.82121,25808.0,22384.0,25663.0
2018,36220,"Odessa, TX MSA",metro,,1.08628,29565.0,25036.0,29374.0
2018,36260,"Ogden-Clearfield, UT MSA",metro,,0.86071,26368.0,22779.0,26216.0
2018,36420,"Oklahoma City, OK MSA",metro,,0.842,26103.0,22592.0,25954.0
2018,36540,"Omaha-Council Bluffs, NE-IA MSA",metro,,0.91892,27193.0,23362.0,27031.0
2018,36740,"Orlando-Kissimmee-Sanford, FL MSA",metro,,1.08628,29565.0,25036.0,29374.0
2018,36780,"Oshkosh-Neenah, WI MSA",metro,,0.77235,25116.0,21895.0,24979.0
2018,37001,North Carolina Metro,state_metro,37,0.78378,25278.0,22009.0,25139.0
2018,37002,North Carolina Nonmetro,state_nonmetro,37,0.66736,23628.0,20844.0,23510.0
2018,37100,"Oxnard-Thousand Oaks-Ventura, CA MSA",metro,,1.61642,37077.0,30342.0,36795.0
2018,37340,"Palm Bay-Melbourne-Titusville, FL MSA",metro,,0.95114,27650.0,23684.0,27482.0
2018,37460,"Panama City, FL MSA",metro,,0.95322,27679.0,23705.0,27511.0
2018,37860,"Pensacola-Ferry Pass-Brent, FL MSA",metro,,0.89917,26913.0,23164.0,26755.0
2018,37900,"Peoria, IL MSA",metro,,0.79418,25425.0,22113.0,25285.0
2018,37980,"Philadelphia-Camden-Wilmington, PA-NJ-DE-MD MSA",metro,,1.16736,30714.0,25848.0,30509.0
2018,38001,North Dakota Metro,state_metro,38,0.85135,26235.0,22685.0,26085.0
2018,38002,North Dakota Nonmetro,state_nonmetro,38,0.86279,26398.0,22800.0,26245.0
2018,38060,"Phoenix-Mesa-Scottsdale, AZ MSA",metro,,1.0,28342.0,24173.0,28166.0
2018,38220,"Pine Bluff, AR MSA",metro,,0.70582,24173.0,21229.0,24048.0
2018,38300,"Pittsburgh, PA MSA",metro,,0.83576,26015.0,22529.0,25867.0
2018,38860,"Portland-South Portland, ME MSA",metro,,1.079,29462.0,24964.0,29272.0
2018,38900,"Portland-Vancouver-Hillsboro, OR-WA MSA",metro,,1.10707,29859.0,25245.0,29665.0
2018,38940,"Port St. Lucie, FL MSA",metro,,1.00104,28357.0,24183.0,28181.0
2018,39001,Ohio Metro,state_metro,39,0.69647,24041.0,21135.0,23917.0
2018,39002,Ohio Nonmetro,state_nonmetro,39,0.68295,23849.0,21000.0,23728.0
2018,39140,"Prescott, AZ MSA",metro,,0.90125,26943.0,23185.0,26784.0
2018,39300,"Providence-Warwick, RI-MA MSA",metro,,1.01247,28519.0,24298.0,28341.0
2018,39340,"Provo-Orem, UT MSA",metro,,0.85759,26324.0,22748.0,26172.0
2018,39540,"Racine, WI MSA",metro,,0.86071,26368.0,22779.0,26216.0
2018,39580,"Raleigh, NC MSA",metro,,1.02391,28681.0,24412.0,28501.0
2018,39740,"Reading, PA MSA",metro,,0.95218,27664.0,23694.0,27497.0
2018,39820,"Redding, CA MSA",metro,,0.93035,27355.0,23476.0,27191.0
2018,40001,Oklahoma Metro,state_metro,40,0.72037,24379.0,21375.0,24252.0
2018,40002,Oklahoma Nonmetro,state_nonmetro,40,0.66736,23628.0,20844.0,23510.0
2018,40060,"Richmond, VA MSA",metro,,1.02911,28755.0,24464.0,28573.0
2018,40140,"Riverside-San Bernardino-Ontario, CA MSA",metro,,1.15489,30537.0,25723.0,30334.0
2018,40220,"Roanoke, VA MSA",metro,,0.83888,26059.0,22561.0,25911.0
2018,40380,"Rochester, NY MSA",metro,,0.93243,27384.0,23497.0,27220.0
2018,40420,"Rockford, IL MSA",metro,,0.80561,25587.0,22228.0,25445.0
2018,40900,"Sacramento--Roseville--Arden-Arcade, CA MSA",metro,,1.13098,30198.0,25484.0,30000.0
2018,40980,"Saginaw, MI MSA",metro,,0.7474,24762.0,21645.0,24630.0
2018,41001,Oregon Metro,state_metro,41,0.90852,27046.0,23258.0,26885.0
2018,41002,Oregon Nonmetro,state_nonmetro,41,0.80042,25514.0,22176.0,25372.0
2018,41100,"St. George, UT MSA",metro,,0.85135,26235.0,22685.0,26085.0
2018,41180,"St. Louis, MO-IL MSA",metro,,0.90644,27016.0,23237.0,26856.0
2018,41420,"Salem, OR MSA",metro,,0.8659,26442.0,22831.0,26289.0
2018,41500,"Salinas, CA MSA",metro,,1.34096,33174.0,27585.0,32939.0
2018,41540,"Salisbury, MD-DE MSA",metro,,0.96778,27885.0,23851.0,27715.0
2018,41620,"Salt Lake City, UT MSA",metro,,1.00936,28475.0,24267.0,28297.0
2018,41700,"San Antonio-New Braunfels, TX MSA",metro,,1.00104,28357.0,24183.0,28181.0
2018,41740,"San Diego-Carlsbad, CA MSA",metro,,1.5395,35987.0,29572.0,35718.0
2018,41860,"San Francisco-Oakland-Hayward, CA MSA",metro,,1.79938,39670.0,32173.0,39356.0
2018,41940,"San Jose-Sunnyvale-Santa Clara, CA MSA",metro,,2.02703,42896.0,34451.0,42543.0
2018,42001,Pennsylvania Metro,state_metro,42,0.81497,25720.0,22321.0,25576.0
2018,42002,Pennsylvania Nonmetro,state_nonmetro,42,0.70374,24144.0,21208.0,24019.0
2018,42020,"San Luis Obispo-Paso Robles-Arroyo Grande, CA MSA",metro,,1.36383,33498.0,27814.0,33259.0
2018,42100,"Santa Cruz-Watsonville, CA MSA",metro,,1.6632,37740.0,30810.0,37450.0
2018,42140,"Santa Fe, NM MSA",metro,,1.02911,28755.0,24464.0,28573.0
2018,42200,"Santa Maria-Santa Barbara, CA MSA",metro,,1.56861,36400.0,29863.0,36126.0
2018,42220,"Santa Rosa, CA MSA",metro,,1.50624,35516.0,29239.0,35253.0
2018,42340,"Savannah, GA MSA",metro,,0.96674,27871.0,23840.0,27700.0
2018,42540,"Scranton--Wilkes-Barre--Hazleton, PA MSA",metro,,0.77547,25160.0,21926.0,25023.0
2018,42660,"Seattle-Tacoma-Bellevue, WA MSA",metro,,1.3264,32967.0,27439.0,32735.0
2018,43300,"Sherman-Denison, TX MSA",metro,,0.8316,25956.0,22488.0,25809.0
2018,43340,"Shreveport-Bossier City, LA MSA",metro,,0.80042,25514.0,22176.0,25372.0
2018,43620,"Sioux Falls, SD MSA",metro,,0.81809,25764.0,22353.0,25620.0
2018,43780,"South Bend-Mishawaka, IN-MI MSA",metro,,0.80353,25558.0,22207.0,25416.0
2018,43900,"Spartanburg, SC MSA",metro,,0.73493,24586.0,21520.0,24455.0
2018,44060,"Spokane-Spokane Valley, WA MSA",metro,,0.84719,26177.0,22644.0,26027.0
2018,44100,"Springfield, IL MSA",metro,,0.82017,25794.0,22373.0,25649.0
2018,44140,"Springfield, MA MSA",metro,,0.98857,28180.0,24059.0,28006.0
2018,44180,"Springfield, MO MSA",metro,,0.72765,24483.0,21447.0,24354.0
2018,44700,"Stockton-Lodi, CA MSA",metro,,1.01143,28504.0,24287.0,28326.0
2018,45002,South Carolina Nonmetro,state_nonmetro,45,0.64137,23260.0,20584.0,23146.0
2018,45060,"Syracuse, NY MSA",metro,,0.87006,26501.0,22873.0,26347.0
2018,45220,"Tallahassee, FL MSA",metro,,0.94283,27532.0,23601.0,27366.0
2018,45300,"Tampa-St. Petersburg-Clearwater, FL MSA",metro,,1.04886,29034.0,24662.0,28850.0
2018,45460,"Terre Haute, IN MSA",metro,,0.76403,24998.0,21812.0,24863.0
2018,45780,"Toledo, OH MSA",metro,,0.74532,24733.0,21624.0,24601.0
2018,45820,"Topeka, KS MSA",metro,,0.81081,25661.0,22280.0,25518.0
2018,45940,"Trenton, NJ MSA",metro,,1.35343,33350.0,27710.0,33113.0
2018,46001,South Dakota Metro,state_metro,46,0.83888,26059.0,22561.0,25911.0
2018,46002,South Dakota Nonmetro,state_nonmetro,46,0.6736,23717.0,20907.0,23597.0
2018,46060,"Tucson, AZ MSA",metro,,0.90021,26928.0,23174.0,26769.0
2018,46140,"Tulsa, OK MSA",metro,,0.84304,26118.0,22602.0,25969.0
2018,46340,"Tyler, TX MSA",metro,,0.90229,26957.0,23195.0,26798.0
2018,46520,"Urban Honolulu, HI MSA",metro,,1.68919,38109.0,31070.0,37814.0
2018,46540,"Utica-Rome, NY MSA",metro,,0.79002,25366.0,22072.0,25227.0
2018,46700,"Vallejo-Fairfield, CA MSA",metro,,1.26819,32143.0,26857.0,31920.0
2018,47002,Tennessee Nonmetro,state_nonmetro,47,0.65593,23466.0,20730.0,23350.0
2018,47220,"Vineland-Bridgeton, NJ MSA",metro,,1.12786,30154.0,25453.0,29956.0
2018,47260,"Virginia Beach-Norfolk-Newport News, VA-NC MSA",metro,,1.08524,29550.0,25026.0,29359.0
2018,47300,"Visalia-Porterville, CA MSA",metro,,0.83368,25985.0,22509.0,25838.0
2018,47380,"Waco, TX MSA",metro,,0.83472,26000.0,22519.0,25852.0
2018,47580,"Warner Robins, GA MSA",metro,,0.82225,25823.0,22394.0,25678.0
2018,47900,"Washington-Arlington-Alexandria, DC-VA-MD-WV MSA",metro,,1.63306,37313.0,30508.0,37028.0
2018,47940,"Waterloo-Cedar Falls, IA MSA",metro,,0.76819,25057.0,21853.0,24921.0
2018,48001,Texas Metro,state_metro,48,0.84407,26132.0,22613.0,25983.0
2018,48002,Texas Nonmetro,state_nonmetro,48,0.77963,25219.0,21968.0,25081.0
2018,48060,"Watertown-Fort Drum, NY MSA",metro,,1.00208,28371.0,24194.0,28195.0
2018,48140,"Wausau, WI MSA",metro,,0.77963,25219.0,21968.0,25081.0
2018,48620,"Wichita, KS MSA",metro,,0.79834,25484.0,22155.0,25343.0
2018,48660,"Wichita Falls, TX MSA",metro,,0.77963,25219.0,21968.0,25081.0
2018,48700,"Williamsport, PA MSA",metro,,0.80665,25602.0,22238.0,25459.0
2018,49001,Utah Metro,state_metro,49,0.70582,24173.0,21229.0,24048.0
2018,49002,Utah Nonmetro,state_nonmetro,49,0.70894,24217.0,21260.0,24092.0
2018,49020,"Winchester, VA-WV MSA",metro,,1.02183,28651.0,24391.0,28472.0
2018,49180,"Winston-Salem, NC MSA",metro,,0.73077,24527.0,21479.0,24397.0
2018,49340,"Worcester, MA-CT MSA",metro,,1.06861,29314.0,24860.0,29126.0
2018,49620,"York-Hanover, PA MSA",metro,,0.96258,27812.0,23799.0,27642.0
2018,49660,"Youngstown-Warren-Boardman, OH-PA MSA",metro,,0.68815,23923.0,21052.0,23801.0
2018,49740,"Yuma, AZ MSA",metro,,0.79002,25366.0,22072.0,25227.0
2018,50002,Vermont Nonmetro,state_nonmetro,50,0.95842,27753.0,23757.0,27584.0
2018,51001,Virginia Metro,state_metro,51,0.83576,26015.0,22529.0,25867.0
2018,51002,Virginia Nonmetro,state_nonmetro,51,0.6684,23643.0,20854.0,23524.0
2018,53001,Washington Metro,state_metro,53,0.82328,25838.0,22404.0,25692.0
2018,53002,Washington Nonmetro,state_nonmetro,53,0.71102,24247.0,21281.0,24121.0
2018,54001,West Virginia Metro,state_metro,54,0.67879,23790.0,20958.0,23670.0
2018,54002,West Virginia Nonmetro,state_nonmetro,54,0.67568,23746.0,20927.0,23626.0
2018,55002,Wisconsin Nonmetro,state_nonmetro,55,0.73389,24571.0,21510.0,24441.0
2018,56001,Wyoming Metro,state_metro,56,0.84927,26206.0,22665.0,26056.0
2018,56002,Wyoming Nonmetro,state_nonmetro,56,0.7869,25322.0,22040.0,25183.0
2019,1002,Alabama Nonmetro,state_nonmetro,01,0.5994,23390.0,20847.0,23177.0
2019,2001,Alaska Metro,state_metro,02,1.23576,32673.0,27412.0,32238.0
2019,2002,Alaska Nonmetro,state_nonmetro,02,1.17483,31784.0,26784.0,31370.0
2019,4001,Arizona Metro,state_metro,04,1.13986,31274.0,26423.0,30872.0
2019,4002,Arizona Nonmetro,state_nonmetro,04,0.63536,23915.0,21218.0,23689.0
2019,5001,Arkansas Metro,state_metro,05,0.74625,25532.0,22362.0,25268.0
2019,5002,Arkansas Nonmetro,state_nonmetro,05,0.63037,23842.0,21167.0,23618.0
2019,6002,California Nonmetro,state_nonmetro,06,0.97403,28855.0,24712.0,28511.0
2019,8002,Colorado Nonmetro,state_nonmetro,08,0.97103,28811.0,24681.0,28469.0
2019,9002,Connecticut Nonmetro,state_nonmetro,09,1.1009,30706.0,26021.0,30318.0
2019,10180,"Abilene, TX MSA",metro,,0.86314,27238.0,23568.0,26932.0
2019,10420,"Akron, OH MSA",metro,,0.81918,26596.0,23115.0,26306.0
2019,10580,"Albany-Schenectady-Troy, NY MSA",metro,,1.04496,29890.0,25444.0,29521.0
2019,10740,"Albuquerque, NM MSA",metro,,0.86014,27194.0,23537.0,26890.0
2019,10900,"Allentown-Bethlehem-Easton, PA-NJ MSA",metro,,1.05395,30021.0,25537.0,29649.0
2019,11100,"Amarillo, TX MSA",metro,,0.84915,27033.0,23424.0,26733.0
2019,11460,"Ann Arbor, MI MSA",metro,,1.11788,30954.0,26196.0,30559.0
2019,11540,"Appleton, WI MSA",metro,,0.7952,26246.0,22867.0,25965.0
2019,11700,"Asheville, NC MSA",metro,,0.84515,26975.0,23382.0,26676.0
2019,12001,Florida Metro,state_metro,12,0.86314,27238.0,23568.0,26932.0
2019,12002,Florida Nonmetro,state_nonmetro,12,0.65634,24221.0,21435.0,23988.0
2019,12020,"Athens-Clarke County, GA MSA",metro,,0.8022,26349.0,22939.0,26065.0
2019,12060,"Atlanta-Sandy Springs-Roswell, GA MSA",metro,,1.03996,29817.0,25392.0,29450.0
2019,12100,"Atlantic City-Hammonton, NJ MSA",metro,,1.13986,31274.0,26423.0,30872.0
2019,12220,"Auburn-Opelika, AL MSA",metro,,0.80519,26392.0,22970.0,26107.0
2019,12260,"Augusta-Richmond County, GA-SC MSA",metro,,0.77622,25970.0,22671.0,25695.0
2019,12420,"Austin-Round Rock, TX MSA",metro,,1.26474,33096.0,27711.0,32650.0
2019,12540,"Bakersfield, CA MSA",metro,,0.87512,27412.0,23692.0,27103.0
2019,12580,"Baltimore-Columbia-Towson, MD MSA",metro,,1.27972,33314.0,27866.0,32864.0
2019,12620,"Bangor, ME MSA",metro,,0.87562,27420.0,23697.0,27110.0
2019,12700,"Barnstable Town, MA MSA",metro,,1.38062,34786.0,28907.0,34300.0
2019,12940,"Baton Rouge, LA MSA",metro,,0.88012,27485.0,23743.0,27174.0
2019,12980,"Battle Creek, MI MSA",metro,,0.76923,25868.0,22599.0,25595.0
2019,13001,Georgia Metro,state_metro,13,0.67832,24541.0,21661.0,24301.0
2019,13002,Georgia Nonmetro,state_nonmetro,13,0.65235,24163.0,21393.0,23931.0
2019,13140,"Beaumont-Port Arthur, TX MSA",metro,,0.83516,26829.0,23279.0,26534.0
2019,13460,"Bend-Redmond, OR MSA",metro,,1.01099,29394.0,25093.0,29037.0
2019,13740,"Billings, MT MSA",metro,,0.86613,27281.0,23599.0,26975.0
2019,13780,"Binghamton, NY MSA",metro,,0.74226,25474.0,22321.0,25211.0
2019,13820,"Birmingham-Hoover, AL MSA",metro,,0.83816,26873.0,23310.0,26577.0
2019,13980,"Blacksburg-Christiansburg-Radford, VA MSA",metro,,0.8032,26363.0,22950.0,26079.0
2019,14010,"Bloomington, IL MSA",metro,,0.84416,26961.0,23372.0,26662.0
2019,14020,"Bloomington, IN MSA",metro,,0.88412,27544.0,23784.0,27231.0
2019,14260,"Boise City, ID MSA",metro,,0.84715,27004.0,23403.0,26705.0
2019,14460,"Boston-Cambridge-Newton, MA-NH MSA",metro,,1.47752,36200.0,29906.0,35680.0
2019,14500,"Boulder, CO MSA",metro,,1.41459,35282.0,29257.0,34784.0
2019,14540,"Bowling Green, KY MSA",metro,,0.73027,25299.0,22197.0,25040.0
2019,14860,"Bridgeport-Stamford-Norwalk, CT MSA",metro,,1.49201,36411.0,30056.0,35886.0
2019,15002,Hawaii Nonmetro,state_nonmetro,15,1.18082,31872.0,26845.0,31456.0
2019,15180,"Brownsville-Harlingen, TX MSA",metro,,0.70729,24964.0,21960.0,24713.0
2019,15380,"Buffalo-Cheektowaga-Niagara Falls, NY MSA",metro,,0.79421,26232.0,22857.0,25951.0
2019,15500,"Burlington, NC MSA",metro,,0.77922,26013.0,22702.0,25737.0
2019,15540,"Burlington-South Burlington, VT MSA",metro,,1.27772,33285.0,27845.0,32835.0
2019,15680,"California-Lexington Park, MD MSA",metro,,1.23477,32659.0,27402.0,32224.0
2019,15940,"Canton-Massillon, OH MSA",metro,,0.73027,25299.0,22197.0,25040.0
2019,15980,"Cape Coral-Fort Myers, FL MSA",metro,,1.003,29278.0,25011.0,28924.0
2019,16001,Idaho Metro,state_metro,16,0.70629,24949.0,21950.0,24699.0
2019,16002,Idaho Nonmetro,state_nonmetro,16,0.70529,24935.0,21940.0,24685.0
2019,16060,"Carbondale-Marion, IL MSA",metro,,0.71828,25124.0,22074.0,24870.0
2019,16300,"Cedar Rapids, IA MSA",metro,,0.77922,26013.0,22702.0,25737.0
2019,16540,"Chambersburg-Waynesboro, PA MSA",metro,,0.84665,26997.0,23398.0,26698.0
2019,16580,"Champaign-Urbana, IL MSA",metro,,0.88212,27514.0,23764.0,27203.0
2019,16620,"Charleston, WV MSA",metro,,0.75025,25591.0,22403.0,25325.0
2019,16700,"Charleston-North Charleston, SC MSA",metro,,1.05095,29977.0,25506.0,29606.0
2019,16740,"Charlotte-Concord-Gastonia, NC-SC MSA",metro,,0.92507,28141.0,24207.0,27814.0
2019,16820,"Charlottesville, VA MSA",metro,,1.12887,31114.0,26310.0,30716.0
2019,16860,"Chattanooga, TN-GA MSA",metro,,0.77822,25999.0,22692.0,25723.0
2019,16980,"Chicago-Naperville-Elgin, IL-IN-WI MSA",metro,,1.08192,30429.0,25825.0,30047.0
2019,17001,Illinois Metro,state_metro,17,0.7972,26276.0,22888.0,25993.0
2019,17002,Illinois Nonmetro,state_nonmetro,17,0.68232,24600.0,21703.0,24358.0
2019,17020,"Chico, CA MSA",metro,,0.98901,29074.0,24867.0,28725.0
2019,17140,"Cincinnati, OH-KY-IN MSA",metro,,0.84515,26975.0,23382.0,26676.0
2019,17300,"Clarksville, TN-KY MSA",metro,,0.84116,26917.0,23341.0,26619.0
2019,17420,"Cleveland, TN MSA",metro,,0.72727,25255.0,22166.0,24998.0
2019,17460,"Cleveland-Elyria, OH MSA",metro,,0.81818,26582.0,23104.0,26292.0
2019,17660,"Coeur d'Alene, ID MSA",metro,,0.82318,26655.0,23156.0,26363.0
2019,17780,"College Station-Bryan, TX MSA",metro,,0.88911,27616.0,23836.0,27302.0
2019,17820,"Colorado Springs, CO MSA",metro,,1.02797,29642.0,25269.0,29279.0
2019,17900,"Columbia, SC MSA",metro,,0.88212,27514.0,23764.0,27203.0
2019,17980,"Columbus, GA-AL MSA",metro,,0.81019,26465.0,23022.0,26178.0
2019,18001,Indiana Metro,state_metro,18,0.74226,25474.0,22321.0,25211.0
2019,18002,Indiana Nonmetro,state_nonmetro,18,0.6993,24847.0,21878.0,24600.0
2019,18140,"Columbus, OH MSA",metro,,0.93407,28272.0,24300.0,27942.0
2019,18580,"Corpus Christi, TX MSA",metro,,0.996,29176.0,24939.0,28824.0
2019,19001,Iowa Metro,state_metro,19,0.83417,26815.0,23269.0,26520.0
2019,19002,Iowa Nonmetro,state_nonmetro,19,0.65135,24148.0,21383.0,23917.0
2019,19100,"Dallas-Fort Worth-Arlington, TX MSA",metro,,1.07892,30385.0,25794.0,30005.0
2019,19300,"Daphne-Fairhope-Foley, AL MSA",metro,,0.8981,27748.0,23929.0,27430.0
2019,19340,"Davenport-Moline-Rock Island, IA-IL MSA",metro,,0.76823,25853.0,22589.0,25581.0
2019,19380,"Dayton, OH MSA",metro,,0.78022,26028.0,22713.0,25752.0
2019,19660,"Deltona-Daytona Beach-Ormond Beach, FL MSA",metro,,0.98102,28957.0,24784.0,28611.0
2019,19740,"Denver-Aurora-Lakewood, CO MSA",metro,,1.32767,34014.0,28360.0,33546.0
2019,19780,"Des Moines-West Des Moines, IA MSA",metro,,0.88711,27587.0,23815.0,27274.0
2019,19820,"Detroit-Warren-Dearborn, MI MSA",metro,,0.94106,28374.0,24372.0,28042.0
2019,20001,Kansas Metro,state_metro,20,0.88811,27602.0,23826.0,27288.0
2019,20002,Kansas Nonmetro,state_nonmetro,20,0.66933,24410.0,21569.0,24173.0
2019,20100,"Dover, DE MSA",metro,,0.95405,28564.0,24506.0,28227.0
2019,20500,"Durham-Chapel Hill, NC MSA",metro,,0.999,29219.0,24970.0,28867.0
2019,20700,"East Stroudsburg, PA MSA",metro,,1.00699,29336.0,25052.0,28981.0
2019,21001,Kentucky Metro,state_metro,21,0.67932,24556.0,21672.0,24315.0
2019,21002,Kentucky Nonmetro,state_nonmetro,21,0.62837,23813.0,21146.0,23590.0
2019,21140,"Elkhart-Goshen, IN MSA",metro,,0.78322,26072.0,22744.0,25794.0
2019,21340,"El Paso, TX MSA",metro,,0.77922,26013.0,22702.0,25737.0
2019,21500,"Erie, PA MSA",metro,,0.77423,25941.0,22651.0,25666.0
2019,21660,"Eugene, OR MSA",metro,,0.92907,28199.0,24248.0,27871.0
2019,21780,"Evansville, IN-KY MSA",metro,,0.81518,26538.0,23073.0,26249.0
2019,22001,Louisiana Metro,state_metro,22,0.76723,25838.0,22579.0,25567.0
2019,22002,Louisiana Nonmetro,state_nonmetro,22,0.68032,24571.0,21682.0,24329.0
2019,22020,"Fargo, ND-MN MSA",metro,,0.81119,26480.0,23032.0,26193.0
2019,22140,"Farmington, NM MSA",metro,,0.74226,25474.0,22321.0,25211.0
2019,22180,"Fayetteville, NC MSA",metro,,0.82118,26625.0,23135.0,26335.0
2019,22220,"Fayetteville-Springdale-Rogers, AR-MO MSA",metro,,0.75425,25649.0,22445.0,25382.0
2019,22420,"Flint, MI MSA",metro,,0.76923,25868.0,22599.0,25595.0
2019,22500,"Florence, SC MSA",metro,,0.72128,25168.0,22105.0,24912.0
2019,22520,"Florence-Muscle Shoals, AL MSA",metro,,0.67033,24425.0,21579.0,24187.0
2019,22660,"Fort Collins, CO MSA",metro,,1.11788,30954.0,26196.0,30559.0
2019,22900,"Fort Smith, AR-OK MSA",metro,,0.67433,24483.0,21620.0,24244.0
2019,23002,Maine Nonmetro,state_nonmetro,23,0.75924,25722.0,22496.0,25453.0
2019,23060,"Fort Wayne, IN MSA",metro,,0.74625,25532.0,22362.0,25268.0
2019,23420,"Fresno, CA MSA",metro,,0.91908,28054.0,24145.0,27729.0
2019,23540,"Gainesville, FL MSA",metro,,0.95005,28505.0,24465.0,28170.0
2019,23580,"Gainesville, GA MSA",metro,,0.86014,27194.0,23537.0,26890.0
2019,24002,Maryland Nonmetro,state_nonmetro,24,0.92507,28141.0,24207.0,27814.0
2019,24020,"Glens Falls, NY MSA",metro,,0.8991,27762.0,23939.0,27444.0
2019,24140,"Goldsboro, NC MSA",metro,,0.71029,25008.0,21991.0,24756.0
2019,24340,"Grand Rapids-Wyoming, MI MSA",metro,,0.86214,27223.0,23558.0,26918.0
2019,24540,"Greeley, CO MSA",metro,,0.93706,28316.0,24331.0,27985.0
2019,24580,"Green Bay, WI MSA",metro,,0.79321,26217.0,22847.0,25937.0
2019,24660,"Greensboro-High Point, NC MSA",metro,,0.78322,26072.0,22744.0,25794.0
2019,24780,"Greenville, NC MSA",metro,,0.77423,25941.0,22651.0,25666.0
2019,24860,"Greenville-Anderson-Mauldin, SC MSA",metro,,0.78621,26115.0,22774.0,25837.0
2019,25001,Massachusetts Metro,state_metro,25,0.91508,27995.0,24104.0,27672.0
2019,25002,Massachusetts Nonmetro,state_nonmetro,25,1.09091,30560.0,25918.0,30175.0
2019,25180,"Hagerstown-Martinsburg, MD-WV MSA",metro,,0.90509,27849.0,24001.0,27530.0
2019,25260,"Hanford-Corcoran, CA MSA",metro,,0.86014,27194.0,23537.0,26890.0
2019,25420,"Harrisburg-Carlisle, PA MSA",metro,,0.96204,28680.0,24588.0,28341.0
2019,25540,"Hartford-West Hartford-East Hartford, CT MSA",metro,,1.15385,31478.0,26567.0,31072.0
2019,25860,"Hickory-Lenoir-Morganton, NC MSA",metro,,0.64535,24060.0,21321.0,23831.0
2019,25940,"Hilton Head Island-Bluffton-Beaufort, SC MSA",metro,,1.05095,29977.0,25506.0,29606.0
2019,26001,Michigan Metro,state_metro,26,0.73177,25321.0,22213.0,25062.0
2019,26002,Michigan Nonmetro,state_nonmetro,26,0.76673,25831.0,22573.0,25560.0
2019,26420,"Houston-The Woodlands-Sugar Land, TX MSA",metro,,1.03596,29759.0,25351.0,29393.0
2019,26580,"Huntington-Ashland, WV-KY-OH MSA",metro,,0.74126,25460.0,22311.0,25197.0
2019,26620,"Huntsville, AL MSA",metro,,0.77223,25911.0,22630.0,25638.0
2019,26820,"Idaho Falls, ID MSA",metro,,0.7023,24891.0,21909.0,24642.0
2019,26900,"Indianapolis-Carmel-Anderson, IN MSA",metro,,0.88811,27602.0,23826.0,27288.0
2019,26980,"Iowa City, IA MSA",metro,,0.96004,28651.0,24568.0,28312.0
2019,27001,Minnesota Metro,state_metro,27,0.7982,26290.0,22898.0,26008.0
2019,27002,Minnesota Nonmetro,state_nonmetro,27,0.73926,25430.0,22290.0,25168.0
2019,27100,"Jackson, MI MSA",metro,,0.76224,25766.0,22527.0,25496.0
2019,27140,"Jackson, MS MSA",metro,,0.85315,27092.0,23465.0,26790.0
2019,27260,"Jacksonville, FL MSA",metro,,1.003,29278.0,25011.0,28924.0
2019,27340,"Jacksonville, NC MSA",metro,,0.83916,26888.0,23321.0,26591.0
2019,27500,"Janesville-Beloit, WI MSA",metro,,0.7992,26305.0,22908.0,26022.0
2019,27740,"Johnson City, TN MSA",metro,,0.68432,24629.0,21723.0,24386.0
2019,27780,"Johnstown, PA MSA",metro,,0.62937,23827.0,21156.0,23604.0
2019,27980,"Kahului-Wailuku-Lahaina, HI MSA",metro,,1.43656,35602.0,29484.0,35097.0
2019,28001,Mississippi Metro,state_metro,28,0.76723,25838.0,22579.0,25567.0
2019,28002,Mississippi Nonmetro,state_nonmetro,28,0.63936,23973.0,21259.0,23746.0
2019,28020,"Kalamazoo-Portage, MI MSA",metro,,0.80919,26451.0,23011.0,26164.0
2019,28140,"Kansas City, MO-KS MSA",metro,,0.92008,28068.0,24155.0,27743.0
2019,28420,"Kennewick-Richland, WA MSA",metro,,0.8961,27718.0,23908.0,27402.0
2019,28660,"Killeen-Temple, TX MSA",metro,,0.78322,26072.0,22744.0,25794.0
2019,28700,"Kingsport-Bristol-Bristol, TN-VA MSA",metro,,0.63137,23857.0,21177.0,23632.0
2019,28940,"Knoxville, TN MSA",metro,,0.78821,26144.0,22795.0,25865.0
2019,29001,Missouri Metro,state_metro,29,0.64535,24060.0,21321.0,23831.0
2019,29002,Missouri Nonmetro,state_nonmetro,29,0.67632,24512.0,21641.0,24272.0
2019,29180,"Lafayette, LA MSA",metro,,0.77922,26013.0,22702.0,25737.0
2019,29200,"Lafayette-West Lafayette, IN MSA",metro,,0.86414,27252.0,23578.0,26947.0
2019,29340,"Lake Charles, LA MSA",metro,,0.7992,26305.0,22908.0,26022.0
2019,29460,"Lakeland-Winter Haven, FL MSA",metro,,0.87512,27412.0,23692.0,27103.0
2019,29540,"Lancaster, PA MSA",metro,,0.998,29205.0,24959.0,28853.0
2019,29620,"Lansing-East Lansing, MI MSA",metro,,0.86513,27267.0,23589.0,26961.0
2019,29700,"Laredo, TX MSA",metro,,0.8022,26349.0,22939.0,26065.0
2019,29740,"Las Cruces, NM MSA",metro,,0.68931,24702.0,21775.0,24457.0
2019,29820,"Las Vegas-Henderson-Paradise, NV MSA",metro,,0.997,29190.0,24949.0,28838.0
2019,30001,Montana Metro,state_metro,30,0.81918,26596.0,23115.0,26306.0
2019,30002,Montana Nonmetro,state_nonmetro,30,0.79421,26232.0,22857.0,25951.0
2019,30340,"Lewiston-Auburn, ME MSA",metro,,0.7982,26290.0,22898.0,26008.0
2019,30460,"Lexington-Fayette, KY MSA",metro,,0.81918,26596.0,23115.0,26306.0
2019,30780,"Little Rock-North Little Rock-Conway, AR MSA",metro,,0.79421,26232.0,22857.0,25951.0
2019,30980,"Longview, TX MSA",metro,,0.81119,26480.0,23032.0,26193.0
2019,31001,Nebraska Metro,state_metro,31,0.81419,26523.0,23063.0,26235.0
2019,31002,Nebraska Nonmetro,state_nonmetro,31,0.6963,24804.0,21847.0,24557.0
2019,31080,"Los Angeles-Long Beach-Anaheim, CA MSA",metro,,1.56444,37468.0,30803.0,36918.0
2019,31140,"Louisville/Jefferson County, KY-IN MSA",metro,,0.82118,26625.0,23135.0,26335.0
2019,31180,"Lubbock, TX MSA",metro,,0.87912,27471.0,23733.0,27160.0
2019,31420,"Macon, GA MSA",metro,,0.77922,26013.0,22702.0,25737.0
2019,31540,"Madison, WI MSA",metro,,1.03297,29715.0,25320.0,29350.0
2019,31700,"Manchester-Nashua, NH MSA",metro,,1.22478,32513.0,27299.0,32081.0
2019,32001,Nevada Metro,state_metro,32,0.97602,28884.0,24733.0,28540.0
2019,32002,Nevada Nonmetro,state_nonmetro,32,0.85714,27150.0,23506.0,26847.0
2019,32580,"McAllen-Edinburg-Mission, TX MSA",metro,,0.71728,25110.0,22063.0,24856.0
2019,32780,"Medford, OR MSA",metro,,0.91708,28024.0,24125.0,27700.0
2019,32820,"Memphis, TN-MS-AR MSA",metro,,0.86613,27281.0,23599.0,26975.0
2019,33002,New Hampshire Nonmetro,state_nonmetro,33,1.01798,29496.0,25165.0,29137.0
2019,33100,"Miami-Fort Lauderdale-West Palm Beach, FL MSA",metro,,1.31868,33883.0,28268.0,33418.0
2019,33340,"Milwaukee-Waukesha-West Allis, WI MSA",metro,,0.9021,27806.0,23970.0,27487.0
2019,33460,"Minneapolis-St. Paul-Bloomington, MN-WI MSA",metro,,1.11089,30852.0,26124.0,30460.0
2019,33660,"Mobile, AL MSA",metro,,0.81518,26538.0,23073.0,26249.0
2019,33700,"Modesto, CA MSA",metro,,0.99201,29117.0,24898.0,28767.0
2019,33740,"Monroe, LA MSA",metro,,0.73327,25343.0,22228.0,25083.0
2019,33780,"Monroe, MI MSA",metro,,0.83017,26757.0,23228.0,26463.0
2019,33860,"Montgomery, AL MSA",metro,,0.82817,26727.0,23207.0,26434.0
2019,34001,New Jersey Metro,state_metro,34,1.17682,31813.0,26804.0,31399.0
2019,34060,"Morgantown, WV MSA",metro,,0.81918,26596.0,23115.0,26306.0
2019,34580,"Mount Vernon-Anacortes, WA MSA",metro,,0.99101,29103.0,24887.0,28753.0
2019,34740,"Muskegon, MI MSA",metro,,0.75824,25707.0,22486.0,25439.0
2019,34820,"Myrtle Beach-Conway-North Myrtle Beach, SC-NC MSA",metro,,0.87313,27383.0,23671.0,27075.0
2019,34940,"Naples-Immokalee-Marco Island, FL MSA",metro,,1.17582,31799.0,26794.0,31384.0
2019,34980,"Nashville-Davidson--Murfreesboro--Franklin, TN MSA",metro,,0.98901,29074.0,24867.0,28725.0
2019,35002,New Mexico Nonmetro,state_nonmetro,35,0.74426,25503.0,22342.0,25240.0
2019,35300,"New Haven-Milford, CT MSA",metro,,1.18881,31988.0,26928.0,31569.0
2019,35380,"New Orleans-Metairie, LA MSA",metro,,0.97602,28884.0,24733.0,28540.0
2019,35620,"New York-Newark-Jersey City, NY-NJ-PA MSA",metro,,1.43157,35530.0,29432.0,35026.0
2019,35660,"Niles-Benton Harbor, MI MSA",metro,,0.73127,25314.0,22208.0,25055.0
2019,35840,"North Port-Sarasota-Bradenton, FL MSA",metro,,1.10789,30808.0,26093.0,30417.0
2019,35980,"Norwich-New London, CT MSA",metro,,1.0969,30648.0,25980.0,30261.0
2019,36001,New York Metro,state_metro,36,0.78322,26072.0,22744.0,25794.0
2019,36002,New York Nonmetro,state_nonmetro,36,0.74725,25547.0,22372.0,25282.0
2019,36100,"Ocala, FL MSA",metro,,0.80819,26436.0,23001.0,26150.0
2019,36220,"Odessa, TX MSA",metro,,1.0989,30677.0,26000.0,30289.0
2019,36260,"Ogden-Clearfield, UT MSA",metro,,0.84815,27019.0,23413.0,26719.0
2019,36420,"Oklahoma City, OK MSA",metro,,0.83916,26888.0,23321.0,26591.0
2019,36540,"Omaha-Council Bluffs, NE-IA MSA",metro,,0.92108,28083.0,24166.0,27757.0
2019,36740,"Orlando-Kissimmee-Sanford, FL MSA",metro,,1.0979,30662.0,25990.0,30275.0
2019,36780,"Oshkosh-Neenah, WI MSA",metro,,0.76823,25853.0,22589.0,25581.0
2019,37001,North Carolina Metro,state_metro,37,0.78322,26072.0,22744.0,25794.0
2019,37002,North Carolina Nonmetro,state_nonmetro,37,0.65734,24235.0,21445.0,24002.0
2019,37100,"Oxnard-Thousand Oaks-Ventura, CA MSA",metro,,1.61339,38182.0,31308.0,37615.0
2019,37340,"Palm Bay-Melbourne-Titusville, FL MSA",metro,,0.95205,28535.0,24485.0,28198.0
2019,37460,"Panama City, FL MSA",metro,,0.96004,28651.0,24568.0,28312.0
2019,37860,"Pensacola-Ferry Pass-Brent, FL MSA",metro,,0.8961,27718.0,23908.0,27402.0
2019,37900,"Peoria, IL MSA",metro,,0.78821,26144.0,22795.0,25865.0
2019,37980,"Philadelphia-Camden-Wilmington, PA-NJ-DE-MD MSA",metro,,1.16384,31624.0,26670.0,31214.0
2019,38001,North Dakota Metro,state_metro,38,0.83616,26844.0,23290.0,26548.0
2019,38002,North Dakota Nonmetro,state_nonmetro,38,0.83417,26815.0,23269.0,26520.0
2019,38060,"Phoenix-Mesa-Scottsdale, AZ MSA",metro,,1.00899,29365.0,25073.0,29009.0
2019,38220,"Pine Bluff, AR MSA",metro,,0.6963,24804.0,21847.0,24557.0
2019,38300,"Pittsburgh, PA MSA",metro,,0.83417,26815.0,23269.0,26520.0
2019,38860,"Portland-South Portland, ME MSA",metro,,1.08192,30429.0,25825.0,30047.0
2019,38900,"Portland-Vancouver-Hillsboro, OR-WA MSA",metro,,1.15085,31435.0,26536.0,31029.0
2019,38940,"Port St. Lucie, FL MSA",metro,,1.04995,29963.0,25495.0,29592.0
2019,39001,Ohio Metro,state_metro,39,0.68931,24702.0,21775.0,24457.0
2019,39002,Ohio Nonmetro,state_nonmetro,39,0.67433,24483.0,21620.0,24244.0
2019,39140,"Prescott, AZ MSA",metro,,0.88811,27602.0,23826.0,27288.0
2019,39300,"Providence-Warwick, RI-MA MSA",metro,,0.99401,29147.0,24918.0,28796.0
2019,39340,"Provo-Orem, UT MSA",metro,,0.85415,27106.0,23475.0,26804.0
2019,39540,"Racine, WI MSA",metro,,0.84615,26990.0,23393.0,26690.0
2019,39580,"Raleigh, NC MSA",metro,,1.03596,29759.0,25351.0,29393.0
2019,39740,"Reading, PA MSA",metro,,0.94006,28360.0,24362.0,28028.0
2019,39820,"Redding, CA MSA",metro,,0.94106,28374.0,24372.0,28042.0
2019,40001,Oklahoma Metro,state_metro,40,0.71728,25110.0,22063.0,24856.0
2019,40002,Oklahoma Nonmetro,state_nonmetro,40,0.65534,24206.0,21424.0,23974.0
2019,40060,"Richmond, VA MSA",metro,,1.02597,29613.0,25248.0,29251.0
2019,40140,"Riverside-San Bernardino-Ontario, CA MSA",metro,,1.16284,31609.0,26660.0,31200.0
2019,40220,"Roanoke, VA MSA",metro,,0.82817,26727.0,23207.0,26434.0
2019,40380,"Rochester, NY MSA",metro,,0.92807,28185.0,24238.0,27857.0
2019,40420,"Rockford, IL MSA",metro,,0.7952,26246.0,22867.0,25965.0
2019,40900,"Sacramento--Roseville--Arden-Arcade, CA MSA",metro,,1.14985,31420.0,26526.0,31015.0
2019,40980,"Saginaw, MI MSA",metro,,0.75325,25634.0,22434.0,25368.0
2019,41001,Oregon Metro,state_metro,41,0.91508,27995.0,24104.0,27672.0
2019,41002,Oregon Nonmetro,state_nonmetro,41,0.80619,26407.0,22981.0,26121.0
2019,41100,"St. George, UT MSA",metro,,0.85814,27165.0,23516.0,26861.0
2019,41180,"St. Louis, MO-IL MSA",metro,,0.8981,27748.0,23929.0,27430.0
2019,41420,"Salem, OR MSA",metro,,0.89011,27631.0,23846.0,27316.0
2019,41500,"Salinas, CA MSA",metro,,1.35864,34466.0,28680.0,33987.0
2019,41540,"Salisbury, MD-DE MSA",metro,,0.95305,28549.0,24496.0,28213.0
2019,41620,"Salt Lake City, UT MSA",metro,,1.01898,29511.0,25176.0,29151.0
2019,41700,"San Antonio-New Braunfels, TX MSA",metro,,1.00599,29321.0,25042.0,28966.0
2019,41740,"San Diego-Carlsbad, CA MSA",metro,,1.57143,37570.0,30875.0,37017.0
2019,41860,"San Francisco-Oakland-Hayward, CA MSA",metro,,1.86114,41796.0,33864.0,41142.0
2019,41940,"San Jose-Sunnyvale-Santa Clara, CA MSA",metro,,2.13487,45789.0,36688.0,45040.0
2019,42001,Pennsylvania Metro,state_metro,42,0.81518,26538.0,23073.0,26249.0
2019,42002,Pennsylvania Nonmetro,state_nonmetro,42,0.68931,24702.0,21775.0,24457.0
2019,42020,"San Luis Obispo-Paso Robles-Arroyo Grande, CA MSA",metro,,1.39161,34947.0,29020.0,34457.0
2019,42100,"Santa Cruz-Watsonville, CA MSA",metro,,1.7033,39494.0,32236.0,38895.0
2019,42140,"Santa Fe, NM MSA",metro,,1.01299,29423.0,25114.0,29066.0
2019,42200,"Santa Maria-Santa Barbara, CA MSA",metro,,1.58641,37788.0,31030.0,37231.0
2019,42220,"Santa Rosa, CA MSA",metro,,1.54346,37162.0,30587.0,36619.0
2019,42340,"Savannah, GA MSA",metro,,0.96703,28753.0,24640.0,28412.0
2019,42540,"Scranton--Wilkes-Barre--Hazleton, PA MSA",metro,,0.77423,25941.0,22651.0,25666.0
2019,42660,"Seattle-Tacoma-Bellevue, WA MSA",metro,,1.38511,34852.0,28953.0,34364.0
2019,43300,"Sherman-Denison, TX MSA",metro,,0.83117,26771.0,23238.0,26477.0
2019,43340,"Shreveport-Bossier City, LA MSA",metro,,0.79321,26217.0,22847.0,25937.0
2019,43620,"Sioux Falls, SD MSA",metro,,0.8042,26378.0,22960.0,26093.0
2019,43780,"South Bend-Mishawaka, IN-MI MSA",metro,,0.78921,26159.0,22805.0,25880.0
2019,43900,"Spartanburg, SC MSA",metro,,0.73027,25299.0,22197.0,25040.0
2019,44060,"Spokane-Spokane Valley, WA MSA",metro,,0.84815,27019.0,23413.0,26719.0
2019,44100,"Springfield, IL MSA",metro,,0.81319,26509.0,23053.0,26221.0
2019,44140,"Springfield, MA MSA",metro,,0.98501,29015.0,24825.0,28668.0
2019,44180,"Springfield, MO MSA",metro,,0.72128,25168.0,22105.0,24912.0
2019,44700,"Stockton-Lodi, CA MSA",metro,,1.01199,29409.0,25104.0,29052.0
2019,45002,South Carolina Nonmetro,state_nonmetro,45,0.63437,23900.0,21208.0,23675.0
2019,45060,"Syracuse, NY MSA",metro,,0.86314,27238.0,23568.0,26932.0
2019,45220,"Tallahassee, FL MSA",metro,,0.93407,28272.0,24300.0,27942.0
2019,45300,"Tampa-St. Petersburg-Clearwater, FL MSA",metro,,1.05794,30079.0,25578.0,29706.0
2019,45460,"Terre Haute, IN MSA",metro,,0.75724,25693.0,22476.0,25425.0
2019,45780,"Toledo, OH MSA",metro,,0.73726,25401.0,22269.0,25140.0
2019,45820,"Topeka, KS MSA",metro,,0.81019,26465.0,23022.0,26178.0
2019,45940,"Trenton, NJ MSA",metro,,1.37163,34655.0,28814.0,34172.0
2019,46001,South Dakota Metro,state_metro,46,0.82817,26727.0,23207.0,26434.0
2019,46002,South Dakota Nonmetro,state_nonmetro,46,0.68032,24571.0,21682.0,24329.0
2019,46060,"Tucson, AZ MSA",metro,,0.88811,27602.0,23826.0,27288.0
2019,46140,"Tulsa, OK MSA",metro,,0.84016,26902.0,23331.0,26605.0
2019,46340,"Tyler, TX MSA",metro,,0.91109,27937.0,24063.0,27615.0
2019,46520,"Urban Honolulu, HI MSA",metro,,1.66833,38983.0,31875.0,38397.0
2019,46540,"Utica-Rome, NY MSA",metro,,0.77622,25970.0,22671.0,25695.0
2019,46700,"Vallejo-Fairfield, CA MSA",metro,,1.31069,33766.0,28185.0,33305.0
2019,47002,Tennessee Nonmetro,state_nonmetro,47,0.65634,24221.0,21435.0,23988.0
2019,47220,"Vineland-Bridgeton, NJ MSA",metro,,1.08891,30531.0,25897.0,30147.0
2019,47260,"Virginia Beach-Norfolk-Newport News, VA-NC MSA",metro,,1.07193,30283.0,25722.0,29905.0
2019,47300,"Visalia-Porterville, CA MSA",metro,,0.83716,26859.0,23300.0,26562.0
2019,47380,"Waco, TX MSA",metro,,0.84615,26990.0,23393.0,26690.0
2019,47580,"Warner Robins, GA MSA",metro,,0.77822,25999.0,22692.0,25723.0
2019,47900,"Washington-Arlington-Alexandria, DC-VA-MD-WV MSA",metro,,1.62338,38328.0,31411.0,37757.0
2019,47940,"Waterloo-Cedar Falls, IA MSA",metro,,0.75225,25620.0,22424.0,25353.0
2019,48001,Texas Metro,state_metro,48,0.84416,26961.0,23372.0,26662.0
2019,48002,Texas Nonmetro,state_nonmetro,48,0.78022,26028.0,22713.0,25752.0
2019,48060,"Watertown-Fort Drum, NY MSA",metro,,0.98601,29030.0,24836.0,28682.0
2019,48140,"Wausau, WI MSA",metro,,0.75924,25722.0,22496.0,25453.0
2019,48620,"Wichita, KS MSA",metro,,0.79421,26232.0,22857.0,25951.0
2019,48660,"Wichita Falls, TX MSA",metro,,0.76723,25838.0,22579.0,25567.0
2019,48700,"Williamsport, PA MSA",metro,,0.79421,26232.0,22857.0,25951.0
2019,49001,Utah Metro,state_metro,49,0.6963,24804.0,21847.0,24557.0
2019,49002,Utah Nonmetro,state_nonmetro,49,0.6993,24847.0,21878.0,24600.0
2019,49020,"Winchester, VA-WV MSA",metro,,1.01798,29496.0,25165.0,29137.0
2019,49180,"Winston-Salem, NC MSA",metro,,0.72627,25241.0,22156.0,24984.0
2019,49340,"Worcester, MA-CT MSA",metro,,1.06294,30152.0,25629.0,29777.0
2019,49620,"York-Hanover, PA MSA",metro,,0.94206,28389.0,24382.0,28056.0
2019,49660,"Youngstown-Warren-Boardman, OH-PA MSA",metro,,0.67033,24425.0,21579.0,24187.0
2019,49740,"Yuma, AZ MSA",metro,,0.77922,26013.0,22702.0,25737.0
2019,50002,Vermont Nonmetro,state_nonmetro,50,0.94605,28447.0,24423.0,28113.0
2019,51001,Virginia Metro,state_metro,51,0.82218,26640.0,23145.0,26349.0
2019,51002,Virginia Nonmetro,state_nonmetro,51,0.66334,24323.0,21507.0,24088.0
2019,53001,Washington Metro,state_metro,53,0.81219,26494.0,23042.0,26207.0
2019,53002,Washington Nonmetro,state_nonmetro,53,0.7033,24906.0,21919.0,24656.0
2019,54001,West Virginia Metro,state_metro,54,0.68531,24643.0,21733.0,24400.0
2019,54002,West Virginia Nonmetro,state_nonmetro,54,0.66833,24396.0,21558.0,24159.0
2019,55002,Wisconsin Nonmetro,state_nonmetro,55,0.72328,25197.0,22125.0,24941.0
2019,56001,Wyoming Metro,state_metro,56,0.84266,26939.0,23357.0,26641.0
2019,56002,Wyoming Nonmetro,state_nonmetro,56,0.77522,25955.0,22661.0,25681.0
2020,1002,Alabama Nonmetro,state_nonmetro,01,0.583,24462.0,21699.0,24580.0
2020,2001,Alaska Metro,state_metro,02,1.207,32688.0,26971.0,32915.0
2020,2002,Alaska Nonmetro,state_nonmetro,02,1.176,32279.0,26709.0,32501.0
2020,4001,Arizona Metro,state_metro,04,1.196,32543.0,26878.0,32768.0
2020,4002,Arizona Nonmetro,state_nonmetro,04,0.638,25187.0,22163.0,25315.0
2020,5001,Arkansas Metro,state_metro,05,0.719,26255.0,22848.0,26397.0
2020,5002,Arkansas Nonmetro,state_nonmetro,05,0.618,24923.0,21994.0,25048.0
2020,6002,California Nonmetro,state_nonmetro,06,0.976,29643.0,25019.0,29829.0
2020,8002,Colorado Nonmetro,state_nonmetro,08,0.954,29353.0,24833.0,29536.0
2020,9002,Connecticut Nonmetro,state_nonmetro,09,1.068,30855.0,25797.0,31058.0
2020,10180,"Abilene, TX MSA",metro,,0.847,27942.0,23929.0,28106.0
2020,10420,"Akron, OH MSA",metro,,0.797,27283.0,23507.0,27439.0
2020,10580,"Albany-Schenectady-Troy, NY MSA",metro,,1.037,30447.0,25535.0,30644.0
2020,10740,"Albuquerque, NM MSA",metro,,0.849,27969.0,23946.0,28133.0
2020,10900,"Allentown-Bethlehem-Easton, PA-NJ MSA",metro,,1.045,30552.0,25602.0,30751.0
2020,11100,"Amarillo, TX MSA",metro,,0.829,27705.0,23777.0,27866.0
2020,11460,"Ann Arbor, MI MSA",metro,,1.119,31528.0,26227.0,31739.0
2020,11540,"Appleton, WI MSA",metro,,0.787,27151.0,23422.0,27305.0
2020,11700,"Asheville, NC MSA",metro,,0.849,27969.0,23946.0,28133.0
2020,12001,Florida Metro,state_metro,12,0.75,26664.0,23110.0,26811.0
2020,12002,Florida Nonmetro,state_nonmetro,12,0.645,25279.0,22222.0,25408.0
2020,12020,"Athens-Clarke County, GA MSA",metro,,0.792,27217.0,23465.0,27372.0
2020,12060,"Atlanta-Sandy Springs-Roswell, GA MSA",metro,,1.053,30658.0,25670.0,30858.0
2020,12100,"Atlantic City-Hammonton, NJ MSA",metro,,1.12,31541.0,26236.0,31753.0
2020,12220,"Auburn-Opelika, AL MSA",metro,,0.806,27402.0,23583.0,27559.0
2020,12260,"Augusta-Richmond County, GA-SC MSA",metro,,0.78,27059.0,23363.0,27212.0
2020,12420,"Austin-Round Rock, TX MSA",metro,,1.279,33637.0,27579.0,33876.0
2020,12540,"Bakersfield, CA MSA",metro,,0.871,28259.0,24132.0,28427.0
2020,12580,"Baltimore-Columbia-Towson, MD MSA",metro,,1.274,33571.0,27537.0,33810.0
2020,12620,"Bangor, ME MSA",metro,,0.861,28127.0,24048.0,28293.0
2020,12700,"Barnstable Town, MA MSA",metro,,1.394,35153.0,28551.0,35412.0
2020,12940,"Baton Rouge, LA MSA",metro,,0.869,28232.0,24115.0,28400.0
2020,12980,"Battle Creek, MI MSA",metro,,0.748,26637.0,23093.0,26784.0
2020,13001,Georgia Metro,state_metro,13,0.675,25675.0,22476.0,25809.0
2020,13002,Georgia Nonmetro,state_nonmetro,13,0.638,25187.0,22163.0,25315.0
2020,13140,"Beaumont-Port Arthur, TX MSA",metro,,0.82,27586.0,23701.0,27746.0
2020,13460,"Bend-Redmond, OR MSA",metro,,1.045,30552.0,25602.0,30751.0
2020,13740,"Billings, MT MSA",metro,,0.855,28048.0,23997.0,28213.0
2020,13780,"Binghamton, NY MSA",metro,,0.757,26756.0,23169.0,26904.0
2020,13820,"Birmingham-Hoover, AL MSA",metro,,0.833,27758.0,23811.0,27919.0
2020,13980,"Blacksburg-Christiansburg-Radford, VA MSA",metro,,0.786,27138.0,23414.0,27292.0
2020,14010,"Bloomington, IL MSA",metro,,0.839,27837.0,23862.0,28000.0
2020,14020,"Bloomington, IN MSA",metro,,0.869,28232.0,24115.0,28400.0
2020,14260,"Boise City, ID MSA",metro,,0.864,28166.0,24073.0,28334.0
2020,14460,"Boston-Cambridge-Newton, MA-NH MSA",metro,,1.495,36484.0,29404.0,36761.0
2020,14500,"Boulder, CO MSA",metro,,1.471,36168.0,29202.0,36441.0
2020,14540,"Bowling Green, KY MSA",metro,,0.735,26466.0,22983.0,26611.0
2020,14860,"Bridgeport-Stamford-Norwalk, CT MSA",metro,,1.485,36352.0,29320.0,36628.0
2020,15002,Hawaii Nonmetro,state_nonmetro,15,1.175,32266.0,26701.0,32487.0
2020,15180,"Brownsville-Harlingen, TX MSA",metro,,0.697,25965.0,22662.0,26103.0
2020,15380,"Buffalo-Cheektowaga-Niagara Falls, NY MSA",metro,,0.786,27138.0,23414.0,27292.0
2020,15500,"Burlington, NC MSA",metro,,0.752,26690.0,23127.0,26838.0
2020,15540,"Burlington-South Burlington, VT MSA",metro,,1.269,33505.0,27495.0,33743.0
2020,15680,"California-Lexington Park, MD MSA",metro,,1.224,32912.0,27115.0,33142.0
2020,15940,"Canton-Massillon, OH MSA",metro,,0.716,26215.0,22822.0,26357.0
2020,15980,"Cape Coral-Fort Myers, FL MSA",metro,,1.023,30262.0,25416.0,30457.0
2020,16001,Idaho Metro,state_metro,16,0.694,25925.0,22636.0,26063.0
2020,16002,Idaho Nonmetro,state_nonmetro,16,0.698,25978.0,22670.0,26116.0
2020,16060,"Carbondale-Marion, IL MSA",metro,,0.705,26070.0,22729.0,26210.0
2020,16300,"Cedar Rapids, IA MSA",metro,,0.766,26874.0,23245.0,27025.0
2020,16540,"Chambersburg-Waynesboro, PA MSA",metro,,0.843,27889.0,23895.0,28053.0
2020,16580,"Champaign-Urbana, IL MSA",metro,,0.871,28259.0,24132.0,28427.0
2020,16620,"Charleston, WV MSA",metro,,0.744,26584.0,23059.0,26731.0
2020,16700,"Charleston-North Charleston, SC MSA",metro,,1.061,30763.0,25737.0,30965.0
2020,16740,"Charlotte-Concord-Gastonia, NC-SC MSA",metro,,0.933,29076.0,24656.0,29255.0
2020,16820,"Charlottesville, VA MSA",metro,,1.147,31897.0,26464.0,32113.0
2020,16860,"Chattanooga, TN-GA MSA",metro,,0.767,26888.0,23253.0,27038.0
2020,16980,"Chicago-Naperville-Elgin, IL-IN-WI MSA",metro,,1.069,30869.0,25805.0,31072.0
2020,17001,Illinois Metro,state_metro,17,0.783,27099.0,23388.0,27252.0
2020,17002,Illinois Nonmetro,state_nonmetro,17,0.683,25780.0,22544.0,25916.0
2020,17020,"Chico, CA MSA",metro,,0.988,29801.0,25121.0,29990.0
2020,17140,"Cincinnati, OH-KY-IN MSA",metro,,0.841,27863.0,23879.0,28026.0
2020,17300,"Clarksville, TN-KY MSA",metro,,0.832,27744.0,23803.0,27906.0
2020,17420,"Cleveland, TN MSA",metro,,0.708,26110.0,22755.0,26250.0
2020,17460,"Cleveland-Elyria, OH MSA",metro,,0.805,27389.0,23574.0,27545.0
2020,17660,"Coeur d'Alene, ID MSA",metro,,0.848,27955.0,23938.0,28120.0
2020,17780,"College Station-Bryan, TX MSA",metro,,0.874,28298.0,24157.0,28467.0
2020,17820,"Colorado Springs, CO MSA",metro,,1.05,30618.0,25644.0,30818.0
2020,17900,"Columbia, SC MSA",metro,,0.864,28166.0,24073.0,28334.0
2020,17980,"Columbus, GA-AL MSA",metro,,0.807,27415.0,23591.0,27572.0
2020,18001,Indiana Metro,state_metro,18,0.718,26242.0,22839.0,26383.0
2020,18002,Indiana Nonmetro,state_nonmetro,18,0.682,25767.0,22535.0,25903.0
2020,18140,"Columbus, OH MSA",metro,,0.936,29115.0,24681.0,29295.0
2020,18580,"Corpus Christi, TX MSA",metro,,0.988,29801.0,25121.0,29990.0
2020,19001,Iowa Metro,state_metro,19,0.83,27718.0,23786.0,27879.0
2020,19002,Iowa Nonmetro,state_nonmetro,19,0.638,25187.0,22163.0,25315.0
2020,19100,"Dallas-Fort Worth-Arlington, TX MSA",metro,,1.095,31211.0,26025.0,31419.0
2020,19300,"Daphne-Fairhope-Foley, AL MSA",metro,,0.952,29326.0,24816.0,29509.0
2020,19340,"Davenport-Moline-Rock Island, IA-IL MSA",metro,,0.759,26782.0,23186.0,26931.0
2020,19380,"Dayton, OH MSA",metro,,0.767,26888.0,23253.0,27038.0
2020,19660,"Deltona-Daytona Beach-Ormond Beach, FL MSA",metro,,0.991,29840.0,25146.0,30030.0
2020,19740,"Denver-Aurora-Lakewood, CO MSA",metro,,1.375,34902.0,28391.0,35159.0
2020,19780,"Des Moines-West Des Moines, IA MSA",metro,,0.879,28364.0,24200.0,28534.0
2020,19820,"Detroit-Warren-Dearborn, MI MSA",metro,,0.934,29089.0,24664.0,29268.0
2020,20001,Kansas Metro,state_metro,20,0.868,28219.0,24107.0,28387.0
2020,20002,Kansas Nonmetro,state_nonmetro,20,0.661,25490.0,22358.0,25622.0
2020,20100,"Dover, DE MSA",metro,,0.923,28944.0,24571.0,29122.0
2020,20500,"Durham-Chapel Hill, NC MSA",metro,,1.0,29959.0,25222.0,30150.0
2020,20700,"East Stroudsburg, PA MSA",metro,,1.0,29959.0,25222.0,30150.0
2020,21001,Kentucky Metro,state_metro,21,0.671,25622.0,22442.0,25756.0
2020,21002,Kentucky Nonmetro,state_nonmetro,21,0.625,25016.0,22053.0,25141.0
2020,21140,"Elkhart-Goshen, IN MSA",metro,,0.779,27046.0,23355.0,27198.0
2020,21340,"El Paso, TX MSA",metro,,0.764,26848.0,23228.0,26998.0
2020,21500,"Erie, PA MSA",metro,,0.767,26888.0,23253.0,27038.0
2020,21660,"Eugene, OR MSA",metro,,0.945,29234.0,24757.0,29415.0
2020,21780,"Evansville, IN-KY MSA",metro,,0.807,27415.0,23591.0,27572.0
2020,22001,Louisiana Metro,state_metro,22,0.752,26690.0,23127.0,26838.0
2020,22002,Louisiana Nonmetro,state_nonmetro,22,0.67,25609.0,22434.0,25742.0
2020,22020,"Fargo, ND-MN MSA",metro,,0.813,27494.0,23642.0,27652.0
2020,22140,"Farmington, NM MSA",metro,,0.727,26360.0,22915.0,26504.0
2020,22180,"Fayetteville, NC MSA",metro,,0.815,27520.0,23659.0,27679.0
2020,22220,"Fayetteville-Springdale-Rogers, AR-MO MSA",metro,,0.75,26664.0,23110.0,26811.0
2020,22420,"Flint, MI MSA",metro,,0.751,26677.0,23118.0,26824.0
2020,22500,"Florence, SC MSA",metro,,0.702,26031.0,22704.0,26170.0
2020,22520,"Florence-Muscle Shoals, AL MSA",metro,,0.644,25266.0,22214.0,25395.0
2020,22660,"Fort Collins, CO MSA",metro,,1.153,31976.0,26515.0,32194.0
2020,22900,"Fort Smith, AR-OK MSA",metro,,0.661,25490.0,22358.0,25622.0
2020,23002,Maine Nonmetro,state_nonmetro,23,0.747,26624.0,23084.0,26771.0
2020,23060,"Fort Wayne, IN MSA",metro,,0.747,26624.0,23084.0,26771.0
2020,23420,"Fresno, CA MSA",metro,,0.915,28839.0,24504.0,29015.0
2020,23540,"Gainesville, FL MSA",metro,,0.942,29194.0,24732.0,29375.0
2020,23580,"Gainesville, GA MSA",metro,,0.859,28100.0,24031.0,28267.0
2020,24002,Maryland Nonmetro,state_nonmetro,24,0.888,28483.0,24276.0,28654.0
2020,24020,"Glens Falls, NY MSA",metro,,0.895,28575.0,24335.0,28748.0
2020,24140,"Goldsboro, NC MSA",metro,,0.703,26044.0,22713.0,26183.0
2020,24340,"Grand Rapids-Wyoming, MI MSA",metro,,0.86,28114.0,24039.0,28280.0
2020,24540,"Greeley, CO MSA",metro,,0.961,29445.0,24892.0,29629.0
2020,24580,"Green Bay, WI MSA",metro,,0.791,27204.0,23456.0,27359.0
2020,24660,"Greensboro-High Point, NC MSA",metro,,0.78,27059.0,23363.0,27212.0
2020,24780,"Greenville, NC MSA",metro,,0.749,26650.0,23101.0,26798.0
2020,24860,"Greenville-Anderson-Mauldin, SC MSA",metro,,0.791,27204.0,23456.0,27359.0
2020,25001,Massachusetts Metro,state_metro,25,0.942,29194.0,24732.0,29375.0
2020,25002,Massachusetts Nonmetro,state_nonmetro,25,1.546,37156.0,29835.0,37443.0
2020,25180,"Hagerstown-Martinsburg, MD-WV MSA",metro,,0.891,28522.0,24301.0,28694.0
2020,25260,"Hanford-Corcoran, CA MSA",metro,,0.847,27942.0,23929.0,28106.0
2020,25420,"Harrisburg-Carlisle, PA MSA",metro,,0.947,29260.0,24774.0,29442.0
2020,25540,"Hartford-West Hartford-East Hartford, CT MSA",metro,,1.141,31818.0,26413.0,32033.0
2020,25860,"Hickory-Lenoir-Morganton, NC MSA",metro,,0.633,25121.0,22121.0,25248.0
2020,25940,"Hilton Head Island-Bluffton-Beaufort, SC MSA",metro,,1.041,30499.0,25568.0,30698.0
2020,26001,Michigan Metro,state_metro,26,0.739,26519.0,23017.0,26664.0
2020,26002,Michigan Nonmetro,state_nonmetro,26,0.75,26664.0,23110.0,26811.0
2020,26420,"Houston-The Woodlands-Sugar Land, TX MSA",metro,,1.041,30499.0,25568.0,30698.0
2020,26580,"Huntington-Ashland, WV-KY-OH MSA",metro,,0.722,26294.0,22873.0,26437.0
2020,26620,"Huntsville, AL MSA",metro,,0.778,27033.0,23346.0,27185.0
2020,26820,"Idaho Falls, ID MSA",metro,,0.718,26242.0,22839.0,26383.0
2020,26900,"Indianapolis-Carmel-Anderson, IN MSA",metro,,0.878,28351.0,24191.0,28521.0
2020,26980,"Iowa City, IA MSA",metro,,0.92,28904.0,24546.0,29081.0
2020,27001,Minnesota Metro,state_metro,27,0.796,27270.0,23498.0,27425.0
2020,27002,Minnesota Nonmetro,state_nonmetro,27,0.726,26347.0,22907.0,26490.0
2020,27100,"Jackson, MI MSA",metro,,0.754,26716.0,23143.0,26864.0
2020,27140,"Jackson, MS MSA",metro,,0.837,27810.0,23845.0,27973.0
2020,27260,"Jacksonville, FL MSA",metro,,1.003,29999.0,25247.0,30190.0
2020,27340,"Jacksonville, NC MSA",metro,,0.824,27639.0,23735.0,27799.0
2020,27500,"Janesville-Beloit, WI MSA",metro,,0.811,27468.0,23625.0,27626.0
2020,27740,"Johnson City, TN MSA",metro,,0.688,25846.0,22586.0,25983.0
2020,27780,"Johnstown, PA MSA",metro,,0.62,24950.0,22011.0,25075.0
2020,27980,"Kahului-Wailuku-Lahaina, HI MSA",metro,,1.457,35983.0,29083.0,36254.0
2020,28001,Mississippi Metro,state_metro,28,0.768,26901.0,23262.0,27051.0
2020,28002,Mississippi Nonmetro,state_nonmetro,28,0.624,25003.0,22045.0,25128.0
2020,28020,"Kalamazoo-Portage, MI MSA",metro,,0.795,27257.0,23490.0,27412.0
2020,28140,"Kansas City, MO-KS MSA",metro,,0.916,28852.0,24512.0,29028.0
2020,28420,"Kennewick-Richland, WA MSA",metro,,0.91,28773.0,24462.0,28948.0
2020,28660,"Killeen-Temple, TX MSA",metro,,0.774,26980.0,23312.0,27131.0
2020,28700,"Kingsport-Bristol-Bristol, TN-VA MSA",metro,,0.627,25042.0,22070.0,25168.0
2020,28940,"Knoxville, TN MSA",metro,,0.791,27204.0,23456.0,27359.0
2020,29001,Missouri Metro,state_metro,29,0.65,25345.0,22265.0,25475.0
2020,29002,Missouri Nonmetro,state_nonmetro,29,0.652,25372.0,22282.0,25502.0
2020,29180,"Lafayette, LA MSA",metro,,0.759,26782.0,23186.0,26931.0
2020,29200,"Lafayette-West Lafayette, IN MSA",metro,,0.858,28087.0,24022.0,28253.0
2020,29340,"Lake Charles, LA MSA",metro,,0.797,27283.0,23507.0,27439.0
2020,29460,"Lakeland-Winter Haven, FL MSA",metro,,0.876,28324.0,24174.0,28494.0
2020,29540,"Lancaster, PA MSA",metro,,0.997,29919.0,25197.0,30110.0
2020,29620,"Lansing-East Lansing, MI MSA",metro,,0.857,28074.0,24014.0,28240.0
2020,29700,"Laredo, TX MSA",metro,,0.799,27309.0,23524.0,27465.0
2020,29740,"Las Cruces, NM MSA",metro,,0.678,25714.0,22501.0,25849.0
2020,29820,"Las Vegas-Henderson-Paradise, NV MSA",metro,,1.008,30064.0,25290.0,30257.0
2020,30001,Montana Metro,state_metro,30,0.824,27639.0,23735.0,27799.0
2020,30002,Montana Nonmetro,state_nonmetro,30,0.804,27375.0,23566.0,27532.0
2020,30340,"Lewiston-Auburn, ME MSA",metro,,0.781,27072.0,23372.0,27225.0
2020,30460,"Lexington-Fayette, KY MSA",metro,,0.828,27692.0,23769.0,27853.0
2020,30780,"Little Rock-North Little Rock-Conway, AR MSA",metro,,0.782,27085.0,23380.0,27238.0
2020,30980,"Longview, TX MSA",metro,,0.791,27204.0,23456.0,27359.0
2020,31001,Nebraska Metro,state_metro,31,0.808,27428.0,23600.0,27586.0
2020,31002,Nebraska Nonmetro,state_nonmetro,31,0.691,25886.0,22611.0,26023.0
2020,31080,"Los Angeles-Long Beach-Anaheim, CA MSA",metro,,1.584,37657.0,30156.0,37950.0
2020,31140,"Louisville/Jefferson County, KY-IN MSA",metro,,0.826,27665.0,23752.0,27826.0
2020,31180,"Lubbock, TX MSA",metro,,0.874,28298.0,24157.0,28467.0
2020,31420,"Macon, GA MSA",metro,,0.762,26822.0,23211.0,26971.0
2020,31540,"Madison, WI MSA",metro,,1.031,30368.0,25484.0,30564.0
2020,31700,"Manchester-Nashua, NH MSA",metro,,1.224,32912.0,27115.0,33142.0
2020,32001,Nevada Metro,state_metro,32,0.988,29801.0,25121.0,29990.0
2020,32002,Nevada Nonmetro,state_nonmetro,32,0.854,28034.0,23988.0,28200.0
2020,32580,"McAllen-Edinburg-Mission, TX MSA",metro,,0.704,26057.0,22721.0,26196.0
2020,32780,"Medford, OR MSA",metro,,0.94,29168.0,24715.0,29349.0
2020,32820,"Memphis, TN-MS-AR MSA",metro,,0.85,27982.0,23955.0,28147.0
2020,33002,New Hampshire Nonmetro,state_nonmetro,33,1.014,30144.0,25340.0,30337.0
2020,33100,"Miami-Fort Lauderdale-West Palm Beach, FL MSA",metro,,1.332,34335.0,28027.0,34584.0
2020,33340,"Milwaukee-Waukesha-West Allis, WI MSA",metro,,0.893,28549.0,24318.0,28721.0
2020,33460,"Minneapolis-St. Paul-Bloomington, MN-WI MSA",metro,,1.118,31514.0,26219.0,31726.0
2020,33660,"Mobile, AL MSA",metro,,0.802,27349.0,23549.0,27505.0
2020,33700,"Modesto, CA MSA",metro,,1.009,30078.0,25298.0,30270.0
2020,33740,"Monroe, LA MSA",metro,,0.733,26439.0,22966.0,26584.0
2020,33780,"Monroe, MI MSA",metro,,0.834,27771.0,23819.0,27933.0
2020,33860,"Montgomery, AL MSA",metro,,0.829,27705.0,23777.0,27866.0
2020,34001,New Jersey Metro,state_metro,34,1.196,32543.0,26878.0,32768.0
2020,34060,"Morgantown, WV MSA",metro,,0.806,27402.0,23583.0,27559.0
2020,34580,"Mount Vernon-Anacortes, WA MSA",metro,,1.0,29959.0,25222.0,30150.0
2020,34740,"Muskegon, MI MSA",metro,,0.75,26664.0,23110.0,26811.0
2020,34820,"Myrtle Beach-Conway-North Myrtle Beach, SC-NC MSA",metro,,0.874,28298.0,24157.0,28467.0
2020,34940,"Naples-Immokalee-Marco Island, FL MSA",metro,,1.217,32819.0,27056.0,33048.0
2020,34980,"Nashville-Davidson--Murfreesboro--Franklin, TN MSA",metro,,1.01,30091.0,25306.0,30284.0
2020,35002,New Mexico Nonmetro,state_nonmetro,35,0.718,26242.0,22839.0,26383.0
2020,35300,"New Haven-Milford, CT MSA",metro,,1.161,32081.0,26582.0,32300.0
2020,35380,"New Orleans-Metairie, LA MSA",metro,,0.962,29458.0,24901.0,29642.0
2020,35620,"New York-Newark-Jersey City, NY-NJ-PA MSA",metro,,1.424,35548.0,28805.0,35813.0
2020,35660,"Niles-Benton Harbor, MI MSA",metro,,0.744,26584.0,23059.0,26731.0
2020,35840,"North Port-Sarasota-Bradenton, FL MSA",metro,,1.11,31409.0,26151.0,31619.0
2020,35980,"Norwich-New London, CT MSA",metro,,1.096,31224.0,26033.0,31432.0
2020,36002,New York Nonmetro,state_nonmetro,36,0.728,26374.0,22924.0,26517.0
2020,36100,"Ocala, FL MSA",metro,,0.82,27586.0,23701.0,27746.0
2020,36220,"Odessa, TX MSA",metro,,1.05,30618.0,25644.0,30818.0
2020,36260,"Ogden-Clearfield, UT MSA",metro,,0.862,28140.0,24056.0,28307.0
2020,36420,"Oklahoma City, OK MSA",metro,,0.83,27718.0,23786.0,27879.0
2020,36540,"Omaha-Council Bluffs, NE-IA MSA",metro,,0.909,28759.0,24453.0,28935.0
2020,36740,"Orlando-Kissimmee-Sanford, FL MSA",metro,,1.119,31528.0,26227.0,31739.0
2020,36780,"Oshkosh-Neenah, WI MSA",metro,,0.767,26888.0,23253.0,27038.0
2020,37001,North Carolina Metro,state_metro,37,0.77,26927.0,23279.0,27078.0
2020,37002,North Carolina Nonmetro,state_nonmetro,37,0.656,25424.0,22315.0,25555.0
2020,37100,"Oxnard-Thousand Oaks-Ventura, CA MSA",metro,,1.619,38119.0,30452.0,38418.0
2020,37340,"Palm Bay-Melbourne-Titusville, FL MSA",metro,,0.963,29471.0,24909.0,29656.0
2020,37460,"Panama City, FL MSA",metro,,0.957,29392.0,24859.0,29576.0
2020,37860,"Pensacola-Ferry Pass-Brent, FL MSA",metro,,0.88,28377.0,24208.0,28547.0
2020,37900,"Peoria, IL MSA",metro,,0.77,26927.0,23279.0,27078.0
2020,37980,"Philadelphia-Camden-Wilmington, PA-NJ-DE-MD MSA",metro,,1.157,32029.0,26549.0,32247.0
2020,38001,North Dakota Metro,state_metro,38,0.823,27626.0,23726.0,27786.0
2020,38002,North Dakota Nonmetro,state_nonmetro,38,0.808,27428.0,23600.0,27586.0
2020,38060,"Phoenix-Mesa-Scottsdale, AZ MSA",metro,,1.029,30341.0,25467.0,30537.0
2020,38220,"Pine Bluff, AR MSA",metro,,0.704,26057.0,22721.0,26196.0
2020,38300,"Pittsburgh, PA MSA",metro,,0.832,27744.0,23803.0,27906.0
2020,38860,"Portland-South Portland, ME MSA",metro,,1.093,31185.0,26008.0,31392.0
2020,38900,"Portland-Vancouver-Hillsboro, OR-WA MSA",metro,,1.202,32622.0,26929.0,32848.0
2020,38940,"Port St. Lucie, FL MSA",metro,,1.05,30618.0,25644.0,30818.0
2020,39001,Ohio Metro,state_metro,39,0.69,25873.0,22603.0,26010.0
2020,39002,Ohio Nonmetro,state_nonmetro,39,0.662,25503.0,22366.0,25636.0
2020,39140,"Prescott, AZ MSA",metro,,0.875,28311.0,24166.0,28480.0
2020,39300,"Providence-Warwick, RI-MA MSA",metro,,0.977,29656.0,25028.0,29843.0
2020,39340,"Provo-Orem, UT MSA",metro,,0.881,28390.0,24217.0,28561.0
2020,39540,"Racine, WI MSA",metro,,0.823,27626.0,23726.0,27786.0
2020,39580,"Raleigh, NC MSA",metro,,1.044,30539.0,25594.0,30738.0
2020,39740,"Reading, PA MSA",metro,,0.926,28984.0,24597.0,29162.0
2020,39820,"Redding, CA MSA",metro,,0.934,29089.0,24664.0,29268.0
2020,40001,Oklahoma Metro,state_metro,40,0.715,26202.0,22814.0,26343.0
2020,40002,Oklahoma Nonmetro,state_nonmetro,40,0.64,25213.0,22180.0,25342.0
2020,40060,"Richmond, VA MSA",metro,,1.031,30368.0,25484.0,30564.0
2020,40140,"Riverside-San Bernardino-Ontario, CA MSA",metro,,1.176,32279.0,26709.0,32501.0
2020,40220,"Roanoke, VA MSA",metro,,0.801,27336.0,23541.0,27492.0
2020,40380,"Rochester, NY MSA",metro,,0.929,29023.0,24622.0,29202.0
2020,40420,"Rockford, IL MSA",metro,,0.782,27085.0,23380.0,27238.0
2020,40900,"Sacramento--Roseville--Arden-Arcade, CA MSA",metro,,1.191,32477.0,26836.0,32701.0
2020,40980,"Saginaw, MI MSA",metro,,0.728,26374.0,22924.0,26517.0
2020,41001,Oregon Metro,state_metro,41,0.935,29102.0,24673.0,29282.0
2020,41002,Oregon Nonmetro,state_nonmetro,41,0.804,27375.0,23566.0,27532.0
2020,41100,"St. George, UT MSA",metro,,0.862,28140.0,24056.0,28307.0
2020,41180,"St. Louis, MO-IL MSA",metro,,0.886,28456.0,24259.0,28627.0
2020,41420,"Salem, OR MSA",metro,,0.909,28759.0,24453.0,28935.0
2020,41500,"Salinas, CA MSA",metro,,1.389,35087.0,28509.0,35346.0
2020,41540,"Salisbury, MD-DE MSA",metro,,0.95,29300.0,24800.0,29482.0
2020,41620,"Salt Lake City, UT MSA",metro,,1.042,30513.0,25577.0,30711.0
2020,41700,"San Antonio-New Braunfels, TX MSA",metro,,1.003,29999.0,25247.0,30190.0
2020,41740,"San Diego-Carlsbad, CA MSA",metro,,1.601,37881.0,30300.0,38177.0
2020,41860,"San Francisco-Oakland-Hayward, CA MSA",metro,,1.926,42165.0,33046.0,42518.0
2020,41940,"San Jose-Sunnyvale-Santa Clara, CA MSA",metro,,2.227,46133.0,35589.0,46538.0
2020,42001,Pennsylvania Metro,state_metro,42,0.81,27454.0,23617.0,27612.0
2020,42002,Pennsylvania Nonmetro,state_nonmetro,42,0.667,25569.0,22408.0,25702.0
2020,42020,"San Luis Obispo-Paso Robles-Arroyo Grande, CA MSA",metro,,1.442,35785.0,28957.0,36054.0
2020,42100,"Santa Cruz-Watsonville, CA MSA",metro,,1.728,39555.0,31373.0,39873.0
2020,42140,"Santa Fe, NM MSA",metro,,1.007,30051.0,25281.0,30243.0
2020,42200,"Santa Maria-Santa Barbara, CA MSA",metro,,1.595,37802.0,30249.0,38097.0
2020,42220,"Santa Rosa, CA MSA",metro,,1.581,37618.0,30131.0,37910.0
2020,42340,"Savannah, GA MSA",metro,,0.965,29498.0,24926.0,29683.0
2020,42540,"Scranton--Wilkes-Barre--Hazleton, PA MSA",metro,,0.755,26729.0,23152.0,26878.0
2020,42660,"Seattle-Tacoma-Bellevue, WA MSA",metro,,1.429,35614.0,28847.0,35880.0
2020,43300,"Sherman-Denison, TX MSA",metro,,0.829,27705.0,23777.0,27866.0
2020,43340,"Shreveport-Bossier City, LA MSA",metro,,0.776,27006.0,23329.0,27158.0
2020,43620,"Sioux Falls, SD MSA",metro,,0.8,27323.0,23532.0,27479.0
2020,43780,"South Bend-Mishawaka, IN-MI MSA",metro,,0.797,27283.0,23507.0,27439.0
2020,43900,"Spartanburg, SC MSA",metro,,0.728,26374.0,22924.0,26517.0
2020,44060,"Spokane-Spokane Valley, WA MSA",metro,,0.865,28179.0,24081.0,28347.0
2020,44100,"Springfield, IL MSA",metro,,0.786,27138.0,23414.0,27292.0
2020,44140,"Springfield, MA MSA",metro,,0.967,29524.0,24943.0,29709.0
2020,44180,"Springfield, MO MSA",metro,,0.713,26176.0,22797.0,26317.0
2020,44700,"Stockton-Lodi, CA MSA",metro,,1.025,30289.0,25433.0,30484.0
2020,45001,South Carolina Metro,state_metro,45,0.53,23763.0,21251.0,23872.0
2020,45002,South Carolina Nonmetro,state_nonmetro,45,0.656,25424.0,22315.0,25555.0
2020,45060,"Syracuse, NY MSA",metro,,0.852,28008.0,23971.0,28173.0
2020,45220,"Tallahassee, FL MSA",metro,,0.933,29076.0,24656.0,29255.0
2020,45300,"Tampa-St. Petersburg-Clearwater, FL MSA",metro,,1.063,30789.0,25754.0,30991.0
2020,45460,"Terre Haute, IN MSA",metro,,0.743,26571.0,23051.0,26717.0
2020,45780,"Toledo, OH MSA",metro,,0.729,26387.0,22932.0,26530.0
2020,45820,"Topeka, KS MSA",metro,,0.808,27428.0,23600.0,27586.0
2020,45940,"Trenton, NJ MSA",metro,,1.365,34770.0,28306.0,35025.0
2020,46001,South Dakota Metro,state_metro,46,0.834,27771.0,23819.0,27933.0
2020,46002,South Dakota Nonmetro,state_nonmetro,46,0.658,25451.0,22332.0,25582.0
2020,46060,"Tucson, AZ MSA",metro,,0.884,28430.0,24242.0,28601.0
2020,46140,"Tulsa, OK MSA",metro,,0.825,27652.0,23743.0,27813.0
2020,46340,"Tyler, TX MSA",metro,,0.887,28469.0,24267.0,28641.0
2020,46520,"Urban Honolulu, HI MSA",metro,,1.639,38382.0,30621.0,38685.0
2020,46540,"Utica-Rome, NY MSA",metro,,0.759,26782.0,23186.0,26931.0
2020,46700,"Vallejo-Fairfield, CA MSA",metro,,1.377,34929.0,28407.0,35185.0
2020,47002,Tennessee Nonmetro,state_nonmetro,47,0.668,25583.0,22417.0,25716.0
2020,47220,"Vineland-Bridgeton, NJ MSA",metro,,1.076,30961.0,25864.0,31165.0
2020,47260,"Virginia Beach-Norfolk-Newport News, VA-NC MSA",metro,,1.061,30763.0,25737.0,30965.0
2020,47300,"Visalia-Porterville, CA MSA",metro,,0.828,27692.0,23769.0,27853.0
2020,47380,"Waco, TX MSA",metro,,0.841,27863.0,23879.0,28026.0
2020,47580,"Warner Robins, GA MSA",metro,,0.772,26954.0,23296.0,27105.0
2020,47900,"Washington-Arlington-Alexandria, DC-VA-MD-WV MSA",metro,,1.6,37868.0,30292.0,38164.0
2020,47940,"Waterloo-Cedar Falls, IA MSA",metro,,0.759,26782.0,23186.0,26931.0
2020,48001,Texas Metro,state_metro,48,0.821,27599.0,23710.0,27759.0
2020,48002,Texas Nonmetro,state_nonmetro,48,0.773,26967.0,23304.0,27118.0
2020,48060,"Watertown-Fort Drum, NY MSA",metro,,0.936,29115.0,24681.0,29295.0
2020,48140,"Wausau, WI MSA",metro,,0.746,26611.0,23076.0,26757.0
2020,48620,"Wichita, KS MSA",metro,,0.781,27072.0,23372.0,27225.0
2020,48660,"Wichita Falls, TX MSA",metro,,0.749,26650.0,23101.0,26798.0
2020,48700,"Williamsport, PA MSA",metro,,0.761,26809.0,23203.0,26958.0
2020,49001,Utah Metro,state_metro,49,0.715,26202.0,22814.0,26343.0
2020,49002,Utah Nonmetro,state_nonmetro,49,0.696,25952.0,22653.0,26090.0
2020,49020,"Winchester, VA-WV MSA",metro,,1.004,30012.0,25256.0,30203.0
2020,49180,"Winston-Salem, NC MSA",metro,,0.72,26268.0,22856.0,26410.0
2020,49340,"Worcester, MA-CT MSA",metro,,1.061,30763.0,25737.0,30965.0
2020,49620,"York-Hanover, PA MSA",metro,,0.918,28878.0,24529.0,29055.0
2020,49660,"Youngstown-Warren-Boardman, OH-PA MSA",metro,,0.659,25464.0,22341.0,25595.0
2020,49740,"Yuma, AZ MSA",metro,,0.757,26756.0,23169.0,26904.0
2020,50002,Vermont Nonmetro,state_nonmetro,50,0.925,28970.0,24588.0,29148.0
2020,51001,Virginia Metro,state_metro,51,0.814,27507.0,23650.0,27666.0
2020,51002,Virginia Nonmetro,state_nonmetro,51,0.667,25569.0,22408.0,25702.0
2020,53001,Washington Metro,state_metro,53,0.834,27771.0,23819.0,27933.0
2020,53002,Washington Nonmetro,state_nonmetro,53,0.687,25833.0,22577.0,25969.0
2020,54001,West Virginia Metro,state_metro,54,0.663,25517.0,22375.0,25649.0
2020,54002,West Virginia Nonmetro,state_nonmetro,54,0.662,25503.0,22366.0,25636.0
2020,55002,Wisconsin Nonmetro,state_nonmetro,55,0.712,26163.0,22789.0,26303.0
2020,56001,Wyoming Metro,state_metro,56,0.8,27323.0,23532.0,27479.0
2020,56002,Wyoming Nonmetro,state_nonmetro,56,0.757,26756.0,23169.0,26904.0
2021,1002,Alabama Nonmetro,state_nonmetro,01,0.575,25264.0,22482.0,25464.0
2021,2001,Alaska Metro,state_metro,02,1.175,33513.0,27843.0,33919.0
2021,2002,Alaska Nonmetro,state_nonmetro,02,1.151,33183.0,27628.0,33581.0
2021,4001,Arizona Metro,state_metro,04,1.13,32894.0,27441.0,33285.0
2021,4002,Arizona Nonmetro,state_nonmetro,04,0.636,26102.0,23027.0,26324.0
2021,5001,Arkansas Metro,state_metro,05,0.696,26927.0,23563.0,27169.0
2021,5002,Arkansas Nonmetro,state_nonmetro,05,0.617,25841.0,22857.0,26056.0
2021,6002,California Nonmetro,state_nonmetro,06,0.988,30942.0,26172.0,31284.0
2021,8002,Colorado Nonmetro,state_nonmetro,08,0.916,29952.0,25528.0,30269.0
2021,9002,Connecticut Nonmetro,state_nonmetro,09,1.05,31794.0,26726.0,32158.0
2021,10180,"Abilene, TX MSA",metro,,0.87,29320.0,25117.0,29621.0
2021,10420,"Akron, OH MSA",metro,,0.8,28357.0,24492.0,28635.0
2021,10580,"Albany-Schenectady-Troy, NY MSA",metro,,1.023,31423.0,26485.0,31777.0
2021,10740,"Albuquerque, NM MSA",metro,,0.844,28962.0,24885.0,29255.0
2021,10900,"Allentown-Bethlehem-Easton, PA-NJ MSA",metro,,1.047,31753.0,26699.0,32115.0
2021,11100,"Amarillo, TX MSA",metro,,0.819,28618.0,24662.0,28903.0
2021,11460,"Ann Arbor, MI MSA",metro,,1.129,32881.0,27432.0,33271.0
2021,11540,"Appleton, WI MSA",metro,,0.776,28027.0,24278.0,28297.0
2021,11700,"Asheville, NC MSA",metro,,0.858,29155.0,25010.0,29452.0
2021,12001,Florida Metro,state_metro,12,0.734,27450.0,23902.0,27705.0
2021,12002,Florida Nonmetro,state_nonmetro,12,0.642,26185.0,23080.0,26408.0
2021,12020,"Athens-Clarke County, GA MSA",metro,,0.776,28027.0,24278.0,28297.0
2021,12060,"Atlanta-Sandy Springs-Roswell, GA MSA",metro,,1.07,32069.0,26904.0,32439.0
2021,12100,"Atlantic City-Hammonton, NJ MSA",metro,,1.082,32234.0,27012.0,32608.0
2021,12220,"Auburn-Opelika, AL MSA",metro,,0.795,28288.0,24447.0,28564.0
2021,12260,"Augusta-Richmond County, GA-SC MSA",metro,,0.776,28027.0,24278.0,28297.0
2021,12420,"Austin-Round Rock, TX MSA",metro,,1.283,34998.0,28808.0,35441.0
2021,12540,"Bakersfield, CA MSA",metro,,0.859,29168.0,25019.0,29466.0
2021,12580,"Baltimore-Columbia-Towson, MD MSA",metro,,1.272,34847.0,28709.0,35286.0
2021,12620,"Bangor, ME MSA",metro,,0.846,28990.0,24903.0,29283.0
2021,12700,"Barnstable Town, MA MSA",metro,,1.342,35809.0,29335.0,36272.0
2021,12940,"Baton Rouge, LA MSA",metro,,0.854,29100.0,24975.0,29396.0
2021,12980,"Battle Creek, MI MSA",metro,,0.754,27725.0,24081.0,27987.0
2021,13001,Georgia Metro,state_metro,13,0.665,26501.0,23286.0,26733.0
2021,13002,Georgia Nonmetro,state_nonmetro,13,0.616,25827.0,22848.0,26042.0
2021,13140,"Beaumont-Port Arthur, TX MSA",metro,,0.798,28330.0,24474.0,28607.0
2021,13460,"Bend-Redmond, OR MSA",metro,,1.111,32633.0,27271.0,33017.0
2021,13740,"Billings, MT MSA",metro,,0.834,28825.0,24796.0,29114.0
2021,13780,"Binghamton, NY MSA",metro,,0.756,27752.0,24099.0,28015.0
2021,13820,"Birmingham-Hoover, AL MSA",metro,,0.838,28880.0,24832.0,29170.0
2021,13980,"Blacksburg-Christiansburg-Radford, VA MSA",metro,,0.805,28426.0,24537.0,28705.0
2021,14010,"Bloomington, IL MSA",metro,,0.819,28618.0,24662.0,28903.0
2021,14020,"Bloomington, IN MSA",metro,,0.876,29402.0,25171.0,29706.0
2021,14260,"Boise City, ID MSA",metro,,0.881,29471.0,25216.0,29776.0
2021,14460,"Boston-Cambridge-Newton, MA-NH MSA",metro,,1.532,38422.0,31032.0,38949.0
2021,14500,"Boulder, CO MSA",metro,,1.484,37762.0,30603.0,38273.0
2021,14540,"Bowling Green, KY MSA",metro,,0.748,27642.0,24027.0,27902.0
2021,14860,"Bridgeport-Stamford-Norwalk, CT MSA",metro,,1.468,37542.0,30461.0,38048.0
2021,15002,Hawaii Nonmetro,state_nonmetro,15,1.182,33609.0,27905.0,34018.0
2021,15180,"Brownsville-Harlingen, TX MSA",metro,,0.686,26790.0,23473.0,27028.0
2021,15380,"Buffalo-Cheektowaga-Niagara Falls, NY MSA",metro,,0.78,28082.0,24313.0,28353.0
2021,15500,"Burlington, NC MSA",metro,,0.748,27642.0,24027.0,27902.0
2021,15540,"Burlington-South Burlington, VT MSA",metro,,1.254,34599.0,28548.0,35032.0
2021,15680,"California-Lexington Park, MD MSA",metro,,1.24,34407.0,28423.0,34835.0
2021,15940,"Canton-Massillon, OH MSA",metro,,0.702,27010.0,23616.0,27254.0
2021,15980,"Cape Coral-Fort Myers, FL MSA",metro,,1.066,32014.0,26869.0,32383.0
2021,16001,Idaho Metro,state_metro,16,0.687,26803.0,23482.0,27043.0
2021,16002,Idaho Nonmetro,state_nonmetro,16,0.696,26927.0,23563.0,27169.0
2021,16060,"Carbondale-Marion, IL MSA",metro,,0.681,26721.0,23429.0,26958.0
2021,16300,"Cedar Rapids, IA MSA",metro,,0.754,27725.0,24081.0,27987.0
2021,16540,"Chambersburg-Waynesboro, PA MSA",metro,,0.818,28605.0,24653.0,28888.0
2021,16580,"Champaign-Urbana, IL MSA",metro,,0.828,28742.0,24742.0,29029.0
2021,16620,"Charleston, WV MSA",metro,,0.732,27422.0,23884.0,27677.0
2021,16700,"Charleston-North Charleston, SC MSA",metro,,1.077,32166.0,26967.0,32538.0
2021,16740,"Charlotte-Concord-Gastonia, NC-SC MSA",metro,,0.95,30420.0,25832.0,30748.0
2021,16820,"Charlottesville, VA MSA",metro,,1.129,32881.0,27432.0,33271.0
2021,16860,"Chattanooga, TN-GA MSA",metro,,0.776,28027.0,24278.0,28297.0
2021,16980,"Chicago-Naperville-Elgin, IL-IN-WI MSA",metro,,1.066,32014.0,26869.0,32383.0
2021,17001,Illinois Metro,state_metro,17,0.762,27835.0,24153.0,28099.0
2021,17002,Illinois Nonmetro,state_nonmetro,17,0.648,26267.0,23134.0,26493.0
2021,17020,"Chico, CA MSA",metro,,0.977,30791.0,26073.0,31129.0
2021,17140,"Cincinnati, OH-KY-IN MSA",metro,,0.834,28825.0,24796.0,29114.0
2021,17300,"Clarksville, TN-KY MSA",metro,,0.805,28426.0,24537.0,28705.0
2021,17420,"Cleveland, TN MSA",metro,,0.702,27010.0,23616.0,27254.0
2021,17460,"Cleveland-Elyria, OH MSA",metro,,0.802,28385.0,24510.0,28663.0
2021,17660,"Coeur d'Alene, ID MSA",metro,,0.848,29017.0,24921.0,29311.0
2021,17780,"College Station-Bryan, TX MSA",metro,,0.851,29058.0,24948.0,29353.0
2021,17820,"Colorado Springs, CO MSA",metro,,1.074,32124.0,26940.0,32496.0
2021,17900,"Columbia, SC MSA",metro,,0.852,29072.0,24957.0,29368.0
2021,17980,"Columbus, GA-AL MSA",metro,,0.818,28605.0,24653.0,28888.0
2021,18001,Indiana Metro,state_metro,18,0.721,27271.0,23786.0,27522.0
2021,18002,Indiana Nonmetro,state_nonmetro,18,0.666,26515.0,23295.0,26747.0
2021,18140,"Columbus, OH MSA",metro,,0.936,30227.0,25707.0,30551.0
2021,18580,"Corpus Christi, TX MSA",metro,,0.989,30956.0,26181.0,31298.0
2021,19001,Iowa Metro,state_metro,19,0.81,28495.0,24581.0,28776.0
2021,19002,Iowa Nonmetro,state_nonmetro,19,0.631,26034.0,22982.0,26253.0
2021,19100,"Dallas-Fort Worth-Arlington, TX MSA",metro,,1.12,32757.0,27351.0,33144.0
2021,19300,"Daphne-Fairhope-Foley, AL MSA",metro,,0.98,30832.0,26100.0,31171.0
2021,19340,"Davenport-Moline-Rock Island, IA-IL MSA",metro,,0.752,27697.0,24063.0,27958.0
2021,19380,"Dayton, OH MSA",metro,,0.771,27958.0,24233.0,28226.0
2021,19660,"Deltona-Daytona Beach-Ormond Beach, FL MSA",metro,,1.003,31148.0,26306.0,31495.0
2021,19740,"Denver-Aurora-Lakewood, CO MSA",metro,,1.405,36675.0,29898.0,37160.0
2021,19780,"Des Moines-West Des Moines, IA MSA",metro,,0.886,29540.0,25260.0,29847.0
2021,19820,"Detroit-Warren-Dearborn, MI MSA",metro,,0.927,30103.0,25627.0,30424.0
2021,20001,Kansas Metro,state_metro,20,0.851,29058.0,24948.0,29353.0
2021,20002,Kansas Nonmetro,state_nonmetro,20,0.65,26295.0,23152.0,26521.0
2021,20100,"Dover, DE MSA",metro,,0.957,30516.0,25895.0,30847.0
2021,20500,"Durham-Chapel Hill, NC MSA",metro,,1.007,31203.0,26342.0,31552.0
2021,20700,"East Stroudsburg, PA MSA",metro,,0.993,31011.0,26216.0,31354.0
2021,21001,Kentucky Metro,state_metro,21,0.67,26570.0,23330.0,26803.0
2021,21002,Kentucky Nonmetro,state_nonmetro,21,0.628,25992.0,22955.0,26211.0
2021,21140,"Elkhart-Goshen, IN MSA",metro,,0.776,28027.0,24278.0,28297.0
2021,21340,"El Paso, TX MSA",metro,,0.751,27683.0,24054.0,27944.0
2021,21500,"Erie, PA MSA",metro,,0.746,27615.0,24010.0,27874.0
2021,21660,"Eugene, OR MSA",metro,,0.956,30502.0,25886.0,30833.0
2021,21780,"Evansville, IN-KY MSA",metro,,0.805,28426.0,24537.0,28705.0
2021,22001,Louisiana Metro,state_metro,22,0.749,27656.0,24036.0,27916.0
2021,22002,Louisiana Nonmetro,state_nonmetro,22,0.631,26034.0,22982.0,26253.0
2021,22020,"Fargo, ND-MN MSA",metro,,0.79,28220.0,24403.0,28494.0
2021,22140,"Farmington, NM MSA",metro,,0.698,26955.0,23581.0,27198.0
2021,22180,"Fayetteville, NC MSA",metro,,0.795,28288.0,24447.0,28564.0
2021,22220,"Fayetteville-Springdale-Rogers, AR-MO MSA",metro,,0.75,27670.0,24045.0,27930.0
2021,22420,"Flint, MI MSA",metro,,0.737,27491.0,23929.0,27747.0
2021,22500,"Florence, SC MSA",metro,,0.699,26968.0,23590.0,27212.0
2021,22520,"Florence-Muscle Shoals, AL MSA",metro,,0.645,26226.0,23107.0,26451.0
2021,22660,"Fort Collins, CO MSA",metro,,1.177,33541.0,27860.0,33947.0
2021,22900,"Fort Smith, AR-OK MSA",metro,,0.651,26308.0,23161.0,26535.0
2021,23002,Maine Nonmetro,state_nonmetro,23,0.734,27450.0,23902.0,27705.0
2021,23060,"Fort Wayne, IN MSA",metro,,0.731,27408.0,23876.0,27663.0
2021,23420,"Fresno, CA MSA",metro,,0.918,29980.0,25546.0,30298.0
2021,23540,"Gainesville, FL MSA",metro,,0.949,30406.0,25823.0,30734.0
2021,23580,"Gainesville, GA MSA",metro,,0.901,29746.0,25394.0,30058.0
2021,24002,Maryland Nonmetro,state_nonmetro,24,0.844,28962.0,24885.0,29255.0
2021,24020,"Glens Falls, NY MSA",metro,,0.877,29416.0,25180.0,29720.0
2021,24140,"Goldsboro, NC MSA",metro,,0.666,26515.0,23295.0,26747.0
2021,24340,"Grand Rapids-Wyoming, MI MSA",metro,,0.869,29306.0,25109.0,29607.0
2021,24540,"Greeley, CO MSA",metro,,0.973,30736.0,26038.0,31073.0
2021,24580,"Green Bay, WI MSA",metro,,0.786,28165.0,24367.0,28438.0
2021,24660,"Greensboro-High Point, NC MSA",metro,,0.775,28013.0,24269.0,28283.0
2021,24780,"Greenville, NC MSA",metro,,0.722,27285.0,23795.0,27536.0
2021,24860,"Greenville-Anderson-Mauldin, SC MSA",metro,,0.794,28275.0,24438.0,28550.0
2021,25001,Massachusetts Metro,state_metro,25,0.927,30103.0,25627.0,30424.0
2021,25002,Massachusetts Nonmetro,state_nonmetro,25,1.536,38477.0,31068.0,39006.0
2021,25180,"Hagerstown-Martinsburg, MD-WV MSA",metro,,0.863,29223.0,25055.0,29523.0
2021,25260,"Hanford-Corcoran, CA MSA",metro,,0.847,29003.0,24912.0,29297.0
2021,25420,"Harrisburg-Carlisle, PA MSA",metro,,0.929,30131.0,25645.0,30453.0
2021,25540,"Hartford-West Hartford-East Hartford, CT MSA",metro,,1.138,33004.0,27512.0,33398.0
2021,25860,"Hickory-Lenoir-Morganton, NC MSA",metro,,0.634,26075.0,23009.0,26296.0
2021,25940,"Hilton Head Island-Bluffton-Beaufort, SC MSA",metro,,1.086,32289.0,27047.0,32665.0
2021,26001,Michigan Metro,state_metro,26,0.741,27546.0,23965.0,27803.0
2021,26002,Michigan Nonmetro,state_nonmetro,26,0.735,27463.0,23911.0,27719.0
2021,26420,"Houston-The Woodlands-Sugar Land, TX MSA",metro,,1.051,31808.0,26735.0,32172.0
2021,26580,"Huntington-Ashland, WV-KY-OH MSA",metro,,0.713,27161.0,23715.0,27409.0
2021,26620,"Huntsville, AL MSA",metro,,0.79,28220.0,24403.0,28494.0
2021,26820,"Idaho Falls, ID MSA",metro,,0.706,27065.0,23652.0,27310.0
2021,26900,"Indianapolis-Carmel-Anderson, IN MSA",metro,,0.862,29210.0,25046.0,29508.0
2021,26980,"Iowa City, IA MSA",metro,,0.918,29980.0,25546.0,30298.0
2021,27001,Minnesota Metro,state_metro,27,0.795,28288.0,24447.0,28564.0
2021,27002,Minnesota Nonmetro,state_nonmetro,27,0.747,27628.0,24018.0,27888.0
2021,27100,"Jackson, MI MSA",metro,,0.741,27546.0,23965.0,27803.0
2021,27140,"Jackson, MS MSA",metro,,0.831,28783.0,24769.0,29072.0
2021,27260,"Jacksonville, FL MSA",metro,,1.0,31107.0,26279.0,31453.0
2021,27340,"Jacksonville, NC MSA",metro,,0.809,28481.0,24572.0,28762.0
2021,27500,"Janesville-Beloit, WI MSA",metro,,0.795,28288.0,24447.0,28564.0
2021,27740,"Johnson City, TN MSA",metro,,0.689,26831.0,23500.0,27071.0
2021,27780,"Johnstown, PA MSA",metro,,0.61,25745.0,22794.0,25958.0
2021,27980,"Kahului-Wailuku-Lahaina, HI MSA",metro,,1.433,37060.0,30148.0,37554.0
2021,28001,Mississippi Metro,state_metro,28,0.761,27821.0,24144.0,28085.0
2021,28002,Mississippi Nonmetro,state_nonmetro,28,0.627,25979.0,22946.0,26197.0
2021,28020,"Kalamazoo-Portage, MI MSA",metro,,0.802,28385.0,24510.0,28663.0
2021,28140,"Kansas City, MO-KS MSA",metro,,0.916,29952.0,25528.0,30269.0
2021,28420,"Kennewick-Richland, WA MSA",metro,,0.937,30241.0,25716.0,30565.0
2021,28660,"Killeen-Temple, TX MSA",metro,,0.777,28041.0,24287.0,28311.0
2021,28700,"Kingsport-Bristol-Bristol, TN-VA MSA",metro,,0.61,25745.0,22794.0,25958.0
2021,28940,"Knoxville, TN MSA",metro,,0.79,28220.0,24403.0,28494.0
2021,29001,Missouri Metro,state_metro,29,0.644,26212.0,23098.0,26437.0
2021,29002,Missouri Nonmetro,state_nonmetro,29,0.642,26185.0,23080.0,26408.0
2021,29180,"Lafayette, LA MSA",metro,,0.757,27766.0,24108.0,28029.0
2021,29200,"Lafayette-West Lafayette, IN MSA",metro,,0.856,29127.0,24992.0,29424.0
2021,29340,"Lake Charles, LA MSA",metro,,0.79,28220.0,24403.0,28494.0
2021,29460,"Lakeland-Winter Haven, FL MSA",metro,,0.87,29320.0,25117.0,29621.0
2021,29540,"Lancaster, PA MSA",metro,,1.0,31107.0,26279.0,31453.0
2021,29620,"Lansing-East Lansing, MI MSA",metro,,0.858,29155.0,25010.0,29452.0
2021,29700,"Laredo, TX MSA",metro,,0.78,28082.0,24313.0,28353.0
2021,29740,"Las Cruces, NM MSA",metro,,0.667,26528.0,23304.0,26761.0
2021,29820,"Las Vegas-Henderson-Paradise, NV MSA",metro,,1.024,31437.0,26493.0,31791.0
2021,30001,Montana Metro,state_metro,30,0.826,28715.0,24724.0,29001.0
2021,30002,Montana Nonmetro,state_nonmetro,30,0.817,28591.0,24644.0,28874.0
2021,30340,"Lewiston-Auburn, ME MSA",metro,,0.762,27835.0,24153.0,28099.0
2021,30460,"Lexington-Fayette, KY MSA",metro,,0.813,28536.0,24608.0,28818.0
2021,30780,"Little Rock-North Little Rock-Conway, AR MSA",metro,,0.773,27986.0,24251.0,28254.0
2021,30980,"Longview, TX MSA",metro,,0.782,28110.0,24331.0,28381.0
2021,31001,Nebraska Metro,state_metro,31,0.81,28495.0,24581.0,28776.0
2021,31002,Nebraska Nonmetro,state_nonmetro,31,0.692,26872.0,23527.0,27113.0
2021,31080,"Los Angeles-Long Beach-Anaheim, CA MSA",metro,,1.611,39508.0,31738.0,40063.0
2021,31140,"Louisville/Jefferson County, KY-IN MSA",metro,,0.828,28742.0,24742.0,29029.0
2021,31180,"Lubbock, TX MSA",metro,,0.856,29127.0,24992.0,29424.0
2021,31420,"Macon, GA MSA",metro,,0.781,28096.0,24322.0,28367.0
2021,31540,"Madison, WI MSA",metro,,1.029,31506.0,26538.0,31862.0
2021,31700,"Manchester-Nashua, NH MSA",metro,,1.219,34118.0,28236.0,34539.0
2021,32001,Nevada Metro,state_metro,32,1.029,31506.0,26538.0,31862.0
2021,32002,Nevada Nonmetro,state_nonmetro,32,0.818,28605.0,24653.0,28888.0
2021,32580,"McAllen-Edinburg-Mission, TX MSA",metro,,0.701,26996.0,23607.0,27240.0
2021,32780,"Medford, OR MSA",metro,,0.958,30530.0,25904.0,30861.0
2021,32820,"Memphis, TN-MS-AR MSA",metro,,0.847,29003.0,24912.0,29297.0
2021,33002,New Hampshire Nonmetro,state_nonmetro,33,1.0,31107.0,26279.0,31453.0
2021,33100,"Miami-Fort Lauderdale-West Palm Beach, FL MSA",metro,,1.34,35782.0,29317.0,36244.0
2021,33340,"Milwaukee-Waukesha-West Allis, WI MSA",metro,,0.876,29402.0,25171.0,29706.0
2021,33460,"Minneapolis-St. Paul-Bloomington, MN-WI MSA",metro,,1.13,32894.0,27441.0,33285.0
2021,33660,"Mobile, AL MSA",metro,,0.79,28220.0,24403.0,28494.0
2021,33700,"Modesto, CA MSA",metro,,1.022,31409.0,26476.0,31763.0
2021,33740,"Monroe, LA MSA",metro,,0.72,27257.0,23777.0,27508.0
2021,33780,"Monroe, MI MSA",metro,,0.84,28907.0,24849.0,29198.0
2021,33860,"Montgomery, AL MSA",metro,,0.802,28385.0,24510.0,28663.0
2021,34001,New Jersey Metro,state_metro,34,1.15,33169.0,27619.0,33567.0
2021,34060,"Morgantown, WV MSA",metro,,0.809,28481.0,24572.0,28762.0
2021,34580,"Mount Vernon-Anacortes, WA MSA",metro,,1.025,31451.0,26502.0,31805.0
2021,34740,"Muskegon, MI MSA",metro,,0.757,27766.0,24108.0,28029.0
2021,34820,"Myrtle Beach-Conway-North Myrtle Beach, SC-NC MSA",metro,,0.864,29237.0,25064.0,29537.0
2021,34940,"Naples-Immokalee-Marco Island, FL MSA",metro,,1.241,34421.0,28432.0,34849.0
2021,34980,"Nashville-Davidson--Murfreesboro--Franklin, TN MSA",metro,,1.044,31712.0,26672.0,32073.0
2021,35002,New Mexico Nonmetro,state_nonmetro,35,0.702,27010.0,23616.0,27254.0
2021,35300,"New Haven-Milford, CT MSA",metro,,1.142,33059.0,27548.0,33454.0
2021,35380,"New Orleans-Metairie, LA MSA",metro,,0.959,30543.0,25913.0,30875.0
2021,35620,"New York-Newark-Jersey City, NY-NJ-PA MSA",metro,,1.421,36895.0,30041.0,37385.0
2021,35660,"Niles-Benton Harbor, MI MSA",metro,,0.748,27642.0,24027.0,27902.0
2021,35840,"North Port-Sarasota-Bradenton, FL MSA",metro,,1.132,32922.0,27458.0,33313.0
2021,35980,"Norwich-New London, CT MSA",metro,,1.084,32262.0,27030.0,32637.0
2021,36002,New York Nonmetro,state_nonmetro,36,0.714,27175.0,23724.0,27423.0
2021,36100,"Ocala, FL MSA",metro,,0.832,28797.0,24778.0,29086.0
2021,36220,"Odessa, TX MSA",metro,,1.043,31698.0,26663.0,32059.0
2021,36260,"Ogden-Clearfield, UT MSA",metro,,0.889,29581.0,25287.0,29889.0
2021,36420,"Oklahoma City, OK MSA",metro,,0.824,28687.0,24706.0,28973.0
2021,36540,"Omaha-Council Bluffs, NE-IA MSA",metro,,0.901,29746.0,25394.0,30058.0
2021,36740,"Orlando-Kissimmee-Sanford, FL MSA",metro,,1.143,33073.0,27557.0,33468.0
2021,36780,"Oshkosh-Neenah, WI MSA",metro,,0.752,27697.0,24063.0,27958.0
2021,37001,North Carolina Metro,state_metro,37,0.712,27147.0,23706.0,27395.0
2021,37002,North Carolina Nonmetro,state_nonmetro,37,0.645,26226.0,23107.0,26451.0
2021,37100,"Oxnard-Thousand Oaks-Ventura, CA MSA",metro,,1.639,39893.0,31988.0,40457.0
2021,37340,"Palm Bay-Melbourne-Titusville, FL MSA",metro,,0.971,30708.0,26020.0,31044.0
2021,37460,"Panama City, FL MSA",metro,,0.959,30543.0,25913.0,30875.0
2021,37860,"Pensacola-Ferry Pass-Brent, FL MSA",metro,,0.88,29457.0,25207.0,29762.0
2021,37900,"Peoria, IL MSA",metro,,0.761,27821.0,24144.0,28085.0
2021,37980,"Philadelphia-Camden-Wilmington, PA-NJ-DE-MD MSA",metro,,1.155,33238.0,27664.0,33637.0
2021,38001,North Dakota Metro,state_metro,38,0.79,28220.0,24403.0,28494.0
2021,38002,North Dakota Nonmetro,state_nonmetro,38,0.775,28013.0,24269.0,28283.0
2021,38060,"Phoenix-Mesa-Scottsdale, AZ MSA",metro,,1.057,31891.0,26788.0,32256.0
2021,38220,"Pine Bluff, AR MSA",metro,,0.692,26872.0,23527.0,27113.0
2021,38300,"Pittsburgh, PA MSA",metro,,0.821,28646.0,24680.0,28931.0
2021,38860,"Portland-South Portland, ME MSA",metro,,1.109,32606.0,27253.0,32989.0
2021,38900,"Portland-Vancouver-Hillsboro, OR-WA MSA",metro,,1.249,34531.0,28504.0,34962.0
2021,38940,"Port St. Lucie, FL MSA",metro,,1.04,31657.0,26636.0,32017.0
2021,39001,Ohio Metro,state_metro,39,0.686,26790.0,23473.0,27028.0
2021,39002,Ohio Nonmetro,state_nonmetro,39,0.646,26240.0,23116.0,26465.0
2021,39140,"Prescott, AZ MSA",metro,,0.917,29966.0,25537.0,30283.0
2021,39300,"Providence-Warwick, RI-MA MSA",metro,,0.969,30681.0,26002.0,31016.0
2021,39340,"Provo-Orem, UT MSA",metro,,0.883,29498.0,25234.0,29804.0
2021,39540,"Racine, WI MSA",metro,,0.812,28522.0,24599.0,28804.0
2021,39580,"Raleigh, NC MSA",metro,,1.062,31959.0,26833.0,32327.0
2021,39740,"Reading, PA MSA",metro,,0.915,29938.0,25520.0,30255.0
2021,39820,"Redding, CA MSA",metro,,0.938,30255.0,25725.0,30579.0
2021,40001,Oklahoma Metro,state_metro,40,0.684,26762.0,23456.0,27000.0
2021,40002,Oklahoma Nonmetro,state_nonmetro,40,0.636,26102.0,23027.0,26324.0
2021,40060,"Richmond, VA MSA",metro,,1.022,31409.0,26476.0,31763.0
2021,40140,"Riverside-San Bernardino-Ontario, CA MSA",metro,,1.207,33953.0,28129.0,34370.0
2021,40220,"Roanoke, VA MSA",metro,,0.767,27903.0,24197.0,28170.0
2021,40380,"Rochester, NY MSA",metro,,0.912,29897.0,25493.0,30213.0
2021,40420,"Rockford, IL MSA",metro,,0.778,28055.0,24295.0,28325.0
2021,40900,"Sacramento--Roseville--Arden-Arcade, CA MSA",metro,,1.232,34297.0,28352.0,34722.0
2021,40980,"Saginaw, MI MSA",metro,,0.717,27216.0,23750.0,27465.0
2021,41001,Oregon Metro,state_metro,41,0.983,30873.0,26127.0,31213.0
2021,41002,Oregon Nonmetro,state_nonmetro,41,0.817,28591.0,24644.0,28874.0
2021,41100,"St. George, UT MSA",metro,,0.884,29512.0,25243.0,29818.0
2021,41180,"St. Louis, MO-IL MSA",metro,,0.867,29278.0,25091.0,29579.0
2021,41420,"Salem, OR MSA",metro,,0.955,30488.0,25877.0,30819.0
2021,41500,"Salinas, CA MSA",metro,,1.432,37047.0,30139.0,37540.0
2021,41540,"Salisbury, MD-DE MSA",metro,,0.935,30213.0,25698.0,30537.0
2021,41620,"Salt Lake City, UT MSA",metro,,1.066,32014.0,26869.0,32383.0
2021,41700,"San Antonio-New Braunfels, TX MSA",metro,,1.013,31286.0,26395.0,31636.0
2021,41740,"San Diego-Carlsbad, CA MSA",metro,,1.637,39865.0,31971.0,40429.0
2021,41860,"San Francisco-Oakland-Hayward, CA MSA",metro,,1.975,44513.0,34990.0,45192.0
2021,41940,"San Jose-Sunnyvale-Santa Clara, CA MSA",metro,,2.271,48582.0,37635.0,49363.0
2021,42001,Pennsylvania Metro,state_metro,42,0.794,28275.0,24438.0,28550.0
2021,42002,Pennsylvania Nonmetro,state_nonmetro,42,0.644,26212.0,23098.0,26437.0
2021,42020,"San Luis Obispo-Paso Robles-Arroyo Grande, CA MSA",metro,,1.452,37322.0,30318.0,37822.0
2021,42100,"Santa Cruz-Watsonville, CA MSA",metro,,1.85,42794.0,33874.0,43430.0
2021,42140,"Santa Fe, NM MSA",metro,,1.051,31808.0,26735.0,32172.0
2021,42200,"Santa Maria-Santa Barbara, CA MSA",metro,,1.616,39577.0,31783.0,40133.0
2021,42220,"Santa Rosa, CA MSA",metro,,1.674,40374.0,32301.0,40950.0
2021,42340,"Savannah, GA MSA",metro,,0.975,30763.0,26056.0,31101.0
2021,42540,"Scranton--Wilkes-Barre--Hazleton, PA MSA",metro,,0.735,27463.0,23911.0,27719.0
2021,42660,"Seattle-Tacoma-Bellevue, WA MSA",metro,,1.481,37720.0,30577.0,38231.0
2021,43300,"Sherman-Denison, TX MSA",metro,,0.812,28522.0,24599.0,28804.0
2021,43340,"Shreveport-Bossier City, LA MSA",metro,,0.765,27876.0,24179.0,28142.0
2021,43620,"Sioux Falls, SD MSA",metro,,0.784,28137.0,24349.0,28409.0
2021,43780,"South Bend-Mishawaka, IN-MI MSA",metro,,0.789,28206.0,24394.0,28480.0
2021,43900,"Spartanburg, SC MSA",metro,,0.743,27573.0,23983.0,27832.0
2021,44060,"Spokane-Spokane Valley, WA MSA",metro,,0.876,29402.0,25171.0,29706.0
2021,44100,"Springfield, IL MSA",metro,,0.769,27931.0,24215.0,28198.0
2021,44140,"Springfield, MA MSA",metro,,0.96,30557.0,25922.0,30889.0
2021,44180,"Springfield, MO MSA",metro,,0.697,26941.0,23572.0,27183.0
2021,44700,"Stockton-Lodi, CA MSA",metro,,1.057,31891.0,26788.0,32256.0
2021,45001,South Carolina Metro,state_metro,45,0.521,24521.0,21999.0,24703.0
2021,45002,South Carolina Nonmetro,state_nonmetro,45,0.65,26295.0,23152.0,26521.0
2021,45060,"Syracuse, NY MSA",metro,,0.842,28935.0,24867.0,29227.0
2021,45220,"Tallahassee, FL MSA",metro,,0.903,29773.0,25412.0,30086.0
2021,45300,"Tampa-St. Petersburg-Clearwater, FL MSA",metro,,1.075,32138.0,26949.0,32510.0
2021,45460,"Terre Haute, IN MSA",metro,,0.74,27532.0,23956.0,27789.0
2021,45780,"Toledo, OH MSA",metro,,0.73,27395.0,23867.0,27648.0
2021,45820,"Topeka, KS MSA",metro,,0.794,28275.0,24438.0,28550.0
2021,45940,"Trenton, NJ MSA",metro,,1.332,35672.0,29245.0,36131.0
2021,46001,South Dakota Metro,state_metro,46,0.822,28660.0,24689.0,28945.0
2021,46002,South Dakota Nonmetro,state_nonmetro,46,0.652,26322.0,23170.0,26549.0
2021,46060,"Tucson, AZ MSA",metro,,0.889,29581.0,25287.0,29889.0
2021,46140,"Tulsa, OK MSA",metro,,0.809,28481.0,24572.0,28762.0
2021,46340,"Tyler, TX MSA",metro,,0.882,29485.0,25225.0,29790.0
2021,46520,"Urban Honolulu, HI MSA",metro,,1.655,40113.0,32131.0,40683.0
2021,46540,"Utica-Rome, NY MSA",metro,,0.748,27642.0,24027.0,27902.0
2021,46700,"Vallejo-Fairfield, CA MSA",metro,,1.476,37652.0,30532.0,38160.0
2021,47002,Tennessee Nonmetro,state_nonmetro,47,0.658,26405.0,23223.0,26634.0
2021,47220,"Vineland-Bridgeton, NJ MSA",metro,,1.042,31684.0,26654.0,32045.0
2021,47260,"Virginia Beach-Norfolk-Newport News, VA-NC MSA",metro,,1.039,31643.0,26627.0,32003.0
2021,47300,"Visalia-Porterville, CA MSA",metro,,0.833,28811.0,24787.0,29100.0
2021,47380,"Waco, TX MSA",metro,,0.829,28756.0,24751.0,29043.0
2021,47580,"Warner Robins, GA MSA",metro,,0.77,27945.0,24224.0,28212.0
2021,47900,"Washington-Arlington-Alexandria, DC-VA-MD-WV MSA",metro,,1.581,39095.0,31470.0,39640.0
2021,47940,"Waterloo-Cedar Falls, IA MSA",metro,,0.753,27711.0,24072.0,27973.0
2021,48001,Texas Metro,state_metro,48,0.81,28495.0,24581.0,28776.0
2021,48002,Texas Nonmetro,state_nonmetro,48,0.767,27903.0,24197.0,28170.0
2021,48060,"Watertown-Fort Drum, NY MSA",metro,,0.917,29966.0,25537.0,30283.0
2021,48140,"Wausau, WI MSA",metro,,0.757,27766.0,24108.0,28029.0
2021,48620,"Wichita, KS MSA",metro,,0.779,28068.0,24304.0,28339.0
2021,48660,"Wichita Falls, TX MSA",metro,,0.735,27463.0,23911.0,27719.0
2021,48700,"Williamsport, PA MSA",metro,,0.747,27628.0,24018.0,27888.0
2021,49001,Utah Metro,state_metro,49,0.697,26941.0,23572.0,27183.0
2021,49002,Utah Nonmetro,state_nonmetro,49,0.645,26226.0,23107.0,26451.0
2021,49020,"Winchester, VA-WV MSA",metro,,0.997,31066.0,26252.0,31411.0
2021,49180,"Winston-Salem, NC MSA",metro,,0.717,27216.0,23750.0,27465.0
2021,49340,"Worcester, MA-CT MSA",metro,,1.041,31671.0,26645.0,32031.0
2021,49620,"York-Hanover, PA MSA",metro,,0.896,29677.0,25350.0,29988.0
2021,49660,"Youngstown-Warren-Boardman, OH-PA MSA",metro,,0.64,26157.0,23062.0,26380.0
2021,49740,"Yuma, AZ MSA",metro,,0.752,27697.0,24063.0,27958.0
2021,50002,Vermont Nonmetro,state_nonmetro,50,0.909,29856.0,25466.0,30171.0
2021,51001,Virginia Metro,state_metro,51,0.798,28330.0,24474.0,28607.0
2021,51002,Virginia Nonmetro,state_nonmetro,51,0.646,26240.0,23116.0,26465.0
2021,53001,Washington Metro,state_metro,53,0.845,28976.0,24894.0,29269.0
2021,53002,Washington Nonmetro,state_nonmetro,53,0.703,27023.0,23625.0,27268.0
2021,54001,West Virginia Metro,state_metro,54,0.642,26185.0,23080.0,26408.0
2021,54002,West Virginia Nonmetro,state_nonmetro,54,0.65,26295.0,23152.0,26521.0
2021,55002,Wisconsin Nonmetro,state_nonmetro,55,0.698,26955.0,23581.0,27198.0
2021,56001,Wyoming Metro,state_metro,56,0.787,28178.0,24376.0,28452.0
2021,56002,Wyoming Nonmetro,state_nonmetro,56,0.748,27642.0,24027.0,27902.0
2022,1002,Alabama Nonmetro,state_nonmetro,01,0.574,27847.0,24796.0,28004.0
2022,2001,Alaska Metro,state_metro,02,1.125,36109.0,30116.0,36429.0
2022,2002,Alaska Nonmetro,state_nonmetro,02,1.153,36529.0,30386.0,36858.0
2022,4001,Arizona Metro,state_metro,04,1.143,36379.0,30290.0,36705.0
2022,4002,Arizona Nonmetro,state_nonmetro,04,0.591,28102.0,24960.0,28264.0
2022,5001,Arkansas Metro,state_metro,05,0.683,29482.0,25848.0,29671.0
2022,5002,Arkansas Nonmetro,state_nonmetro,05,0.606,28327.0,25105.0,28493.0
2022,6002,California Nonmetro,state_nonmetro,06,0.988,34055.0,28793.0,34335.0
2022,8002,Colorado Nonmetro,state_nonmetro,08,0.921,33050.0,28146.0,33310.0
2022,9002,Connecticut Nonmetro,state_nonmetro,09,1.035,34760.0,29247.0,35053.0
2022,10180,"Abilene, TX MSA",metro,,0.83,31686.0,27268.0,31918.0
2022,10420,"Akron, OH MSA",metro,,0.785,31011.0,26833.0,31230.0
2022,10580,"Albany-Schenectady-Troy, NY MSA",metro,,1.012,34415.0,29025.0,34701.0
2022,10740,"Albuquerque, NM MSA",metro,,0.832,31716.0,27287.0,31949.0
2022,10900,"Allentown-Bethlehem-Easton, PA-NJ MSA",metro,,1.029,34670.0,29189.0,34961.0
2022,11100,"Amarillo, TX MSA",metro,,0.811,31401.0,27084.0,31628.0
2022,11460,"Ann Arbor, MI MSA",metro,,1.13,36184.0,30164.0,36506.0
2022,11540,"Appleton, WI MSA",metro,,0.775,30861.0,26736.0,31077.0
2022,11700,"Asheville, NC MSA",metro,,0.883,32481.0,27779.0,32729.0
2022,12001,Florida Metro,state_metro,12,0.719,30021.0,26196.0,30221.0
2022,12002,Florida Nonmetro,state_nonmetro,12,0.619,28522.0,25230.0,28692.0
2022,12020,"Athens-Clarke County, GA MSA",metro,,0.783,30981.0,26814.0,31200.0
2022,12060,"Atlanta-Sandy Springs-Roswell, GA MSA",metro,,1.078,35405.0,29662.0,35711.0
2022,12100,"Atlantic City-Hammonton, NJ MSA",metro,,1.06,35135.0,29488.0,35435.0
2022,12220,"Auburn-Opelika, AL MSA",metro,,0.772,30816.0,26708.0,31032.0
2022,12260,"Augusta-Richmond County, GA-SC MSA",metro,,0.767,30741.0,26659.0,30955.0
2022,12420,"Austin-Round Rock, TX MSA",metro,,1.275,38359.0,31564.0,38723.0
2022,12540,"Bakersfield, CA MSA",metro,,0.851,32001.0,27470.0,32240.0
2022,12580,"Baltimore-Columbia-Towson, MD MSA",metro,,1.254,38044.0,31362.0,38402.0
2022,12620,"Bangor, ME MSA",metro,,0.846,31926.0,27422.0,32163.0
2022,12700,"Barnstable Town, MA MSA",metro,,1.363,39678.0,32414.0,40069.0
2022,12940,"Baton Rouge, LA MSA",metro,,0.846,31926.0,27422.0,32163.0
2022,12980,"Battle Creek, MI MSA",metro,,0.757,30591.0,26563.0,30802.0
2022,13001,Georgia Metro,state_metro,13,0.662,29167.0,25645.0,29349.0
2022,13002,Georgia Nonmetro,state_nonmetro,13,0.616,28477.0,25201.0,28646.0
2022,13140,"Beaumont-Port Arthur, TX MSA",metro,,0.798,31206.0,26959.0,31429.0
2022,13460,"Bend-Redmond, OR MSA",metro,,1.121,36049.0,30077.0,36368.0
2022,13740,"Billings, MT MSA",metro,,0.829,31671.0,27258.0,31903.0
2022,13780,"Binghamton, NY MSA",metro,,0.736,30276.0,26360.0,30481.0
2022,13820,"Birmingham-Hoover, AL MSA",metro,,0.832,31716.0,27287.0,31949.0
2022,13980,"Blacksburg-Christiansburg-Radford, VA MSA",metro,,0.804,31296.0,27017.0,31521.0
2022,14010,"Bloomington, IL MSA",metro,,0.799,31221.0,26968.0,31444.0
2022,14020,"Bloomington, IN MSA",metro,,0.864,32196.0,27596.0,32438.0
2022,14260,"Boise City, ID MSA",metro,,0.895,32661.0,27895.0,32912.0
2022,14460,"Boston-Cambridge-Newton, MA-NH MSA",metro,,1.539,42317.0,34113.0,42760.0
2022,14500,"Boulder, CO MSA",metro,,1.491,41598.0,33650.0,42026.0
2022,14540,"Bowling Green, KY MSA",metro,,0.739,30321.0,26389.0,30527.0
2022,14860,"Bridgeport-Stamford-Norwalk, CT MSA",metro,,1.453,41028.0,33283.0,41445.0
2022,15002,Hawaii Nonmetro,state_nonmetro,15,1.153,36529.0,30386.0,36858.0
2022,15180,"Brownsville-Harlingen, TX MSA",metro,,0.661,29152.0,25636.0,29334.0
2022,15380,"Buffalo-Cheektowaga-Niagara Falls, NY MSA",metro,,0.769,30771.0,26679.0,30986.0
2022,15500,"Burlington, NC MSA",metro,,0.732,30216.0,26321.0,30420.0
2022,15540,"Burlington-South Burlington, VT MSA",metro,,1.247,37939.0,31294.0,38295.0
2022,15680,"California-Lexington Park, MD MSA",metro,,1.248,37954.0,31304.0,38310.0
2022,15940,"Canton-Massillon, OH MSA",metro,,0.689,29572.0,25906.0,29762.0
2022,15980,"Cape Coral-Fort Myers, FL MSA",metro,,1.075,35360.0,29633.0,35665.0
2022,16001,Idaho Metro,state_metro,16,0.669,29272.0,25713.0,29457.0
2022,16002,Idaho Nonmetro,state_nonmetro,16,0.696,29677.0,25974.0,29869.0
2022,16060,"Carbondale-Marion, IL MSA",metro,,0.665,29212.0,25674.0,29395.0
2022,16300,"Cedar Rapids, IA MSA",metro,,0.77,30786.0,26688.0,31001.0
2022,16540,"Chambersburg-Waynesboro, PA MSA",metro,,0.819,31521.0,27161.0,31750.0
2022,16580,"Champaign-Urbana, IL MSA",metro,,0.813,31431.0,27103.0,31658.0
2022,16620,"Charleston, WV MSA",metro,,0.725,30111.0,26254.0,30313.0
2022,16700,"Charleston-North Charleston, SC MSA",metro,,1.07,35285.0,29585.0,35588.0
2022,16740,"Charlotte-Concord-Gastonia, NC-SC MSA",metro,,0.962,33665.0,28542.0,33937.0
2022,16820,"Charlottesville, VA MSA",metro,,1.143,36379.0,30290.0,36705.0
2022,16860,"Chattanooga, TN-GA MSA",metro,,0.781,30951.0,26794.0,31169.0
2022,16980,"Chicago-Naperville-Elgin, IL-IN-WI MSA",metro,,1.055,35060.0,29440.0,35359.0
2022,17001,Illinois Metro,state_metro,17,0.749,30471.0,26485.0,30680.0
2022,17002,Illinois Nonmetro,state_nonmetro,17,0.634,28747.0,25375.0,28921.0
2022,17020,"Chico, CA MSA",metro,,0.976,33875.0,28677.0,34151.0
2022,17140,"Cincinnati, OH-KY-IN MSA",metro,,0.818,31506.0,27152.0,31735.0
2022,17300,"Clarksville, TN-KY MSA",metro,,0.791,31101.0,26891.0,31322.0
2022,17420,"Cleveland, TN MSA",metro,,0.697,29692.0,25983.0,29885.0
2022,17460,"Cleveland-Elyria, OH MSA",metro,,0.789,31071.0,26872.0,31291.0
2022,17660,"Coeur d'Alene, ID MSA",metro,,0.846,31926.0,27422.0,32163.0
2022,17780,"College Station-Bryan, TX MSA",metro,,0.837,31791.0,27335.0,32025.0
2022,17820,"Colorado Springs, CO MSA",metro,,1.083,35480.0,29710.0,35787.0
2022,17900,"Columbia, SC MSA",metro,,0.837,31791.0,27335.0,32025.0
2022,17980,"Columbus, GA-AL MSA",metro,,0.789,31071.0,26872.0,31291.0
2022,18001,Indiana Metro,state_metro,18,0.71,29886.0,26109.0,30083.0
2022,18002,Indiana Nonmetro,state_nonmetro,18,0.653,29032.0,25559.0,29212.0
2022,18140,"Columbus, OH MSA",metro,,0.936,33275.0,28291.0,33539.0
2022,18580,"Corpus Christi, TX MSA",metro,,0.965,33710.0,28571.0,33983.0
2022,19001,Iowa Metro,state_metro,19,0.787,31041.0,26852.0,31261.0
2022,19002,Iowa Nonmetro,state_nonmetro,19,0.625,28612.0,25288.0,28784.0
2022,19100,"Dallas-Fort Worth-Arlington, TX MSA",metro,,1.133,36229.0,30193.0,36552.0
2022,19300,"Daphne-Fairhope-Foley, AL MSA",metro,,0.961,33650.0,28532.0,33922.0
2022,19340,"Davenport-Moline-Rock Island, IA-IL MSA",metro,,0.734,30246.0,26341.0,30450.0
2022,19380,"Dayton, OH MSA",metro,,0.754,30546.0,26534.0,30756.0
2022,19660,"Deltona-Daytona Beach-Ormond Beach, FL MSA",metro,,0.991,34100.0,28822.0,34380.0
2022,19740,"Denver-Aurora-Lakewood, CO MSA",metro,,1.406,40323.0,32829.0,40726.0
2022,19780,"Des Moines-West Des Moines, IA MSA",metro,,0.866,32226.0,27615.0,32469.0
2022,19820,"Detroit-Warren-Dearborn, MI MSA",metro,,0.921,33050.0,28146.0,33310.0
2022,20001,Kansas Metro,state_metro,20,0.834,31746.0,27306.0,31980.0
2022,20002,Kansas Nonmetro,state_nonmetro,20,0.632,28717.0,25356.0,28891.0
2022,20100,"Dover, DE MSA",metro,,0.936,33275.0,28291.0,33539.0
2022,20500,"Durham-Chapel Hill, NC MSA",metro,,1.013,34430.0,29035.0,34717.0
2022,20700,"East Stroudsburg, PA MSA",metro,,1.003,34280.0,28938.0,34564.0
2022,21001,Kentucky Metro,state_metro,21,0.643,28882.0,25462.0,29059.0
2022,21002,Kentucky Nonmetro,state_nonmetro,21,0.606,28327.0,25105.0,28493.0
2022,21140,"Elkhart-Goshen, IN MSA",metro,,0.757,30591.0,26563.0,30802.0
2022,21340,"El Paso, TX MSA",metro,,0.746,30426.0,26456.0,30634.0
2022,21500,"Erie, PA MSA",metro,,0.718,30006.0,26186.0,30206.0
2022,21660,"Eugene, OR MSA",metro,,0.954,33545.0,28465.0,33815.0
2022,21780,"Evansville, IN-KY MSA",metro,,0.787,31041.0,26852.0,31261.0
2022,22001,Louisiana Metro,state_metro,22,0.719,30021.0,26196.0,30221.0
2022,22002,Louisiana Nonmetro,state_nonmetro,22,0.619,28522.0,25230.0,28692.0
2022,22020,"Fargo, ND-MN MSA",metro,,0.762,30666.0,26611.0,30879.0
2022,22140,"Farmington, NM MSA",metro,,0.685,29512.0,25867.0,29701.0
2022,22180,"Fayetteville, NC MSA",metro,,0.786,31026.0,26843.0,31246.0
2022,22220,"Fayetteville-Springdale-Rogers, AR-MO MSA",metro,,0.755,30561.0,26543.0,30772.0
2022,22420,"Flint, MI MSA",metro,,0.73,30186.0,26302.0,30389.0
2022,22500,"Florence, SC MSA",metro,,0.667,29242.0,25694.0,29426.0
2022,22520,"Florence-Muscle Shoals, AL MSA",metro,,0.634,28747.0,25375.0,28921.0
2022,22660,"Fort Collins, CO MSA",metro,,1.175,36859.0,30599.0,37194.0
2022,22900,"Fort Smith, AR-OK MSA",metro,,0.639,28822.0,25423.0,28998.0
2022,23002,Maine Nonmetro,state_nonmetro,23,0.72,30036.0,26205.0,30236.0
2022,23060,"Fort Wayne, IN MSA",metro,,0.727,30141.0,26273.0,30343.0
2022,23420,"Fresno, CA MSA",metro,,0.917,32990.0,28108.0,33249.0
2022,23540,"Gainesville, FL MSA",metro,,0.954,33545.0,28465.0,33815.0
2022,23580,"Gainesville, GA MSA",metro,,0.897,32691.0,27914.0,32943.0
2022,24002,Maryland Nonmetro,state_nonmetro,24,0.828,31656.0,27248.0,31888.0
2022,24020,"Glens Falls, NY MSA",metro,,0.846,31926.0,27422.0,32163.0
2022,24140,"Goldsboro, NC MSA",metro,,0.696,29677.0,25974.0,29869.0
2022,24340,"Grand Rapids-Wyoming, MI MSA",metro,,0.872,32316.0,27673.0,32561.0
2022,24540,"Greeley, CO MSA",metro,,0.985,34010.0,28764.0,34289.0
2022,24580,"Green Bay, WI MSA",metro,,0.785,31011.0,26833.0,31230.0
2022,24660,"Greensboro-High Point, NC MSA",metro,,0.765,30711.0,26640.0,30925.0
2022,24780,"Greenville, NC MSA",metro,,0.722,30066.0,26225.0,30267.0
2022,24860,"Greenville-Anderson-Mauldin, SC MSA",metro,,0.799,31221.0,26968.0,31444.0
2022,25001,Massachusetts Metro,state_metro,25,0.929,33170.0,28223.0,33432.0
2022,25002,Massachusetts Nonmetro,state_nonmetro,25,1.551,42497.0,34229.0,42944.0
2022,25180,"Hagerstown-Martinsburg, MD-WV MSA",metro,,0.868,32256.0,27634.0,32500.0
2022,25260,"Hanford-Corcoran, CA MSA",metro,,0.837,31791.0,27335.0,32025.0
2022,25420,"Harrisburg-Carlisle, PA MSA",metro,,0.918,33005.0,28117.0,33264.0
2022,25540,"Hartford-West Hartford-East Hartford, CT MSA",metro,,1.127,36139.0,30135.0,36460.0
2022,25860,"Hickory-Lenoir-Morganton, NC MSA",metro,,0.624,28597.0,25278.0,28768.0
2022,25940,"Hilton Head Island-Bluffton-Beaufort, SC MSA",metro,,1.072,35315.0,29604.0,35619.0
2022,26001,Michigan Metro,state_metro,26,0.717,29991.0,26176.0,30191.0
2022,26002,Michigan Nonmetro,state_nonmetro,26,0.734,30246.0,26341.0,30450.0
2022,26420,"Houston-The Woodlands-Sugar Land, TX MSA",metro,,1.036,34775.0,29257.0,35068.0
2022,26580,"Huntington-Ashland, WV-KY-OH MSA",metro,,0.684,29497.0,25858.0,29686.0
2022,26620,"Huntsville, AL MSA",metro,,0.775,30861.0,26736.0,31077.0
2022,26820,"Idaho Falls, ID MSA",metro,,0.727,30141.0,26273.0,30343.0
2022,26900,"Indianapolis-Carmel-Anderson, IN MSA",metro,,0.863,32181.0,27586.0,32423.0
2022,26980,"Iowa City, IA MSA",metro,,0.882,32466.0,27770.0,32714.0
2022,27001,Minnesota Metro,state_metro,27,0.793,31131.0,26910.0,31353.0
2022,27002,Minnesota Nonmetro,state_nonmetro,27,0.734,30246.0,26341.0,30450.0
2022,27100,"Jackson, MI MSA",metro,,0.748,30456.0,26476.0,30665.0
2022,27140,"Jackson, MS MSA",metro,,0.821,31551.0,27181.0,31781.0
2022,27260,"Jacksonville, FL MSA",metro,,1.004,34295.0,28948.0,34579.0
2022,27340,"Jacksonville, NC MSA",metro,,0.793,31131.0,26910.0,31353.0
2022,27500,"Janesville-Beloit, WI MSA",metro,,0.794,31146.0,26920.0,31368.0
2022,27740,"Johnson City, TN MSA",metro,,0.677,29392.0,25790.0,29579.0
2022,27780,"Johnstown, PA MSA",metro,,0.585,28012.0,24902.0,28172.0
2022,27980,"Kahului-Wailuku-Lahaina, HI MSA",metro,,1.49,41583.0,33640.0,42011.0
2022,28001,Mississippi Metro,state_metro,28,0.747,30441.0,26466.0,30649.0
2022,28002,Mississippi Nonmetro,state_nonmetro,28,0.615,28462.0,25192.0,28631.0
2022,28020,"Kalamazoo-Portage, MI MSA",metro,,0.789,31071.0,26872.0,31291.0
2022,28140,"Kansas City, MO-KS MSA",metro,,0.911,32900.0,28050.0,33157.0
2022,28420,"Kennewick-Richland, WA MSA",metro,,0.924,33095.0,28175.0,33356.0
2022,28660,"Killeen-Temple, TX MSA",metro,,0.775,30861.0,26736.0,31077.0
2022,28700,"Kingsport-Bristol-Bristol, TN-VA MSA",metro,,0.61,28387.0,25143.0,28554.0
2022,28940,"Knoxville, TN MSA",metro,,0.79,31086.0,26881.0,31307.0
2022,29001,Missouri Metro,state_metro,29,0.631,28702.0,25346.0,28875.0
2022,29002,Missouri Nonmetro,state_nonmetro,29,0.637,28792.0,25404.0,28967.0
2022,29180,"Lafayette, LA MSA",metro,,0.737,30291.0,26370.0,30496.0
2022,29200,"Lafayette-West Lafayette, IN MSA",metro,,0.84,31836.0,27364.0,32071.0
2022,29340,"Lake Charles, LA MSA",metro,,0.82,31536.0,27171.0,31766.0
2022,29460,"Lakeland-Winter Haven, FL MSA",metro,,0.882,32466.0,27770.0,32714.0
2022,29540,"Lancaster, PA MSA",metro,,0.982,33965.0,28735.0,34243.0
2022,29620,"Lansing-East Lansing, MI MSA",metro,,0.84,31836.0,27364.0,32071.0
2022,29700,"Laredo, TX MSA",metro,,0.771,30801.0,26698.0,31016.0
2022,29740,"Las Cruces, NM MSA",metro,,0.651,29002.0,25539.0,29181.0
2022,29820,"Las Vegas-Henderson-Paradise, NV MSA",metro,,1.033,34730.0,29228.0,35023.0
2022,30001,Montana Metro,state_metro,30,0.81,31386.0,27074.0,31613.0
2022,30002,Montana Nonmetro,state_nonmetro,30,0.802,31266.0,26997.0,31490.0
2022,30340,"Lewiston-Auburn, ME MSA",metro,,0.761,30651.0,26601.0,30863.0
2022,30460,"Lexington-Fayette, KY MSA",metro,,0.808,31356.0,27055.0,31582.0
2022,30780,"Little Rock-North Little Rock-Conway, AR MSA",metro,,0.758,30606.0,26572.0,30817.0
2022,30980,"Longview, TX MSA",metro,,0.768,30756.0,26669.0,30970.0
2022,31001,Nebraska Metro,state_metro,31,0.803,31281.0,27007.0,31506.0
2022,31002,Nebraska Nonmetro,state_nonmetro,31,0.684,29497.0,25858.0,29686.0
2022,31080,"Los Angeles-Long Beach-Anaheim, CA MSA",metro,,1.619,43517.0,34886.0,43983.0
2022,31140,"Louisville/Jefferson County, KY-IN MSA",metro,,0.825,31611.0,27219.0,31842.0
2022,31180,"Lubbock, TX MSA",metro,,0.839,31821.0,27354.0,32056.0
2022,31420,"Macon, GA MSA",metro,,0.77,30786.0,26688.0,31001.0
2022,31540,"Madison, WI MSA",metro,,1.02,34535.0,29102.0,34824.0
2022,31700,"Manchester-Nashua, NH MSA",metro,,1.217,37489.0,31004.0,37836.0
2022,32001,Nevada Metro,state_metro,32,1.067,35240.0,29556.0,35543.0
2022,32002,Nevada Nonmetro,state_nonmetro,32,0.861,32151.0,27567.0,32392.0
2022,32580,"McAllen-Edinburg-Mission, TX MSA",metro,,0.693,29632.0,25945.0,29824.0
2022,32780,"Medford, OR MSA",metro,,0.943,33380.0,28359.0,33646.0
2022,32820,"Memphis, TN-MS-AR MSA",metro,,0.837,31791.0,27335.0,32025.0
2022,33002,New Hampshire Nonmetro,state_nonmetro,33,0.989,34070.0,28803.0,34350.0
2022,33100,"Miami-Fort Lauderdale-West Palm Beach, FL MSA",metro,,1.331,39198.0,32105.0,39579.0
2022,33340,"Milwaukee-Waukesha-West Allis, WI MSA",metro,,0.867,32241.0,27625.0,32484.0
2022,33460,"Minneapolis-St. Paul-Bloomington, MN-WI MSA",metro,,1.134,36244.0,30203.0,36567.0
2022,33660,"Mobile, AL MSA",metro,,0.78,30936.0,26785.0,31154.0
2022,33700,"Modesto, CA MSA",metro,,1.039,34820.0,29286.0,35114.0
2022,33740,"Monroe, LA MSA",metro,,0.705,29811.0,26061.0,30007.0
2022,33780,"Monroe, MI MSA",metro,,0.842,31866.0,27383.0,32102.0
2022,33860,"Montgomery, AL MSA",metro,,0.785,31011.0,26833.0,31230.0
2022,34001,New Jersey Metro,state_metro,34,1.125,36109.0,30116.0,36429.0
2022,34060,"Morgantown, WV MSA",metro,,0.789,31071.0,26872.0,31291.0
2022,34580,"Mount Vernon-Anacortes, WA MSA",metro,,1.046,34925.0,29353.0,35221.0
2022,34740,"Muskegon, MI MSA",metro,,0.759,30621.0,26582.0,30833.0
2022,34820,"Myrtle Beach-Conway-North Myrtle Beach, SC-NC MSA",metro,,0.861,32151.0,27567.0,32392.0
2022,34940,"Naples-Immokalee-Marco Island, FL MSA",metro,,1.218,37504.0,31014.0,37852.0
2022,34980,"Nashville-Davidson--Murfreesboro--Franklin, TN MSA",metro,,1.041,34850.0,29305.0,35145.0
2022,35002,New Mexico Nonmetro,state_nonmetro,35,0.682,29467.0,25839.0,29655.0
2022,35300,"New Haven-Milford, CT MSA",metro,,1.12,36034.0,30068.0,36353.0
2022,35380,"New Orleans-Metairie, LA MSA",metro,,0.937,33290.0,28301.0,33555.0
2022,35620,"New York-Newark-Jersey City, NY-NJ-PA MSA",metro,,1.404,40293.0,32810.0,40696.0
2022,35660,"Niles-Benton Harbor, MI MSA",metro,,0.749,30471.0,26485.0,30680.0
2022,35840,"North Port-Sarasota-Bradenton, FL MSA",metro,,1.132,36214.0,30184.0,36536.0
2022,35980,"Norwich-New London, CT MSA",metro,,1.065,35210.0,29537.0,35512.0
2022,36002,New York Nonmetro,state_nonmetro,36,0.711,29901.0,26119.0,30099.0
2022,36100,"Ocala, FL MSA",metro,,0.825,31611.0,27219.0,31842.0
2022,36220,"Odessa, TX MSA",metro,,1.041,34850.0,29305.0,35145.0
2022,36260,"Ogden-Clearfield, UT MSA",metro,,0.896,32676.0,27905.0,32928.0
2022,36420,"Oklahoma City, OK MSA",metro,,0.811,31401.0,27084.0,31628.0
2022,36540,"Omaha-Council Bluffs, NE-IA MSA",metro,,0.894,32646.0,27886.0,32897.0
2022,36740,"Orlando-Kissimmee-Sanford, FL MSA",metro,,1.164,36694.0,30493.0,37026.0
2022,36780,"Oshkosh-Neenah, WI MSA",metro,,0.739,30321.0,26389.0,30527.0
2022,37001,North Carolina Metro,state_metro,37,0.754,30546.0,26534.0,30756.0
2022,37002,North Carolina Nonmetro,state_nonmetro,37,0.633,28732.0,25365.0,28906.0
2022,37100,"Oxnard-Thousand Oaks-Ventura, CA MSA",metro,,1.653,44027.0,35214.0,44503.0
2022,37340,"Palm Bay-Melbourne-Titusville, FL MSA",metro,,0.979,33920.0,28706.0,34197.0
2022,37460,"Panama City, FL MSA",metro,,1.007,34340.0,28977.0,34625.0
2022,37860,"Pensacola-Ferry Pass-Brent, FL MSA",metro,,0.885,32511.0,27799.0,32759.0
2022,37900,"Peoria, IL MSA",metro,,0.747,30441.0,26466.0,30649.0
2022,37980,"Philadelphia-Camden-Wilmington, PA-NJ-DE-MD MSA",metro,,1.136,36274.0,30222.0,36598.0
2022,38001,North Dakota Metro,state_metro,38,0.76,30636.0,26592.0,30848.0
2022,38002,North Dakota Nonmetro,state_nonmetro,38,0.737,30291.0,26370.0,30496.0
2022,38060,"Phoenix-Mesa-Scottsdale, AZ MSA",metro,,1.086,35525.0,29739.0,35833.0
2022,38220,"Pine Bluff, AR MSA",metro,,0.658,29107.0,25607.0,29288.0
2022,38300,"Pittsburgh, PA MSA",metro,,0.81,31386.0,27074.0,31613.0
2022,38860,"Portland-South Portland, ME MSA",metro,,1.111,35899.0,29981.0,36215.0
2022,38900,"Portland-Vancouver-Hillsboro, OR-WA MSA",metro,,1.251,37999.0,31333.0,38356.0
2022,38940,"Port St. Lucie, FL MSA",metro,,1.035,34760.0,29247.0,35053.0
2022,39001,Ohio Metro,state_metro,39,0.68,29437.0,25819.0,29625.0
2022,39002,Ohio Nonmetro,state_nonmetro,39,0.634,28747.0,25375.0,28921.0
2022,39140,"Prescott, AZ MSA",metro,,0.906,32825.0,28001.0,33081.0
2022,39300,"Providence-Warwick, RI-MA MSA",metro,,0.968,33755.0,28600.0,34029.0
2022,39340,"Provo-Orem, UT MSA",metro,,0.893,32631.0,27876.0,32882.0
2022,39540,"Racine, WI MSA",metro,,0.785,31011.0,26833.0,31230.0
2022,39580,"Raleigh, NC MSA",metro,,1.059,35120.0,29479.0,35420.0
2022,39740,"Reading, PA MSA",metro,,0.894,32646.0,27886.0,32897.0
2022,39820,"Redding, CA MSA",metro,,0.921,33050.0,28146.0,33310.0
2022,40001,Oklahoma Metro,state_metro,40,0.667,29242.0,25694.0,29426.0
2022,40002,Oklahoma Nonmetro,state_nonmetro,40,0.618,28507.0,25221.0,28677.0
2022,40060,"Richmond, VA MSA",metro,,1.027,34640.0,29170.0,34931.0
2022,40140,"Riverside-San Bernardino-Ontario, CA MSA",metro,,1.212,37414.0,30956.0,37760.0
2022,40220,"Roanoke, VA MSA",metro,,0.745,30411.0,26447.0,30619.0
2022,40380,"Rochester, NY MSA",metro,,0.899,32721.0,27934.0,32974.0
2022,40420,"Rockford, IL MSA",metro,,0.768,30756.0,26669.0,30970.0
2022,40900,"Sacramento--Roseville--Arden-Arcade, CA MSA",metro,,1.255,38059.0,31371.0,38417.0
2022,40980,"Saginaw, MI MSA",metro,,0.71,29886.0,26109.0,30083.0
2022,41001,Oregon Metro,state_metro,41,0.967,33740.0,28590.0,34013.0
2022,41002,Oregon Nonmetro,state_nonmetro,41,0.804,31296.0,27017.0,31521.0
2022,41100,"St. George, UT MSA",metro,,0.914,32945.0,28079.0,33203.0
2022,41180,"St. Louis, MO-IL MSA",metro,,0.847,31941.0,27432.0,32178.0
2022,41420,"Salem, OR MSA",metro,,0.969,33770.0,28610.0,34044.0
2022,41500,"Salinas, CA MSA",metro,,1.469,41268.0,33437.0,41690.0
2022,41540,"Salisbury, MD-DE MSA",metro,,0.904,32795.0,27982.0,33050.0
2022,41620,"Salt Lake City, UT MSA",metro,,1.082,35465.0,29701.0,35772.0
2022,41700,"San Antonio-New Braunfels, TX MSA",metro,,1.0,34235.0,28909.0,34518.0
2022,41740,"San Diego-Carlsbad, CA MSA",metro,,1.645,43907.0,35137.0,44381.0
2022,41860,"San Francisco-Oakland-Hayward, CA MSA",metro,,1.978,48900.0,38352.0,49473.0
2022,41940,"San Jose-Sunnyvale-Santa Clara, CA MSA",metro,,2.261,53144.0,41085.0,53801.0
2022,42001,Pennsylvania Metro,state_metro,42,0.779,30921.0,26775.0,31139.0
2022,42002,Pennsylvania Nonmetro,state_nonmetro,42,0.63,28687.0,25336.0,28860.0
2022,42020,"San Luis Obispo-Paso Robles-Arroyo Grande, CA MSA",metro,,1.461,41148.0,33360.0,41567.0
2022,42100,"Santa Cruz-Watsonville, CA MSA",metro,,1.803,46276.0,36662.0,46797.0
2022,42140,"Santa Fe, NM MSA",metro,,1.057,35090.0,29459.0,35390.0
2022,42200,"Santa Maria-Santa Barbara, CA MSA",metro,,1.607,43337.0,34770.0,43800.0
2022,42220,"Santa Rosa, CA MSA",metro,,1.696,44671.0,35629.0,45161.0
2022,42340,"Savannah, GA MSA",metro,,0.948,33455.0,28407.0,33723.0
2022,42540,"Scranton--Wilkes-Barre--Hazleton, PA MSA",metro,,0.725,30111.0,26254.0,30313.0
2022,42660,"Seattle-Tacoma-Bellevue, WA MSA",metro,,1.496,41672.0,33698.0,42103.0
2022,43300,"Sherman-Denison, TX MSA",metro,,0.861,32151.0,27567.0,32392.0
2022,43340,"Shreveport-Bossier City, LA MSA",metro,,0.744,30396.0,26437.0,30603.0
2022,43620,"Sioux Falls, SD MSA",metro,,0.77,30786.0,26688.0,31001.0
2022,43780,"South Bend-Mishawaka, IN-MI MSA",metro,,0.804,31296.0,27017.0,31521.0
2022,43900,"Spartanburg, SC MSA",metro,,0.741,30351.0,26408.0,30558.0
2022,44060,"Spokane-Spokane Valley, WA MSA",metro,,0.88,32436.0,27750.0,32683.0
2022,44100,"Springfield, IL MSA",metro,,0.757,30591.0,26563.0,30802.0
2022,44140,"Springfield, MA MSA",metro,,0.955,33560.0,28474.0,33830.0
2022,44180,"Springfield, MO MSA",metro,,0.697,29692.0,25983.0,29885.0
2022,44700,"Stockton-Lodi, CA MSA",metro,,1.081,35450.0,29691.0,35757.0
2022,45001,South Carolina Metro,state_metro,45,0.489,26573.0,23975.0,26704.0
2022,45002,South Carolina Nonmetro,state_nonmetro,45,0.652,29017.0,25549.0,29197.0
2022,45060,"Syracuse, NY MSA",metro,,0.826,31626.0,27229.0,31857.0
2022,45220,"Tallahassee, FL MSA",metro,,0.906,32825.0,28001.0,33081.0
2022,45300,"Tampa-St. Petersburg-Clearwater, FL MSA",metro,,1.075,35360.0,29633.0,35665.0
2022,45460,"Terre Haute, IN MSA",metro,,0.72,30036.0,26205.0,30236.0
2022,45780,"Toledo, OH MSA",metro,,0.729,30171.0,26292.0,30374.0
2022,45820,"Topeka, KS MSA",metro,,0.782,30966.0,26804.0,31184.0
2022,45940,"Trenton, NJ MSA",metro,,1.296,38673.0,31767.0,39044.0
2022,46001,South Dakota Metro,state_metro,46,0.831,31701.0,27277.0,31934.0
2022,46002,South Dakota Nonmetro,state_nonmetro,46,0.667,29242.0,25694.0,29426.0
2022,46060,"Tucson, AZ MSA",metro,,0.877,32391.0,27721.0,32637.0
2022,46140,"Tulsa, OK MSA",metro,,0.796,31176.0,26939.0,31399.0
2022,46340,"Tyler, TX MSA",metro,,0.879,32421.0,27741.0,32668.0
2022,46520,"Urban Honolulu, HI MSA",metro,,1.617,43487.0,34867.0,43953.0
2022,46540,"Utica-Rome, NY MSA",metro,,0.727,30141.0,26273.0,30343.0
2022,46700,"Vallejo-Fairfield, CA MSA",metro,,1.517,41987.0,33901.0,42424.0
2022,47002,Tennessee Nonmetro,state_nonmetro,47,0.632,28717.0,25356.0,28891.0
2022,47220,"Vineland-Bridgeton, NJ MSA",metro,,1.008,34355.0,28986.0,34640.0
2022,47260,"Virginia Beach-Norfolk-Newport News, VA-NC MSA",metro,,1.014,34445.0,29044.0,34732.0
2022,47300,"Visalia-Porterville, CA MSA",metro,,0.834,31746.0,27306.0,31980.0
2022,47380,"Waco, TX MSA",metro,,0.839,31821.0,27354.0,32056.0
2022,47580,"Warner Robins, GA MSA",metro,,0.755,30561.0,26543.0,30772.0
2022,47900,"Washington-Arlington-Alexandria, DC-VA-MD-WV MSA",metro,,1.555,42557.0,34268.0,43005.0
2022,47940,"Waterloo-Cedar Falls, IA MSA",metro,,0.744,30396.0,26437.0,30603.0
2022,48001,Texas Metro,state_metro,48,0.794,31146.0,26920.0,31368.0
2022,48002,Texas Nonmetro,state_nonmetro,48,0.772,30816.0,26708.0,31032.0
2022,48060,"Watertown-Fort Drum, NY MSA",metro,,0.911,32900.0,28050.0,33157.0
2022,48140,"Wausau, WI MSA",metro,,0.743,30381.0,26428.0,30588.0
2022,48620,"Wichita, KS MSA",metro,,0.768,30756.0,26669.0,30970.0
2022,48660,"Wichita Falls, TX MSA",metro,,0.74,30336.0,26399.0,30542.0
2022,48700,"Williamsport, PA MSA",metro,,0.725,30111.0,26254.0,30313.0
2022,49001,Utah Metro,state_metro,49,0.711,29901.0,26119.0,30099.0
2022,49002,Utah Nonmetro,state_nonmetro,49,0.662,29167.0,25645.0,29349.0
2022,49020,"Winchester, VA-WV MSA",metro,,0.98,33935.0,28716.0,34212.0
2022,49180,"Winston-Salem, NC MSA",metro,,0.711,29901.0,26119.0,30099.0
2022,49340,"Worcester, MA-CT MSA",metro,,1.037,34790.0,29266.0,35084.0
2022,49620,"York-Hanover, PA MSA",metro,,0.884,32496.0,27789.0,32744.0
2022,49660,"Youngstown-Warren-Boardman, OH-PA MSA",metro,,0.62,28537.0,25240.0,28707.0
2022,49740,"Yuma, AZ MSA",metro,,0.783,30981.0,26814.0,31200.0
2022,50002,Vermont Nonmetro,state_nonmetro,50,0.891,32601.0,27857.0,32851.0
2022,51001,Virginia Metro,state_metro,51,0.78,30936.0,26785.0,31154.0
2022,51002,Virginia Nonmetro,state_nonmetro,51,0.634,28747.0,25375.0,28921.0
2022,53001,Washington Metro,state_metro,53,0.851,32001.0,27470.0,32240.0
2022,53002,Washington Nonmetro,state_nonmetro,53,0.729,30171.0,26292.0,30374.0
2022,54001,West Virginia Metro,state_metro,54,0.639,28822.0,25423.0,28998.0
2022,54002,West Virginia Nonmetro,state_nonmetro,54,0.672,29317.0,25742.0,29502.0
2022,55002,Wisconsin Nonmetro,state_nonmetro,55,0.682,29467.0,25839.0,29655.0
2022,56001,Wyoming Metro,state_metro,56,0.782,30966.0,26804.0,31184.0
2022,56002,Wyoming Nonmetro,state_nonmetro,56,0.719,30021.0,26196.0,30221.0
2023,1002,Alabama Nonmetro,state_nonmetro,01,0.565,29946.0,26533.0,30259.0
2023,2001,Alaska Metro,state_metro,02,1.085,38277.0,31718.0,38893.0
2023,2002,Alaska Nonmetro,state_nonmetro,02,1.071,38052.0,31578.0,38661.0
2023,4001,Arizona Metro,state_metro,04,1.089,38341.0,31757.0,38960.0
2023,4002,Arizona Nonmetro,state_nonmetro,04,0.588,30314.0,26762.0,30641.0
2023,5001,Arkansas Metro,state_metro,05,0.677,31740.0,27649.0,32119.0
2023,5002,Arkansas Nonmetro,state_nonmetro,05,0.594,30410.0,26822.0,30741.0
2023,6002,California Nonmetro,state_nonmetro,06,0.959,36258.0,30461.0,36801.0
2023,8002,Colorado Nonmetro,state_nonmetro,08,0.897,35265.0,29843.0,35772.0
2023,9002,Connecticut Nonmetro,state_nonmetro,09,0.989,36739.0,30760.0,37299.0
2023,10180,"Abilene, TX MSA",metro,,0.845,34432.0,29324.0,34908.0
2023,10420,"Akron, OH MSA",metro,,0.776,33326.0,28636.0,33763.0
2023,10580,"Albany-Schenectady-Troy, NY MSA",metro,,0.998,36883.0,30850.0,37449.0
2023,10740,"Albuquerque, NM MSA",metro,,0.831,34207.0,29185.0,34676.0
2023,10900,"Allentown-Bethlehem-Easton, PA-NJ MSA",metro,,1.021,37251.0,31079.0,37831.0
2023,11100,"Amarillo, TX MSA",metro,,0.792,33583.0,28796.0,34028.0
2023,11460,"Ann Arbor, MI MSA",metro,,1.12,38838.0,32067.0,39475.0
2023,11540,"Appleton, WI MSA",metro,,0.77,33230.0,28577.0,33663.0
2023,11700,"Asheville, NC MSA",metro,,0.863,34720.0,29504.0,35207.0
2023,12001,Florida Metro,state_metro,12,0.73,32589.0,28178.0,32999.0
2023,12002,Florida Nonmetro,state_nonmetro,12,0.628,30955.0,27161.0,31305.0
2023,12020,"Athens-Clarke County, GA MSA",metro,,0.804,33775.0,28916.0,34228.0
2023,12060,"Atlanta-Sandy Springs-Roswell, GA MSA",metro,,1.108,38645.0,31947.0,39275.0
2023,12100,"Atlantic City-Hammonton, NJ MSA",metro,,1.065,37956.0,31518.0,38561.0
2023,12220,"Auburn-Opelika, AL MSA",metro,,0.75,32910.0,28377.0,33331.0
2023,12260,"Augusta-Richmond County, GA-SC MSA",metro,,0.757,33022.0,28447.0,33447.0
2023,12420,"Austin-Round Rock, TX MSA",metro,,1.284,41465.0,33702.0,42198.0
2023,12540,"Bakersfield, CA MSA",metro,,0.843,34400.0,29305.0,34875.0
2023,12580,"Baltimore-Columbia-Towson, MD MSA",metro,,1.227,40552.0,33133.0,41251.0
2023,12620,"Bangor, ME MSA",metro,,0.831,34207.0,29185.0,34676.0
2023,12700,"Barnstable Town, MA MSA",metro,,1.389,43147.0,34749.0,43941.0
2023,12940,"Baton Rouge, LA MSA",metro,,0.833,34239.0,29205.0,34709.0
2023,12980,"Battle Creek, MI MSA",metro,,0.76,33070.0,28477.0,33497.0
2023,13001,Georgia Metro,state_metro,13,0.664,31532.0,27520.0,31903.0
2023,13002,Georgia Nonmetro,state_nonmetro,13,0.616,30763.0,27041.0,31106.0
2023,13140,"Beaumont-Port Arthur, TX MSA",metro,,0.789,33535.0,28766.0,33978.0
2023,13460,"Bend-Redmond, OR MSA",metro,,1.153,39366.0,32396.0,40022.0
2023,13740,"Billings, MT MSA",metro,,0.804,33775.0,28916.0,34228.0
2023,13780,"Binghamton, NY MSA",metro,,0.733,32637.0,28208.0,33049.0
2023,13820,"Birmingham-Hoover, AL MSA",metro,,0.819,34015.0,29065.0,34477.0
2023,13980,"Blacksburg-Christiansburg-Radford, VA MSA",metro,,0.802,33743.0,28896.0,34194.0
2023,14010,"Bloomington, IL MSA",metro,,0.787,33503.0,28746.0,33945.0
2023,14020,"Bloomington, IN MSA",metro,,0.852,34544.0,29394.0,35025.0
2023,14260,"Boise City, ID MSA",metro,,0.932,35826.0,30192.0,36353.0
2023,14460,"Boston-Cambridge-Newton, MA-NH MSA",metro,,1.551,45743.0,36364.0,46631.0
2023,14500,"Boulder, CO MSA",metro,,1.47,44445.0,35556.0,45286.0
2023,14540,"Bowling Green, KY MSA",metro,,0.733,32637.0,28208.0,33049.0
2023,14860,"Bridgeport-Stamford-Norwalk, CT MSA",metro,,1.431,43820.0,35168.0,44639.0
2023,15002,Hawaii Nonmetro,state_nonmetro,15,1.148,39286.0,32346.0,39939.0
2023,15180,"Brownsville-Harlingen, TX MSA",metro,,0.65,31308.0,27380.0,31670.0
2023,15380,"Buffalo-Cheektowaga-Niagara Falls, NY MSA",metro,,0.767,33182.0,28547.0,33613.0
2023,15500,"Burlington, NC MSA",metro,,0.733,32637.0,28208.0,33049.0
2023,15540,"Burlington-South Burlington, VT MSA",metro,,1.235,40680.0,33213.0,41384.0
2023,15680,"California-Lexington Park, MD MSA",metro,,1.211,40295.0,32974.0,40986.0
2023,15940,"Canton-Massillon, OH MSA",metro,,0.674,31692.0,27619.0,32069.0
2023,15980,"Cape Coral-Fort Myers, FL MSA",metro,,1.099,38501.0,31857.0,39126.0
2023,16001,Idaho Metro,state_metro,16,0.654,31372.0,27420.0,31737.0
2023,16002,Idaho Nonmetro,state_nonmetro,16,0.687,31900.0,27749.0,32285.0
2023,16060,"Carbondale-Marion, IL MSA",metro,,0.65,31308.0,27380.0,31670.0
2023,16300,"Cedar Rapids, IA MSA",metro,,0.744,32814.0,28317.0,33231.0
2023,16540,"Chambersburg-Waynesboro, PA MSA",metro,,0.795,33631.0,28826.0,34078.0
2023,16580,"Champaign-Urbana, IL MSA",metro,,0.798,33679.0,28856.0,34128.0
2023,16620,"Charleston, WV MSA",metro,,0.723,32477.0,28108.0,32883.0
2023,16700,"Charleston-North Charleston, SC MSA",metro,,1.085,38277.0,31718.0,38893.0
2023,16740,"Charlotte-Concord-Gastonia, NC-SC MSA",metro,,0.967,36386.0,30541.0,36934.0
2023,16820,"Charlottesville, VA MSA",metro,,1.165,39558.0,32515.0,40222.0
2023,16860,"Chattanooga, TN-GA MSA",metro,,0.786,33486.0,28736.0,33929.0
2023,16980,"Chicago-Naperville-Elgin, IL-IN-WI MSA",metro,,1.045,37636.0,31319.0,38229.0
2023,17001,Illinois Metro,state_metro,17,0.737,32701.0,28248.0,33115.0
2023,17002,Illinois Nonmetro,state_nonmetro,17,0.623,30875.0,27111.0,31222.0
2023,17020,"Chico, CA MSA",metro,,1.008,37043.0,30950.0,37615.0
2023,17140,"Cincinnati, OH-KY-IN MSA",metro,,0.816,33967.0,29035.0,34427.0
2023,17300,"Clarksville, TN-KY MSA",metro,,0.793,33599.0,28806.0,34045.0
2023,17420,"Cleveland, TN MSA",metro,,0.708,32237.0,27958.0,32633.0
2023,17460,"Cleveland-Elyria, OH MSA",metro,,0.781,33406.0,28686.0,33846.0
2023,17660,"Coeur d'Alene, ID MSA",metro,,0.896,35249.0,29833.0,35755.0
2023,17780,"College Station-Bryan, TX MSA",metro,,0.813,33919.0,29005.0,34377.0
2023,17820,"Colorado Springs, CO MSA",metro,,1.095,38437.0,31817.0,39059.0
2023,17900,"Columbia, SC MSA",metro,,0.825,34111.0,29125.0,34576.0
2023,17980,"Columbus, GA-AL MSA",metro,,0.772,33262.0,28597.0,33696.0
2023,18001,Indiana Metro,state_metro,18,0.696,32045.0,27839.0,32434.0
2023,18002,Indiana Nonmetro,state_nonmetro,18,0.637,31099.0,27251.0,31455.0
2023,18140,"Columbus, OH MSA",metro,,0.939,35938.0,30262.0,36469.0
2023,18580,"Corpus Christi, TX MSA",metro,,0.955,36194.0,30421.0,36735.0
2023,19001,Iowa Metro,state_metro,19,0.764,33134.0,28517.0,33563.0
2023,19002,Iowa Nonmetro,state_nonmetro,19,0.621,30843.0,27091.0,31189.0
2023,19100,"Dallas-Fort Worth-Arlington, TX MSA",metro,,1.152,39350.0,32386.0,40006.0
2023,19300,"Daphne-Fairhope-Foley, AL MSA",metro,,0.898,35281.0,29853.0,35788.0
2023,19340,"Davenport-Moline-Rock Island, IA-IL MSA",metro,,0.722,32461.0,28098.0,32866.0
2023,19380,"Dayton, OH MSA",metro,,0.744,32814.0,28317.0,33231.0
2023,19660,"Deltona-Daytona Beach-Ormond Beach, FL MSA",metro,,0.998,36883.0,30850.0,37449.0
2023,19740,"Denver-Aurora-Lakewood, CO MSA",metro,,1.411,43500.0,34968.0,44306.0
2023,19780,"Des Moines-West Des Moines, IA MSA",metro,,0.861,34688.0,29484.0,35174.0
2023,19820,"Detroit-Warren-Dearborn, MI MSA",metro,,0.913,35521.0,30003.0,36037.0
2023,20001,Kansas Metro,state_metro,20,0.785,33470.0,28726.0,33912.0
2023,20002,Kansas Nonmetro,state_nonmetro,20,0.62,30827.0,27081.0,31172.0
2023,20100,"Dover, DE MSA",metro,,0.937,35906.0,30242.0,36436.0
2023,20500,"Durham-Chapel Hill, NC MSA",metro,,1.019,37219.0,31059.0,37797.0
2023,20700,"East Stroudsburg, PA MSA",metro,,1.033,37444.0,31199.0,38030.0
2023,21001,Kentucky Metro,state_metro,21,0.656,31404.0,27440.0,31770.0
2023,21002,Kentucky Nonmetro,state_nonmetro,21,0.597,30458.0,26852.0,30790.0
2023,21140,"Elkhart-Goshen, IN MSA",metro,,0.74,32750.0,28278.0,33165.0
2023,21340,"El Paso, TX MSA",metro,,0.737,32701.0,28248.0,33115.0
2023,21500,"Erie, PA MSA",metro,,0.715,32349.0,28028.0,32750.0
2023,21660,"Eugene, OR MSA",metro,,0.985,36675.0,30720.0,37233.0
2023,21780,"Evansville, IN-KY MSA",metro,,0.769,33214.0,28567.0,33646.0
2023,22001,Louisiana Metro,state_metro,22,0.709,32253.0,27968.0,32650.0
2023,22002,Louisiana Nonmetro,state_nonmetro,22,0.609,30651.0,26971.0,30990.0
2023,22020,"Fargo, ND-MN MSA",metro,,0.736,32685.0,28238.0,33098.0
2023,22140,"Farmington, NM MSA",metro,,0.671,31644.0,27590.0,32019.0
2023,22180,"Fayetteville, NC MSA",metro,,0.785,33470.0,28726.0,33912.0
2023,22220,"Fayetteville-Springdale-Rogers, AR-MO MSA",metro,,0.75,32910.0,28377.0,33331.0
2023,22420,"Flint, MI MSA",metro,,0.723,32477.0,28108.0,32883.0
2023,22500,"Florence, SC MSA",metro,,0.648,31276.0,27360.0,31637.0
2023,22520,"Florence-Muscle Shoals, AL MSA",metro,,0.638,31115.0,27260.0,31471.0
2023,22660,"Fort Collins, CO MSA",metro,,1.183,39847.0,32695.0,40521.0
2023,22900,"Fort Smith, AR-OK MSA",metro,,0.631,31003.0,27191.0,31355.0
2023,23002,Maine Nonmetro,state_nonmetro,23,0.71,32269.0,27978.0,32667.0
2023,23060,"Fort Wayne, IN MSA",metro,,0.74,32750.0,28278.0,33165.0
2023,23420,"Fresno, CA MSA",metro,,0.925,35713.0,30122.0,36237.0
2023,23540,"Gainesville, FL MSA",metro,,0.981,36611.0,30681.0,37167.0
2023,23580,"Gainesville, GA MSA",metro,,0.9,35313.0,29873.0,35822.0
2023,24002,Maryland Nonmetro,state_nonmetro,24,0.813,33919.0,29005.0,34377.0
2023,24020,"Glens Falls, NY MSA",metro,,0.825,34111.0,29125.0,34576.0
2023,24140,"Goldsboro, NC MSA",metro,,0.706,32205.0,27939.0,32600.0
2023,24340,"Grand Rapids-Wyoming, MI MSA",metro,,0.877,34944.0,29644.0,35440.0
2023,24540,"Greeley, CO MSA",metro,,0.982,36627.0,30691.0,37183.0
2023,24580,"Green Bay, WI MSA",metro,,0.77,33230.0,28577.0,33663.0
2023,24660,"Greensboro-High Point, NC MSA",metro,,0.758,33038.0,28457.0,33464.0
2023,24780,"Greenville, NC MSA",metro,,0.71,32269.0,27978.0,32667.0
2023,24860,"Greenville-Anderson-Mauldin, SC MSA",metro,,0.795,33631.0,28826.0,34078.0
2023,25001,Massachusetts Metro,state_metro,25,0.859,34656.0,29464.0,35141.0
2023,25002,Massachusetts Nonmetro,state_nonmetro,25,1.043,37604.0,31299.0,38196.0
2023,25180,"Hagerstown-Martinsburg, MD-WV MSA",metro,,0.858,34640.0,29454.0,35124.0
2023,25260,"Hanford-Corcoran, CA MSA",metro,,0.845,34432.0,29324.0,34908.0
2023,25420,"Harrisburg-Carlisle, PA MSA",metro,,0.906,35409.0,29933.0,35921.0
2023,25540,"Hartford-West Hartford-East Hartford, CT MSA",metro,,1.116,38773.0,32027.0,39408.0
2023,25860,"Hickory-Lenoir-Morganton, NC MSA",metro,,0.615,30747.0,27031.0,31089.0
2023,25940,"Hilton Head Island-Bluffton-Beaufort, SC MSA",metro,,1.061,37892.0,31478.0,38495.0
2023,26001,Michigan Metro,state_metro,26,0.722,32461.0,28098.0,32866.0
2023,26002,Michigan Nonmetro,state_nonmetro,26,0.727,32541.0,28148.0,32949.0
2023,26420,"Houston-The Woodlands-Sugar Land, TX MSA",metro,,1.031,37412.0,31179.0,37997.0
2023,26580,"Huntington-Ashland, WV-KY-OH MSA",metro,,0.714,32333.0,28018.0,32733.0
2023,26620,"Huntsville, AL MSA",metro,,0.778,33358.0,28656.0,33796.0
2023,26820,"Idaho Falls, ID MSA",metro,,0.719,32413.0,28068.0,32816.0
2023,26900,"Indianapolis-Carmel-Anderson, IN MSA",metro,,0.852,34544.0,29394.0,35025.0
2023,26980,"Iowa City, IA MSA",metro,,0.84,34352.0,29275.0,34825.0
2023,27001,Minnesota Metro,state_metro,27,0.791,33567.0,28786.0,34012.0
2023,27002,Minnesota Nonmetro,state_nonmetro,27,0.724,32493.0,28118.0,32899.0
2023,27100,"Jackson, MI MSA",metro,,0.726,32525.0,28138.0,32932.0
2023,27140,"Jackson, MS MSA",metro,,0.814,33935.0,29015.0,34394.0
2023,27260,"Jacksonville, FL MSA",metro,,1.019,37219.0,31059.0,37797.0
2023,27340,"Jacksonville, NC MSA",metro,,0.762,33102.0,28497.0,33530.0
2023,27500,"Janesville-Beloit, WI MSA",metro,,0.785,33470.0,28726.0,33912.0
2023,27740,"Johnson City, TN MSA",metro,,0.67,31628.0,27580.0,32003.0
2023,27780,"Johnstown, PA MSA",metro,,0.577,30138.0,26652.0,30458.0
2023,27980,"Kahului-Wailuku-Lahaina, HI MSA",metro,,1.465,44365.0,35507.0,45203.0
2023,28001,Mississippi Metro,state_metro,28,0.745,32830.0,28327.0,33248.0
2023,28002,Mississippi Nonmetro,state_nonmetro,28,0.601,30523.0,26892.0,30857.0
2023,28020,"Kalamazoo-Portage, MI MSA",metro,,0.801,33727.0,28886.0,34178.0
2023,28140,"Kansas City, MO-KS MSA",metro,,0.902,35345.0,29893.0,35855.0
2023,28420,"Kennewick-Richland, WA MSA",metro,,0.92,35633.0,30072.0,36154.0
2023,28660,"Killeen-Temple, TX MSA",metro,,0.77,33230.0,28577.0,33663.0
2023,28700,"Kingsport-Bristol-Bristol, TN-VA MSA",metro,,0.618,30795.0,27061.0,31139.0
2023,28940,"Knoxville, TN MSA",metro,,0.789,33535.0,28766.0,33978.0
2023,29001,Missouri Metro,state_metro,29,0.612,30699.0,27001.0,31039.0
2023,29002,Missouri Nonmetro,state_nonmetro,29,0.627,30939.0,27151.0,31289.0
2023,29180,"Lafayette, LA MSA",metro,,0.718,32397.0,28058.0,32800.0
2023,29200,"Lafayette-West Lafayette, IN MSA",metro,,0.834,34255.0,29215.0,34726.0
2023,29340,"Lake Charles, LA MSA",metro,,0.817,33983.0,29045.0,34443.0
2023,29460,"Lakeland-Winter Haven, FL MSA",metro,,0.886,35089.0,29733.0,35589.0
2023,29540,"Lancaster, PA MSA",metro,,0.978,36563.0,30651.0,37117.0
2023,29620,"Lansing-East Lansing, MI MSA",metro,,0.844,34416.0,29315.0,34892.0
2023,29700,"Laredo, TX MSA",metro,,0.755,32990.0,28427.0,33414.0
2023,29740,"Las Cruces, NM MSA",metro,,0.639,31131.0,27270.0,31488.0
2023,29820,"Las Vegas-Henderson-Paradise, NV MSA",metro,,1.053,37764.0,31398.0,38362.0
2023,30001,Montana Metro,state_metro,30,0.809,33855.0,28966.0,34311.0
2023,30002,Montana Nonmetro,state_nonmetro,30,0.806,33807.0,28936.0,34261.0
2023,30340,"Lewiston-Auburn, ME MSA",metro,,0.763,33118.0,28507.0,33547.0
2023,30460,"Lexington-Fayette, KY MSA",metro,,0.812,33903.0,28995.0,34360.0
2023,30780,"Little Rock-North Little Rock-Conway, AR MSA",metro,,0.743,32798.0,28307.0,33215.0
2023,30980,"Longview, TX MSA",metro,,0.774,33294.0,28617.0,33729.0
2023,31001,Nebraska Metro,state_metro,31,0.79,33551.0,28776.0,33995.0
2023,31002,Nebraska Nonmetro,state_nonmetro,31,0.67,31628.0,27580.0,32003.0
2023,31080,"Los Angeles-Long Beach-Anaheim, CA MSA",metro,,1.612,46720.0,36972.0,47644.0
2023,31140,"Louisville/Jefferson County, KY-IN MSA",metro,,0.821,34047.0,29085.0,34510.0
2023,31180,"Lubbock, TX MSA",metro,,0.825,34111.0,29125.0,34576.0
2023,31420,"Macon, GA MSA",metro,,0.766,33166.0,28537.0,33597.0
2023,31540,"Madison, WI MSA",metro,,1.01,37075.0,30970.0,37648.0
2023,31700,"Manchester-Nashua, NH MSA",metro,,1.214,40344.0,33004.0,41035.0
2023,32001,Nevada Metro,state_metro,32,1.112,38709.0,31987.0,39342.0
2023,32002,Nevada Nonmetro,state_nonmetro,32,0.86,34672.0,29474.0,35157.0
2023,32580,"McAllen-Edinburg-Mission, TX MSA",metro,,0.694,32013.0,27819.0,32401.0
2023,32780,"Medford, OR MSA",metro,,0.931,35810.0,30182.0,36336.0
2023,32820,"Memphis, TN-MS-AR MSA",metro,,0.823,34079.0,29105.0,34543.0
2023,33002,New Hampshire Nonmetro,state_nonmetro,33,0.986,36691.0,30730.0,37250.0
2023,33100,"Miami-Fort Lauderdale-West Palm Beach, FL MSA",metro,,1.329,42186.0,34150.0,42945.0
2023,33340,"Milwaukee-Waukesha-West Allis, WI MSA",metro,,0.855,34592.0,29424.0,35074.0
2023,33460,"Minneapolis-St. Paul-Bloomington, MN-WI MSA",metro,,1.132,39030.0,32186.0,39674.0
2023,33660,"Mobile, AL MSA",metro,,0.751,32926.0,28387.0,33347.0
2023,33700,"Modesto, CA MSA",metro,,1.049,37700.0,31359.0,38296.0
2023,33740,"Monroe, LA MSA",metro,,0.692,31980.0,27799.0,32368.0
2023,33780,"Monroe, MI MSA",metro,,0.844,34416.0,29315.0,34892.0
2023,33860,"Montgomery, AL MSA",metro,,0.771,33246.0,28587.0,33680.0
2023,34001,New Jersey Metro,state_metro,34,1.119,38822.0,32057.0,39458.0
2023,34060,"Morgantown, WV MSA",metro,,0.775,33310.0,28627.0,33746.0
2023,34580,"Mount Vernon-Anacortes, WA MSA",metro,,1.034,37460.0,31209.0,38047.0
2023,34740,"Muskegon, MI MSA",metro,,0.77,33230.0,28577.0,33663.0
2023,34820,"Myrtle Beach-Conway-North Myrtle Beach, SC-NC MSA",metro,,0.859,34656.0,29464.0,35141.0
2023,34940,"Naples-Immokalee-Marco Island, FL MSA",metro,,1.207,40231.0,32934.0,40919.0
2023,34980,"Nashville-Davidson--Murfreesboro--Franklin, TN MSA",metro,,1.063,37924.0,31498.0,38528.0
2023,35002,New Mexico Nonmetro,state_nonmetro,35,0.659,31452.0,27470.0,31820.0
2023,35300,"New Haven-Milford, CT MSA",metro,,1.1,38517.0,31867.0,39142.0
2023,35380,"New Orleans-Metairie, LA MSA",metro,,0.918,35601.0,30052.0,36120.0
2023,35620,"New York-Newark-Jersey City, NY-NJ-PA MSA",metro,,1.39,43163.0,34759.0,43958.0
2023,35660,"Niles-Benton Harbor, MI MSA",metro,,0.737,32701.0,28248.0,33115.0
2023,35840,"North Port-Sarasota-Bradenton, FL MSA",metro,,1.165,39558.0,32515.0,40222.0
2023,35980,"Norwich-New London, CT MSA",metro,,1.048,37684.0,31349.0,38279.0
2023,36002,New York Nonmetro,state_nonmetro,36,0.701,32125.0,27889.0,32517.0
2023,36100,"Ocala, FL MSA",metro,,0.838,34320.0,29255.0,34792.0
2023,36220,"Odessa, TX MSA",metro,,1.015,37155.0,31020.0,37731.0
2023,36260,"Ogden-Clearfield, UT MSA",metro,,0.921,35649.0,30082.0,36170.0
2023,36420,"Oklahoma City, OK MSA",metro,,0.798,33679.0,28856.0,34128.0
2023,36540,"Omaha-Council Bluffs, NE-IA MSA",metro,,0.88,34992.0,29673.0,35489.0
2023,36740,"Orlando-Kissimmee-Sanford, FL MSA",metro,,1.193,40007.0,32794.0,40687.0
2023,36780,"Oshkosh-Neenah, WI MSA",metro,,0.721,32445.0,28088.0,32849.0
2023,37001,North Carolina Metro,state_metro,37,0.781,33406.0,28686.0,33846.0
2023,37002,North Carolina Nonmetro,state_nonmetro,37,0.624,30891.0,27121.0,31239.0
2023,37100,"Oxnard-Thousand Oaks-Ventura, CA MSA",metro,,1.648,47297.0,37331.0,48242.0
2023,37340,"Palm Bay-Melbourne-Titusville, FL MSA",metro,,0.996,36851.0,30830.0,37416.0
2023,37460,"Panama City, FL MSA",metro,,1.028,37364.0,31149.0,37947.0
2023,37860,"Pensacola-Ferry Pass-Brent, FL MSA",metro,,0.884,35057.0,29713.0,35556.0
2023,37900,"Peoria, IL MSA",metro,,0.738,32717.0,28258.0,33132.0
2023,37980,"Philadelphia-Camden-Wilmington, PA-NJ-DE-MD MSA",metro,,1.135,39078.0,32216.0,39724.0
2023,38001,North Dakota Metro,state_metro,38,0.733,32637.0,28208.0,33049.0
2023,38002,North Dakota Nonmetro,state_nonmetro,38,0.719,32413.0,28068.0,32816.0
2023,38060,"Phoenix-Mesa-Scottsdale, AZ MSA",metro,,1.119,38822.0,32057.0,39458.0
2023,38220,"Pine Bluff, AR MSA",metro,,0.619,30811.0,27071.0,31156.0
2023,38300,"Pittsburgh, PA MSA",metro,,0.8,33711.0,28876.0,34161.0
2023,38860,"Portland-South Portland, ME MSA",metro,,1.109,38661.0,31957.0,39292.0
2023,38900,"Portland-Vancouver-Hillsboro, OR-WA MSA",metro,,1.25,40920.0,33363.0,41633.0
2023,38940,"Port St. Lucie, FL MSA",metro,,1.031,37412.0,31179.0,37997.0
2023,39001,Ohio Metro,state_metro,39,0.652,31340.0,27400.0,31704.0
2023,39002,Ohio Nonmetro,state_nonmetro,39,0.625,30907.0,27131.0,31255.0
2023,39140,"Prescott, AZ MSA",metro,,0.908,35441.0,29953.0,35954.0
2023,39300,"Providence-Warwick, RI-MA MSA",metro,,0.977,36547.0,30641.0,37100.0
2023,39340,"Provo-Orem, UT MSA",metro,,0.888,35121.0,29753.0,35622.0
2023,39540,"Racine, WI MSA",metro,,0.785,33470.0,28726.0,33912.0
2023,39580,"Raleigh, NC MSA",metro,,1.062,37908.0,31488.0,38511.0
2023,39740,"Reading, PA MSA",metro,,0.899,35297.0,29863.0,35805.0
2023,39820,"Redding, CA MSA",metro,,0.931,35810.0,30182.0,36336.0
2023,40001,Oklahoma Metro,state_metro,40,0.53,29385.0,26184.0,29678.0
2023,40002,Oklahoma Nonmetro,state_nonmetro,40,0.65,31308.0,27380.0,31670.0
2023,40060,"Richmond, VA MSA",metro,,1.022,37267.0,31089.0,37847.0
2023,40140,"Riverside-San Bernardino-Ontario, CA MSA",metro,,1.226,40536.0,33123.0,41235.0
2023,40220,"Roanoke, VA MSA",metro,,0.746,32846.0,28337.0,33264.0
2023,40380,"Rochester, NY MSA",metro,,0.884,35057.0,29713.0,35556.0
2023,40420,"Rockford, IL MSA",metro,,0.755,32990.0,28427.0,33414.0
2023,40900,"Sacramento--Roseville--Arden-Arcade, CA MSA",metro,,1.278,41369.0,33642.0,42098.0
2023,40980,"Saginaw, MI MSA",metro,,0.698,32077.0,27859.0,32467.0
2023,41001,Oregon Metro,state_metro,41,0.979,36579.0,30661.0,37133.0
2023,41002,Oregon Nonmetro,state_nonmetro,41,0.792,33583.0,28796.0,34028.0
2023,41100,"St. George, UT MSA",metro,,0.955,36194.0,30421.0,36735.0
2023,41180,"St. Louis, MO-IL MSA",metro,,0.833,34239.0,29205.0,34709.0
2023,41420,"Salem, OR MSA",metro,,0.974,36498.0,30611.0,37050.0
2023,41500,"Salinas, CA MSA",metro,,1.49,44765.0,35756.0,45618.0
2023,41540,"Salisbury, MD-DE MSA",metro,,0.877,34944.0,29644.0,35440.0
2023,41620,"Salt Lake City, UT MSA",metro,,1.093,38405.0,31797.0,39026.0
2023,41700,"San Antonio-New Braunfels, TX MSA",metro,,0.998,36883.0,30850.0,37449.0
2023,41740,"San Diego-Carlsbad, CA MSA",metro,,1.635,47088.0,37202.0,48026.0
2023,41860,"San Francisco-Oakland-Hayward, CA MSA",metro,,1.976,52552.0,40602.0,53688.0
2023,41940,"San Jose-Sunnyvale-Santa Clara, CA MSA",metro,,2.216,56397.0,42995.0,57673.0
2023,42001,Pennsylvania Metro,state_metro,42,0.79,33551.0,28776.0,33995.0
2023,42002,Pennsylvania Nonmetro,state_nonmetro,42,0.61,30667.0,26981.0,31006.0
2023,42020,"San Luis Obispo-Paso Robles-Arroyo Grande, CA MSA",metro,,1.478,44573.0,35636.0,45419.0
2023,42100,"Santa Cruz-Watsonville, CA MSA",metro,,1.794,49636.0,38787.0,50666.0
2023,42140,"Santa Fe, NM MSA",metro,,1.038,37524.0,31249.0,38113.0
2023,42200,"Santa Maria-Santa Barbara, CA MSA",metro,,1.585,46287.0,36703.0,47196.0
2023,42220,"Santa Rosa, CA MSA",metro,,1.653,47377.0,37381.0,48325.0
2023,42340,"Savannah, GA MSA",metro,,0.959,36258.0,30461.0,36801.0
2023,42540,"Scranton--Wilkes-Barre--Hazleton, PA MSA",metro,,0.718,32397.0,28058.0,32800.0
2023,42660,"Seattle-Tacoma-Bellevue, WA MSA",metro,,1.494,44829.0,35796.0,45685.0
2023,43300,"Sherman-Denison, TX MSA",metro,,0.872,34864.0,29594.0,35357.0
2023,43340,"Shreveport-Bossier City, LA MSA",metro,,0.72,32429.0,28078.0,32833.0
2023,43620,"Sioux Falls, SD MSA",metro,,0.765,33150.0,28527.0,33580.0
2023,43780,"South Bend-Mishawaka, IN-MI MSA",metro,,0.793,33599.0,28806.0,34045.0
2023,43900,"Spartanburg, SC MSA",metro,,0.742,32782.0,28297.0,33198.0
2023,44060,"Spokane-Spokane Valley, WA MSA",metro,,0.889,35137.0,29763.0,35639.0
2023,44100,"Springfield, IL MSA",metro,,0.734,32653.0,28218.0,33065.0
2023,44140,"Springfield, MA MSA",metro,,0.949,36098.0,30361.0,36635.0
2023,44180,"Springfield, MO MSA",metro,,0.684,31852.0,27719.0,32235.0
2023,44700,"Stockton-Lodi, CA MSA",metro,,1.107,38629.0,31937.0,39259.0
2023,45002,South Carolina Nonmetro,state_nonmetro,45,0.628,30955.0,27161.0,31305.0
2023,45060,"Syracuse, NY MSA",metro,,0.817,33983.0,29045.0,34443.0
2023,45220,"Tallahassee, FL MSA",metro,,0.903,35361.0,29903.0,35871.0
2023,45300,"Tampa-St. Petersburg-Clearwater, FL MSA",metro,,1.093,38405.0,31797.0,39026.0
2023,45460,"Terre Haute, IN MSA",metro,,0.703,32157.0,27909.0,32550.0
2023,45780,"Toledo, OH MSA",metro,,0.727,32541.0,28148.0,32949.0
2023,45820,"Topeka, KS MSA",metro,,0.767,33182.0,28547.0,33613.0
2023,45940,"Trenton, NJ MSA",metro,,1.241,40776.0,33273.0,41484.0
2023,46001,South Dakota Metro,state_metro,46,0.819,34015.0,29065.0,34477.0
2023,46002,South Dakota Nonmetro,state_nonmetro,46,0.656,31404.0,27440.0,31770.0
2023,46060,"Tucson, AZ MSA",metro,,0.883,35041.0,29703.0,35539.0
2023,46140,"Tulsa, OK MSA",metro,,0.782,33422.0,28696.0,33862.0
2023,46340,"Tyler, TX MSA",metro,,0.867,34784.0,29544.0,35274.0
2023,46520,"Urban Honolulu, HI MSA",metro,,1.585,46287.0,36703.0,47196.0
2023,46540,"Utica-Rome, NY MSA",metro,,0.719,32413.0,28068.0,32816.0
2023,46700,"Vallejo-Fairfield, CA MSA",metro,,1.52,45246.0,36055.0,46116.0
2023,47002,Tennessee Nonmetro,state_nonmetro,47,0.624,30891.0,27121.0,31239.0
2023,47220,"Vineland-Bridgeton, NJ MSA",metro,,0.976,36530.0,30631.0,37083.0
2023,47260,"Virginia Beach-Norfolk-Newport News, VA-NC MSA",metro,,1.009,37059.0,30960.0,37631.0
2023,47300,"Visalia-Porterville, CA MSA",metro,,0.83,34191.0,29175.0,34659.0
2023,47380,"Waco, TX MSA",metro,,0.843,34400.0,29305.0,34875.0
2023,47580,"Warner Robins, GA MSA",metro,,0.744,32814.0,28317.0,33231.0
2023,47900,"Washington-Arlington-Alexandria, DC-VA-MD-WV MSA",metro,,1.526,45342.0,36115.0,46216.0
2023,47940,"Waterloo-Cedar Falls, IA MSA",metro,,0.737,32701.0,28248.0,33115.0
2023,48001,Texas Metro,state_metro,48,0.844,34416.0,29315.0,34892.0
2023,48002,Texas Nonmetro,state_nonmetro,48,0.767,33182.0,28547.0,33613.0
2023,48060,"Watertown-Fort Drum, NY MSA",metro,,0.904,35377.0,29913.0,35888.0
2023,48140,"Wausau, WI MSA",metro,,0.727,32541.0,28148.0,32949.0
2023,48620,"Wichita, KS MSA",metro,,0.749,32894.0,28367.0,33314.0
2023,48660,"Wichita Falls, TX MSA",metro,,0.722,32461.0,28098.0,32866.0
2023,48700,"Williamsport, PA MSA",metro,,0.711,32285.0,27988.0,32683.0
2023,49001,Utah Metro,state_metro,49,0.723,32477.0,28108.0,32883.0
2023,49002,Utah Nonmetro,state_nonmetro,49,0.661,31484.0,27490.0,31853.0
2023,49020,"Winchester, VA-WV MSA",metro,,0.994,36819.0,30810.0,37382.0
2023,49180,"Winston-Salem, NC MSA",metro,,0.699,32093.0,27869.0,32484.0
2023,49340,"Worcester, MA-CT MSA",metro,,1.034,37460.0,31209.0,38047.0
2023,49620,"York-Hanover, PA MSA",metro,,0.867,34784.0,29544.0,35274.0
2023,49660,"Youngstown-Warren-Boardman, OH-PA MSA",metro,,0.601,30523.0,26892.0,30857.0
2023,49740,"Yuma, AZ MSA",metro,,0.746,32846.0,28337.0,33264.0
2023,50002,Vermont Nonmetro,state_nonmetro,50,0.87,34832.0,29574.0,35323.0
2023,51001,Virginia Metro,state_metro,51,0.771,33246.0,28587.0,33680.0
2023,51002,Virginia Nonmetro,state_nonmetro,51,0.628,30955.0,27161.0,31305.0
2023,53001,Washington Metro,state_metro,53,0.856,34608.0,29434.0,35091.0
2023,53002,Washington Nonmetro,state_nonmetro,53,0.718,32397.0,28058.0,32800.0
2023,54001,West Virginia Metro,state_metro,54,0.62,30827.0,27081.0,31172.0
2023,54002,West Virginia Nonmetro,state_nonmetro,54,0.656,31404.0,27440.0,31770.0
2023,55002,Wisconsin Nonmetro,state_nonmetro,55,0.677,31740.0,27649.0,32119.0
2023,56001,Wyoming Metro,state_metro,56,0.765,33150.0,28527.0,33580.0
2023,56002,Wyoming Nonmetro,state_nonmetro,56,0.692,31980.0,27799.0,32368.0
2024,1002,Alabama Nonmetro,state_nonmetro,01,0.553,31489.0,27881.0,31622.0
2024,2001,Alaska Metro,state_metro,02,1.067,40204.0,33291.0,40600.0
2024,2002,Alaska Nonmetro,state_nonmetro,02,1.043,39797.0,33039.0,40181.0
2024,4001,Arizona Metro,state_metro,04,1.108,40899.0,33723.0,41316.0
2024,4002,Arizona Nonmetro,state_nonmetro,04,0.613,32506.0,28513.0,32670.0
2024,5001,Arkansas Metro,state_metro,05,0.673,33524.0,29144.0,33718.0
2024,5002,Arkansas Nonmetro,state_nonmetro,05,0.597,32235.0,28344.0,32391.0
2024,6002,California Nonmetro,state_nonmetro,06,0.964,38458.0,32207.0,38801.0
2024,8002,Colorado Nonmetro,state_nonmetro,08,0.944,38118.0,31997.0,38452.0
2024,9002,Connecticut Nonmetro,state_nonmetro,09,0.976,38661.0,32333.0,39011.0
2024,10180,"Abilene, TX MSA",metro,,0.827,36135.0,30765.0,36408.0
2024,10420,"Akron, OH MSA",metro,,0.771,35185.0,30176.0,35430.0
2024,10580,"Albany-Schenectady-Troy, NY MSA",metro,,0.985,38814.0,32428.0,39168.0
2024,10740,"Albuquerque, NM MSA",metro,,0.831,36203.0,30807.0,36478.0
2024,10900,"Allentown-Bethlehem-Easton, PA-NJ MSA",metro,,1.025,39492.0,32849.0,39867.0
2024,11100,"Amarillo, TX MSA",metro,,0.785,35423.0,30323.0,35674.0
2024,11460,"Ann Arbor, MI MSA",metro,,1.116,41035.0,33807.0,41456.0
2024,11540,"Appleton, WI MSA",metro,,0.763,35050.0,30092.0,35290.0
2024,11700,"Asheville, NC MSA",metro,,0.881,37050.0,31333.0,37351.0
2024,12001,Florida Metro,state_metro,12,0.729,34473.0,29734.0,34696.0
2024,12002,Florida Nonmetro,state_nonmetro,12,0.605,32371.0,28429.0,32530.0
2024,12020,"Athens-Clarke County, GA MSA",metro,,0.855,36609.0,31060.0,36897.0
2024,12060,"Atlanta-Sandy Springs-Roswell, GA MSA",metro,,1.144,41510.0,34102.0,41945.0
2024,12100,"Atlantic City-Hammonton, NJ MSA",metro,,1.045,39831.0,33060.0,40216.0
2024,12220,"Auburn-Opelika, AL MSA",metro,,0.735,34575.0,29797.0,34801.0
2024,12260,"Augusta-Richmond County, GA-SC MSA",metro,,0.762,35033.0,30081.0,35273.0
2024,12420,"Austin-Round Rock, TX MSA",metro,,1.288,43951.0,35617.0,44461.0
2024,12540,"Bakersfield, CA MSA",metro,,0.845,36440.0,30955.0,36723.0
2024,12580,"Baltimore-Columbia-Towson, MD MSA",metro,,1.214,42696.0,34838.0,43168.0
2024,12620,"Bangor, ME MSA",metro,,0.817,35965.0,30660.0,36233.0
2024,12700,"Barnstable Town, MA MSA",metro,,1.295,44070.0,35691.0,44583.0
2024,12940,"Baton Rouge, LA MSA",metro,,0.818,35982.0,30670.0,36251.0
2024,12980,"Battle Creek, MI MSA",metro,,0.751,34846.0,29965.0,35081.0
2024,13001,Georgia Metro,state_metro,13,0.652,33167.0,28923.0,33351.0
2024,13002,Georgia Nonmetro,state_nonmetro,13,0.621,32642.0,28597.0,32810.0
2024,13140,"Beaumont-Port Arthur, TX MSA",metro,,0.78,35338.0,30270.0,35587.0
2024,13460,"Bend-Redmond, OR MSA",metro,,1.152,41645.0,34186.0,42085.0
2024,13740,"Billings, MT MSA",metro,,0.792,35541.0,30397.0,35797.0
2024,13780,"Binghamton, NY MSA",metro,,0.715,34236.0,29586.0,34452.0
2024,13820,"Birmingham-Hoover, AL MSA",metro,,0.804,35745.0,30523.0,36006.0
2024,13980,"Blacksburg-Christiansburg-Radford, VA MSA",metro,,0.814,35914.0,30628.0,36181.0
2024,14010,"Bloomington, IL MSA",metro,,0.763,35050.0,30092.0,35290.0
2024,14020,"Bloomington, IN MSA",metro,,0.836,36287.0,30860.0,36565.0
2024,14260,"Boise City, ID MSA",metro,,0.98,38729.0,32375.0,39081.0
2024,14460,"Boston-Cambridge-Newton, MA-NH MSA",metro,,1.553,48444.0,38406.0,49090.0
2024,14500,"Boulder, CO MSA",metro,,1.43,46359.0,37112.0,46941.0
2024,14540,"Bowling Green, KY MSA",metro,,0.718,34287.0,29618.0,34504.0
2024,14860,"Bridgeport-Stamford-Norwalk, CT MSA",metro,,1.42,46189.0,37007.0,46766.0
2024,15002,Hawaii Nonmetro,state_nonmetro,15,1.139,41425.0,34049.0,41858.0
2024,15180,"Brownsville-Harlingen, TX MSA",metro,,0.643,33015.0,28828.0,33194.0
2024,15380,"Buffalo-Cheektowaga-Niagara Falls, NY MSA",metro,,0.759,34982.0,30049.0,35220.0
2024,15500,"Burlington, NC MSA",metro,,0.724,34388.0,29681.0,34609.0
2024,15540,"Burlington-South Burlington, VT MSA",metro,,1.217,42747.0,34870.0,43220.0
2024,15680,"California-Lexington Park, MD MSA",metro,,1.193,42340.0,34617.0,42801.0
2024,15940,"Canton-Massillon, OH MSA",metro,,0.662,33337.0,29028.0,33526.0
2024,15980,"Cape Coral-Fort Myers, FL MSA",metro,,1.126,41204.0,33912.0,41631.0
2024,16001,Idaho Metro,state_metro,16,0.668,33439.0,29092.0,33631.0
2024,16002,Idaho Nonmetro,state_nonmetro,16,0.681,33659.0,29228.0,33858.0
2024,16060,"Carbondale-Marion, IL MSA",metro,,0.617,32574.0,28555.0,32740.0
2024,16300,"Cedar Rapids, IA MSA",metro,,0.742,34693.0,29870.0,34923.0
2024,16540,"Chambersburg-Waynesboro, PA MSA",metro,,0.795,35592.0,30428.0,35849.0
2024,16580,"Champaign-Urbana, IL MSA",metro,,0.78,35338.0,30270.0,35587.0
2024,16620,"Charleston, WV MSA",metro,,0.692,33846.0,29344.0,34050.0
2024,16700,"Charleston-North Charleston, SC MSA",metro,,1.099,40747.0,33628.0,41159.0
2024,16740,"Charlotte-Concord-Gastonia, NC-SC MSA",metro,,0.989,38881.0,32470.0,39238.0
2024,16820,"Charlottesville, VA MSA",metro,,1.176,42052.0,34438.0,42504.0
2024,16860,"Chattanooga, TN-GA MSA",metro,,0.8,35677.0,30481.0,35937.0
2024,16980,"Chicago-Naperville-Elgin, IL-IN-WI MSA",metro,,1.038,39712.0,32986.0,40094.0
2024,17001,Illinois Metro,state_metro,17,0.706,34083.0,29492.0,34295.0
2024,17002,Illinois Nonmetro,state_nonmetro,17,0.631,32811.0,28702.0,32984.0
2024,17020,"Chico, CA MSA",metro,,1.005,39153.0,32639.0,39517.0
2024,17140,"Cincinnati, OH-KY-IN MSA",metro,,0.808,35813.0,30565.0,36076.0
2024,17300,"Clarksville, TN-KY MSA",metro,,0.831,36203.0,30807.0,36478.0
2024,17420,"Cleveland, TN MSA",metro,,0.701,33998.0,29439.0,34207.0
2024,17460,"Cleveland-Elyria, OH MSA",metro,,0.776,35270.0,30228.0,35517.0
2024,17660,"Coeur d'Alene, ID MSA",metro,,0.904,37440.0,31576.0,37753.0
2024,17780,"College Station-Bryan, TX MSA",metro,,0.798,35643.0,30460.0,35902.0
2024,17820,"Colorado Springs, CO MSA",metro,,1.127,41221.0,33923.0,41648.0
2024,17900,"Columbia, SC MSA",metro,,0.816,35948.0,30649.0,36216.0
2024,17980,"Columbus, GA-AL MSA",metro,,0.746,34761.0,29913.0,34993.0
2024,18001,Indiana Metro,state_metro,18,0.692,33846.0,29344.0,34050.0
2024,18002,Indiana Nonmetro,state_nonmetro,18,0.619,32608.0,28576.0,32775.0
2024,18140,"Columbus, OH MSA",metro,,0.94,38051.0,31954.0,38382.0
2024,18580,"Corpus Christi, TX MSA",metro,,0.939,38034.0,31944.0,38364.0
2024,19001,Iowa Metro,state_metro,19,0.744,34727.0,29892.0,34958.0
2024,19002,Iowa Nonmetro,state_nonmetro,19,0.599,32269.0,28365.0,32426.0
2024,19100,"Dallas-Fort Worth-Arlington, TX MSA",metro,,1.162,41815.0,34291.0,42260.0
2024,19300,"Daphne-Fairhope-Foley, AL MSA",metro,,0.882,37067.0,31344.0,37369.0
2024,19340,"Davenport-Moline-Rock Island, IA-IL MSA",metro,,0.7,33981.0,29428.0,34190.0
2024,19380,"Dayton, OH MSA",metro,,0.732,34524.0,29765.0,34749.0
2024,19660,"Deltona-Daytona Beach-Ormond Beach, FL MSA",metro,,1.008,39204.0,32670.0,39570.0
2024,19740,"Denver-Aurora-Lakewood, CO MSA",metro,,1.417,46138.0,36975.0,46714.0
2024,19780,"Des Moines-West Des Moines, IA MSA",metro,,0.85,36525.0,31007.0,36810.0
2024,19820,"Detroit-Warren-Dearborn, MI MSA",metro,,0.904,37440.0,31576.0,37753.0
2024,20001,Kansas Metro,state_metro,20,0.774,35236.0,30207.0,35482.0
2024,20002,Kansas Nonmetro,state_nonmetro,20,0.589,32099.0,28260.0,32251.0
2024,20100,"Dover, DE MSA",metro,,0.917,37661.0,31712.0,37980.0
2024,20500,"Durham-Chapel Hill, NC MSA",metro,,1.025,39492.0,32849.0,39867.0
2024,20700,"East Stroudsburg, PA MSA",metro,,1.016,39339.0,32754.0,39709.0
2024,21001,Kentucky Metro,state_metro,21,0.656,33235.0,28965.0,33421.0
2024,21002,Kentucky Nonmetro,state_nonmetro,21,0.583,31998.0,28197.0,32146.0
2024,21140,"Elkhart-Goshen, IN MSA",metro,,0.752,34863.0,29976.0,35098.0
2024,21340,"El Paso, TX MSA",metro,,0.741,34677.0,29860.0,34906.0
2024,21500,"Erie, PA MSA",metro,,0.683,33693.0,29249.0,33893.0
2024,21660,"Eugene, OR MSA",metro,,0.982,38763.0,32397.0,39116.0
2024,21780,"Evansville, IN-KY MSA",metro,,0.756,34931.0,30018.0,35168.0
2024,22001,Louisiana Metro,state_metro,22,0.696,33914.0,29386.0,34120.0
2024,22002,Louisiana Nonmetro,state_nonmetro,22,0.595,32201.0,28323.0,32356.0
2024,22020,"Fargo, ND-MN MSA",metro,,0.716,34253.0,29597.0,34469.0
2024,22140,"Farmington, NM MSA",metro,,0.663,33354.0,29039.0,33543.0
2024,22180,"Fayetteville, NC MSA",metro,,0.795,35592.0,30428.0,35849.0
2024,22220,"Fayetteville-Springdale-Rogers, AR-MO MSA",metro,,0.762,35033.0,30081.0,35273.0
2024,22420,"Flint, MI MSA",metro,,0.722,34354.0,29660.0,34574.0
2024,22500,"Florence, SC MSA",metro,,0.633,32845.0,28723.0,33019.0
2024,22520,"Florence-Muscle Shoals, AL MSA",metro,,0.63,32794.0,28692.0,32967.0
2024,22660,"Fort Collins, CO MSA",metro,,1.185,42205.0,34533.0,42661.0
2024,22900,"Fort Smith, AR-OK MSA",metro,,0.621,32642.0,28597.0,32810.0
2024,23002,Maine Nonmetro,state_nonmetro,23,0.7,33981.0,29428.0,34190.0
2024,23060,"Fort Wayne, IN MSA",metro,,0.731,34507.0,29755.0,34731.0
2024,23420,"Fresno, CA MSA",metro,,0.94,38051.0,31954.0,38382.0
2024,23540,"Gainesville, FL MSA",metro,,0.985,38814.0,32428.0,39168.0
2024,23580,"Gainesville, GA MSA",metro,,0.895,37288.0,31481.0,37596.0
2024,24002,Maryland Nonmetro,state_nonmetro,24,0.783,35389.0,30302.0,35640.0
2024,24020,"Glens Falls, NY MSA",metro,,0.808,35813.0,30565.0,36076.0
2024,24140,"Goldsboro, NC MSA",metro,,0.678,33608.0,29197.0,33805.0
2024,24340,"Grand Rapids-Wyoming, MI MSA",metro,,0.881,37050.0,31333.0,37351.0
2024,24540,"Greeley, CO MSA",metro,,1.045,39831.0,33060.0,40216.0
2024,24580,"Green Bay, WI MSA",metro,,0.763,35050.0,30092.0,35290.0
2024,24660,"Greensboro-High Point, NC MSA",metro,,0.754,34897.0,29997.0,35133.0
2024,24780,"Greenville, NC MSA",metro,,0.719,34304.0,29628.0,34522.0
2024,24860,"Greenville-Anderson-Mauldin, SC MSA",metro,,0.802,35711.0,30502.0,35971.0
2024,25001,Massachusetts Metro,state_metro,25,0.843,36406.0,30934.0,36688.0
2024,25002,Massachusetts Nonmetro,state_nonmetro,25,1.026,39509.0,32860.0,39884.0
2024,25180,"Hagerstown-Martinsburg, MD-WV MSA",metro,,0.868,36830.0,31197.0,37124.0
2024,25260,"Hanford-Corcoran, CA MSA",metro,,0.851,36542.0,31018.0,36827.0
2024,25420,"Harrisburg-Carlisle, PA MSA",metro,,0.9,37372.0,31533.0,37683.0
2024,25540,"Hartford-West Hartford-East Hartford, CT MSA",metro,,1.1,40764.0,33639.0,41177.0
2024,25860,"Hickory-Lenoir-Morganton, NC MSA",metro,,0.598,32252.0,28355.0,32408.0
2024,25940,"Hilton Head Island-Bluffton-Beaufort, SC MSA",metro,,1.065,40170.0,33270.0,40565.0
2024,26001,Michigan Metro,state_metro,26,0.709,34134.0,29523.0,34347.0
2024,26002,Michigan Nonmetro,state_nonmetro,26,0.729,34473.0,29734.0,34696.0
2024,26420,"Houston-The Woodlands-Sugar Land, TX MSA",metro,,1.029,39560.0,32891.0,39937.0
2024,26580,"Huntington-Ashland, WV-KY-OH MSA",metro,,0.664,33371.0,29050.0,33561.0
2024,26620,"Huntsville, AL MSA",metro,,0.778,35304.0,30249.0,35552.0
2024,26820,"Idaho Falls, ID MSA",metro,,0.732,34524.0,29765.0,34749.0
2024,26900,"Indianapolis-Carmel-Anderson, IN MSA",metro,,0.85,36525.0,31007.0,36810.0
2024,26980,"Iowa City, IA MSA",metro,,0.804,35745.0,30523.0,36006.0
2024,27001,Minnesota Metro,state_metro,27,0.78,35338.0,30270.0,35587.0
2024,27002,Minnesota Nonmetro,state_nonmetro,27,0.72,34320.0,29639.0,34539.0
2024,27100,"Jackson, MI MSA",metro,,0.714,34219.0,29576.0,34434.0
2024,27140,"Jackson, MS MSA",metro,,0.8,35677.0,30481.0,35937.0
2024,27260,"Jacksonville, FL MSA",metro,,1.059,40068.0,33207.0,40461.0
2024,27340,"Jacksonville, NC MSA",metro,,0.75,34829.0,29955.0,35063.0
2024,27500,"Janesville-Beloit, WI MSA",metro,,0.776,35270.0,30228.0,35517.0
2024,27740,"Johnson City, TN MSA",metro,,0.674,33541.0,29155.0,33736.0
2024,27780,"Johnstown, PA MSA",metro,,0.564,31675.0,27997.0,31814.0
2024,27980,"Kahului-Wailuku-Lahaina, HI MSA",metro,,1.449,46681.0,37312.0,47273.0
2024,28001,Mississippi Metro,state_metro,28,0.716,34253.0,29597.0,34469.0
2024,28002,Mississippi Nonmetro,state_nonmetro,28,0.584,32015.0,28207.0,32164.0
2024,28020,"Kalamazoo-Portage, MI MSA",metro,,0.789,35490.0,30365.0,35744.0
2024,28140,"Kansas City, MO-KS MSA",metro,,0.893,37254.0,31460.0,37561.0
2024,28420,"Kennewick-Richland, WA MSA",metro,,0.927,37830.0,31818.0,38155.0
2024,28660,"Killeen-Temple, TX MSA",metro,,0.779,35321.0,30260.0,35570.0
2024,28700,"Kingsport-Bristol-Bristol, TN-VA MSA",metro,,0.609,32438.0,28471.0,32600.0
2024,28940,"Knoxville, TN MSA",metro,,0.809,35829.0,30576.0,36094.0
2024,29001,Missouri Metro,state_metro,29,0.592,32150.0,28292.0,32303.0
2024,29002,Missouri Nonmetro,state_nonmetro,29,0.606,32388.0,28439.0,32548.0
2024,29180,"Lafayette, LA MSA",metro,,0.689,33795.0,29313.0,33998.0
2024,29200,"Lafayette-West Lafayette, IN MSA",metro,,0.82,36016.0,30691.0,36286.0
2024,29340,"Lake Charles, LA MSA",metro,,0.823,36067.0,30723.0,36338.0
2024,29460,"Lakeland-Winter Haven, FL MSA",metro,,0.886,37135.0,31386.0,37439.0
2024,29540,"Lancaster, PA MSA",metro,,0.977,38678.0,32344.0,39028.0
2024,29620,"Lansing-East Lansing, MI MSA",metro,,0.834,36253.0,30839.0,36530.0
2024,29700,"Laredo, TX MSA",metro,,0.734,34558.0,29786.0,34784.0
2024,29740,"Las Cruces, NM MSA",metro,,0.629,32778.0,28681.0,32950.0
2024,29820,"Las Vegas-Henderson-Paradise, NV MSA",metro,,1.08,40424.0,33428.0,40827.0
2024,30001,Montana Metro,state_metro,30,0.812,35880.0,30607.0,36146.0
2024,30002,Montana Nonmetro,state_nonmetro,30,0.811,35863.0,30597.0,36129.0
2024,30340,"Lewiston-Auburn, ME MSA",metro,,0.764,35066.0,30102.0,35308.0
2024,30460,"Lexington-Fayette, KY MSA",metro,,0.796,35609.0,30439.0,35867.0
2024,30780,"Little Rock-North Little Rock-Conway, AR MSA",metro,,0.725,34405.0,29692.0,34626.0
2024,30980,"Longview, TX MSA",metro,,0.786,35440.0,30334.0,35692.0
2024,31001,Nebraska Metro,state_metro,31,0.779,35321.0,30260.0,35570.0
2024,31002,Nebraska Nonmetro,state_nonmetro,31,0.665,33388.0,29060.0,33578.0
2024,31080,"Los Angeles-Long Beach-Anaheim, CA MSA",metro,,1.6,49241.0,38901.0,49910.0
2024,31140,"Louisville/Jefferson County, KY-IN MSA",metro,,0.812,35880.0,30607.0,36146.0
2024,31180,"Lubbock, TX MSA",metro,,0.814,35914.0,30628.0,36181.0
2024,31420,"Macon, GA MSA",metro,,0.754,34897.0,29997.0,35133.0
2024,31540,"Madison, WI MSA",metro,,1.006,39170.0,32649.0,39535.0
2024,31700,"Manchester-Nashua, NH MSA",metro,,1.222,42832.0,34923.0,43308.0
2024,32001,Nevada Metro,state_metro,32,1.138,41408.0,34038.0,41841.0
2024,32002,Nevada Nonmetro,state_nonmetro,32,0.847,36474.0,30976.0,36757.0
2024,32580,"McAllen-Edinburg-Mission, TX MSA",metro,,0.696,33914.0,29386.0,34120.0
2024,32780,"Medford, OR MSA",metro,,0.942,38085.0,31976.0,38417.0
2024,32820,"Memphis, TN-MS-AR MSA",metro,,0.815,35931.0,30639.0,36199.0
2024,33002,New Hampshire Nonmetro,state_nonmetro,33,1.001,39085.0,32597.0,39447.0
2024,33100,"Miami-Fort Lauderdale-West Palm Beach, FL MSA",metro,,1.337,44782.0,36133.0,45317.0
2024,33340,"Milwaukee-Waukesha-West Allis, WI MSA",metro,,0.837,36304.0,30870.0,36583.0
2024,33460,"Minneapolis-St. Paul-Bloomington, MN-WI MSA",metro,,1.117,41052.0,33817.0,41474.0
2024,33660,"Mobile, AL MSA",metro,,0.745,34744.0,29902.0,34976.0
2024,33700,"Modesto, CA MSA",metro,,1.047,39865.0,33081.0,40251.0
2024,33740,"Monroe, LA MSA",metro,,0.689,33795.0,29313.0,33998.0
2024,33780,"Monroe, MI MSA",metro,,0.831,36203.0,30807.0,36478.0
2024,33860,"Montgomery, AL MSA",metro,,0.734,34558.0,29786.0,34784.0
2024,34001,New Jersey Metro,state_metro,34,1.123,41154.0,33881.0,41579.0
2024,34060,"Morgantown, WV MSA",metro,,0.754,34897.0,29997.0,35133.0
2024,34580,"Mount Vernon-Anacortes, WA MSA",metro,,1.026,39509.0,32860.0,39884.0
2024,34740,"Muskegon, MI MSA",metro,,0.768,35134.0,30144.0,35378.0
2024,34820,"Myrtle Beach-Conway-North Myrtle Beach, SC-NC MSA",metro,,0.859,36677.0,31102.0,36967.0
2024,34940,"Naples-Immokalee-Marco Island, FL MSA",metro,,1.239,43120.0,35102.0,43605.0
2024,34980,"Nashville-Davidson--Murfreesboro--Franklin, TN MSA",metro,,1.065,40170.0,33270.0,40565.0
2024,35002,New Mexico Nonmetro,state_nonmetro,35,0.641,32981.0,28807.0,33159.0
2024,35300,"New Haven-Milford, CT MSA",metro,,1.079,40407.0,33417.0,40810.0
2024,35380,"New Orleans-Metairie, LA MSA",metro,,0.902,37406.0,31555.0,37718.0
2024,35620,"New York-Newark-Jersey City, NY-NJ-PA MSA",metro,,1.361,45189.0,36386.0,45736.0
2024,35660,"Niles-Benton Harbor, MI MSA",metro,,0.731,34507.0,29755.0,34731.0
2024,35840,"North Port-Sarasota-Bradenton, FL MSA",metro,,1.185,42205.0,34533.0,42661.0
2024,35980,"Norwich-New London, CT MSA",metro,,1.057,40034.0,33186.0,40426.0
2024,36002,New York Nonmetro,state_nonmetro,36,0.687,33761.0,29292.0,33963.0
2024,36100,"Ocala, FL MSA",metro,,0.836,36287.0,30860.0,36565.0
2024,36220,"Odessa, TX MSA",metro,,0.983,38780.0,32407.0,39133.0
2024,36260,"Ogden-Clearfield, UT MSA",metro,,0.956,38322.0,32123.0,38661.0
2024,36420,"Oklahoma City, OK MSA",metro,,0.786,35440.0,30334.0,35692.0
2024,36540,"Omaha-Council Bluffs, NE-IA MSA",metro,,0.875,36949.0,31270.0,37247.0
2024,36740,"Orlando-Kissimmee-Sanford, FL MSA",metro,,1.214,42696.0,34838.0,43168.0
2024,36780,"Oshkosh-Neenah, WI MSA",metro,,0.702,34015.0,29449.0,34225.0
2024,37001,North Carolina Metro,state_metro,37,0.808,35813.0,30565.0,36076.0
2024,37002,North Carolina Nonmetro,state_nonmetro,37,0.611,32472.0,28492.0,32635.0
2024,37100,"Oxnard-Thousand Oaks-Ventura, CA MSA",metro,,1.646,50021.0,39385.0,50714.0
2024,37340,"Palm Bay-Melbourne-Titusville, FL MSA",metro,,1.029,39560.0,32891.0,39937.0
2024,37460,"Panama City, FL MSA",metro,,1.037,39695.0,32975.0,40076.0
2024,37860,"Pensacola-Ferry Pass-Brent, FL MSA",metro,,0.881,37050.0,31333.0,37351.0
2024,37900,"Peoria, IL MSA",metro,,0.72,34320.0,29639.0,34539.0
2024,37980,"Philadelphia-Camden-Wilmington, PA-NJ-DE-MD MSA",metro,,1.125,41187.0,33902.0,41613.0
2024,38001,North Dakota Metro,state_metro,38,0.72,34320.0,29639.0,34539.0
2024,38002,North Dakota Nonmetro,state_nonmetro,38,0.685,33727.0,29271.0,33928.0
2024,38060,"Phoenix-Mesa-Scottsdale, AZ MSA",metro,,1.165,41866.0,34323.0,42312.0
2024,38220,"Pine Bluff, AR MSA",metro,,0.621,32642.0,28597.0,32810.0
2024,38300,"Pittsburgh, PA MSA",metro,,0.783,35389.0,30302.0,35640.0
2024,38860,"Portland-South Portland, ME MSA",metro,,1.131,41289.0,33965.0,41718.0
2024,38900,"Portland-Vancouver-Hillsboro, OR-WA MSA",metro,,1.236,43070.0,35070.0,43552.0
2024,38940,"Port St. Lucie, FL MSA",metro,,1.068,40221.0,33302.0,40618.0
2024,39001,Ohio Metro,state_metro,39,0.671,33490.0,29123.0,33683.0
2024,39002,Ohio Nonmetro,state_nonmetro,39,0.611,32472.0,28492.0,32635.0
2024,39140,"Prescott, AZ MSA",metro,,0.953,38271.0,32091.0,38609.0
2024,39300,"Providence-Warwick, RI-MA MSA",metro,,0.985,38814.0,32428.0,39168.0
2024,39340,"Provo-Orem, UT MSA",metro,,0.923,37762.0,31776.0,38085.0
2024,39540,"Racine, WI MSA",metro,,0.771,35185.0,30176.0,35430.0
2024,39580,"Raleigh, NC MSA",metro,,1.074,40323.0,33365.0,40723.0
2024,39740,"Reading, PA MSA",metro,,0.895,37288.0,31481.0,37596.0
2024,39820,"Redding, CA MSA",metro,,0.915,37627.0,31691.0,37945.0
2024,40001,Oklahoma Metro,state_metro,40,0.513,30811.0,27460.0,30923.0
2024,40002,Oklahoma Nonmetro,state_nonmetro,40,0.635,32879.0,28744.0,33054.0
2024,40060,"Richmond, VA MSA",metro,,1.02,39407.0,32797.0,39779.0
2024,40140,"Riverside-San Bernardino-Ontario, CA MSA",metro,,1.247,43256.0,35186.0,43744.0
2024,40220,"Roanoke, VA MSA",metro,,0.732,34524.0,29765.0,34749.0
2024,40380,"Rochester, NY MSA",metro,,0.877,36982.0,31291.0,37281.0
2024,40420,"Rockford, IL MSA",metro,,0.745,34744.0,29902.0,34976.0
2024,40900,"Sacramento--Roseville--Arden-Arcade, CA MSA",metro,,1.286,43917.0,35596.0,44426.0
2024,40980,"Saginaw, MI MSA",metro,,0.688,33778.0,29302.0,33980.0
2024,41001,Oregon Metro,state_metro,41,0.983,38780.0,32407.0,39133.0
2024,41002,Oregon Nonmetro,state_nonmetro,41,0.787,35456.0,30344.0,35709.0
2024,41100,"St. George, UT MSA",metro,,0.956,38322.0,32123.0,38661.0
2024,41180,"St. Louis, MO-IL MSA",metro,,0.814,35914.0,30628.0,36181.0
2024,41420,"Salem, OR MSA",metro,,0.983,38780.0,32407.0,39133.0
2024,41500,"Salinas, CA MSA",metro,,1.493,47427.0,37775.0,48041.0
2024,41540,"Salisbury, MD-DE MSA",metro,,0.865,36779.0,31165.0,37072.0
2024,41620,"Salt Lake City, UT MSA",metro,,1.114,41001.0,33786.0,41421.0
2024,41700,"San Antonio-New Braunfels, TX MSA",metro,,0.998,39034.0,32565.0,39395.0
2024,41740,"San Diego-Carlsbad, CA MSA",metro,,1.632,49784.0,39238.0,50469.0
2024,41860,"San Francisco-Oakland-Hayward, CA MSA",metro,,1.945,55091.0,42532.0,55937.0
2024,41940,"San Jose-Sunnyvale-Santa Clara, CA MSA",metro,,2.167,58855.0,44869.0,59815.0
2024,42001,Pennsylvania Metro,state_metro,42,0.758,34965.0,30039.0,35203.0
2024,42002,Pennsylvania Nonmetro,state_nonmetro,42,0.605,32371.0,28429.0,32530.0
2024,42020,"San Luis Obispo-Paso Robles-Arroyo Grande, CA MSA",metro,,1.477,47156.0,37607.0,47762.0
2024,42100,"Santa Cruz-Watsonville, CA MSA",metro,,1.708,51073.0,40038.0,51797.0
2024,42140,"Santa Fe, NM MSA",metro,,1.087,40543.0,33502.0,40950.0
2024,42200,"Santa Maria-Santa Barbara, CA MSA",metro,,1.553,48444.0,38406.0,49090.0
2024,42220,"Santa Rosa, CA MSA",metro,,1.623,49631.0,39143.0,50312.0
2024,42340,"Savannah, GA MSA",metro,,0.975,38644.0,32323.0,38993.0
2024,42540,"Scranton--Wilkes-Barre--Hazleton, PA MSA",metro,,0.713,34202.0,29565.0,34417.0
2024,42660,"Seattle-Tacoma-Bellevue, WA MSA",metro,,1.495,47461.0,37796.0,48076.0
2024,43300,"Sherman-Denison, TX MSA",metro,,0.895,37288.0,31481.0,37596.0
2024,43340,"Shreveport-Bossier City, LA MSA",metro,,0.716,34253.0,29597.0,34469.0
2024,43620,"Sioux Falls, SD MSA",metro,,0.744,34727.0,29892.0,34958.0
2024,43780,"South Bend-Mishawaka, IN-MI MSA",metro,,0.803,35728.0,30513.0,35989.0
2024,43900,"Spartanburg, SC MSA",metro,,0.731,34507.0,29755.0,34731.0
2024,44060,"Spokane-Spokane Valley, WA MSA",metro,,0.892,37237.0,31449.0,37544.0
2024,44100,"Springfield, IL MSA",metro,,0.719,34304.0,29628.0,34522.0
2024,44140,"Springfield, MA MSA",metro,,0.94,38051.0,31954.0,38382.0
2024,44180,"Springfield, MO MSA",metro,,0.689,33795.0,29313.0,33998.0
2024,44700,"Stockton-Lodi, CA MSA",metro,,1.111,40950.0,33754.0,41369.0
2024,45002,South Carolina Nonmetro,state_nonmetro,45,0.611,32472.0,28492.0,32635.0
2024,45060,"Syracuse, NY MSA",metro,,0.812,35880.0,30607.0,36146.0
2024,45220,"Tallahassee, FL MSA",metro,,0.902,37406.0,31555.0,37718.0
2024,45300,"Tampa-St. Petersburg-Clearwater, FL MSA",metro,,1.126,41204.0,33912.0,41631.0
2024,45460,"Terre Haute, IN MSA",metro,,0.698,33947.0,29407.0,34155.0
2024,45780,"Toledo, OH MSA",metro,,0.714,34219.0,29576.0,34434.0
2024,45820,"Topeka, KS MSA",metro,,0.741,34677.0,29860.0,34906.0
2024,45940,"Trenton, NJ MSA",metro,,1.219,42781.0,34891.0,43255.0
2024,46001,South Dakota Metro,state_metro,46,0.845,36440.0,30955.0,36723.0
2024,46002,South Dakota Nonmetro,state_nonmetro,46,0.616,32557.0,28544.0,32722.0
2024,46060,"Tucson, AZ MSA",metro,,0.905,37457.0,31586.0,37771.0
2024,46140,"Tulsa, OK MSA",metro,,0.769,35151.0,30155.0,35395.0
2024,46340,"Tyler, TX MSA",metro,,0.874,36932.0,31260.0,37229.0
2024,46520,"Urban Honolulu, HI MSA",metro,,1.55,48394.0,38375.0,49037.0
2024,46540,"Utica-Rome, NY MSA",metro,,0.712,34185.0,29555.0,34399.0
2024,46700,"Vallejo-Fairfield, CA MSA",metro,,1.509,47698.0,37943.0,48321.0
2024,47002,Tennessee Nonmetro,state_nonmetro,47,0.614,32523.0,28523.0,32688.0
2024,47220,"Vineland-Bridgeton, NJ MSA",metro,,0.939,38034.0,31944.0,38364.0
2024,47260,"Virginia Beach-Norfolk-Newport News, VA-NC MSA",metro,,1.004,39136.0,32628.0,39500.0
2024,47300,"Visalia-Porterville, CA MSA",metro,,0.835,36270.0,30849.0,36548.0
2024,47380,"Waco, TX MSA",metro,,0.838,36321.0,30881.0,36600.0
2024,47580,"Warner Robins, GA MSA",metro,,0.759,34982.0,30049.0,35220.0
2024,47900,"Washington-Arlington-Alexandria, DC-VA-MD-WV MSA",metro,,1.495,47461.0,37796.0,48076.0
2024,47940,"Waterloo-Cedar Falls, IA MSA",metro,,0.721,34337.0,29649.0,34557.0
2024,48001,Texas Metro,state_metro,48,0.819,35999.0,30681.0,36268.0
2024,48002,Texas Nonmetro,state_nonmetro,48,0.756,34931.0,30018.0,35168.0
2024,48060,"Watertown-Fort Drum, NY MSA",metro,,0.899,37355.0,31523.0,37666.0
2024,48140,"Wausau, WI MSA",metro,,0.726,34422.0,29702.0,34644.0
2024,48620,"Wichita, KS MSA",metro,,0.727,34439.0,29713.0,34661.0
2024,48660,"Wichita Falls, TX MSA",metro,,0.706,34083.0,29492.0,34295.0
2024,48700,"Williamsport, PA MSA",metro,,0.669,33456.0,29102.0,33648.0
2024,49001,Utah Metro,state_metro,49,0.756,34931.0,30018.0,35168.0
2024,49002,Utah Nonmetro,state_nonmetro,49,0.663,33354.0,29039.0,33543.0
2024,49020,"Winchester, VA-WV MSA",metro,,1.008,39204.0,32670.0,39570.0
2024,49180,"Winston-Salem, NC MSA",metro,,0.699,33964.0,29418.0,34172.0
2024,49340,"Worcester, MA-CT MSA",metro,,1.034,39644.0,32944.0,40024.0
2024,49620,"York-Hanover, PA MSA",metro,,0.861,36711.0,31123.0,37002.0
2024,49660,"Youngstown-Warren-Boardman, OH-PA MSA",metro,,0.601,32303.0,28386.0,32460.0
2024,49740,"Yuma, AZ MSA",metro,,0.736,34592.0,29807.0,34819.0
2024,50002,Vermont Nonmetro,state_nonmetro,50,0.85,36525.0,31007.0,36810.0
2024,51001,Virginia Metro,state_metro,51,0.748,34795.0,29934.0,35028.0
2024,51002,Virginia Nonmetro,state_nonmetro,51,0.605,32371.0,28429.0,32530.0
2024,53001,Washington Metro,state_metro,53,0.863,36745.0,31144.0,37037.0
2024,53002,Washington Nonmetro,state_nonmetro,53,0.745,34744.0,29902.0,34976.0
2024,54001,West Virginia Metro,state_metro,54,0.621,32642.0,28597.0,32810.0
2024,54002,West Virginia Nonmetro,state_nonmetro,54,0.641,32981.0,28807.0,33159.0
2024,55002,Wisconsin Nonmetro,state_nonmetro,55,0.658,33269.0,28986.0,33456.0
2024,56001,Wyoming Metro,state_metro,56,0.751,34846.0,29965.0,35081.0
2024,56002,Wyoming Nonmetro,state_nonmetro,56,0.668,33439.0,29092.0,33631.0
2025,1002,Alabama Nonmetro,state_nonmetro,01,0.558,33396.0,29425.0,33536.0
2025,2001,Alaska Metro,state_metro,02,1.043,42094.0,34803.0,42495.0
2025,2002,Alaska Nonmetro,state_nonmetro,02,0.993,41197.0,34248.0,41572.0
2025,4001,Arizona Metro,state_metro,04,1.074,42650.0,35146.0,43068.0
2025,4002,Arizona Nonmetro,state_nonmetro,04,0.591,33988.0,29791.0,34145.0
2025,5001,Arkansas Metro,state_metro,05,0.661,35243.0,30567.0,35438.0
2025,5002,Arkansas Nonmetro,state_nonmetro,05,0.569,33593.0,29547.0,33739.0
2025,6002,California Nonmetro,state_nonmetro,06,0.986,41072.0,34171.0,41442.0
2025,8002,Colorado Nonmetro,state_nonmetro,08,0.949,40408.0,33761.0,40759.0
2025,9002,Connecticut Nonmetro,state_nonmetro,09,0.882,39207.0,33018.0,39521.0
2025,10002,Delaware Nonmetro,state_nonmetro,10,0.851,38651.0,32674.0,38948.0
2025,10180,"Abilene, TX MSA",metro,,0.827,38220.0,32408.0,38505.0
2025,10420,"Akron, OH MSA",metro,,0.77,37198.0,31776.0,37452.0
2025,10580,"Albany-Schenectady-Troy, NY MSA",metro,,0.971,40803.0,34004.0,41165.0
2025,10740,"Albuquerque, NM MSA",metro,,0.834,38346.0,32486.0,38634.0
2025,10900,"Allentown-Bethlehem-Easton, PA-NJ MSA",metro,,1.027,41807.0,34625.0,42200.0
2025,11100,"Amarillo, TX MSA",metro,,0.761,37037.0,31676.0,37286.0
2025,11460,"Ann Arbor, MI MSA",metro,,1.113,43350.0,35579.0,43789.0
2025,11540,"Appleton, WI MSA",metro,,0.755,36929.0,31610.0,37175.0
2025,11700,"Asheville, NC MSA",metro,,0.922,39924.0,33461.0,40260.0
2025,12001,Florida Metro,state_metro,12,0.732,36517.0,31355.0,36750.0
2025,12002,Florida Nonmetro,state_nonmetro,12,0.579,33773.0,29658.0,33924.0
2025,12020,"Athens-Clarke County, GA MSA",metro,,0.87,38992.0,32885.0,39299.0
2025,12060,"Atlanta-Sandy Springs-Roswell, GA MSA",metro,,1.161,44210.0,36111.0,44675.0
2025,12100,"Atlantic City-Hammonton, NJ MSA",metro,,1.032,41897.0,34681.0,42292.0
2025,12220,"Auburn-Opelika, AL MSA",metro,,0.756,36947.0,31621.0,37193.0
2025,12260,"Augusta-Richmond County, GA-SC MSA",metro,,0.76,37019.0,31665.0,37267.0
2025,12420,"Austin-Round Rock-San Marcos, TX MSA",metro,,1.285,46434.0,37486.0,46966.0
2025,12540,"Bakersfield-Delano, CA MSA",metro,,0.849,38615.0,32652.0,38911.0
2025,12580,"Baltimore-Columbia-Towson, MD MSA",metro,,1.186,44659.0,36388.0,45137.0
2025,12620,"Bangor, ME MSA",metro,,0.809,37898.0,32208.0,38173.0
2025,12700,"Barnstable Town, MA MSA",metro,,1.28,46345.0,37430.0,46874.0
2025,12940,"Baton Rouge, LA MSA",metro,,0.782,37413.0,31909.0,37674.0
2025,12980,"Battle Creek, MI MSA",metro,,0.741,36678.0,31454.0,36916.0
2025,13001,Georgia Metro,state_metro,13,0.669,35387.0,30656.0,35586.0
2025,13002,Georgia Nonmetro,state_nonmetro,13,0.579,33773.0,29658.0,33924.0
2025,13140,"Beaumont-Port Arthur, TX MSA",metro,,0.783,37431.0,31920.0,37692.0
2025,13220,"Beckley, WV MSA",metro,,0.576,33719.0,29625.0,33868.0
2025,13460,"Bend, OR MSA",metro,,1.181,44569.0,36333.0,45045.0
2025,13740,"Billings, MT MSA",metro,,0.779,37360.0,31876.0,37618.0
2025,13780,"Binghamton, NY MSA",metro,,0.7,35943.0,31000.0,36159.0
2025,13820,"Birmingham, AL MSA",metro,,0.793,37611.0,32031.0,37877.0
2025,13980,"Blacksburg-Christiansburg-Radford, VA MSA",metro,,0.851,38651.0,32674.0,38948.0
2025,14010,"Bloomington, IL MSA",metro,,0.745,36750.0,31499.0,36990.0
2025,14020,"Bloomington, IN MSA",metro,,0.824,38167.0,32375.0,38450.0
2025,14260,"Boise City, ID MSA",metro,,1.009,41484.0,34426.0,41867.0
2025,14460,"Boston-Cambridge-Newton, MA-NH MSA",metro,,1.531,50846.0,40213.0,51510.0
2025,14500,"Boulder, CO MSA",metro,,1.431,49053.0,39105.0,49663.0
2025,14540,"Bowling Green, KY MSA",metro,,0.704,36014.0,31044.0,36233.0
2025,14740,"Bremerton-Silverdale-Port Orchard, WA MSA",metro,,1.272,46201.0,37342.0,46726.0
2025,14860,"Bridgeport-Stamford-Danbury, CT MSA",metro,,1.397,48443.0,38728.0,49035.0
2025,15002,Hawaii Nonmetro,state_nonmetro,15,1.106,43224.0,35501.0,43659.0
2025,15180,"Brownsville-Harlingen, TX MSA",metro,,0.634,34759.0,30268.0,34940.0
2025,15380,"Buffalo-Cheektowaga, NY MSA",metro,,0.764,37091.0,31709.0,37341.0
2025,15500,"Burlington, NC MSA",metro,,0.729,36463.0,31321.0,36695.0
2025,15540,"Burlington-South Burlington, VT MSA",metro,,1.198,44874.0,36521.0,45359.0
2025,15940,"Canton-Massillon, OH MSA",metro,,0.651,35064.0,30457.0,35254.0
2025,15980,"Cape Coral-Fort Myers, FL MSA",metro,,1.154,44085.0,36033.0,44546.0
2025,16001,Idaho Metro,state_metro,16,0.727,36427.0,31299.0,36658.0
2025,16002,Idaho Nonmetro,state_nonmetro,16,0.679,35566.0,30767.0,35771.0
2025,16300,"Cedar Rapids, IA MSA",metro,,0.719,36283.0,31210.0,36510.0
2025,16540,"Chambersburg, PA MSA",metro,,0.772,37234.0,31798.0,37489.0
2025,16580,"Champaign-Urbana, IL MSA",metro,,0.769,37180.0,31765.0,37434.0
2025,16620,"Charleston, WV MSA",metro,,0.67,35405.0,30667.0,35605.0
2025,16700,"Charleston-North Charleston, SC MSA",metro,,1.128,43619.0,35745.0,44066.0
2025,16740,"Charlotte-Concord-Gastonia, NC-SC MSA",metro,,1.022,41718.0,34570.0,42107.0
2025,16820,"Charlottesville, VA MSA",metro,,1.182,44587.0,36344.0,45063.0
2025,16860,"Chattanooga, TN-GA MSA",metro,,0.816,38023.0,32286.0,38302.0
2025,16980,"Chicago-Naperville-Elgin, IL-IN MSA",metro,,1.031,41879.0,34670.0,42274.0
2025,17001,Illinois Metro,state_metro,17,0.779,37360.0,31876.0,37618.0
2025,17002,Illinois Nonmetro,state_nonmetro,17,0.604,34221.0,29935.0,34385.0
2025,17020,"Chico, CA MSA",metro,,1.024,41753.0,34592.0,42144.0
2025,17140,"Cincinnati, OH-KY-IN MSA",metro,,0.814,37987.0,32264.0,38265.0
2025,17300,"Clarksville, TN-KY MSA",metro,,0.855,38723.0,32718.0,39022.0
2025,17410,"Cleveland, OH MSA",metro,,0.766,37126.0,31732.0,37378.0
2025,17420,"Cleveland, TN MSA",metro,,0.709,36104.0,31100.0,36325.0
2025,17660,"Coeur d'Alene, ID MSA",metro,,0.929,40050.0,33539.0,40389.0
2025,17780,"College Station-Bryan, TX MSA",metro,,0.779,37360.0,31876.0,37618.0
2025,17820,"Colorado Springs, CO MSA",metro,,1.139,43816.0,35867.0,44269.0
2025,17860,"Columbia, MO MSA",metro,,0.716,36230.0,31177.0,36455.0
2025,17900,"Columbia, SC MSA",metro,,0.813,37969.0,32253.0,38246.0
2025,17980,"Columbus, GA-AL MSA",metro,,0.753,36893.0,31587.0,37138.0
2025,18001,Indiana Metro,state_metro,18,0.759,37001.0,31654.0,37249.0
2025,18002,Indiana Nonmetro,state_nonmetro,18,0.632,34723.0,30246.0,34903.0
2025,18140,"Columbus, OH MSA",metro,,0.939,40229.0,33650.0,40574.0
2025,18580,"Corpus Christi, TX MSA",metro,,0.928,40032.0,33528.0,40371.0
2025,19001,Iowa Metro,state_metro,19,0.711,36140.0,31122.0,36362.0
2025,19002,Iowa Nonmetro,state_nonmetro,19,0.597,34096.0,29858.0,34256.0
2025,19100,"Dallas-Fort Worth-Arlington, TX MSA",metro,,1.172,44408.0,36233.0,44878.0
2025,19300,"Daphne-Fairhope-Foley, AL MSA",metro,,0.865,38902.0,32829.0,39207.0
2025,19340,"Davenport-Moline-Rock Island, IA-IL MSA",metro,,0.694,35835.0,30933.0,36048.0
2025,19430,"Dayton-Kettering-Beavercreek, OH MSA",metro,,0.726,36409.0,31288.0,36639.0
2025,19460,"Decatur, AL MSA",metro,,0.591,33988.0,29791.0,34145.0
2025,19660,"Deltona-Daytona Beach-Ormond Beach, FL MSA",metro,,1.026,41789.0,34614.0,42181.0
2025,19740,"Denver-Aurora-Centennial, CO MSA",metro,,1.406,48604.0,38827.0,49201.0
2025,19780,"Des Moines-West Des Moines, IA MSA",metro,,0.827,38220.0,32408.0,38505.0
2025,19820,"Detroit-Warren-Dearborn, MI MSA",metro,,0.896,39458.0,33173.0,39780.0
2025,20001,Kansas Metro,state_metro,20,0.754,36911.0,31599.0,37157.0
2025,20002,Kansas Nonmetro,state_nonmetro,20,0.602,34185.0,29913.0,34349.0
2025,20100,"Dover, DE MSA",metro,,0.916,39817.0,33395.0,40149.0
2025,20260,"Duluth, MN-WI MSA",metro,,0.771,37216.0,31787.0,37471.0
2025,20500,"Durham-Chapel Hill, NC MSA",metro,,1.043,42094.0,34803.0,42495.0
2025,21001,Kentucky Metro,state_metro,21,0.649,35028.0,30434.0,35217.0
2025,21002,Kentucky Nonmetro,state_nonmetro,21,0.556,33360.0,29403.0,33499.0
2025,21140,"Elkhart-Goshen, IN MSA",metro,,0.737,36606.0,31410.0,36842.0
2025,21340,"El Paso, TX MSA",metro,,0.734,36553.0,31377.0,36787.0
2025,21500,"Erie, PA MSA",metro,,0.666,35333.0,30623.0,35531.0
2025,21660,"Eugene-Springfield, OR MSA",metro,,0.976,40893.0,34060.0,41258.0
2025,21780,"Evansville, IN MSA",metro,,0.743,36714.0,31477.0,36953.0
2025,22001,Louisiana Metro,state_metro,22,0.758,36983.0,31643.0,37230.0
2025,22002,Louisiana Nonmetro,state_nonmetro,22,0.576,33719.0,29625.0,33868.0
2025,22020,"Fargo, ND-MN MSA",metro,,0.693,35817.0,30922.0,36030.0
2025,22140,"Farmington, NM MSA",metro,,0.676,35512.0,30734.0,35716.0
2025,22180,"Fayetteville, NC MSA",metro,,0.799,37718.0,32097.0,37988.0
2025,22220,"Fayetteville-Springdale-Rogers, AR MSA",metro,,0.759,37001.0,31654.0,37249.0
2025,22420,"Flint, MI MSA",metro,,0.731,36499.0,31344.0,36732.0
2025,22500,"Florence, SC MSA",metro,,0.64,34867.0,30335.0,35051.0
2025,22520,"Florence-Muscle Shoals, AL MSA",metro,,0.627,34634.0,30190.0,34810.0
2025,22660,"Fort Collins-Loveland, CO MSA",metro,,1.155,44103.0,36045.0,44564.0
2025,22900,"Fort Smith, AR-OK MSA",metro,,0.611,34347.0,30013.0,34515.0
2025,23002,Maine Nonmetro,state_nonmetro,23,0.716,36230.0,31177.0,36455.0
2025,23060,"Fort Wayne, IN MSA",metro,,0.736,36588.0,31399.0,36824.0
2025,23420,"Fresno, CA MSA",metro,,0.942,40283.0,33683.0,40630.0
2025,23540,"Gainesville, FL MSA",metro,,0.974,40857.0,34038.0,41221.0
2025,23580,"Gainesville, GA MSA",metro,,0.92,39888.0,33439.0,40223.0
2025,24002,Maryland Nonmetro,state_nonmetro,24,0.706,36050.0,31066.0,36270.0
2025,24020,"Glens Falls, NY MSA",metro,,0.791,37575.0,32009.0,37840.0
2025,24140,"Goldsboro, NC MSA",metro,,0.686,35692.0,30845.0,35900.0
2025,24340,"Grand Rapids-Wyoming-Kentwood, MI MSA",metro,,0.874,39063.0,32929.0,39373.0
2025,24540,"Greeley, CO MSA",metro,,1.061,42417.0,35002.0,42828.0
2025,24580,"Green Bay, WI MSA",metro,,0.766,37126.0,31732.0,37378.0
2025,24660,"Greensboro-High Point, NC MSA",metro,,0.749,36822.0,31543.0,37064.0
2025,24780,"Greenville, NC MSA",metro,,0.722,36337.0,31244.0,36565.0
2025,24860,"Greenville-Anderson-Greer, SC MSA",metro,,0.806,37844.0,32175.0,38117.0
2025,25001,Massachusetts Metro,state_metro,25,0.964,40677.0,33927.0,41036.0
2025,25002,Massachusetts Nonmetro,state_nonmetro,25,1.008,41466.0,34415.0,41849.0
2025,25180,"Hagerstown-Martinsburg, MD-WV MSA",metro,,0.817,38041.0,32297.0,38320.0
2025,25220,"Hammond, LA MSA",metro,,0.686,35692.0,30845.0,35900.0
2025,25260,"Hanford-Corcoran, CA MSA",metro,,0.854,38705.0,32707.0,39004.0
2025,25420,"Harrisburg-Carlisle, PA MSA",metro,,0.902,39565.0,33239.0,39891.0
2025,25540,"Hartford-West Hartford-East Hartford, CT MSA",metro,,1.089,42919.0,35313.0,43345.0
2025,25860,"Hickory-Lenoir-Morganton, NC MSA",metro,,0.629,34669.0,30213.0,34847.0
2025,25940,"Hilton Head Island-Bluffton-Port Royal, SC MSA",metro,,1.147,43959.0,35956.0,44417.0
2025,26001,Michigan Metro,state_metro,26,0.776,37306.0,31842.0,37563.0
2025,26002,Michigan Nonmetro,state_nonmetro,26,0.676,35512.0,30734.0,35716.0
2025,26420,"Houston-Pasadena-The Woodlands, TX MSA",metro,,1.021,41700.0,34559.0,42089.0
2025,26580,"Huntington-Ashland, WV-KY-OH MSA",metro,,0.664,35297.0,30601.0,35494.0
2025,26620,"Huntsville, AL MSA",metro,,0.797,37682.0,32075.0,37951.0
2025,26820,"Idaho Falls, ID MSA",metro,,0.741,36678.0,31454.0,36916.0
2025,26900,"Indianapolis-Carmel-Greenwood, IN MSA",metro,,0.85,38633.0,32663.0,38930.0
2025,26980,"Iowa City, IA MSA",metro,,0.774,37270.0,31820.0,37526.0
2025,27001,Minnesota Metro,state_metro,27,0.765,37108.0,31720.0,37360.0
2025,27002,Minnesota Nonmetro,state_nonmetro,27,0.688,35728.0,30867.0,35937.0
2025,27100,"Jackson, MI MSA",metro,,0.711,36140.0,31122.0,36362.0
2025,27140,"Jackson, MS MSA",metro,,0.766,37126.0,31732.0,37378.0
2025,27260,"Jacksonville, FL MSA",metro,,1.081,42776.0,35224.0,43197.0
2025,27340,"Jacksonville, NC MSA",metro,,0.766,37126.0,31732.0,37378.0
2025,27500,"Janesville-Beloit, WI MSA",metro,,0.751,36857.0,31565.0,37101.0
2025,27740,"Johnson City, TN MSA",metro,,0.678,35548.0,30756.0,35753.0
2025,27780,"Johnstown, PA MSA",metro,,0.551,33271.0,29348.0,33406.0
2025,27980,"Kahului-Wailuku, HI MSA",metro,,1.455,49483.0,39371.0,50106.0
2025,28001,Mississippi Metro,state_metro,28,0.716,36230.0,31177.0,36455.0
2025,28002,Mississippi Nonmetro,state_nonmetro,28,0.585,33880.0,29725.0,34034.0
2025,28140,"Kansas City, MO-KS MSA",metro,,0.889,39332.0,33095.0,39650.0
2025,28420,"Kennewick-Richland, WA MSA",metro,,0.919,39870.0,33428.0,40205.0
2025,28660,"Killeen-Temple, TX MSA",metro,,0.778,37342.0,31865.0,37600.0
2025,28700,"Kingsport-Bristol, TN-VA MSA",metro,,0.633,34741.0,30257.0,34921.0
2025,28740,"Kingston, NY MSA",metro,,1.124,43547.0,35701.0,43992.0
2025,28940,"Knoxville, TN MSA",metro,,0.812,37951.0,32242.0,38228.0
2025,29001,Missouri Metro,state_metro,29,0.581,33809.0,29680.0,33961.0
2025,29002,Missouri Nonmetro,state_nonmetro,29,0.585,33880.0,29725.0,34034.0
2025,29180,"Lafayette, LA MSA",metro,,0.686,35692.0,30845.0,35900.0
2025,29200,"Lafayette-West Lafayette, IN MSA",metro,,0.81,37916.0,32219.0,38191.0
2025,29340,"Lake Charles, LA MSA",metro,,0.787,37503.0,31964.0,37766.0
2025,29460,"Lakeland-Winter Haven, FL MSA",metro,,0.889,39332.0,33095.0,39650.0
2025,29540,"Lancaster, PA MSA",metro,,0.98,40964.0,34104.0,41332.0
2025,29620,"Lansing-East Lansing, MI MSA",metro,,0.819,38077.0,32319.0,38357.0
2025,29700,"Laredo, TX MSA",metro,,0.715,36212.0,31166.0,36436.0
2025,29740,"Las Cruces, NM MSA",metro,,0.649,35028.0,30434.0,35217.0
2025,29820,"Las Vegas-Henderson-North Las Vegas, NV MSA",metro,,1.105,43206.0,35490.0,43641.0
2025,30001,Montana Metro,state_metro,30,0.889,39332.0,33095.0,39650.0
2025,30002,Montana Nonmetro,state_nonmetro,30,0.716,36230.0,31177.0,36455.0
2025,30140,"Lebanon, PA MSA",metro,,0.796,37664.0,32064.0,37932.0
2025,30340,"Lewiston-Auburn, ME MSA",metro,,0.772,37234.0,31798.0,37489.0
2025,30460,"Lexington-Fayette, KY MSA",metro,,0.802,37772.0,32131.0,38043.0
2025,30500,"Lexington Park, MD MSA",metro,,1.139,43816.0,35867.0,44269.0
2025,30780,"Little Rock-North Little Rock-Conway, AR MSA",metro,,0.72,36301.0,31222.0,36528.0
2025,30980,"Longview, TX MSA",metro,,0.746,36768.0,31510.0,37009.0
2025,31001,Nebraska Metro,state_metro,31,0.771,37216.0,31787.0,37471.0
2025,31002,Nebraska Nonmetro,state_nonmetro,31,0.643,34920.0,30368.0,35106.0
2025,31080,"Los Angeles-Long Beach-Anaheim, CA MSA",metro,,1.572,51581.0,40668.0,52268.0
2025,31140,"Louisville/Jefferson County, KY-IN MSA",metro,,0.797,37682.0,32075.0,37951.0
2025,31180,"Lubbock, TX MSA",metro,,0.794,37629.0,32042.0,37895.0
2025,31420,"Macon-Bibb County, GA MSA",metro,,0.737,36606.0,31410.0,36842.0
2025,31540,"Madison, WI MSA",metro,,0.999,41305.0,34315.0,41683.0
2025,31700,"Manchester-Nashua, NH MSA",metro,,1.235,45538.0,36932.0,46042.0
2025,32001,Nevada Metro,state_metro,32,1.133,43708.0,35801.0,44158.0
2025,32002,Nevada Nonmetro,state_nonmetro,32,0.829,38256.0,32430.0,38542.0
2025,32580,"McAllen-Edinburg-Mission, TX MSA",metro,,0.682,35620.0,30800.0,35826.0
2025,32780,"Medford, OR MSA",metro,,0.943,40301.0,33694.0,40648.0
2025,32820,"Memphis, TN-MS-AR MSA",metro,,0.816,38023.0,32286.0,38302.0
2025,33002,New Hampshire Nonmetro,state_nonmetro,33,0.994,41215.0,34259.0,41590.0
2025,33100,"Miami-Fort Lauderdale-West Palm Beach, FL MSA",metro,,1.351,47618.0,38218.0,48185.0
2025,33340,"Milwaukee-Waukesha, WI MSA",metro,,0.819,38077.0,32319.0,38357.0
2025,33460,"Minneapolis-St. Paul-Bloomington, MN-WI MSA",metro,,1.102,43152.0,35457.0,43585.0
2025,33660,"Mobile, AL MSA",metro,,0.727,36427.0,31299.0,36658.0
2025,33700,"Modesto, CA MSA",metro,,1.108,43260.0,35523.0,43696.0
2025,33740,"Monroe, LA MSA",metro,,0.666,35333.0,30623.0,35531.0
2025,33780,"Monroe, MI MSA",metro,,0.809,37898.0,32208.0,38173.0
2025,33860,"Montgomery, AL MSA",metro,,0.724,36373.0,31266.0,36602.0
2025,34001,New Jersey Metro,state_metro,34,1.099,43098.0,35424.0,43530.0
2025,34060,"Morgantown, WV MSA",metro,,0.732,36517.0,31355.0,36750.0
2025,34580,"Mount Vernon-Anacortes, WA MSA",metro,,1.019,41664.0,34537.0,42052.0
2025,34740,"Muskegon-Norton Shores, MI MSA",metro,,0.772,37234.0,31798.0,37489.0
2025,34820,"Myrtle Beach-Conway-North Myrtle Beach, SC MSA",metro,,0.881,39189.0,33007.0,39503.0
2025,34940,"Naples-Marco Island, FL MSA",metro,,1.276,46273.0,37386.0,46800.0
2025,34980,"Nashville-Davidson--Murfreesboro--Franklin, TN MSA",metro,,1.066,42507.0,35058.0,42920.0
2025,35002,New Mexico Nonmetro,state_nonmetro,35,0.638,34831.0,30312.0,35014.0
2025,35300,"New Haven, CT MSA",metro,,1.139,43816.0,35867.0,44269.0
2025,35380,"New Orleans-Metairie, LA MSA",metro,,0.883,39225.0,33029.0,39540.0
2025,35620,"New York-Newark-Jersey City, NY-NJ MSA",metro,,1.336,47349.0,38051.0,47908.0
2025,35660,"Niles, MI MSA",metro,,0.706,36050.0,31066.0,36270.0
2025,35840,"North Port-Bradenton-Sarasota, FL MSA",metro,,1.215,45179.0,36710.0,45673.0
2025,35980,"Norwich-New London-Willimantic, CT MSA",metro,,1.019,41664.0,34537.0,42052.0
2025,36001,New York Metro,state_metro,36,1.238,45591.0,36965.0,46098.0
2025,36002,New York Nonmetro,state_nonmetro,36,0.643,34920.0,30368.0,35106.0
2025,36100,"Ocala, FL MSA",metro,,0.857,38758.0,32741.0,39059.0
2025,36220,"Odessa, TX MSA",metro,,0.927,40014.0,33517.0,40352.0
2025,36260,"Ogden, UT MSA",metro,,1.011,41520.0,34448.0,41904.0
2025,36420,"Oklahoma City, OK MSA",metro,,0.777,37324.0,31854.0,37581.0
2025,36540,"Omaha, NE-IA MSA",metro,,0.869,38974.0,32874.0,39281.0
2025,36740,"Orlando-Kissimmee-Sanford, FL MSA",metro,,1.24,45627.0,36987.0,46135.0
2025,36780,"Oshkosh-Neenah, WI MSA",metro,,0.706,36050.0,31066.0,36270.0
2025,37001,North Carolina Metro,state_metro,37,0.764,37091.0,31709.0,37341.0
2025,37002,North Carolina Nonmetro,state_nonmetro,37,0.621,34526.0,30124.0,34700.0
2025,37100,"Oxnard-Thousand Oaks-Ventura, CA MSA",metro,,1.611,52281.0,41100.0,52988.0
2025,37340,"Palm Bay-Melbourne-Titusville, FL MSA",metro,,1.069,42560.0,35091.0,42976.0
2025,37460,"Panama City-Panama City Beach, FL MSA",metro,,1.015,41592.0,34492.0,41978.0
2025,37860,"Pensacola-Ferry Pass-Brent, FL MSA",metro,,0.899,39512.0,33206.0,39835.0
2025,37900,"Peoria, IL MSA",metro,,0.721,36319.0,31233.0,36547.0
2025,37980,"Philadelphia-Camden-Wilmington, PA-NJ-DE-MD MSA",metro,,1.119,43457.0,35645.0,43899.0
2025,38001,North Dakota Metro,state_metro,38,0.7,35943.0,31000.0,36159.0
2025,38002,North Dakota Nonmetro,state_nonmetro,38,0.621,34526.0,30124.0,34700.0
2025,38060,"Phoenix-Mesa-Chandler, AZ MSA",metro,,1.202,44946.0,36566.0,45433.0
2025,38300,"Pittsburgh, PA MSA",metro,,0.766,37126.0,31732.0,37378.0
2025,38860,"Portland-South Portland, ME MSA",metro,,1.146,43941.0,35945.0,44398.0
2025,38900,"Portland-Vancouver-Hillsboro, OR-WA MSA",metro,,1.228,45412.0,36854.0,45913.0
2025,38940,"Port St. Lucie, FL MSA",metro,,1.084,42829.0,35257.0,43253.0
2025,39001,Ohio Metro,state_metro,39,0.658,35190.0,30534.0,35383.0
2025,39002,Ohio Nonmetro,state_nonmetro,39,0.624,34580.0,30157.0,34755.0
2025,39150,"Prescott Valley-Prescott, AZ MSA",metro,,0.984,41036.0,34149.0,41405.0
2025,39300,"Providence-Warwick, RI-MA MSA",metro,,1.01,41502.0,34437.0,41886.0
2025,39340,"Provo-Orem-Lehi, UT MSA",metro,,0.926,39996.0,33506.0,40334.0
2025,39380,"Pueblo, CO MSA",metro,,0.799,37718.0,32097.0,37988.0
2025,39460,"Punta Gorda, FL MSA",metro,,0.984,41036.0,34149.0,41405.0
2025,39540,"Racine-Mount Pleasant, WI MSA",metro,,0.768,37162.0,31754.0,37415.0
2025,39580,"Raleigh-Cary, NC MSA",metro,,1.102,43152.0,35457.0,43585.0
2025,39740,"Reading, PA MSA",metro,,0.881,39189.0,33007.0,39503.0
2025,39820,"Redding, CA MSA",metro,,0.898,39494.0,33195.0,39817.0
2025,40001,Oklahoma Metro,state_metro,40,0.609,34311.0,29991.0,34478.0
2025,40002,Oklahoma Nonmetro,state_nonmetro,40,0.574,33683.0,29603.0,33831.0
2025,40060,"Richmond, VA MSA",metro,,1.024,41753.0,34592.0,42144.0
2025,40140,"Riverside-San Bernardino-Ontario, CA MSA",metro,,1.253,45860.0,37131.0,46375.0
2025,40220,"Roanoke, VA MSA",metro,,0.714,36194.0,31155.0,36418.0
2025,40380,"Rochester, NY MSA",metro,,0.872,39027.0,32907.0,39336.0
2025,40420,"Rockford, IL MSA",metro,,0.745,36750.0,31499.0,36990.0
2025,40900,"Sacramento-Roseville-Folsom, CA MSA",metro,,1.289,46506.0,37530.0,47040.0
2025,40980,"Saginaw, MI MSA",metro,,0.679,35566.0,30767.0,35771.0
2025,41001,Oregon Metro,state_metro,41,0.93,40068.0,33550.0,40408.0
2025,41002,Oregon Nonmetro,state_nonmetro,41,0.784,37449.0,31931.0,37711.0
2025,41100,"St. George, UT MSA",metro,,0.981,40982.0,34115.0,41350.0
2025,41180,"St. Louis, MO-IL MSA",metro,,0.802,37772.0,32131.0,38043.0
2025,41420,"Salem, OR MSA",metro,,0.995,41233.0,34271.0,41609.0
2025,41500,"Salinas, CA MSA",metro,,1.481,49949.0,39659.0,50587.0
2025,41540,"Salisbury, MD MSA",metro,,0.892,39386.0,33129.0,39706.0
2025,41620,"Salt Lake City-Murray, UT MSA",metro,,1.124,43547.0,35701.0,43992.0
2025,41700,"San Antonio-New Braunfels, TX MSA",metro,,0.989,41126.0,34204.0,41498.0
2025,41740,"San Diego-Chula Vista-Carlsbad, CA MSA",metro,,1.618,52406.0,41178.0,53118.0
2025,41860,"San Francisco-Oakland-Fremont, CA MSA",metro,,1.904,57536.0,44349.0,58401.0
2025,41940,"San Jose-Sunnyvale-Santa Clara, CA MSA",metro,,2.086,60800.0,46367.0,61763.0
2025,42002,Pennsylvania Nonmetro,state_nonmetro,42,0.643,34920.0,30368.0,35106.0
2025,42020,"San Luis Obispo-Paso Robles, CA MSA",metro,,1.456,49501.0,39382.0,50125.0
2025,42100,"Santa Cruz-Watsonville, CA MSA",metro,,1.678,53482.0,41843.0,54226.0
2025,42140,"Santa Fe, NM MSA",metro,,1.096,43045.0,35390.0,43474.0
2025,42200,"Santa Maria-Santa Barbara, CA MSA",metro,,1.534,50900.0,40247.0,51566.0
2025,42220,"Santa Rosa-Petaluma, CA MSA",metro,,1.574,51617.0,40690.0,52305.0
2025,42340,"Savannah, GA MSA",metro,,1.002,41359.0,34348.0,41738.0
2025,42540,"Scranton--Wilkes-Barre, PA MSA",metro,,0.712,36158.0,31133.0,36381.0
2025,42660,"Seattle-Tacoma-Bellevue, WA MSA",metro,,1.476,49860.0,39604.0,50494.0
2025,42680,"Sebastian-Vero Beach-West Vero Corridor, FL MSA",metro,,0.944,40319.0,33705.0,40666.0
2025,43300,"Sherman-Denison, TX MSA",metro,,0.889,39332.0,33095.0,39650.0
2025,43340,"Shreveport-Bossier City, LA MSA",metro,,0.7,35943.0,31000.0,36159.0
2025,43420,"Sierra Vista-Douglas, AZ MSA",metro,,0.659,35207.0,30545.0,35402.0
2025,43620,"Sioux Falls, SD-MN MSA",metro,,0.731,36499.0,31344.0,36732.0
2025,43780,"South Bend-Mishawaka, IN-MI MSA",metro,,0.765,37108.0,31720.0,37360.0
2025,43900,"Spartanburg, SC MSA",metro,,0.737,36606.0,31410.0,36842.0
2025,44060,"Spokane-Spokane Valley, WA MSA",metro,,0.914,39781.0,33372.0,40112.0
2025,44100,"Springfield, IL MSA",metro,,0.711,36140.0,31122.0,36362.0
2025,44140,"Springfield, MA MSA",metro,,0.88,39171.0,32996.0,39484.0
2025,44180,"Springfield, MO MSA",metro,,0.681,35602.0,30789.0,35808.0
2025,44220,"Springfield, OH MSA",metro,,0.646,34974.0,30401.0,35161.0
2025,44700,"Stockton-Lodi, CA MSA",metro,,1.139,43816.0,35867.0,44269.0
2025,44940,"Sumter, SC MSA",metro,,0.735,36570.0,31388.0,36806.0
2025,45002,South Carolina Nonmetro,state_nonmetro,45,0.593,34024.0,29813.0,34182.0
2025,45060,"Syracuse, NY MSA",metro,,0.796,37664.0,32064.0,37932.0
2025,45220,"Tallahassee, FL MSA",metro,,0.909,39691.0,33317.0,40020.0
2025,45300,"Tampa-St. Petersburg-Clearwater, FL MSA",metro,,1.153,44067.0,36022.0,44527.0
2025,45460,"Terre Haute, IN MSA",metro,,0.724,36373.0,31266.0,36602.0
2025,45780,"Toledo, OH MSA",metro,,0.699,35925.0,30989.0,36140.0
2025,45820,"Topeka, KS MSA",metro,,0.724,36373.0,31266.0,36602.0
2025,45940,"Trenton-Princeton, NJ MSA",metro,,1.213,45143.0,36688.0,45636.0
2025,46001,South Dakota Metro,state_metro,46,0.841,38471.0,32563.0,38764.0
2025,46002,South Dakota Nonmetro,state_nonmetro,46,0.618,34472.0,30091.0,34644.0
2025,46060,"Tucson, AZ MSA",metro,,0.91,39709.0,33328.0,40038.0
2025,46140,"Tulsa, OK MSA",metro,,0.768,37162.0,31754.0,37415.0
2025,46220,"Tuscaloosa, AL MSA",metro,,0.727,36427.0,31299.0,36658.0
2025,46340,"Tyler, TX MSA",metro,,0.867,38938.0,32851.0,39244.0
2025,46520,"Urban Honolulu, HI MSA",metro,,1.493,50165.0,39792.0,50808.0
2025,46540,"Utica-Rome, NY MSA",metro,,0.696,35871.0,30955.0,36085.0
2025,46700,"Vallejo, CA MSA",metro,,1.489,50093.0,39748.0,50735.0
2025,47001,Tennessee Metro,state_metro,47,0.658,35190.0,30534.0,35383.0
2025,47002,Tennessee Nonmetro,state_nonmetro,47,0.607,34275.0,29969.0,34441.0
2025,47220,"Vineland, NJ MSA",metro,,0.914,39781.0,33372.0,40112.0
2025,47260,"Virginia Beach-Chesapeake-Norfolk, VA-NC MSA",metro,,1.0,41323.0,34326.0,41701.0
2025,47300,"Visalia, CA MSA",metro,,0.829,38256.0,32430.0,38542.0
2025,47380,"Waco, TX MSA",metro,,0.831,38292.0,32452.0,38579.0
2025,47580,"Warner Robins, GA MSA",metro,,0.796,37664.0,32064.0,37932.0
2025,47900,"Washington-Arlington-Alexandria, DC-VA-MD-WV MSA",metro,,1.468,49716.0,39515.0,50347.0
2025,47930,"Waterbury-Shelton, CT MSA",metro,,1.001,41341.0,34337.0,41719.0
2025,47940,"Waterloo-Cedar Falls, IA MSA",metro,,0.704,36014.0,31044.0,36233.0
2025,48001,Texas Metro,state_metro,48,0.809,37898.0,32208.0,38173.0
2025,48002,Texas Nonmetro,state_nonmetro,48,0.706,36050.0,31066.0,36270.0
2025,48060,"Watertown-Fort Drum, NY MSA",metro,,0.871,39009.0,32896.0,39318.0
2025,48140,"Wausau, WI MSA",metro,,0.728,36445.0,31310.0,36676.0
2025,48620,"Wichita, KS MSA",metro,,0.712,36158.0,31133.0,36381.0
2025,48660,"Wichita Falls, TX MSA",metro,,0.704,36014.0,31044.0,36233.0
2025,48680,"Wildwood-The Villages, FL MSA",metro,,0.896,39458.0,33173.0,39780.0
2025,48700,"Williamsport, PA MSA",metro,,0.674,35476.0,30712.0,35679.0
2025,48900,"Wilmington, NC MSA",metro,,0.979,40946.0,34093.0,41313.0
2025,49001,Utah Metro,state_metro,49,0.773,37252.0,31809.0,37508.0
2025,49002,Utah Nonmetro,state_nonmetro,49,0.709,36104.0,31100.0,36325.0
2025,49020,"Winchester, VA-WV MSA",metro,,1.014,41574.0,34481.0,41960.0
2025,49180,"Winston-Salem, NC MSA",metro,,0.684,35656.0,30822.0,35863.0
2025,49340,"Worcester, MA MSA",metro,,1.056,42327.0,34947.0,42736.0
2025,49620,"York-Hanover, PA MSA",metro,,0.857,38758.0,32741.0,39059.0
2025,49660,"Youngstown-Warren, OH MSA",metro,,0.584,33862.0,29714.0,34016.0
2025,49700,"Yuba City, CA MSA",metro,,0.926,39996.0,33506.0,40334.0
2025,49740,"Yuma, AZ MSA",metro,,0.712,36158.0,31133.0,36381.0
2025,50002,Vermont Nonmetro,state_nonmetro,50,0.831,38292.0,32452.0,38579.0
2025,51001,Virginia Metro,state_metro,51,0.625,34598.0,30168.0,34773.0
2025,51002,Virginia Nonmetro,state_nonmetro,51,0.61,34329.0,30002.0,34496.0
2025,53001,Washington Metro,state_metro,53,0.861,38830.0,32785.0,39133.0
2025,53002,Washington Nonmetro,state_nonmetro,53,0.8,37736.0,32109.0,38006.0
2025,54001,West Virginia Metro,state_metro,54,0.61,34329.0,30002.0,34496.0
2025,54002,West Virginia Nonmetro,state_nonmetro,54,0.595,34060.0,29836.0,34219.0
2025,55001,Wisconsin Metro,state_metro,55,0.852,38669.0,32685.0,38967.0
2025,55002,Wisconsin Nonmetro,state_nonmetro,55,0.629,34669.0,30213.0,34847.0
2025,56001,Wyoming Metro,state_metro,56,0.756,36947.0,31621.0,37193.0
2025,56002,Wyoming Nonmetro,state_nonmetro,56,0.659,35207.0,30545.0,35402.0
